entity_type,entity_id,handle_or_size,media_role,has_media,url_preview,status
machine,mdl_airman_ax12,airman-ax12,hero,yes,https://tcykyktvdlsbscrsbjyt.supabase.co/storage/v1/object/public/catalog-images/sizes/230x96x31-mx-01.webp,pass
machine,mdl_airman_ax12_2,airman-ax12-2,hero,yes,https://tcykyktvdlsbscrsbjyt.supabase.co/storage/v1/object/public/catalog-images/sizes/230x96x31-mx-01.webp,pass
machine,mdl_airman_ax15_2,airman-ax15-2,hero,yes,https://tcykyktvdlsbscrsbjyt.supabase.co/storage/v1/object/public/catalog-images/sizes/230x96x31-mx-01.webp,pass
machine,mdl_airman_ax15u,airman-ax15u,hero,yes,https://tcykyktvdlsbscrsbjyt.supabase.co/storage/v1/object/public/catalog-images/sizes/230x96x31-mx-01.webp,pass
machine,mdl_airman_ax17u,airman-ax17u,hero,yes,https://tcykyktvdlsbscrsbjyt.supabase.co/storage/v1/object/public/catalog-images/sizes/230x48x70-directional-01.webp,pass
machine,mdl_airman_ax30u_4,airman-ax30u-4,hero,yes,https://tcykyktvdlsbscrsbjyt.supabase.co/storage/v1/object/public/catalog-images/300x52.5x86-mx-01.webp,pass
machine,mdl_airman_ax351,airman-ax35-1,hero,yes,https://tcykyktvdlsbscrsbjyt.supabase.co/storage/v1/object/public/catalog-images/300x52.5Nx84-directional-01.webp,pass
machine,mdl_airman_ax352,airman-ax35-2,hero,yes,https://tcykyktvdlsbscrsbjyt.supabase.co/storage/v1/object/public/catalog-images/300x52.5Nx84-directional-01.webp,pass
machine,mdl_airman_ax35u,airman-ax35u,hero,yes,https://tcykyktvdlsbscrsbjyt.supabase.co/storage/v1/object/public/catalog-images/300x52.5x86-mx-01.webp,pass
machine,mdl_airman_ax35u_4,airman-ax35u-4,hero,yes,https://tcykyktvdlsbscrsbjyt.supabase.co/storage/v1/object/public/catalog-images/300x52.5x86-mx-01.webp,pass
machine,mdl_airman_ax36u,airman-ax36u,hero,yes,https://tcykyktvdlsbscrsbjyt.supabase.co/storage/v1/object/public/catalog-images/300x52.5x86-mx-01.webp,pass
machine,mdl_airman_ax36ucgl,airman-ax36ucgl,hero,yes,https://tcykyktvdlsbscrsbjyt.supabase.co/storage/v1/object/public/catalog-images/300x52.5x86-mx-01.webp,pass
machine,mdl_airman_axc12,airman-axc12,hero,yes,https://tcykyktvdlsbscrsbjyt.supabase.co/storage/v1/object/public/catalog-images/sizes/230x96x31-mx-01.webp,pass
machine,mdl_airman_axc15,airman-axc15,hero,yes,https://tcykyktvdlsbscrsbjyt.supabase.co/storage/v1/object/public/catalog-images/sizes/230x96x31-mx-01.webp,pass
machine,mdl_asv_posi_trac_hd4520,asv-posi-trachd4520,hero,yes,https://tcykyktvdlsbscrsbjyt.supabase.co/storage/v1/object/public/catalog-images/457x101.6x51-multi-bar-01.webp,pass
machine,mdl_asv_posi_trac2800,asv-posi-trac2800,hero,yes,https://tcykyktvdlsbscrsbjyt.supabase.co/storage/v1/object/public/catalog-images/457x101.6x56-multi-bar-01.webp,pass
machine,mdl_asv_posi_trac2810,asv-posi-trac2810,hero,yes,https://tcykyktvdlsbscrsbjyt.supabase.co/storage/v1/object/public/catalog-images/457x101.6x56-multi-bar-01.webp,pass
machine,mdl_asv_posi_trac4800,asv-posi-trac4800,hero,yes,https://tcykyktvdlsbscrsbjyt.supabase.co/storage/v1/object/public/catalog-images/457x101.6x56-multi-bar-01.webp,pass
machine,mdl_asv_posi_trac4810,asv-posi-trac4810,hero,yes,https://tcykyktvdlsbscrsbjyt.supabase.co/storage/v1/object/public/catalog-images/457x101.6x56-multi-bar-01.webp,pass
machine,mdl_asv_posi_trachd4500,asv-posi-trachd4500,hero,yes,https://tcykyktvdlsbscrsbjyt.supabase.co/storage/v1/object/public/catalog-images/457x101.6x56-multi-bar-01.webp,pass
machine,mdl_asv_pt_50,asv-pt-50,hero,no,,review
machine,mdl_asv_pt_60,asv-pt-60,hero,no,,review
machine,mdl_asv_pt_80,asv-pt-80,hero,yes,https://tcykyktvdlsbscrsbjyt.supabase.co/storage/v1/object/public/catalog-images/457x101.6x51-multi-bar-01.webp,pass
machine,mdl_asv_pt100,asv-pt-100,hero,yes,https://tcykyktvdlsbscrsbjyt.supabase.co/storage/v1/object/public/catalog-images/457x101.6x51-multi-bar-01.webp,pass
machine,mdl_asv_rc_50,asv-rc-50,hero,no,,review
machine,mdl_asv_rc_60,asv-rc-60,hero,no,,review
machine,mdl_asv_rc100,asv-rc100,hero,yes,https://tcykyktvdlsbscrsbjyt.supabase.co/storage/v1/object/public/catalog-images/457x101.6x51-multi-bar-01.webp,pass
machine,mdl_asv_rc85,asv-rc85,hero,yes,https://tcykyktvdlsbscrsbjyt.supabase.co/storage/v1/object/public/catalog-images/457x101.6x51-multi-bar-01.webp,pass
machine,mdl_asv_rcv,asv-rcv,hero,yes,https://tcykyktvdlsbscrsbjyt.supabase.co/storage/v1/object/public/catalog-images/457x101.6x51-multi-bar-01.webp,pass
machine,mdl_asv_rcv85,asv-rcv-85,hero,yes,https://tcykyktvdlsbscrsbjyt.supabase.co/storage/v1/object/public/catalog-images/457x101.6x51-multi-bar-01.webp,pass
machine,mdl_asv_rt_120f,asv-rt-120f,hero,yes,https://tcykyktvdlsbscrsbjyt.supabase.co/storage/v1/object/public/catalog-images/457x101.6x51-multi-bar-01.webp,pass
machine,mdl_asv_rt_135f,asv-rt-135f,hero,yes,https://tcykyktvdlsbscrsbjyt.supabase.co/storage/v1/object/public/catalog-images/457x101.6x51-multi-bar-01.webp,pass
machine,mdl_asv_rt_25,asv-rt25,hero,yes,https://cdn.shopify.com/s/files/1/0952/1977/7823/files/ASV-multi-terrain-loader-hero.webp?v=1773971451,pass
machine,mdl_asv_rt_30,asv-rt30,hero,yes,https://cdn.shopify.com/s/files/1/0952/1977/7823/files/ASV-multi-terrain-loader-hero.webp?v=1773971451,pass
machine,mdl_asv_rt_40,asv-rt40,hero,yes,https://cdn.shopify.com/s/files/1/0952/1977/7823/files/ASV-multi-terrain-loader-hero.webp?v=1773971451,pass
machine,mdl_asv_rt_50,asv-rt-50,hero,yes,https://cdn.shopify.com/s/files/1/0952/1977/7823/files/ASV-multi-terrain-loader-hero.webp?v=1773971451,pass
machine,mdl_asv_rt_60,asv-rt-60,hero,no,,review
machine,mdl_asv_rt_65,asv-rt-65,hero,yes,https://cdn.shopify.com/s/files/1/0952/1977/7823/files/ASV-multi-terrain-loader-hero.webp?v=1773971451,pass
machine,mdl_asv_rt_75,asv-rt-75,hero,yes,https://cdn.shopify.com/s/files/1/0952/1977/7823/files/ASV-multi-terrain-loader-hero.webp?v=1773971451,pass
machine,mdl_asv_rt_75_hd,asv-rt-75hd,hero,yes,https://tcykyktvdlsbscrsbjyt.supabase.co/storage/v1/object/public/catalog-images/457x101.6x51-multi-bar-01.webp,pass
machine,mdl_asv_sc_50,asv-sc-50,hero,no,,review
machine,mdl_asv_sr80,asv-sr-80,hero,yes,https://tcykyktvdlsbscrsbjyt.supabase.co/storage/v1/object/public/catalog-images/457x101.6x51-multi-bar-01.webp,pass
machine,mdl_asv_vt_70,asv-vt-70,hero,no,,review
machine,mdl_bobcat_220,bobcat-220,hero,no,,review
machine,mdl_bobcat_225,bobcat-225,hero,yes,https://tcykyktvdlsbscrsbjyt.supabase.co/storage/v1/object/public/catalog-images/300x52.5Nx74-directional-01.webp,pass
machine,mdl_bobcat_231,bobcat-231,hero,yes,https://tcykyktvdlsbscrsbjyt.supabase.co/storage/v1/object/public/catalog-images/300x52.5Nx80-directional-01.webp,pass
machine,mdl_bobcat_320,bobcat-320,hero,no,,review
machine,mdl_bobcat_320d,bobcat-320d,hero,yes,https://tcykyktvdlsbscrsbjyt.supabase.co/storage/v1/object/public/catalog-images/300x52.5Nx74-directional-01.webp,pass
machine,mdl_bobcat_320e,bobcat-320e,hero,yes,https://tcykyktvdlsbscrsbjyt.supabase.co/storage/v1/object/public/catalog-images/300x52.5Nx74-directional-01.webp,pass
machine,mdl_bobcat_321,bobcat-321,hero,yes,https://tcykyktvdlsbscrsbjyt.supabase.co/storage/v1/object/public/catalog-images/300x52.5Nx74-directional-01.webp,pass
machine,mdl_bobcat_322,bobcat-322,hero,yes,https://tcykyktvdlsbscrsbjyt.supabase.co/storage/v1/object/public/catalog-images/300x52.5Nx74-directional-01.webp,pass
machine,mdl_bobcat_323,bobcat-323,hero,yes,https://tcykyktvdlsbscrsbjyt.supabase.co/storage/v1/object/public/catalog-images/300x52.5Nx74-directional-01.webp,pass
machine,mdl_bobcat_324,bobcat-324,hero,yes,https://tcykyktvdlsbscrsbjyt.supabase.co/storage/v1/object/public/catalog-images/300x52.5Nx74-directional-01.webp,pass
machine,mdl_bobcat_325,bobcat-325,hero,yes,https://tcykyktvdlsbscrsbjyt.supabase.co/storage/v1/object/public/machine-images/bobcat-325-hero.webp,pass
machine,mdl_bobcat_328,bobcat-328,hero,yes,https://tcykyktvdlsbscrsbjyt.supabase.co/storage/v1/object/public/machine-images/bobcat-328-hero.webp,pass
machine,mdl_bobcat_329,bobcat-329,hero,yes,https://tcykyktvdlsbscrsbjyt.supabase.co/storage/v1/object/public/catalog-images/300x52.5Nx80-directional-01.webp,pass
machine,mdl_bobcat_331,bobcat-331,hero,yes,https://tcykyktvdlsbscrsbjyt.supabase.co/storage/v1/object/public/catalog-images/300x52.5Nx80-directional-01.webp,pass
machine,mdl_bobcat_331e,bobcat-331e,hero,yes,https://tcykyktvdlsbscrsbjyt.supabase.co/storage/v1/object/public/catalog-images/300x52.5Nx80-directional-01.webp,pass
machine,mdl_bobcat_334,bobcat-334,hero,yes,https://tcykyktvdlsbscrsbjyt.supabase.co/storage/v1/object/public/catalog-images/300x52.5Nx80-directional-01.webp,pass
machine,mdl_bobcat_337,bobcat-337,hero,yes,https://tcykyktvdlsbscrsbjyt.supabase.co/storage/v1/object/public/catalog-images/400x72.5Kx74-directional-01.webp,pass
machine,mdl_bobcat_341,bobcat-341,hero,yes,https://tcykyktvdlsbscrsbjyt.supabase.co/storage/v1/object/public/catalog-images/400x72.5Kx74-directional-01.webp,pass
machine,mdl_bobcat_418,bobcat-418,hero,yes,https://tcykyktvdlsbscrsbjyt.supabase.co/storage/v1/object/public/catalog-images/sizes/180x72x39-directional-01.webp,pass
machine,mdl_bobcat_425,bobcat-425,hero,yes,https://tcykyktvdlsbscrsbjyt.supabase.co/storage/v1/object/public/machine-images/bobcat-425-hero.webp,pass
machine,mdl_bobcat_428,bobcat-428,hero,yes,https://tcykyktvdlsbscrsbjyt.supabase.co/storage/v1/object/public/machine-images/bobcat-428-hero.webp,pass
machine,mdl_bobcat_430,bobcat-430,hero,yes,https://tcykyktvdlsbscrsbjyt.supabase.co/storage/v1/object/public/catalog-images/300x52.5Nx74-directional-01.webp,pass
machine,mdl_bobcat_435,bobcat-435,hero,yes,https://tcykyktvdlsbscrsbjyt.supabase.co/storage/v1/object/public/catalog-images/400x72.5Kx74-directional-01.webp,pass
machine,mdl_bobcat_442,bobcat-442,hero,yes,https://tcykyktvdlsbscrsbjyt.supabase.co/storage/v1/object/public/catalog-images/400x72.5Kx74-directional-01.webp,pass
machine,mdl_bobcat_864,bobcat-864,hero,yes,https://tcykyktvdlsbscrsbjyt.supabase.co/storage/v1/object/public/machine-images/bobcat-864-hero.webp,pass
machine,mdl_bobcat_cx27b,bobcat-cx27b,hero,yes,https://tcykyktvdlsbscrsbjyt.supabase.co/storage/v1/object/public/catalog-images/300x52.5Nx80-directional-01.webp,pass
machine,mdl_bobcat_e08,bobcat-e08,hero,yes,https://tcykyktvdlsbscrsbjyt.supabase.co/storage/v1/object/public/machine-images/bobcat-e08-hero.webp,pass
machine,mdl_bobcat_e10,bobcat-e10,hero,yes,https://tcykyktvdlsbscrsbjyt.supabase.co/storage/v1/object/public/machine-images/bobcat-e10-hero.webp,pass
machine,mdl_bobcat_e20,bobcat-e20,hero,yes,https://tcykyktvdlsbscrsbjyt.supabase.co/storage/v1/object/public/machine-images/bobcat-e20-hero.webp,pass
machine,mdl_bobcat_e25,bobcat-e25,hero,yes,https://tcykyktvdlsbscrsbjyt.supabase.co/storage/v1/object/public/catalog-images/300x52.5Nx76-directional-01.webp,pass
machine,mdl_bobcat_e26,bobcat-e26,hero,yes,https://tcykyktvdlsbscrsbjyt.supabase.co/storage/v1/object/public/machine-images/bobcat-e26-hero.webp,pass
machine,mdl_bobcat_e27,bobcat-e27,hero,yes,https://tcykyktvdlsbscrsbjyt.supabase.co/storage/v1/object/public/catalog-images/300x52.5Nx80-directional-01.webp,pass
machine,mdl_bobcat_e27z,bobcat-e27z,hero,yes,https://tcykyktvdlsbscrsbjyt.supabase.co/storage/v1/object/public/catalog-images/300x52.5Nx80-directional-01.webp,pass
machine,mdl_bobcat_e32,bobcat-e32,hero,yes,https://tcykyktvdlsbscrsbjyt.supabase.co/storage/v1/object/public/machine-images/bobcat-e32-hero.webp,pass
machine,mdl_bobcat_e32i,bobcat-e32i,hero,yes,https://tcykyktvdlsbscrsbjyt.supabase.co/storage/v1/object/public/catalog-images/300x52.5Nx80-directional-01.webp,pass
machine,mdl_bobcat_e34,bobcat-e34,hero,yes,https://cdn.shopify.com/s/files/1/0952/1977/7823/files/bobcat-excavator-hero.webp?v=1773973926,pass
machine,mdl_bobcat_e35,bobcat-e35,hero,yes,https://tcykyktvdlsbscrsbjyt.supabase.co/storage/v1/object/public/machine-images/bobcat-e35-hero.webp,pass
machine,mdl_bobcat_e35i,bobcat-e35i,hero,yes,https://tcykyktvdlsbscrsbjyt.supabase.co/storage/v1/object/public/catalog-images/300x52.5Nx84-directional-01.webp,pass
machine,mdl_bobcat_e35z,bobcat-e35z,hero,yes,https://tcykyktvdlsbscrsbjyt.supabase.co/storage/v1/object/public/catalog-images/300x52.5Nx84-directional-01.webp,pass
machine,mdl_bobcat_e37,bobcat-e37,hero,yes,https://cdn.shopify.com/s/files/1/0952/1977/7823/files/bobcat-excavator-hero.webp?v=1773973926,pass
machine,mdl_bobcat_e42,bobcat-e42,hero,yes,https://tcykyktvdlsbscrsbjyt.supabase.co/storage/v1/object/public/machine-images/bobcat-e42-hero.webp,pass
machine,mdl_bobcat_e45,bobcat-e45,hero,yes,https://tcykyktvdlsbscrsbjyt.supabase.co/storage/v1/object/public/machine-images/bobcat-e45-hero.webp,pass
machine,mdl_bobcat_e50,bobcat-e50,hero,yes,https://tcykyktvdlsbscrsbjyt.supabase.co/storage/v1/object/public/machine-images/bobcat-e50-hero.webp,pass
machine,mdl_bobcat_e55,bobcat-e55,hero,yes,https://tcykyktvdlsbscrsbjyt.supabase.co/storage/v1/object/public/machine-images/bobcat-e55-hero.webp,pass
machine,mdl_bobcat_e55z,bobcat-e55z,hero,yes,https://tcykyktvdlsbscrsbjyt.supabase.co/storage/v1/object/public/catalog-images/400x72.5Kx74-directional-01.webp,pass
machine,mdl_bobcat_e60,bobcat-e60,hero,yes,https://tcykyktvdlsbscrsbjyt.supabase.co/storage/v1/object/public/machine-images/bobcat-e60-hero.webp,pass
machine,mdl_bobcat_e62,bobcat-e62,hero,yes,https://tcykyktvdlsbscrsbjyt.supabase.co/storage/v1/object/public/catalog-images/400x72.5Wx76-directional-01.webp,pass
machine,mdl_bobcat_e63,bobcat-e63,hero,yes,https://tcykyktvdlsbscrsbjyt.supabase.co/storage/v1/object/public/machine-images/bobcat-e63-hero.webp,pass
machine,mdl_bobcat_e80,bobcat-e80,hero,yes,https://tcykyktvdlsbscrsbjyt.supabase.co/storage/v1/object/public/machine-images/bobcat-e80-hero.webp,pass
machine,mdl_bobcat_e85,bobcat-e85,hero,yes,https://tcykyktvdlsbscrsbjyt.supabase.co/storage/v1/object/public/machine-images/bobcat-e85-hero.webp,pass
machine,mdl_bobcat_mt100,bobcat-mt100,hero,yes,https://tcykyktvdlsbscrsbjyt.supabase.co/storage/v1/object/public/machine-images/bobcat-mt100-hero.webp,pass
machine,mdl_bobcat_mt50,bobcat-mt50,hero,yes,https://tcykyktvdlsbscrsbjyt.supabase.co/storage/v1/object/public/machine-images/bobcat-mt50-hero.webp,pass
machine,mdl_bobcat_mt52,bobcat-mt52,hero,yes,https://tcykyktvdlsbscrsbjyt.supabase.co/storage/v1/object/public/machine-images/bobcat-mt52-hero.webp,pass
machine,mdl_bobcat_mt55,bobcat-mt55,hero,yes,https://tcykyktvdlsbscrsbjyt.supabase.co/storage/v1/object/public/machine-images/bobcat-mt55-hero.webp,pass
machine,mdl_bobcat_mt85,bobcat-mt85,hero,yes,https://tcykyktvdlsbscrsbjyt.supabase.co/storage/v1/object/public/machine-images/bobcat-mt85-hero.webp,pass
machine,mdl_bobcat_t110,bobcat-t110,hero,yes,https://tcykyktvdlsbscrsbjyt.supabase.co/storage/v1/object/public/machine-images/bobcat-t110-hero.webp,pass
machine,mdl_bobcat_t140,bobcat-t140,hero,yes,https://cdn.shopify.com/s/files/1/0952/1977/7823/files/bobcat-skid-steer-hero.webp?v=1773971451,pass
machine,mdl_bobcat_t180,bobcat-t180,hero,yes,https://tcykyktvdlsbscrsbjyt.supabase.co/storage/v1/object/public/machine-images/bobcat-t180-hero.webp,pass
machine,mdl_bobcat_t190,bobcat-t190,hero,yes,https://tcykyktvdlsbscrsbjyt.supabase.co/storage/v1/object/public/machine-images/bobcat-t190-hero.webp,pass
machine,mdl_bobcat_t200,bobcat-t200,hero,yes,https://tcykyktvdlsbscrsbjyt.supabase.co/storage/v1/object/public/machine-images/bobcat-t200-hero.webp,pass
machine,mdl_bobcat_t250,bobcat-t250,hero,yes,https://tcykyktvdlsbscrsbjyt.supabase.co/storage/v1/object/public/machine-images/bobcat-t250-hero.webp,pass
machine,mdl_bobcat_t300,bobcat-t300,hero,yes,https://tcykyktvdlsbscrsbjyt.supabase.co/storage/v1/object/public/machine-images/bobcat-t300-hero.webp,pass
machine,mdl_bobcat_t320,bobcat-t320,hero,yes,https://tcykyktvdlsbscrsbjyt.supabase.co/storage/v1/object/public/machine-images/bobcat-t320-hero.webp,pass
machine,mdl_bobcat_t450,bobcat-t450,hero,yes,https://cdn.shopify.com/s/files/1/0952/1977/7823/files/bobcat-skid-steer-hero.webp?v=1773971451,pass
machine,mdl_bobcat_t550,bobcat-t550,hero,yes,https://tcykyktvdlsbscrsbjyt.supabase.co/storage/v1/object/public/machine-images/bobcat-t550-hero.webp,pass
machine,mdl_bobcat_t590,bobcat-t590,hero,yes,https://tcykyktvdlsbscrsbjyt.supabase.co/storage/v1/object/public/machine-images/bobcat-t590-hero.webp,pass
machine,mdl_bobcat_t595,bobcat-t595,hero,yes,https://tcykyktvdlsbscrsbjyt.supabase.co/storage/v1/object/public/machine-images/bobcat-t595-hero.webp,pass
machine,mdl_bobcat_t62,bobcat-t62,hero,yes,https://tcykyktvdlsbscrsbjyt.supabase.co/storage/v1/object/public/machine-images/bobcat-t62-hero.webp,pass
machine,mdl_bobcat_t630,bobcat-t630,hero,yes,https://tcykyktvdlsbscrsbjyt.supabase.co/storage/v1/object/public/machine-images/bobcat-t630-hero.webp,pass
machine,mdl_bobcat_t64,bobcat-t64,hero,yes,https://tcykyktvdlsbscrsbjyt.supabase.co/storage/v1/object/public/machine-images/bobcat-t64-hero.webp,pass
machine,mdl_bobcat_t650,bobcat-t650,hero,yes,https://tcykyktvdlsbscrsbjyt.supabase.co/storage/v1/object/public/machine-images/bobcat-t650-hero.webp,pass
machine,mdl_bobcat_t66,bobcat-t66,hero,yes,https://tcykyktvdlsbscrsbjyt.supabase.co/storage/v1/object/public/machine-images/bobcat-t66-hero.webp,pass
machine,mdl_bobcat_t730,bobcat-t730,hero,yes,https://tcykyktvdlsbscrsbjyt.supabase.co/storage/v1/object/public/machine-images/bobcat-t730-hero.webp,pass
machine,mdl_bobcat_t740,bobcat-t740,hero,yes,https://tcykyktvdlsbscrsbjyt.supabase.co/storage/v1/object/public/machine-images/bobcat-t740-hero.webp,pass
machine,mdl_bobcat_t750,bobcat-t750,hero,yes,https://tcykyktvdlsbscrsbjyt.supabase.co/storage/v1/object/public/machine-images/bobcat-t750-hero.webp,pass
machine,mdl_bobcat_t76,bobcat-t76,hero,yes,https://tcykyktvdlsbscrsbjyt.supabase.co/storage/v1/object/public/machine-images/bobcat-t76-hero.webp,pass
machine,mdl_bobcat_t770,bobcat-t770,hero,yes,https://tcykyktvdlsbscrsbjyt.supabase.co/storage/v1/object/public/machine-images/bobcat-t770-hero.webp,pass
machine,mdl_bobcat_t830,bobcat-t830,hero,yes,https://tcykyktvdlsbscrsbjyt.supabase.co/storage/v1/object/public/machine-images/bobcat-t830-hero.webp,pass
machine,mdl_bobcat_t86,bobcat-t86,hero,yes,https://tcykyktvdlsbscrsbjyt.supabase.co/storage/v1/object/public/machine-images/bobcat-t86-hero.webp,pass
machine,mdl_bobcat_t864,bobcat-t864,hero,yes,https://tcykyktvdlsbscrsbjyt.supabase.co/storage/v1/object/public/catalog-images/450x86Bx52-c-block-01.webp,pass
machine,mdl_bobcat_t870,bobcat-t870,hero,yes,https://tcykyktvdlsbscrsbjyt.supabase.co/storage/v1/object/public/machine-images/bobcat-t870-hero.webp,pass
machine,mdl_boxer_118,boxer-118,hero,no,,review
machine,mdl_boxer_320,boxer-320,hero,no,,review
machine,mdl_boxer_322d,boxer-322d,hero,no,,review
machine,mdl_boxer_400,boxer-400,hero,yes,https://tcykyktvdlsbscrsbjyt.supabase.co/storage/v1/object/public/catalog-images/sizes/230x72x39-c-block-01.webp,pass
machine,mdl_boxer_427,boxer-427,hero,yes,https://tcykyktvdlsbscrsbjyt.supabase.co/storage/v1/object/public/catalog-images/sizes/230x72x39-c-block-01.webp,pass
machine,mdl_boxer_526dx,boxer-526dx,hero,yes,https://tcykyktvdlsbscrsbjyt.supabase.co/storage/v1/object/public/catalog-images/sizes/230x72x39-c-block-01.webp,pass
machine,mdl_boxer_530dx,boxer-530dx,hero,yes,https://tcykyktvdlsbscrsbjyt.supabase.co/storage/v1/object/public/catalog-images/sizes/230x72x39-c-block-01.webp,pass
machine,mdl_boxer_532dx,boxer-532dx,hero,yes,https://tcykyktvdlsbscrsbjyt.supabase.co/storage/v1/object/public/catalog-images/sizes/230x72x39-c-block-01.webp,pass
machine,mdl_boxer_brute_trx,boxer-brute-trx,hero,yes,https://tcykyktvdlsbscrsbjyt.supabase.co/storage/v1/object/public/catalog-images/sizes/230x72x39-c-block-01.webp,pass
machine,mdl_case_15,case-15,hero,yes,https://tcykyktvdlsbscrsbjyt.supabase.co/storage/v1/object/public/catalog-images/sizes/230x96x31-mx-01.webp,pass
machine,mdl_case_15maxi,case-15maxi,hero,yes,https://tcykyktvdlsbscrsbjyt.supabase.co/storage/v1/object/public/catalog-images/sizes/230x96x31-mx-01.webp,pass
machine,mdl_case_16,case-16,hero,yes,https://tcykyktvdlsbscrsbjyt.supabase.co/storage/v1/object/public/catalog-images/sizes/230x96x31-mx-01.webp,pass
machine,mdl_case_16maxi,case-16maxi,hero,yes,https://tcykyktvdlsbscrsbjyt.supabase.co/storage/v1/object/public/catalog-images/sizes/230x96x31-mx-01.webp,pass
machine,mdl_case_16rtn,case-16rtn,hero,yes,https://tcykyktvdlsbscrsbjyt.supabase.co/storage/v1/object/public/catalog-images/sizes/230x96x31-mx-01.webp,pass
machine,mdl_case_420ct,case-420ct,hero,yes,https://tcykyktvdlsbscrsbjyt.supabase.co/storage/v1/object/public/catalog-images/320x86x50-x-terrain-01.webp,pass
machine,mdl_case_440ct,case-440ct,hero,yes,https://tcykyktvdlsbscrsbjyt.supabase.co/storage/v1/object/public/catalog-images/400x86x50-zig-zag-01.webp,pass
machine,mdl_case_445ct,case-445ct,hero,yes,https://tcykyktvdlsbscrsbjyt.supabase.co/storage/v1/object/public/catalog-images/450x86x55-zig-zag-01.webp,pass
machine,mdl_case_450ct,case-450ct,hero,yes,https://tcykyktvdlsbscrsbjyt.supabase.co/storage/v1/object/public/catalog-images/450x86x55-zig-zag-01.webp,pass
machine,mdl_case_6030,case-6030,hero,yes,https://tcykyktvdlsbscrsbjyt.supabase.co/storage/v1/object/public/catalog-images/400x72.5Kx74-directional-01.webp,pass
machine,mdl_case_ck16,case-ck16,hero,yes,https://tcykyktvdlsbscrsbjyt.supabase.co/storage/v1/object/public/catalog-images/320x86x48-multi-bar-01.webp,pass
machine,mdl_case_ck28,case-ck28,hero,yes,https://tcykyktvdlsbscrsbjyt.supabase.co/storage/v1/object/public/catalog-images/300x52.5Nx78-directional-01.webp,pass
machine,mdl_case_ck32,case-ck32,hero,no,,review
machine,mdl_case_ck50,case-ck50,hero,yes,https://tcykyktvdlsbscrsbjyt.supabase.co/storage/v1/object/public/catalog-images/400x72.5Kx74-directional-01.webp,pass
machine,mdl_case_ck52,case-ck52,hero,yes,https://tcykyktvdlsbscrsbjyt.supabase.co/storage/v1/object/public/catalog-images/400x72.5Kx74-directional-01.webp,pass
machine,mdl_case_ck62,case-ck62,hero,yes,https://tcykyktvdlsbscrsbjyt.supabase.co/storage/v1/object/public/catalog-images/400x72.5Wx76-directional-01.webp,pass
machine,mdl_case_cx14,case-cx14,hero,yes,https://tcykyktvdlsbscrsbjyt.supabase.co/storage/v1/object/public/catalog-images/sizes/230x48x70-directional-01.webp,pass
machine,mdl_case_cx14_zts,case-cx14-zts,hero,yes,https://tcykyktvdlsbscrsbjyt.supabase.co/storage/v1/object/public/catalog-images/sizes/230x48x70-directional-01.webp,pass
machine,mdl_case_cx15,case-cx15,hero,yes,https://tcykyktvdlsbscrsbjyt.supabase.co/storage/v1/object/public/catalog-images/sizes/230x96x31-mx-01.webp,pass
machine,mdl_case_cx15stc,case-cx15stc,hero,yes,https://tcykyktvdlsbscrsbjyt.supabase.co/storage/v1/object/public/catalog-images/sizes/230x48x70-directional-01.webp,pass
machine,mdl_case_cx15str,case-cx15str,hero,yes,https://tcykyktvdlsbscrsbjyt.supabase.co/storage/v1/object/public/catalog-images/sizes/230x48x70-directional-01.webp,pass
machine,mdl_case_cx16,case-cx16,hero,yes,https://tcykyktvdlsbscrsbjyt.supabase.co/storage/v1/object/public/catalog-images/sizes/230x48x70-directional-01.webp,pass
machine,mdl_case_cx16_2001,case-cx16-2001,hero,yes,https://tcykyktvdlsbscrsbjyt.supabase.co/storage/v1/object/public/catalog-images/sizes/230x48x70-directional-01.webp,pass
machine,mdl_case_cx16b,case-cx16b,hero,yes,https://tcykyktvdlsbscrsbjyt.supabase.co/storage/v1/object/public/catalog-images/sizes/230x48x70-directional-01.webp,pass
machine,mdl_case_cx17b,case-cx17b,hero,yes,https://tcykyktvdlsbscrsbjyt.supabase.co/storage/v1/object/public/catalog-images/sizes/230x48x70-directional-01.webp,pass
machine,mdl_case_cx17c,case-cx17c,hero,yes,https://tcykyktvdlsbscrsbjyt.supabase.co/storage/v1/object/public/machine-images/case-cx17c-hero.webp,pass
machine,mdl_case_cx18b,case-cx18b,hero,yes,https://tcykyktvdlsbscrsbjyt.supabase.co/storage/v1/object/public/catalog-images/sizes/230x48x70-directional-01.webp,pass
machine,mdl_case_cx20b,case-cx20b,hero,yes,https://tcykyktvdlsbscrsbjyt.supabase.co/storage/v1/object/public/catalog-images/300x52.5Nx76-directional-01.webp,pass
machine,mdl_case_cx22b,case-cx22b,hero,yes,https://tcykyktvdlsbscrsbjyt.supabase.co/storage/v1/object/public/catalog-images/300x52.5Nx76-directional-01.webp,pass
machine,mdl_case_cx25,case-cx25,hero,yes,https://tcykyktvdlsbscrsbjyt.supabase.co/storage/v1/object/public/catalog-images/300x52.5Nx76-directional-01.webp,pass
machine,mdl_case_cx26,case-cx26,hero,yes,https://tcykyktvdlsbscrsbjyt.supabase.co/storage/v1/object/public/catalog-images/300x52.5Nx76-directional-01.webp,pass
machine,mdl_case_cx26c,case-cx26c,hero,yes,https://tcykyktvdlsbscrsbjyt.supabase.co/storage/v1/object/public/machine-images/case-cx26c-hero.webp,pass
machine,mdl_case_cx27b,case-cx27b,hero,yes,https://tcykyktvdlsbscrsbjyt.supabase.co/storage/v1/object/public/catalog-images/300x52.5Nx80-directional-01.webp,pass
machine,mdl_case_cx28,case-cx28,hero,yes,https://tcykyktvdlsbscrsbjyt.supabase.co/storage/v1/object/public/catalog-images/300x52.5Nx78-directional-01.webp,pass
machine,mdl_case_cx30,case-cx30,hero,yes,https://tcykyktvdlsbscrsbjyt.supabase.co/storage/v1/object/public/catalog-images/300x52.5Nx80-directional-01.webp,pass
machine,mdl_case_cx30c,case-cx30c,hero,yes,https://tcykyktvdlsbscrsbjyt.supabase.co/storage/v1/object/public/machine-images/case-cx30c-hero.webp,pass
machine,mdl_case_cx33c,case-cx33c,hero,yes,https://tcykyktvdlsbscrsbjyt.supabase.co/storage/v1/object/public/catalog-images/300x52.5x86-mx-01.webp,pass
machine,mdl_case_cx35,case-cx35,hero,yes,https://tcykyktvdlsbscrsbjyt.supabase.co/storage/v1/object/public/catalog-images/300x52.5x86-mx-01.webp,pass
machine,mdl_case_cx36,case-cx36,hero,yes,https://tcykyktvdlsbscrsbjyt.supabase.co/storage/v1/object/public/catalog-images/300x52.5Kx88-directional-01.webp,pass
machine,mdl_case_cx36b,case-cx36b,hero,yes,https://tcykyktvdlsbscrsbjyt.supabase.co/storage/v1/object/public/catalog-images/300x52.5Kx88-directional-01.webp,pass
machine,mdl_case_cx37c,case-cx37c,hero,yes,https://tcykyktvdlsbscrsbjyt.supabase.co/storage/v1/object/public/machine-images/case-cx37c-hero.webp,pass
machine,mdl_case_cx39b,case-cx39b,hero,yes,https://tcykyktvdlsbscrsbjyt.supabase.co/storage/v1/object/public/catalog-images/300x52.5Kx88-directional-01.webp,pass
machine,mdl_case_cx47,case-cx47,hero,yes,https://tcykyktvdlsbscrsbjyt.supabase.co/storage/v1/object/public/catalog-images/400x72.5Kx74-directional-01.webp,pass
machine,mdl_case_cx50,case-cx50,hero,yes,https://tcykyktvdlsbscrsbjyt.supabase.co/storage/v1/object/public/catalog-images/400x72.5Kx74-directional-01.webp,pass
machine,mdl_case_cx50b,case-cx50b,hero,yes,https://tcykyktvdlsbscrsbjyt.supabase.co/storage/v1/object/public/catalog-images/400x72.5Kx74-directional-01.webp,pass
machine,mdl_case_cx55b,case-cx55b,hero,yes,https://tcykyktvdlsbscrsbjyt.supabase.co/storage/v1/object/public/catalog-images/400x72.5Kx74-directional-01.webp,pass
machine,mdl_case_cx55bmsr,case-cx55b-msr,hero,yes,https://tcykyktvdlsbscrsbjyt.supabase.co/storage/v1/object/public/catalog-images/400x72.5Kx74-directional-01.webp,pass
machine,mdl_case_cx57,case-cx57,hero,yes,https://tcykyktvdlsbscrsbjyt.supabase.co/storage/v1/object/public/catalog-images/400x72.5Wx76-directional-01.webp,pass
machine,mdl_case_cx57c,case-cx57c,hero,yes,https://tcykyktvdlsbscrsbjyt.supabase.co/storage/v1/object/public/machine-images/case-cx57c-hero.webp,pass
machine,mdl_case_cx60c,case-cx60c,hero,yes,https://tcykyktvdlsbscrsbjyt.supabase.co/storage/v1/object/public/machine-images/case-cx60c-hero.webp,pass
machine,mdl_case_cx65b,case-cx65b,hero,yes,https://tcykyktvdlsbscrsbjyt.supabase.co/storage/v1/object/public/catalog-images/400x72.5Kx74-directional-01.webp,pass
machine,mdl_case_cx75sr,case-cx75sr,hero,no,,review
machine,mdl_case_cx80c,case-cx80c,hero,yes,https://tcykyktvdlsbscrsbjyt.supabase.co/storage/v1/object/public/machine-images/case-cx80c-hero.webp,pass
machine,mdl_case_tr270,case-tr270,hero,yes,https://tcykyktvdlsbscrsbjyt.supabase.co/storage/v1/object/public/machine-images/case-tr270-hero.webp,pass
machine,mdl_case_tr270b,case-tr270b,hero,yes,https://tcykyktvdlsbscrsbjyt.supabase.co/storage/v1/object/public/catalog-images/320x86x50-x-terrain-01.webp,pass
machine,mdl_case_tr310,case-tr310,hero,yes,https://tcykyktvdlsbscrsbjyt.supabase.co/storage/v1/object/public/machine-images/case-tr310-hero.webp,pass
machine,mdl_case_tr310b,case-tr310b,hero,yes,https://tcykyktvdlsbscrsbjyt.supabase.co/storage/v1/object/public/machine-images/case-tr310b-hero.webp,pass
machine,mdl_case_tr320,case-tr320,hero,yes,https://tcykyktvdlsbscrsbjyt.supabase.co/storage/v1/object/public/machine-images/case-tr320-hero.webp,pass
machine,mdl_case_tr320b,case-tr320b,hero,yes,https://tcykyktvdlsbscrsbjyt.supabase.co/storage/v1/object/public/catalog-images/450x86x55-zig-zag-01.webp,pass
machine,mdl_case_tr340,case-tr340,hero,yes,https://tcykyktvdlsbscrsbjyt.supabase.co/storage/v1/object/public/machine-images/case-tr340-hero.webp,pass
machine,mdl_case_tr340b,case-tr340b,hero,yes,https://tcykyktvdlsbscrsbjyt.supabase.co/storage/v1/object/public/machine-images/case-tr340b-hero.webp,pass
machine,mdl_case_tv370,case-tv370,hero,yes,https://cdn.shopify.com/s/files/1/0952/1977/7823/files/case-skid-steer-hero.webp?v=1773971451,pass
machine,mdl_case_tv370b,case-tv370b,hero,yes,https://tcykyktvdlsbscrsbjyt.supabase.co/storage/v1/object/public/catalog-images/450x86x55-zig-zag-01.webp,pass
machine,mdl_case_tv380,case-tv380,hero,yes,https://tcykyktvdlsbscrsbjyt.supabase.co/storage/v1/object/public/machine-images/case-tv380-hero.webp,pass
machine,mdl_case_tv450,case-tv450,hero,yes,https://cdn.shopify.com/s/files/1/0952/1977/7823/files/case-skid-steer-hero.webp?v=1773971451,pass
machine,mdl_case_tv450b,case-tv450b,hero,yes,https://tcykyktvdlsbscrsbjyt.supabase.co/storage/v1/object/public/machine-images/case-tv450b-hero.webp,pass
machine,mdl_case_tv620b,case-tv620b,hero,yes,https://tcykyktvdlsbscrsbjyt.supabase.co/storage/v1/object/public/machine-images/case-tv620b-hero.webp,pass
machine,mdl_cat_239d,caterpillar-239d,hero,yes,https://tcykyktvdlsbscrsbjyt.supabase.co/storage/v1/object/public/catalog-images/400x86x49-zig-zag-01.webp,pass
machine,mdl_cat_239d3,caterpillar-239d3,hero,yes,https://tcykyktvdlsbscrsbjyt.supabase.co/storage/v1/object/public/catalog-images/320x86x49-zig-zag-01.webp,pass
machine,mdl_cat_247,caterpillar-247,hero,no,,review
machine,mdl_cat_247b,caterpillar-247b,hero,no,,review
machine,mdl_cat_247b2,caterpillar-247b2,hero,no,,review
machine,mdl_cat_247b3,caterpillar-247b3,hero,no,,review
machine,mdl_cat_2493,caterpillar-2493,hero,yes,https://tcykyktvdlsbscrsbjyt.supabase.co/storage/v1/object/public/catalog-images/400x86x49-zig-zag-01.webp,pass
machine,mdl_cat_249d,caterpillar-249d,hero,yes,https://tcykyktvdlsbscrsbjyt.supabase.co/storage/v1/object/public/catalog-images/400x86x49-zig-zag-01.webp,pass
machine,mdl_cat_249d3,caterpillar-249d3,hero,yes,https://tcykyktvdlsbscrsbjyt.supabase.co/storage/v1/object/public/catalog-images/400x86x49-zig-zag-01.webp,pass
machine,mdl_cat_255,caterpillar-255,hero,yes,https://tcykyktvdlsbscrsbjyt.supabase.co/storage/v1/object/public/catalog-images/450x86Bx52-c-block-01.webp,pass
machine,mdl_cat_257,caterpillar-257,hero,no,,review
machine,mdl_cat_257b,caterpillar-257b,hero,no,,review
machine,mdl_cat_257b2,caterpillar-257b2,hero,no,,review
machine,mdl_cat_257b3,caterpillar-257b3,hero,no,,review
machine,mdl_cat_257d,caterpillar-257d,hero,no,,review
machine,mdl_cat_259b,caterpillar-259b,hero,yes,https://tcykyktvdlsbscrsbjyt.supabase.co/storage/v1/object/public/catalog-images/400x86x53-multi-bar-01.webp,pass
machine,mdl_cat_259b3,caterpillar-259b3,hero,yes,https://tcykyktvdlsbscrsbjyt.supabase.co/storage/v1/object/public/catalog-images/400x86x53-multi-bar-01.webp,pass
machine,mdl_cat_259d,caterpillar-259d,hero,yes,https://tcykyktvdlsbscrsbjyt.supabase.co/storage/v1/object/public/catalog-images/400x86x53-multi-bar-01.webp,pass
machine,mdl_cat_259d3,caterpillar-259d3,hero,yes,https://tcykyktvdlsbscrsbjyt.supabase.co/storage/v1/object/public/catalog-images/400x86x53-multi-bar-01.webp,pass
machine,mdl_cat_265,caterpillar-265,hero,yes,https://tcykyktvdlsbscrsbjyt.supabase.co/storage/v1/object/public/catalog-images/450x86x55-zig-zag-01.webp,pass
machine,mdl_cat_267b,caterpillar-267b,hero,yes,https://tcykyktvdlsbscrsbjyt.supabase.co/storage/v1/object/public/catalog-images/457x101.6x56-multi-bar-01.webp,pass
machine,mdl_cat_277,caterpillar-277,hero,no,,review
machine,mdl_cat_277b,caterpillar-277b,hero,yes,https://tcykyktvdlsbscrsbjyt.supabase.co/storage/v1/object/public/catalog-images/457x101.6x56-multi-bar-01.webp,pass
machine,mdl_cat_277c,caterpillar-277c,hero,yes,https://tcykyktvdlsbscrsbjyt.supabase.co/storage/v1/object/public/catalog-images/457x101.6x51-multi-bar-01.webp,pass
machine,mdl_cat_279c,caterpillar-279c,hero,yes,https://tcykyktvdlsbscrsbjyt.supabase.co/storage/v1/object/public/catalog-images/450x86x60-all-terrain-01.webp,pass
machine,mdl_cat_279c2,caterpillar-279c2,hero,yes,https://tcykyktvdlsbscrsbjyt.supabase.co/storage/v1/object/public/catalog-images/450x86x56-c-block-01.webp,pass
machine,mdl_cat_279d,caterpillar-279d,hero,yes,https://tcykyktvdlsbscrsbjyt.supabase.co/storage/v1/object/public/catalog-images/450x86x56-c-block-01.webp,pass
machine,mdl_cat_279d3,caterpillar-279d3,hero,yes,https://tcykyktvdlsbscrsbjyt.supabase.co/storage/v1/object/public/catalog-images/450x86x56-c-block-01.webp,pass
machine,mdl_cat_287,caterpillar-287,hero,yes,https://tcykyktvdlsbscrsbjyt.supabase.co/storage/v1/object/public/catalog-images/457x101.6x51-multi-bar-01.webp,pass
machine,mdl_cat_287b,caterpillar-287b,hero,no,,review
machine,mdl_cat_287c,caterpillar-287c,hero,yes,https://tcykyktvdlsbscrsbjyt.supabase.co/storage/v1/object/public/catalog-images/457x101.6x51-multi-bar-01.webp,pass
machine,mdl_cat_287c2,caterpillar-287c2,hero,yes,https://tcykyktvdlsbscrsbjyt.supabase.co/storage/v1/object/public/catalog-images/457x101.6x51-multi-bar-01.webp,pass
machine,mdl_cat_287d,caterpillar-287d,hero,yes,https://tcykyktvdlsbscrsbjyt.supabase.co/storage/v1/object/public/catalog-images/457x101.6x51-multi-bar-01.webp,pass
machine,mdl_cat_289c,caterpillar-289c,hero,yes,https://tcykyktvdlsbscrsbjyt.supabase.co/storage/v1/object/public/catalog-images/450x86x60-all-terrain-01.webp,pass
machine,mdl_cat_289c2,caterpillar-289c2,hero,yes,https://tcykyktvdlsbscrsbjyt.supabase.co/storage/v1/object/public/catalog-images/450x86x56-c-block-01.webp,pass
machine,mdl_cat_289d,caterpillar-289d,hero,yes,https://tcykyktvdlsbscrsbjyt.supabase.co/storage/v1/object/public/catalog-images/450x86x56-c-block-01.webp,pass
machine,mdl_cat_289d2,caterpillar-289d2,hero,yes,https://tcykyktvdlsbscrsbjyt.supabase.co/storage/v1/object/public/catalog-images/450x86x56-c-block-01.webp,pass
machine,mdl_cat_289d3,caterpillar-289d3,hero,yes,https://tcykyktvdlsbscrsbjyt.supabase.co/storage/v1/object/public/catalog-images/450x86x56-c-block-01.webp,pass
machine,mdl_cat_297c,caterpillar-297c,hero,yes,https://tcykyktvdlsbscrsbjyt.supabase.co/storage/v1/object/public/catalog-images/457x101.6x51-multi-bar-01.webp,pass
machine,mdl_cat_297d2,caterpillar-297d2,hero,yes,https://tcykyktvdlsbscrsbjyt.supabase.co/storage/v1/object/public/catalog-images/457x101.6x51-multi-bar-01.webp,pass
machine,mdl_cat_297d2_xhp,caterpillar-297d2-xhp,hero,yes,https://tcykyktvdlsbscrsbjyt.supabase.co/storage/v1/object/public/catalog-images/457x101.6x51-multi-bar-01.webp,pass
machine,mdl_cat_299c,caterpillar-299c,hero,yes,https://tcykyktvdlsbscrsbjyt.supabase.co/storage/v1/object/public/catalog-images/450x86x60-all-terrain-01.webp,pass
machine,mdl_cat_299d,caterpillar-299d,hero,yes,https://tcykyktvdlsbscrsbjyt.supabase.co/storage/v1/object/public/catalog-images/450x86x60-all-terrain-01.webp,pass
machine,mdl_cat_299d_xhp,caterpillar-299d-xhp,hero,yes,https://tcykyktvdlsbscrsbjyt.supabase.co/storage/v1/object/public/catalog-images/450x86x60-all-terrain-01.webp,pass
machine,mdl_cat_299d2,caterpillar-299d2,hero,yes,https://tcykyktvdlsbscrsbjyt.supabase.co/storage/v1/object/public/catalog-images/450x86x60-all-terrain-01.webp,pass
machine,mdl_cat_299d3,caterpillar-299d3,hero,yes,https://tcykyktvdlsbscrsbjyt.supabase.co/storage/v1/object/public/catalog-images/450x86x60-all-terrain-01.webp,pass
machine,mdl_cat_300_9d,caterpillar-300-9d,hero,no,,review
machine,mdl_cat_301_5,caterpillar-301-5,hero,yes,https://tcykyktvdlsbscrsbjyt.supabase.co/storage/v1/object/public/catalog-images/sizes/230x96x31-mx-01.webp,pass
machine,mdl_cat_301_7d,caterpillar-301-7d,hero,yes,https://tcykyktvdlsbscrsbjyt.supabase.co/storage/v1/object/public/catalog-images/sizes/230x48x72-directional-01.webp,pass
machine,mdl_cat_3016,caterpillar-301-6,hero,yes,https://tcykyktvdlsbscrsbjyt.supabase.co/storage/v1/object/public/catalog-images/sizes/230x48x70-directional-01.webp,pass
machine,mdl_cat_3016c,caterpillar-301-6c,hero,yes,https://tcykyktvdlsbscrsbjyt.supabase.co/storage/v1/object/public/catalog-images/sizes/230x48x70-directional-01.webp,pass
machine,mdl_cat_3018c,caterpillar-301-8c,hero,yes,https://tcykyktvdlsbscrsbjyt.supabase.co/storage/v1/object/public/catalog-images/sizes/230x48x70-directional-01.webp,pass
machine,mdl_cat_302_5,caterpillar-302-5,hero,yes,https://tcykyktvdlsbscrsbjyt.supabase.co/storage/v1/object/public/catalog-images/300x52.5Nx78-directional-01.webp,pass
machine,mdl_cat_302_5c,caterpillar-302-5c,hero,yes,https://tcykyktvdlsbscrsbjyt.supabase.co/storage/v1/object/public/catalog-images/300x52.5Nx78-directional-01.webp,pass
machine,mdl_cat_303_cr,caterpillar-303cr,hero,yes,https://tcykyktvdlsbscrsbjyt.supabase.co/storage/v1/object/public/catalog-images/300x52.5Nx84-directional-01.webp,pass
machine,mdl_cat_303_5,caterpillar-303-5,hero,yes,https://tcykyktvdlsbscrsbjyt.supabase.co/storage/v1/object/public/catalog-images/300x52.5Nx84-directional-01.webp,pass
machine,mdl_cat_303_5_cr,caterpillar-303-5cr,hero,yes,https://tcykyktvdlsbscrsbjyt.supabase.co/storage/v1/object/public/catalog-images/300x52.5Wx90-block-01.webp,pass
machine,mdl_cat_303_5c_cr,caterpillar-303-5c-cr,hero,yes,https://tcykyktvdlsbscrsbjyt.supabase.co/storage/v1/object/public/catalog-images/300x52.5Wx90-block-01.webp,pass
machine,mdl_cat_303_5d,caterpillar-303-5d,hero,yes,https://tcykyktvdlsbscrsbjyt.supabase.co/storage/v1/object/public/catalog-images/300x52.5Wx90-block-01.webp,pass
machine,mdl_cat_303_5d_cr,caterpillar-303-5d-cr,hero,yes,https://tcykyktvdlsbscrsbjyt.supabase.co/storage/v1/object/public/catalog-images/300x52.5Wx90-block-01.webp,pass
machine,mdl_cat_303_5e_cr,caterpillar-303-5e-cr,hero,yes,https://tcykyktvdlsbscrsbjyt.supabase.co/storage/v1/object/public/catalog-images/300x52.5Wx90-block-01.webp,pass
machine,mdl_cat_303c_cr,caterpillar-303ccr,hero,yes,https://tcykyktvdlsbscrsbjyt.supabase.co/storage/v1/object/public/catalog-images/300x52.5Wx90-block-01.webp,pass
machine,mdl_cat_303e,caterpillar-303e,hero,yes,https://tcykyktvdlsbscrsbjyt.supabase.co/storage/v1/object/public/catalog-images/300x52.5Nx84-directional-01.webp,pass
machine,mdl_cat_303ecr,caterpillar-303ecr,hero,yes,https://tcykyktvdlsbscrsbjyt.supabase.co/storage/v1/object/public/catalog-images/300x52.5Nx84-directional-01.webp,pass
machine,mdl_cat_304,caterpillar-304,hero,yes,https://tcykyktvdlsbscrsbjyt.supabase.co/storage/v1/object/public/catalog-images/300x52.5Wx90-block-01.webp,pass
machine,mdl_cat_304_5,caterpillar-304-5,hero,yes,https://tcykyktvdlsbscrsbjyt.supabase.co/storage/v1/object/public/catalog-images/400x72.5Kx72-directional-01.webp,pass
machine,mdl_cat_304_5e2,caterpillar-304-5e2,hero,yes,https://tcykyktvdlsbscrsbjyt.supabase.co/storage/v1/object/public/catalog-images/300x52.5Wx90-block-01.webp,pass
machine,mdl_cat_304c,caterpillar-304c,hero,yes,https://tcykyktvdlsbscrsbjyt.supabase.co/storage/v1/object/public/catalog-images/400x72.5Kx72-directional-01.webp,pass
machine,mdl_cat_304c_cr,caterpillar-304ccr,hero,yes,https://tcykyktvdlsbscrsbjyt.supabase.co/storage/v1/object/public/catalog-images/400x72.5Wx76-directional-01.webp,pass
machine,mdl_cat_304cr,caterpillar-304cr,hero,yes,https://tcykyktvdlsbscrsbjyt.supabase.co/storage/v1/object/public/catalog-images/400x72.5Kx72-directional-01.webp,pass
machine,mdl_cat_304d,caterpillar-304d,hero,yes,https://tcykyktvdlsbscrsbjyt.supabase.co/storage/v1/object/public/catalog-images/300x52.5Wx90-block-01.webp,pass
machine,mdl_cat_304d_cr,caterpillar-304d-cr,hero,yes,https://tcykyktvdlsbscrsbjyt.supabase.co/storage/v1/object/public/catalog-images/350x52.5Bx90-directional-01.webp,pass
machine,mdl_cat_304e,caterpillar-304e,hero,yes,https://tcykyktvdlsbscrsbjyt.supabase.co/storage/v1/object/public/catalog-images/300x52.5Wx90-block-01.webp,pass
machine,mdl_cat_304e_cr,caterpillar-304e-cr,hero,yes,https://tcykyktvdlsbscrsbjyt.supabase.co/storage/v1/object/public/catalog-images/350x52.5Bx90-directional-01.webp,pass
machine,mdl_cat_304e2,caterpillar-304e2,hero,yes,https://tcykyktvdlsbscrsbjyt.supabase.co/storage/v1/object/public/catalog-images/300x52.5Wx90-block-01.webp,pass
machine,mdl_cat_305_cr,caterpillar-305cr,hero,yes,https://tcykyktvdlsbscrsbjyt.supabase.co/storage/v1/object/public/catalog-images/400x72.5Kx72-directional-01.webp,pass
machine,mdl_cat_305_5,caterpillar-305-5,hero,yes,https://tcykyktvdlsbscrsbjyt.supabase.co/storage/v1/object/public/catalog-images/400x72.5Kx72-directional-01.webp,pass
machine,mdl_cat_305_5d_cr,caterpillar-305-5d-cr,hero,yes,https://tcykyktvdlsbscrsbjyt.supabase.co/storage/v1/object/public/catalog-images/400x72.5Wx76-directional-01.webp,pass
machine,mdl_cat_305_5e,caterpillar-305-5e,hero,yes,https://tcykyktvdlsbscrsbjyt.supabase.co/storage/v1/object/public/catalog-images/400x72.5Wx76-directional-01.webp,pass
machine,mdl_cat_305_5e_cr,caterpillar-305-5e-cr,hero,yes,https://tcykyktvdlsbscrsbjyt.supabase.co/storage/v1/object/public/catalog-images/400x72.5Wx76-directional-01.webp,pass
machine,mdl_cat_305_5e2,caterpillar-305-5e2,hero,yes,https://tcykyktvdlsbscrsbjyt.supabase.co/storage/v1/object/public/catalog-images/400x72.5Kx72-directional-01.webp,pass
machine,mdl_cat_305_5e2_cr,caterpillar-305-5e2-cr,hero,yes,https://tcykyktvdlsbscrsbjyt.supabase.co/storage/v1/object/public/catalog-images/400x72.5Wx76-directional-01.webp,pass
machine,mdl_cat_305c,caterpillar-305c,hero,yes,https://tcykyktvdlsbscrsbjyt.supabase.co/storage/v1/object/public/catalog-images/400x72.5Kx72-directional-01.webp,pass
machine,mdl_cat_305c_cr,caterpillar-305c-cr,hero,yes,https://tcykyktvdlsbscrsbjyt.supabase.co/storage/v1/object/public/catalog-images/400x72.5Wx76-directional-01.webp,pass
machine,mdl_cat_305d,caterpillar-305d,hero,yes,https://tcykyktvdlsbscrsbjyt.supabase.co/storage/v1/object/public/catalog-images/400x72.5Wx76-directional-01.webp,pass
machine,mdl_cat_305dcr,caterpillar-305dcr,hero,yes,https://tcykyktvdlsbscrsbjyt.supabase.co/storage/v1/object/public/catalog-images/400x72.5Wx76-directional-01.webp,pass
machine,mdl_cat_305e,caterpillar-305e,hero,yes,https://tcykyktvdlsbscrsbjyt.supabase.co/storage/v1/object/public/catalog-images/400x72.5Wx76-directional-01.webp,pass
machine,mdl_cat_305e_cr,caterpillar-305e-cr,hero,yes,https://tcykyktvdlsbscrsbjyt.supabase.co/storage/v1/object/public/catalog-images/400x72.5Wx76-directional-01.webp,pass
machine,mdl_cat_305e2,caterpillar-305e2,hero,yes,https://tcykyktvdlsbscrsbjyt.supabase.co/storage/v1/object/public/catalog-images/400x72.5Wx76-directional-01.webp,pass
machine,mdl_cat_305e2_cr,caterpillar-305e2-cr,hero,yes,https://tcykyktvdlsbscrsbjyt.supabase.co/storage/v1/object/public/catalog-images/400x72.5Wx76-directional-01.webp,pass
machine,mdl_cat_306,caterpillar-306,hero,yes,https://tcykyktvdlsbscrsbjyt.supabase.co/storage/v1/object/public/catalog-images/400x72.5Wx76-directional-01.webp,pass
machine,mdl_cat_306_cr,caterpillar-306-cr,hero,yes,https://tcykyktvdlsbscrsbjyt.supabase.co/storage/v1/object/public/catalog-images/400x72.5Wx76-directional-01.webp,pass
machine,mdl_cat_308_cr,caterpillar-308cr,hero,no,,review
machine,mdl_cat_308b,caterpillar-308b,hero,no,,review
machine,mdl_cat_308c_cr,caterpillar-308ccr,hero,no,,review
machine,mdl_cat_308c_sr,caterpillar-308c-sr,hero,no,,review
machine,mdl_cat_308dcr,caterpillar-308d-cr,hero,no,,review
machine,mdl_cat_308e,caterpillar-308e,hero,no,,review
machine,mdl_cat_308e_cr,caterpillar-308e-cr,hero,no,,review
machine,mdl_cat_308e2_cr,caterpillar-308e2-cr,hero,no,,review
machine,mdl_cat_mm15t,caterpillar-mm15t,hero,yes,https://tcykyktvdlsbscrsbjyt.supabase.co/storage/v1/object/public/catalog-images/sizes/230x96x31-mx-01.webp,pass
machine,mdl_cormidi_c85,cormidi-c85,hero,no,,review
machine,mdl_daewoo_ah30,daewoo-ah-30,hero,yes,https://tcykyktvdlsbscrsbjyt.supabase.co/storage/v1/object/public/catalog-images/300x52.5Nx80-directional-01.webp,pass
machine,mdl_daewoo_sl035,daewoo-sl-035,hero,yes,https://tcykyktvdlsbscrsbjyt.supabase.co/storage/v1/object/public/catalog-images/300x52.5Nx84-directional-01.webp,pass
machine,mdl_daewoo_solar_018vt,daewoo-solar-018vt,hero,yes,https://tcykyktvdlsbscrsbjyt.supabase.co/storage/v1/object/public/catalog-images/sizes/230x48x70-directional-01.webp,pass
machine,mdl_daewoo_solar007,daewoo-solar-007,hero,no,,review
machine,mdl_daewoo_solar010,daewoo-solar-010,hero,no,,review
machine,mdl_daewoo_solar030,daewoo-solar-030,hero,yes,https://tcykyktvdlsbscrsbjyt.supabase.co/storage/v1/object/public/catalog-images/300x52.5Nx76-directional-01.webp,pass
machine,mdl_daewoo_solar035,daewoo-solar-035,hero,yes,https://tcykyktvdlsbscrsbjyt.supabase.co/storage/v1/object/public/catalog-images/300x52.5Nx84-directional-01.webp,pass
machine,mdl_daewoo_solar10,daewoo-solar-10,hero,no,,review
machine,mdl_daewoo_solar25,daewoo-solar-25,hero,yes,https://tcykyktvdlsbscrsbjyt.supabase.co/storage/v1/object/public/catalog-images/300x52.5Nx74-directional-01.webp,pass
machine,mdl_daewoo_solar35,daewoo-solar-35,hero,yes,https://tcykyktvdlsbscrsbjyt.supabase.co/storage/v1/object/public/catalog-images/300x52.5Nx80-directional-01.webp,pass
machine,mdl_daewoo_solar55,daewoo-solar-55,hero,yes,https://tcykyktvdlsbscrsbjyt.supabase.co/storage/v1/object/public/catalog-images/400x72.5Kx74-directional-01.webp,pass
machine,mdl_daewoo_solar553,daewoo-solar-55-3,hero,yes,https://tcykyktvdlsbscrsbjyt.supabase.co/storage/v1/object/public/catalog-images/400x72.5Wx76-directional-01.webp,pass
machine,mdl_daewoo_solar555,daewoo-solar-55-5,hero,yes,https://tcykyktvdlsbscrsbjyt.supabase.co/storage/v1/object/public/catalog-images/400x72.5Kx74-directional-01.webp,pass
machine,mdl_daewoo_solar55v,daewoo-solar-55-v,hero,yes,https://tcykyktvdlsbscrsbjyt.supabase.co/storage/v1/object/public/catalog-images/400x72.5Kx74-directional-01.webp,pass
machine,mdl_ditch_witch_ht_25,ditch-witch-ht-25-trencher,hero,yes,https://tcykyktvdlsbscrsbjyt.supabase.co/storage/v1/object/public/catalog-images/sizes/230x72x39-c-block-01.webp,pass
machine,mdl_ditch_witch_ht_25k,ditch-witch-ht-25k-saw-machine,hero,yes,https://tcykyktvdlsbscrsbjyt.supabase.co/storage/v1/object/public/catalog-images/sizes/230x72x39-c-block-01.webp,pass
machine,mdl_ditch_witch_jt_1200,ditch-witch-jt-1200-drilling-machine,hero,yes,https://tcykyktvdlsbscrsbjyt.supabase.co/storage/v1/object/public/catalog-images/sizes/230x72x39-c-block-01.webp,pass
machine,mdl_ditch_witch_jt_1220,ditch-witch-jt-1220-mach-1-drilling-machine,hero,yes,https://tcykyktvdlsbscrsbjyt.supabase.co/storage/v1/object/public/catalog-images/400x72.5Kx74-directional-01.webp,pass
machine,mdl_ditch_witch_jt_1720,ditch-witch-jt-1720-drilling-machine,hero,yes,https://tcykyktvdlsbscrsbjyt.supabase.co/storage/v1/object/public/catalog-images/400x72.5Kx74-directional-01.webp,pass
machine,mdl_ditch_witch_jt_20,ditch-witch-jt-20-drilling-machine,hero,yes,https://tcykyktvdlsbscrsbjyt.supabase.co/storage/v1/object/public/catalog-images/400x72.5Kx74-directional-01.webp,pass
machine,mdl_ditch_witch_jt_2020,ditch-witch-jt-2020-mach-1,hero,yes,https://tcykyktvdlsbscrsbjyt.supabase.co/storage/v1/object/public/catalog-images/400x72.5Kx74-directional-01.webp,pass
machine,mdl_ditch_witch_jt_2320,ditch-witch-jt-2320-drilling-machine,hero,yes,https://tcykyktvdlsbscrsbjyt.supabase.co/storage/v1/object/public/catalog-images/300x52.5Nx78-directional-01.webp,pass
machine,mdl_ditch_witch_jt_2321,ditch-witch-jt-2321-drilling-machine,hero,yes,https://tcykyktvdlsbscrsbjyt.supabase.co/storage/v1/object/public/catalog-images/300x52.5Nx78-directional-01.webp,pass
machine,mdl_ditch_witch_jt_2511,ditch-witch-jt-2511-drilling-machine,hero,yes,https://tcykyktvdlsbscrsbjyt.supabase.co/storage/v1/object/public/catalog-images/sizes/230x72x39-c-block-01.webp,pass
machine,mdl_ditch_witch_jt_30,ditch-witch-jt-30-drilling-machine,hero,yes,https://tcykyktvdlsbscrsbjyt.supabase.co/storage/v1/object/public/catalog-images/400x72.5Kx74-directional-01.webp,pass
machine,mdl_ditch_witch_jt_40,ditch-witch-jt-40-drilling-machine,hero,yes,https://tcykyktvdlsbscrsbjyt.supabase.co/storage/v1/object/public/catalog-images/400x72.5Kx74-directional-01.webp,pass
machine,mdl_ditch_witch_jt_5,ditch-witch-jt-5,hero,yes,https://tcykyktvdlsbscrsbjyt.supabase.co/storage/v1/object/public/catalog-images/sizes/180x72x39-directional-01.webp,pass
machine,mdl_ditch_witch_jt_520,ditch-witch-jt-520,hero,yes,https://tcykyktvdlsbscrsbjyt.supabase.co/storage/v1/object/public/catalog-images/sizes/180x72x39-directional-01.webp,pass
machine,mdl_ditch_witch_jt2520,ditch-witch-jt-2520-drilling-machine,hero,yes,https://tcykyktvdlsbscrsbjyt.supabase.co/storage/v1/object/public/catalog-images/300x52.5Nx92-directional-01.webp,pass
machine,mdl_ditch_witch_jt2720,ditch-witch-jt-2720-mach-1-drilling-machine,hero,yes,https://tcykyktvdlsbscrsbjyt.supabase.co/storage/v1/object/public/catalog-images/300x52.5Nx92-directional-01.webp,pass
machine,mdl_ditch_witch_jt860,ditch-witch-jt-860-drilling-machine,hero,yes,https://tcykyktvdlsbscrsbjyt.supabase.co/storage/v1/object/public/catalog-images/300x52.5Nx92-directional-01.webp,pass
machine,mdl_ditch_witch_jt922,ditch-witch-jt-922,hero,yes,https://tcykyktvdlsbscrsbjyt.supabase.co/storage/v1/object/public/catalog-images/400x72.5Kx74-directional-01.webp,pass
machine,mdl_ditch_witch_mx_27,ditch-witch-mx27,hero,yes,https://tcykyktvdlsbscrsbjyt.supabase.co/storage/v1/object/public/catalog-images/300x52.5Nx78-directional-01.webp,pass
machine,mdl_ditch_witch_mx_272,ditch-witch-mx272,hero,yes,https://tcykyktvdlsbscrsbjyt.supabase.co/storage/v1/object/public/catalog-images/300x52.5Nx78-directional-01.webp,pass
machine,mdl_ditch_witch_mx_35,ditch-witch-mx35,hero,yes,https://tcykyktvdlsbscrsbjyt.supabase.co/storage/v1/object/public/catalog-images/300x52.5Nx84-directional-01.webp,pass
machine,mdl_ditch_witch_mx_352,ditch-witch-mx352,hero,yes,https://tcykyktvdlsbscrsbjyt.supabase.co/storage/v1/object/public/catalog-images/300x52.5x86-mx-01.webp,pass
machine,mdl_ditch_witch_mx182,ditch-witch-mx182,hero,yes,https://tcykyktvdlsbscrsbjyt.supabase.co/storage/v1/object/public/catalog-images/sizes/230x48x70-directional-01.webp,pass
machine,mdl_ditch_witch_sk1050,ditch-witch-sk1050,hero,yes,https://tcykyktvdlsbscrsbjyt.supabase.co/storage/v1/object/public/machine-images/ditch-witch-sk1050-hero.webp,pass
machine,mdl_ditch_witch_sk1550,ditch-witch-sk-1550,hero,no,,review
machine,mdl_ditch_witch_sk500,ditch-witch-sk500,hero,yes,https://tcykyktvdlsbscrsbjyt.supabase.co/storage/v1/object/public/machine-images/ditch-witch-sk500-hero.webp,pass
machine,mdl_ditch_witch_sk600,ditch-witch-sk-600,hero,no,,review
machine,mdl_ditch_witch_sk650,ditch-witch-sk-650,hero,no,,review
machine,mdl_ditch_witch_sk750,ditch-witch-sk750,hero,yes,https://tcykyktvdlsbscrsbjyt.supabase.co/storage/v1/object/public/machine-images/ditch-witch-sk750-hero.webp,pass
machine,mdl_ditch_witch_sk752,ditch-witch-sk752,hero,no,,review
machine,mdl_ditch_witch_sk755,ditch-witch-sk755,hero,yes,https://tcykyktvdlsbscrsbjyt.supabase.co/storage/v1/object/public/machine-images/ditch-witch-sk755-hero.webp,pass
machine,mdl_ditch_witch_sk800,ditch-witch-sk800,hero,yes,https://tcykyktvdlsbscrsbjyt.supabase.co/storage/v1/object/public/machine-images/ditch-witch-sk800-hero.webp,pass
machine,mdl_ditch_witch_sk850,ditch-witch-sk850,hero,yes,https://tcykyktvdlsbscrsbjyt.supabase.co/storage/v1/object/public/machine-images/ditch-witch-sk850-hero.webp,pass
machine,mdl_ditch_witch_sk900,ditch-witch-sk900,hero,yes,https://tcykyktvdlsbscrsbjyt.supabase.co/storage/v1/object/public/machine-images/ditch-witch-sk900-hero.webp,pass
machine,mdl_doosan_dx27z,doosan-dx27z,hero,yes,https://tcykyktvdlsbscrsbjyt.supabase.co/storage/v1/object/public/catalog-images/300x52.5Nx80-directional-01.webp,pass
machine,mdl_doosan_dx30z,doosan-dx30z,hero,yes,https://tcykyktvdlsbscrsbjyt.supabase.co/storage/v1/object/public/catalog-images/300x52.5Nx84-directional-01.webp,pass
machine,mdl_doosan_dx35,doosan-dx35,hero,yes,https://tcykyktvdlsbscrsbjyt.supabase.co/storage/v1/object/public/catalog-images/300x52.5x86-mx-01.webp,pass
machine,mdl_doosan_dx35_z7,doosan-dx35-z7,hero,yes,https://tcykyktvdlsbscrsbjyt.supabase.co/storage/v1/object/public/catalog-images/300x52.5x86-mx-01.webp,pass
machine,mdl_doosan_dx355,doosan-dx35-5,hero,yes,https://tcykyktvdlsbscrsbjyt.supabase.co/storage/v1/object/public/catalog-images/300x52.5Nx84-directional-01.webp,pass
machine,mdl_doosan_dx35z,doosan-dx35z,hero,yes,https://tcykyktvdlsbscrsbjyt.supabase.co/storage/v1/object/public/catalog-images/300x52.5x86-mx-01.webp,pass
machine,mdl_doosan_dx50k5,doosan-dx50k-5,hero,yes,https://tcykyktvdlsbscrsbjyt.supabase.co/storage/v1/object/public/catalog-images/400x72.5Kx74-directional-01.webp,pass
machine,mdl_doosan_dx55,doosan-dx55,hero,yes,https://tcykyktvdlsbscrsbjyt.supabase.co/storage/v1/object/public/catalog-images/400x72.5Kx74-directional-01.webp,pass
machine,mdl_doosan_dx55z,doosan-dx-55z,hero,yes,https://tcykyktvdlsbscrsbjyt.supabase.co/storage/v1/object/public/catalog-images/400x72.5Kx74-directional-01.webp,pass
machine,mdl_doosan_dx60r,doosan-dx60r,hero,yes,https://tcykyktvdlsbscrsbjyt.supabase.co/storage/v1/object/public/catalog-images/400x72.5Wx76-directional-01.webp,pass
machine,mdl_doosan_dx62r3,doosan-dx62r-3,hero,yes,https://tcykyktvdlsbscrsbjyt.supabase.co/storage/v1/object/public/catalog-images/400x72.5Wx76-directional-01.webp,pass
machine,mdl_doosan_dx633,doosan-dx63-3,hero,yes,https://tcykyktvdlsbscrsbjyt.supabase.co/storage/v1/object/public/catalog-images/400x72.5Wx76-directional-01.webp,pass
machine,mdl_doosan_dx80r,doosan-dx80r,hero,no,,review
machine,mdl_doosan_dx85r,doosan-dx85r,hero,no,,review
machine,mdl_doosan_dx85r3,doosan-dx85r-3,hero,no,,review
machine,mdl_doosan_s55,doosan-s55,hero,yes,https://tcykyktvdlsbscrsbjyt.supabase.co/storage/v1/object/public/catalog-images/400x72.5Kx74-directional-01.webp,pass
machine,mdl_gehl_303,gehl-303,hero,yes,https://tcykyktvdlsbscrsbjyt.supabase.co/storage/v1/object/public/catalog-images/300x52.5Nx78-directional-01.webp,pass
machine,mdl_gehl_502,gehl-502,hero,yes,https://tcykyktvdlsbscrsbjyt.supabase.co/storage/v1/object/public/catalog-images/400x72.5Kx74-directional-01.webp,pass
machine,mdl_gehl_503z,gehl-503z,hero,yes,https://tcykyktvdlsbscrsbjyt.supabase.co/storage/v1/object/public/catalog-images/400x72.5Kx74-directional-01.webp,pass
machine,mdl_gehl_603,gehl-603,hero,yes,https://tcykyktvdlsbscrsbjyt.supabase.co/storage/v1/object/public/catalog-images/400x72.5Kx74-directional-01.webp,pass
machine,mdl_gehl_ctl135,gehl-ctl135,hero,no,,review
machine,mdl_gehl_ctl165,gehl-ctl165,hero,yes,https://tcykyktvdlsbscrsbjyt.supabase.co/storage/v1/object/public/catalog-images/400x86x49-zig-zag-01.webp,pass
machine,mdl_gehl_ctl55,gehl-ctl55,hero,no,,review
machine,mdl_gehl_ctl60,gehl-ctl60,hero,yes,https://tcykyktvdlsbscrsbjyt.supabase.co/storage/v1/object/public/machine-images/gehl-ctl60-hero.webp,pass
machine,mdl_gehl_ctl65,gehl-ctl65,hero,yes,https://tcykyktvdlsbscrsbjyt.supabase.co/storage/v1/object/public/machine-images/gehl-ctl65-hero.webp,pass
machine,mdl_gehl_ctl70,gehl-ctl70,hero,yes,https://tcykyktvdlsbscrsbjyt.supabase.co/storage/v1/object/public/machine-images/gehl-ctl70-hero.webp,pass
machine,mdl_gehl_ctl75,gehl-ctl75,hero,yes,https://tcykyktvdlsbscrsbjyt.supabase.co/storage/v1/object/public/machine-images/gehl-ctl75-hero.webp,pass
machine,mdl_gehl_ctl80,gehl-ctl80,hero,yes,https://tcykyktvdlsbscrsbjyt.supabase.co/storage/v1/object/public/machine-images/gehl-ctl80-hero.webp,pass
machine,mdl_gehl_ctl85,gehl-ctl85,hero,yes,https://tcykyktvdlsbscrsbjyt.supabase.co/storage/v1/object/public/machine-images/gehl-ctl85-hero.webp,pass
machine,mdl_gehl_ge303,gehl-ge303,hero,yes,https://tcykyktvdlsbscrsbjyt.supabase.co/storage/v1/object/public/catalog-images/300x52.5Nx78-directional-01.webp,pass
machine,mdl_gehl_ge342,gehl-ge342,hero,yes,https://tcykyktvdlsbscrsbjyt.supabase.co/storage/v1/object/public/catalog-images/300x52.5Nx80-directional-01.webp,pass
machine,mdl_gehl_ge362,gehl-ge362,hero,yes,https://tcykyktvdlsbscrsbjyt.supabase.co/storage/v1/object/public/catalog-images/300x52.5Nx84-directional-01.webp,pass
machine,mdl_gehl_ge502,gehl-ge502,hero,yes,https://tcykyktvdlsbscrsbjyt.supabase.co/storage/v1/object/public/catalog-images/400x72.5Kx74-directional-01.webp,pass
machine,mdl_gehl_ge503,gehl-ge503,hero,yes,https://tcykyktvdlsbscrsbjyt.supabase.co/storage/v1/object/public/catalog-images/400x72.5Kx74-directional-01.webp,pass
machine,mdl_gehl_ge602,gehl-ge602,hero,yes,https://tcykyktvdlsbscrsbjyt.supabase.co/storage/v1/object/public/catalog-images/400x72.5Kx74-directional-01.webp,pass
machine,mdl_gehl_mb28,gehl-mb28,hero,yes,https://tcykyktvdlsbscrsbjyt.supabase.co/storage/v1/object/public/catalog-images/300x52.5Nx78-directional-01.webp,pass
machine,mdl_gehl_rt105,equipment-model-6awxkbkh,hero,no,,review
machine,mdl_gehl_rt135,gehl-rt135,hero,yes,https://tcykyktvdlsbscrsbjyt.supabase.co/storage/v1/object/public/machine-images/gehl-rt135-hero.webp,pass
machine,mdl_gehl_rt165,gehl-rt165,hero,yes,https://tcykyktvdlsbscrsbjyt.supabase.co/storage/v1/object/public/machine-images/gehl-rt165-hero.webp,pass
machine,mdl_gehl_rt210,gehl-rt210,hero,yes,https://tcykyktvdlsbscrsbjyt.supabase.co/storage/v1/object/public/machine-images/gehl-rt210-hero.webp,pass
machine,mdl_gehl_rt215,gehl-rt215,hero,yes,https://tcykyktvdlsbscrsbjyt.supabase.co/storage/v1/object/public/machine-images/gehl-rt215-hero.webp,pass
machine,mdl_gehl_rt250,gehl-rt250,hero,yes,https://tcykyktvdlsbscrsbjyt.supabase.co/storage/v1/object/public/machine-images/gehl-rt250-hero.webp,pass
machine,mdl_gehl_rt255,gehl-rt255,hero,yes,https://tcykyktvdlsbscrsbjyt.supabase.co/storage/v1/object/public/machine-images/gehl-rt255-hero.webp,pass
machine,mdl_gehl_vt210,gehl-vt210,hero,yes,https://tcykyktvdlsbscrsbjyt.supabase.co/storage/v1/object/public/catalog-images/400x86x50-zig-zag-01.webp,pass
machine,mdl_gehl_vt320,gehl-vt320,hero,yes,https://tcykyktvdlsbscrsbjyt.supabase.co/storage/v1/object/public/machine-images/gehl-vt320-hero.webp,pass
machine,mdl_hanix_h36b,hanix-h36b,hero,yes,https://tcykyktvdlsbscrsbjyt.supabase.co/storage/v1/object/public/catalog-images/300x52.5Nx84-directional-01.webp,pass
machine,mdl_hanix_h36c,hanix-h36c,hero,yes,https://tcykyktvdlsbscrsbjyt.supabase.co/storage/v1/object/public/catalog-images/300x52.5Nx84-directional-01.webp,pass
machine,mdl_hanix_h36cr,hanix-h36cr,hero,yes,https://tcykyktvdlsbscrsbjyt.supabase.co/storage/v1/object/public/catalog-images/300x52.5Nx84-directional-01.webp,pass
machine,mdl_hanix_h36r,hanix-h36r,hero,yes,https://tcykyktvdlsbscrsbjyt.supabase.co/storage/v1/object/public/catalog-images/300x52.5Nx84-directional-01.webp,pass
machine,mdl_hitachi_30u,hitachi-30u,hero,yes,https://tcykyktvdlsbscrsbjyt.supabase.co/storage/v1/object/public/catalog-images/300x52.5x86-mx-01.webp,pass
machine,mdl_hitachi_35u,hitachi-35u,hero,yes,https://tcykyktvdlsbscrsbjyt.supabase.co/storage/v1/object/public/catalog-images/300x52.5x86-mx-01.webp,pass
machine,mdl_hitachi_ex_35_u,hitachi-ex35u,hero,yes,https://tcykyktvdlsbscrsbjyt.supabase.co/storage/v1/object/public/catalog-images/300x52.5x86-mx-01.webp,pass
machine,mdl_hitachi_ex12,hitachi-ex12,hero,yes,https://tcykyktvdlsbscrsbjyt.supabase.co/storage/v1/object/public/catalog-images/sizes/230x96x31-mx-01.webp,pass
machine,mdl_hitachi_ex12_1,hitachi-ex12-1,hero,yes,https://tcykyktvdlsbscrsbjyt.supabase.co/storage/v1/object/public/catalog-images/sizes/230x96x31-mx-01.webp,pass
machine,mdl_hitachi_ex12_2,hitachi-ex12-2,hero,yes,https://tcykyktvdlsbscrsbjyt.supabase.co/storage/v1/object/public/catalog-images/sizes/230x96x31-mx-01.webp,pass
machine,mdl_hitachi_ex15,hitachi-ex15,hero,yes,https://tcykyktvdlsbscrsbjyt.supabase.co/storage/v1/object/public/catalog-images/sizes/230x96x31-mx-01.webp,pass
machine,mdl_hitachi_ex15_1,hitachi-ex15-1,hero,yes,https://tcykyktvdlsbscrsbjyt.supabase.co/storage/v1/object/public/catalog-images/sizes/230x96x31-mx-01.webp,pass
machine,mdl_hitachi_ex15_2,hitachi-ex15-2,hero,yes,https://tcykyktvdlsbscrsbjyt.supabase.co/storage/v1/object/public/catalog-images/sizes/230x96x31-mx-01.webp,pass
machine,mdl_hitachi_ex15u,hitachi-ex15u,hero,yes,https://tcykyktvdlsbscrsbjyt.supabase.co/storage/v1/object/public/catalog-images/sizes/230x96x31-mx-01.webp,pass
machine,mdl_hitachi_ex16,hitachi-ex16,hero,yes,https://tcykyktvdlsbscrsbjyt.supabase.co/storage/v1/object/public/catalog-images/sizes/230x96x31-mx-01.webp,pass
machine,mdl_hitachi_ex17,hitachi-ex17,hero,yes,https://tcykyktvdlsbscrsbjyt.supabase.co/storage/v1/object/public/catalog-images/sizes/230x48x70-directional-01.webp,pass
machine,mdl_hitachi_ex35,hitachi-ex35,hero,yes,https://tcykyktvdlsbscrsbjyt.supabase.co/storage/v1/object/public/catalog-images/300x52.5Nx84-directional-01.webp,pass
machine,mdl_hitachi_ex351,hitachi-ex35-1,hero,yes,https://tcykyktvdlsbscrsbjyt.supabase.co/storage/v1/object/public/catalog-images/300x52.5Nx84-directional-01.webp,pass
machine,mdl_hitachi_ex36u,hitachi-ex36u,hero,yes,https://tcykyktvdlsbscrsbjyt.supabase.co/storage/v1/object/public/catalog-images/300x52.5x86-mx-01.webp,pass
machine,mdl_hitachi_ex40ur,hitachi-ex40ur,hero,yes,https://tcykyktvdlsbscrsbjyt.supabase.co/storage/v1/object/public/catalog-images/300x52.5Nx84-directional-01.webp,pass
machine,mdl_hitachi_ex40ur_3,hitachi-ex40ur-3,hero,yes,https://tcykyktvdlsbscrsbjyt.supabase.co/storage/v1/object/public/catalog-images/300x52.5x86-mx-01.webp,pass
machine,mdl_hitachi_ex50u,hitachi-ex50u,hero,yes,https://tcykyktvdlsbscrsbjyt.supabase.co/storage/v1/object/public/catalog-images/400x72.5Kx74-directional-01.webp,pass
machine,mdl_hitachi_ex58mu,hitachi-ex58mu,hero,yes,https://tcykyktvdlsbscrsbjyt.supabase.co/storage/v1/object/public/catalog-images/400x72.5Kx74-directional-01.webp,pass
machine,mdl_hitachi_sh15_2,hitachi-sh15-2,hero,yes,https://tcykyktvdlsbscrsbjyt.supabase.co/storage/v1/object/public/catalog-images/sizes/230x96x31-mx-01.webp,pass
machine,mdl_hitachi_ue35,hitachi-ue35,hero,yes,https://tcykyktvdlsbscrsbjyt.supabase.co/storage/v1/object/public/catalog-images/300x52.5x86-mx-01.webp,pass
machine,mdl_hitachi_zx14_3,hitachi-zx14-3,hero,yes,https://tcykyktvdlsbscrsbjyt.supabase.co/storage/v1/object/public/catalog-images/sizes/230x96x31-mx-01.webp,pass
machine,mdl_hitachi_zx17u,hitachi-zx17u,hero,yes,https://cdn.shopify.com/s/files/1/0952/1977/7823/files/kubota-excavator-hero.webp?v=1773971452,pass
machine,mdl_hitachi_zx17u_2,hitachi-zx17u-2,hero,yes,https://tcykyktvdlsbscrsbjyt.supabase.co/storage/v1/object/public/catalog-images/sizes/230x48x70-directional-01.webp,pass
machine,mdl_hitachi_zx27u3,hitachi-zx27u-3,hero,yes,https://tcykyktvdlsbscrsbjyt.supabase.co/storage/v1/object/public/catalog-images/300x52.5Nx80-directional-01.webp,pass
machine,mdl_hitachi_zx30u,hitachi-zx30u,hero,yes,https://tcykyktvdlsbscrsbjyt.supabase.co/storage/v1/object/public/catalog-images/300x52.5x86-mx-01.webp,pass
machine,mdl_hitachi_zx30u_2,hitachi-zx30u-2,hero,yes,https://tcykyktvdlsbscrsbjyt.supabase.co/storage/v1/object/public/catalog-images/300x52.5x86-mx-01.webp,pass
machine,mdl_hitachi_zx30u_5,hitachi-zx30-u5,hero,yes,https://tcykyktvdlsbscrsbjyt.supabase.co/storage/v1/object/public/catalog-images/300x52.5x86-mx-01.webp,pass
machine,mdl_hitachi_zx33u,hitachi-zx33u,hero,yes,https://tcykyktvdlsbscrsbjyt.supabase.co/storage/v1/object/public/catalog-images/300x52.5x86-mx-01.webp,pass
machine,mdl_hitachi_zx35_u5n,hitachi-zx35-u5n,hero,yes,https://tcykyktvdlsbscrsbjyt.supabase.co/storage/v1/object/public/catalog-images/300x52.5x86-mx-01.webp,pass
machine,mdl_hitachi_zx35u,hitachi-zx35u,hero,yes,https://cdn.shopify.com/s/files/1/0952/1977/7823/files/kubota-excavator-hero.webp?v=1773971452,pass
machine,mdl_hitachi_zx35u_2,hitachi-zx35u-2,hero,yes,https://tcykyktvdlsbscrsbjyt.supabase.co/storage/v1/object/public/catalog-images/300x52.5x86-mx-01.webp,pass
machine,mdl_hitachi_zx35u_3,hitachi-zx35u-3,hero,yes,https://tcykyktvdlsbscrsbjyt.supabase.co/storage/v1/object/public/catalog-images/300x52.5x86-mx-01.webp,pass
machine,mdl_hitachi_zx40u2,hitachi-zx40u-2,hero,yes,https://tcykyktvdlsbscrsbjyt.supabase.co/storage/v1/object/public/catalog-images/400x72.5Kx74-directional-01.webp,pass
machine,mdl_hitachi_zx50u_5,hitachi-zx50u-5,hero,yes,https://tcykyktvdlsbscrsbjyt.supabase.co/storage/v1/object/public/machine-images/hitachi-zx50u-5-hero.webp,pass
machine,mdl_hitachi_zx50u2,hitachi-zx50u-2,hero,yes,https://tcykyktvdlsbscrsbjyt.supabase.co/storage/v1/object/public/catalog-images/400x72.5Kx74-directional-01.webp,pass
machine,mdl_hitachi_zx50u3,hitachi-zx50u-3,hero,yes,https://tcykyktvdlsbscrsbjyt.supabase.co/storage/v1/object/public/catalog-images/400x72.5Kx74-directional-01.webp,pass
machine,mdl_hitachi_zx60usb3,hitachi-zx60usb-3,hero,yes,https://tcykyktvdlsbscrsbjyt.supabase.co/storage/v1/object/public/catalog-images/400x72.5Kx74-directional-01.webp,pass
machine,mdl_hitachi_zx60usb5,hitachi-zx60usb-5,hero,yes,https://tcykyktvdlsbscrsbjyt.supabase.co/storage/v1/object/public/catalog-images/400x72.5Kx74-directional-01.webp,pass
machine,mdl_hyundai_r17z_9a,hyundai-r17z-9a,hero,yes,https://tcykyktvdlsbscrsbjyt.supabase.co/storage/v1/object/public/catalog-images/sizes/230x48x70-directional-01.webp,pass
machine,mdl_hyundai_r27z_9,hyundai-r27z-9,hero,yes,https://tcykyktvdlsbscrsbjyt.supabase.co/storage/v1/object/public/catalog-images/300x52.5Nx80-directional-01.webp,pass
machine,mdl_hyundai_r35z_7,hyundai-r35z-7,hero,yes,https://tcykyktvdlsbscrsbjyt.supabase.co/storage/v1/object/public/catalog-images/300x52.5Nx84-directional-01.webp,pass
machine,mdl_hyundai_r35z9,hyundai-r-35-z-9,hero,yes,https://tcykyktvdlsbscrsbjyt.supabase.co/storage/v1/object/public/catalog-images/300x52.5x86-mx-01.webp,pass
machine,mdl_hyundai_r55_9a,hyundai-r55-9a,hero,yes,https://tcykyktvdlsbscrsbjyt.supabase.co/storage/v1/object/public/machine-images/hyundai-r55-9a-hero.webp,pass
machine,mdl_hyundai_r553,hyundai-r55-3,hero,yes,https://tcykyktvdlsbscrsbjyt.supabase.co/storage/v1/object/public/catalog-images/400x72.5Wx76-directional-01.webp,pass
machine,mdl_hyundai_r557,hyundai-r55-7,hero,yes,https://tcykyktvdlsbscrsbjyt.supabase.co/storage/v1/object/public/catalog-images/400x72.5Wx76-directional-01.webp,pass
machine,mdl_hyundai_r559,hyundai-r55-9,hero,yes,https://tcykyktvdlsbscrsbjyt.supabase.co/storage/v1/object/public/catalog-images/400x72.5Wx76-directional-01.webp,pass
machine,mdl_hyundai_r60cr9,hyundai-r60cr-9,hero,yes,https://tcykyktvdlsbscrsbjyt.supabase.co/storage/v1/object/public/catalog-images/400x72.5Wx76-directional-01.webp,pass
machine,mdl_hyundai_r60cr9a,hyundai-r60cr-9a,hero,yes,https://tcykyktvdlsbscrsbjyt.supabase.co/storage/v1/object/public/catalog-images/400x72.5Wx76-directional-01.webp,pass
machine,mdl_hyundai_robex_27z_9,hyundai-robex-27z-9,hero,yes,https://tcykyktvdlsbscrsbjyt.supabase.co/storage/v1/object/public/catalog-images/300x52.5Nx80-directional-01.webp,pass
machine,mdl_hyundai_robex_30,hyundai-robex-30,hero,yes,https://tcykyktvdlsbscrsbjyt.supabase.co/storage/v1/object/public/catalog-images/300x52.5Nx80-directional-01.webp,pass
machine,mdl_hyundai_robex_35_5,hyundai-robex-35-5,hero,yes,https://tcykyktvdlsbscrsbjyt.supabase.co/storage/v1/object/public/catalog-images/300x52.5Nx84-directional-01.webp,pass
machine,mdl_hyundai_robex_35_7,hyundai-robex-35-7,hero,yes,https://tcykyktvdlsbscrsbjyt.supabase.co/storage/v1/object/public/catalog-images/300x52.5Nx84-directional-01.webp,pass
machine,mdl_hyundai_robex_36_7,hyundai-robex-36-7,hero,yes,https://tcykyktvdlsbscrsbjyt.supabase.co/storage/v1/object/public/catalog-images/300x52.5Nx84-directional-01.webp,pass
machine,mdl_hyundai_robex_17z_9a,hyundai-robex-17z-9a,hero,yes,https://tcykyktvdlsbscrsbjyt.supabase.co/storage/v1/object/public/catalog-images/sizes/230x48x70-directional-01.webp,pass
machine,mdl_hyundai_robex285,hyundai-robex-28-5,hero,yes,https://tcykyktvdlsbscrsbjyt.supabase.co/storage/v1/object/public/catalog-images/300x52.5Nx74-directional-01.webp,pass
machine,mdl_hyundai_robex30z9ak,hyundai-robex-30z-9ak,hero,yes,https://tcykyktvdlsbscrsbjyt.supabase.co/storage/v1/object/public/catalog-images/300x52.5x86-mx-01.webp,pass
machine,mdl_hyundai_robex359,hyundai-robex-35-9,hero,yes,https://tcykyktvdlsbscrsbjyt.supabase.co/storage/v1/object/public/catalog-images/300x52.5x86-mx-01.webp,pass
machine,mdl_hyundai_robex35z7a,hyundai-robex-35z-7a,hero,yes,https://tcykyktvdlsbscrsbjyt.supabase.co/storage/v1/object/public/catalog-images/300x52.5x86-mx-01.webp,pass
machine,mdl_hyundai_robex35z9a,hyundai-robex35z9a,hero,yes,https://tcykyktvdlsbscrsbjyt.supabase.co/storage/v1/object/public/catalog-images/300x52.5x86-mx-01.webp,pass
machine,mdl_hyundai_robex35z9ak,hyundai-robex-35z-9ak,hero,yes,https://tcykyktvdlsbscrsbjyt.supabase.co/storage/v1/object/public/catalog-images/300x52.5x86-mx-01.webp,pass
machine,mdl_hyundai_robex553,hyundai-robex-55-3,hero,yes,https://tcykyktvdlsbscrsbjyt.supabase.co/storage/v1/object/public/catalog-images/400x72.5Wx76-directional-01.webp,pass
machine,mdl_hyundai_robex557,hyundai-robex-55-7,hero,yes,https://tcykyktvdlsbscrsbjyt.supabase.co/storage/v1/object/public/catalog-images/400x72.5Wx76-directional-01.webp,pass
machine,mdl_hyundai_robex559,hyundai-robex-55-9,hero,yes,https://tcykyktvdlsbscrsbjyt.supabase.co/storage/v1/object/public/catalog-images/400x72.5Wx76-directional-01.webp,pass
machine,mdl_hyundai_robex559a,hyundai-robex-55-9a,hero,yes,https://tcykyktvdlsbscrsbjyt.supabase.co/storage/v1/object/public/catalog-images/400x72.5Wx76-directional-01.webp,pass
machine,mdl_hyundai_robex60cr9a,hyundai-robex-60cr-9a,hero,yes,https://tcykyktvdlsbscrsbjyt.supabase.co/storage/v1/object/public/catalog-images/400x72.5Wx76-directional-01.webp,pass
machine,mdl_hyundai_robex75_7,hyundai-robex-75-7,hero,no,,review
machine,mdl_hyundai_robex807,hyundai-robex-80-7,hero,no,,review
machine,mdl_hyundai_robex80cr9,hyundai-robex-80cr-9,hero,no,,review
machine,mdl_hyundai_robexr60cr9,hyundai-robex-r60-cr-9,hero,yes,https://tcykyktvdlsbscrsbjyt.supabase.co/storage/v1/object/public/catalog-images/400x72.5Wx76-directional-01.webp,pass
machine,mdl_ihi_17vx,ihi-17vx,hero,yes,https://tcykyktvdlsbscrsbjyt.supabase.co/storage/v1/object/public/catalog-images/sizes/230x48x70-directional-01.webp,pass
machine,mdl_ihi_18_j,ihi-18-j,hero,yes,https://tcykyktvdlsbscrsbjyt.supabase.co/storage/v1/object/public/catalog-images/sizes/230x48x70-directional-01.webp,pass
machine,mdl_ihi_18n,ihi-18n,hero,yes,https://tcykyktvdlsbscrsbjyt.supabase.co/storage/v1/object/public/catalog-images/sizes/230x48x70-directional-01.webp,pass
machine,mdl_ihi_18nxt,ihi-18nxt,hero,yes,https://tcykyktvdlsbscrsbjyt.supabase.co/storage/v1/object/public/catalog-images/sizes/230x48x70-directional-01.webp,pass
machine,mdl_ihi_25nx,ihi-25-nx,hero,yes,https://tcykyktvdlsbscrsbjyt.supabase.co/storage/v1/object/public/catalog-images/300x52.5Nx78-directional-01.webp,pass
machine,mdl_ihi_28n,ihi-28-n,hero,yes,https://tcykyktvdlsbscrsbjyt.supabase.co/storage/v1/object/public/catalog-images/300x52.5Nx78-directional-01.webp,pass
machine,mdl_ihi_28n2,ihi-28-n-2,hero,yes,https://tcykyktvdlsbscrsbjyt.supabase.co/storage/v1/object/public/catalog-images/300x52.5Nx78-directional-01.webp,pass
machine,mdl_ihi_35n,ihi-35n,hero,yes,https://tcykyktvdlsbscrsbjyt.supabase.co/storage/v1/object/public/catalog-images/300x52.5Nx84-directional-01.webp,pass
machine,mdl_ihi_45v4,ihi-45v-4,hero,yes,https://tcykyktvdlsbscrsbjyt.supabase.co/storage/v1/object/public/catalog-images/400x72.5Kx74-directional-01.webp,pass
machine,mdl_ihi_50g,ihi-50g,hero,yes,https://tcykyktvdlsbscrsbjyt.supabase.co/storage/v1/object/public/catalog-images/400x72.5Kx74-directional-01.webp,pass
machine,mdl_ihi_50g3,ihi-50g-3,hero,yes,https://tcykyktvdlsbscrsbjyt.supabase.co/storage/v1/object/public/catalog-images/400x72.5Kx74-directional-01.webp,pass
machine,mdl_ihi_50gx,ihi-50gx,hero,yes,https://tcykyktvdlsbscrsbjyt.supabase.co/storage/v1/object/public/catalog-images/400x72.5Kx74-directional-01.webp,pass
machine,mdl_ihi_50j,ihi-50j,hero,yes,https://tcykyktvdlsbscrsbjyt.supabase.co/storage/v1/object/public/catalog-images/400x72.5Kx74-directional-01.webp,pass
machine,mdl_ihi_50jx,ihi-50jx,hero,yes,https://tcykyktvdlsbscrsbjyt.supabase.co/storage/v1/object/public/catalog-images/400x72.5Kx74-directional-01.webp,pass
machine,mdl_ihi_50ux,ihi-50ux,hero,yes,https://tcykyktvdlsbscrsbjyt.supabase.co/storage/v1/object/public/catalog-images/400x72.5Kx74-directional-01.webp,pass
machine,mdl_ihi_50z,ihi-50z,hero,yes,https://tcykyktvdlsbscrsbjyt.supabase.co/storage/v1/object/public/catalog-images/400x72.5Kx74-directional-01.webp,pass
machine,mdl_ihi_65nx,ihi-65nx,hero,yes,https://tcykyktvdlsbscrsbjyt.supabase.co/storage/v1/object/public/catalog-images/400x72.5Wx76-directional-01.webp,pass
machine,mdl_ihi_cl35,ihi-cl35,hero,yes,https://cdn.shopify.com/s/files/1/0952/1977/7823/files/kubota-skid-steer-hero.webp?v=1773971452,pass
machine,mdl_ihi_cl45,ihi-cl45,hero,yes,https://cdn.shopify.com/s/files/1/0952/1977/7823/files/kubota-skid-steer-hero.webp?v=1773971452,pass
machine,mdl_ihi_is27,ihi-is-27,hero,yes,https://tcykyktvdlsbscrsbjyt.supabase.co/storage/v1/object/public/catalog-images/300x52.5Nx76-directional-01.webp,pass
machine,mdl_ihi_is27g,ihi-is-27g,hero,yes,https://tcykyktvdlsbscrsbjyt.supabase.co/storage/v1/object/public/catalog-images/300x52.5Nx76-directional-01.webp,pass
machine,mdl_ihi_is27gx,ihi-is-27gx,hero,yes,https://tcykyktvdlsbscrsbjyt.supabase.co/storage/v1/object/public/catalog-images/300x52.5Nx76-directional-01.webp,pass
machine,mdl_ihi_is28g,ihi-is-28g,hero,yes,https://tcykyktvdlsbscrsbjyt.supabase.co/storage/v1/object/public/catalog-images/300x52.5Nx76-directional-01.webp,pass
machine,mdl_ihi_is28g3,ihi-is-28g3,hero,yes,https://tcykyktvdlsbscrsbjyt.supabase.co/storage/v1/object/public/catalog-images/300x52.5Nx76-directional-01.webp,pass
machine,mdl_ihi_is28gx,ihi-is-28gx,hero,yes,https://tcykyktvdlsbscrsbjyt.supabase.co/storage/v1/object/public/catalog-images/300x52.5Nx76-directional-01.webp,pass
machine,mdl_ihi_is28j,ihi-is-28j,hero,yes,https://tcykyktvdlsbscrsbjyt.supabase.co/storage/v1/object/public/catalog-images/300x52.5Nx76-directional-01.webp,pass
machine,mdl_ihi_is28lx,ihi-is-28lx,hero,yes,https://tcykyktvdlsbscrsbjyt.supabase.co/storage/v1/object/public/catalog-images/300x52.5Nx76-directional-01.webp,pass
machine,mdl_ihi_is28px,ihi-is-28px,hero,yes,https://tcykyktvdlsbscrsbjyt.supabase.co/storage/v1/object/public/catalog-images/300x52.5Nx76-directional-01.webp,pass
machine,mdl_ihi_is28ux,ihi-is-28ux,hero,yes,https://tcykyktvdlsbscrsbjyt.supabase.co/storage/v1/object/public/catalog-images/300x52.5Nx76-directional-01.webp,pass
machine,mdl_ihi_is30g,ihi-is-30g,hero,yes,https://tcykyktvdlsbscrsbjyt.supabase.co/storage/v1/object/public/catalog-images/300x52.5Nx76-directional-01.webp,pass
machine,mdl_ihi_is30gx,ihi-is-30gx,hero,yes,https://tcykyktvdlsbscrsbjyt.supabase.co/storage/v1/object/public/catalog-images/300x52.5Nx76-directional-01.webp,pass
machine,mdl_ihi_is30j,ihi-is-30j,hero,yes,https://tcykyktvdlsbscrsbjyt.supabase.co/storage/v1/object/public/catalog-images/300x52.5Nx76-directional-01.webp,pass
machine,mdl_ihi_is30jx,ihi-is-30jx,hero,yes,https://tcykyktvdlsbscrsbjyt.supabase.co/storage/v1/object/public/catalog-images/300x52.5Nx84-directional-01.webp,pass
machine,mdl_ihi_is30nx,ihi-is-30nx,hero,yes,https://tcykyktvdlsbscrsbjyt.supabase.co/storage/v1/object/public/catalog-images/300x52.5Nx84-directional-01.webp,pass
machine,mdl_ihi_is30uj,ihi-is-30uj,hero,yes,https://tcykyktvdlsbscrsbjyt.supabase.co/storage/v1/object/public/catalog-images/300x52.5Nx84-directional-01.webp,pass
machine,mdl_ihi_is32j,ihi-is-32j,hero,yes,https://tcykyktvdlsbscrsbjyt.supabase.co/storage/v1/object/public/catalog-images/300x52.5Nx84-directional-01.webp,pass
machine,mdl_ihi_is35g,ihi-is-35g,hero,yes,https://tcykyktvdlsbscrsbjyt.supabase.co/storage/v1/object/public/catalog-images/300x52.5Nx84-directional-01.webp,pass
machine,mdl_ihi_is35gx,ihi-is-35gx,hero,yes,https://tcykyktvdlsbscrsbjyt.supabase.co/storage/v1/object/public/catalog-images/300x52.5Nx84-directional-01.webp,pass
machine,mdl_ihi_is35j,ihi-is-35j,hero,yes,https://tcykyktvdlsbscrsbjyt.supabase.co/storage/v1/object/public/catalog-images/300x52.5Nx84-directional-01.webp,pass
machine,mdl_ihi_is35nx,ihi-is-35nx,hero,yes,https://tcykyktvdlsbscrsbjyt.supabase.co/storage/v1/object/public/catalog-images/300x52.5Nx84-directional-01.webp,pass
machine,mdl_ihi_is35uj,ihi-is-35uj,hero,yes,https://tcykyktvdlsbscrsbjyt.supabase.co/storage/v1/object/public/catalog-images/300x52.5Nx84-directional-01.webp,pass
machine,mdl_ihi_is38uj,ihi-is-38uj,hero,yes,https://tcykyktvdlsbscrsbjyt.supabase.co/storage/v1/object/public/catalog-images/300x52.5Nx84-directional-01.webp,pass
machine,mdl_ihi_is38ux,ihi-is-38ux,hero,yes,https://tcykyktvdlsbscrsbjyt.supabase.co/storage/v1/object/public/catalog-images/300x52.5Nx84-directional-01.webp,pass
machine,mdl_ihi_is40g,ihi-is-40g,hero,yes,https://tcykyktvdlsbscrsbjyt.supabase.co/storage/v1/object/public/catalog-images/400x72.5Kx72-directional-01.webp,pass
machine,mdl_ihi_is40gx,ihi-is-40gx,hero,yes,https://tcykyktvdlsbscrsbjyt.supabase.co/storage/v1/object/public/catalog-images/400x72.5Kx72-directional-01.webp,pass
machine,mdl_ihi_is40gx2,ihi-is-40gx-2,hero,yes,https://tcykyktvdlsbscrsbjyt.supabase.co/storage/v1/object/public/catalog-images/400x72.5Kx72-directional-01.webp,pass
machine,mdl_ihi_is40gx3,ihi-is-40gx-3,hero,yes,https://tcykyktvdlsbscrsbjyt.supabase.co/storage/v1/object/public/catalog-images/400x72.5Kx72-directional-01.webp,pass
machine,mdl_ihi_is40j,ihi-is-40j,hero,yes,https://tcykyktvdlsbscrsbjyt.supabase.co/storage/v1/object/public/catalog-images/400x72.5Kx72-directional-01.webp,pass
machine,mdl_ihi_is40jx,ihi-is-40jx,hero,yes,https://tcykyktvdlsbscrsbjyt.supabase.co/storage/v1/object/public/catalog-images/400x72.5Kx72-directional-01.webp,pass
machine,mdl_ihi_is40nx,ihi-is-40nx,hero,yes,https://tcykyktvdlsbscrsbjyt.supabase.co/storage/v1/object/public/catalog-images/400x72.5Kx72-directional-01.webp,pass
machine,mdl_ihi_is45j,ihi-is-45j,hero,yes,https://tcykyktvdlsbscrsbjyt.supabase.co/storage/v1/object/public/catalog-images/400x72.5Kx72-directional-01.webp,pass
machine,mdl_ihi_is45nx,ihi-is-45nx,hero,yes,https://tcykyktvdlsbscrsbjyt.supabase.co/storage/v1/object/public/catalog-images/400x72.5Kx72-directional-01.webp,pass
machine,mdl_ihi_is45uj,ihi-is-45uj,hero,yes,https://tcykyktvdlsbscrsbjyt.supabase.co/storage/v1/object/public/catalog-images/400x72.5Kx72-directional-01.webp,pass
machine,mdl_ihi_is50g,ihi-is-50g,hero,yes,https://tcykyktvdlsbscrsbjyt.supabase.co/storage/v1/object/public/catalog-images/400x72.5Kx74-directional-01.webp,pass
machine,mdl_ihi_is50g3,ihi-is-50g3,hero,yes,https://tcykyktvdlsbscrsbjyt.supabase.co/storage/v1/object/public/catalog-images/400x72.5Kx74-directional-01.webp,pass
machine,mdl_ihi_is50gx,ihi-is-50gx,hero,yes,https://tcykyktvdlsbscrsbjyt.supabase.co/storage/v1/object/public/catalog-images/400x72.5Kx74-directional-01.webp,pass
machine,mdl_ihi_is50uj,ihi-is-50uj,hero,yes,https://tcykyktvdlsbscrsbjyt.supabase.co/storage/v1/object/public/catalog-images/400x72.5Kx74-directional-01.webp,pass
machine,mdl_ihi_is50ux,ihi-is-50ux,hero,yes,https://tcykyktvdlsbscrsbjyt.supabase.co/storage/v1/object/public/catalog-images/400x72.5Kx74-directional-01.webp,pass
machine,mdl_ihi_is50z,ihi-is-50z,hero,yes,https://tcykyktvdlsbscrsbjyt.supabase.co/storage/v1/object/public/catalog-images/400x72.5Kx74-directional-01.webp,pass
machine,mdl_ihi_is55,ihi-is-55,hero,yes,https://tcykyktvdlsbscrsbjyt.supabase.co/storage/v1/object/public/catalog-images/400x72.5Kx74-directional-01.webp,pass
machine,mdl_ihi_is55g,ihi-is-55g,hero,yes,https://tcykyktvdlsbscrsbjyt.supabase.co/storage/v1/object/public/catalog-images/400x72.5Kx74-directional-01.webp,pass
machine,mdl_ihi_is55g3,ihi-is-55g-3,hero,yes,https://tcykyktvdlsbscrsbjyt.supabase.co/storage/v1/object/public/catalog-images/400x72.5Kx74-directional-01.webp,pass
machine,mdl_ihi_is55j,ihi-is-55j,hero,yes,https://tcykyktvdlsbscrsbjyt.supabase.co/storage/v1/object/public/catalog-images/400x72.5Kx74-directional-01.webp,pass
machine,mdl_ihi_is55lx,ihi-is-55lx,hero,yes,https://tcykyktvdlsbscrsbjyt.supabase.co/storage/v1/object/public/catalog-images/400x72.5Kx74-directional-01.webp,pass
machine,mdl_ihi_is55n,ihi-is-55n,hero,yes,https://tcykyktvdlsbscrsbjyt.supabase.co/storage/v1/object/public/catalog-images/400x72.5Kx74-directional-01.webp,pass
machine,mdl_ihi_is55u1,ihi-is-55u-1,hero,yes,https://tcykyktvdlsbscrsbjyt.supabase.co/storage/v1/object/public/catalog-images/400x72.5Kx74-directional-01.webp,pass
machine,mdl_ihi_is55u2,ihi-is-55u-2,hero,yes,https://tcykyktvdlsbscrsbjyt.supabase.co/storage/v1/object/public/catalog-images/400x72.5Kx74-directional-01.webp,pass
machine,mdl_ihi_is55uj,ihi-is-55uj,hero,yes,https://tcykyktvdlsbscrsbjyt.supabase.co/storage/v1/object/public/catalog-images/400x72.5Kx74-directional-01.webp,pass
machine,mdl_ihi_is55ux,ihi-is-55ux,hero,yes,https://tcykyktvdlsbscrsbjyt.supabase.co/storage/v1/object/public/catalog-images/400x72.5Kx74-directional-01.webp,pass
machine,mdl_jcb_150t,jcb-150t,hero,yes,https://tcykyktvdlsbscrsbjyt.supabase.co/storage/v1/object/public/catalog-images/320x86x48-multi-bar-01.webp,pass
machine,mdl_jcb_16c_1,jcb-16c-1,hero,yes,https://tcykyktvdlsbscrsbjyt.supabase.co/storage/v1/object/public/catalog-images/sizes/230x48x70-directional-01.webp,pass
machine,mdl_jcb_180t,jcb-180t,hero,yes,https://tcykyktvdlsbscrsbjyt.supabase.co/storage/v1/object/public/catalog-images/320x86x50-x-terrain-01.webp,pass
machine,mdl_jcb_18z_1,jcb-18z-1,hero,yes,https://tcykyktvdlsbscrsbjyt.supabase.co/storage/v1/object/public/catalog-images/sizes/230x48x70-directional-01.webp,pass
machine,mdl_jcb_190t,jcb-190t,hero,yes,https://tcykyktvdlsbscrsbjyt.supabase.co/storage/v1/object/public/catalog-images/320x86x50-x-terrain-01.webp,pass
machine,mdl_jcb_190t_eco,jcb-190t-eco,hero,yes,https://tcykyktvdlsbscrsbjyt.supabase.co/storage/v1/object/public/catalog-images/320x86x50-x-terrain-01.webp,pass
machine,mdl_jcb_19c_1,jcb-19c-1,hero,yes,https://tcykyktvdlsbscrsbjyt.supabase.co/storage/v1/object/public/catalog-images/sizes/230x48x70-directional-01.webp,pass
machine,mdl_jcb_205t,jcb-205t,hero,no,,review
machine,mdl_jcb_205t_eco,jcb-205t-eco,hero,yes,https://tcykyktvdlsbscrsbjyt.supabase.co/storage/v1/object/public/catalog-images/320x86x50-x-terrain-01.webp,pass
machine,mdl_jcb_210t,jcb-210t,hero,yes,https://tcykyktvdlsbscrsbjyt.supabase.co/storage/v1/object/public/catalog-images/320x86x50-x-terrain-01.webp,pass
machine,mdl_jcb_215t,jcb-215t,hero,yes,https://tcykyktvdlsbscrsbjyt.supabase.co/storage/v1/object/public/catalog-images/320x86x50-x-terrain-01.webp,pass
machine,mdl_jcb_225t,jcb-225t,hero,yes,https://cdn.shopify.com/s/files/1/0952/1977/7823/files/jcb-skid-steer-hero.webp?v=1773971451,pass
machine,mdl_jcb_225t_eco,jcb-225t-eco,hero,yes,https://tcykyktvdlsbscrsbjyt.supabase.co/storage/v1/object/public/catalog-images/450x86x56-c-block-01.webp,pass
machine,mdl_jcb_250t,jcb-250-t-tracks,hero,yes,https://tcykyktvdlsbscrsbjyt.supabase.co/storage/v1/object/public/catalog-images/450x86x56-c-block-01.webp,pass
machine,mdl_jcb_260t,jcb-260t,hero,yes,https://tcykyktvdlsbscrsbjyt.supabase.co/storage/v1/object/public/machine-images/jcb-260t-hero.webp,pass
machine,mdl_jcb_260t_eco,jcb-260t-eco,hero,yes,https://tcykyktvdlsbscrsbjyt.supabase.co/storage/v1/object/public/catalog-images/450x86x56-c-block-01.webp,pass
machine,mdl_jcb_270t,jcb-270t,hero,yes,https://cdn.shopify.com/s/files/1/0952/1977/7823/files/jcb-skid-steer-hero.webp?v=1773971451,pass
machine,mdl_jcb_2ts,jcb-2ts,hero,yes,https://tcykyktvdlsbscrsbjyt.supabase.co/storage/v1/object/public/catalog-images/320x86x50-x-terrain-01.webp,pass
machine,mdl_jcb_2ts_7t,jcb-2-ts-7-t-tracks,hero,yes,https://tcykyktvdlsbscrsbjyt.supabase.co/storage/v1/object/public/catalog-images/320x86x50-x-terrain-01.webp,pass
machine,mdl_jcb_300t,jcb-300t,hero,yes,https://tcykyktvdlsbscrsbjyt.supabase.co/storage/v1/object/public/machine-images/jcb-300t-hero.webp,pass
machine,mdl_jcb_300t_eco,jcb-300t-eco,hero,yes,https://tcykyktvdlsbscrsbjyt.supabase.co/storage/v1/object/public/catalog-images/450x86x56-c-block-01.webp,pass
machine,mdl_jcb_320t,jcb-320t,hero,yes,https://cdn.shopify.com/s/files/1/0952/1977/7823/files/jcb-skid-steer-hero.webp?v=1773971451,pass
machine,mdl_jcb_320t_eco,jcb-320t-eco,hero,yes,https://tcykyktvdlsbscrsbjyt.supabase.co/storage/v1/object/public/catalog-images/450x86x56-c-block-01.webp,pass
machine,mdl_jcb_35z_1,jcb-35z-1,hero,yes,https://tcykyktvdlsbscrsbjyt.supabase.co/storage/v1/object/public/catalog-images/450x81.5x76-mx-01.webp,pass
machine,mdl_jcb_3ts_8t,jcb-3ts-8t,hero,yes,https://tcykyktvdlsbscrsbjyt.supabase.co/storage/v1/object/public/machine-images/jcb-3ts-8t-hero.webp,pass
machine,mdl_jcb_45z_1,jcb-45z-1,hero,yes,https://tcykyktvdlsbscrsbjyt.supabase.co/storage/v1/object/public/catalog-images/400x72.5Kx74-directional-01.webp,pass
machine,mdl_jcb_48z_1,jcb-48z-1,hero,yes,https://tcykyktvdlsbscrsbjyt.supabase.co/storage/v1/object/public/catalog-images/400x72.5Kx74-directional-01.webp,pass
machine,mdl_jcb_55z_1,jcb-55z-1,hero,yes,https://tcykyktvdlsbscrsbjyt.supabase.co/storage/v1/object/public/catalog-images/400x72.5Kx74-directional-01.webp,pass
machine,mdl_jcb_57c_1,jcb-57c-1,hero,yes,https://tcykyktvdlsbscrsbjyt.supabase.co/storage/v1/object/public/catalog-images/400x72.5Kx74-directional-01.webp,pass
machine,mdl_jcb_57z_1,jcb-57z-1,hero,yes,https://tcykyktvdlsbscrsbjyt.supabase.co/storage/v1/object/public/catalog-images/400x72.5Kx74-directional-01.webp,pass
machine,mdl_jcb_65r,jcb-65r,hero,yes,https://tcykyktvdlsbscrsbjyt.supabase.co/storage/v1/object/public/catalog-images/400x72.5Kx74-directional-01.webp,pass
machine,mdl_jcb_67c,jcb-67c,hero,yes,https://tcykyktvdlsbscrsbjyt.supabase.co/storage/v1/object/public/catalog-images/400x72.5Kx74-directional-01.webp,pass
machine,mdl_jcb_801,jcb-801,hero,yes,https://tcykyktvdlsbscrsbjyt.supabase.co/storage/v1/object/public/catalog-images/sizes/230x96x31-mx-01.webp,pass
machine,mdl_jcb_8017,jcb-8017,hero,yes,https://tcykyktvdlsbscrsbjyt.supabase.co/storage/v1/object/public/catalog-images/sizes/230x48x70-directional-01.webp,pass
machine,mdl_jcb_8018,jcb-8018,hero,yes,https://cdn.shopify.com/s/files/1/0952/1977/7823/files/jcb-excavator-hero.webp?v=1773971530,pass
machine,mdl_jcb_801r,jcb-801r,hero,yes,https://tcykyktvdlsbscrsbjyt.supabase.co/storage/v1/object/public/catalog-images/sizes/230x96x31-mx-01.webp,pass
machine,mdl_jcb_802_plus,jcb-802-plus,hero,yes,https://tcykyktvdlsbscrsbjyt.supabase.co/storage/v1/object/public/catalog-images/300x52.5Nx74-directional-01.webp,pass
machine,mdl_jcb_802_super,jcb-802-super,hero,yes,https://tcykyktvdlsbscrsbjyt.supabase.co/storage/v1/object/public/catalog-images/300x52.5Nx74-directional-01.webp,pass
machine,mdl_jcb_802_7,jcb-802-7,hero,yes,https://tcykyktvdlsbscrsbjyt.supabase.co/storage/v1/object/public/machine-images/jcb-802-7-hero.webp,pass
machine,mdl_jcb_802_7_zts,jcb-802-7-zts,hero,yes,https://tcykyktvdlsbscrsbjyt.supabase.co/storage/v1/object/public/catalog-images/300x52.5Nx74-directional-01.webp,pass
machine,mdl_jcb_8025,jcb-8025,hero,yes,https://tcykyktvdlsbscrsbjyt.supabase.co/storage/v1/object/public/catalog-images/300x52.5Nx78-directional-01.webp,pass
machine,mdl_jcb_8025zts,jcb-8025zts,hero,yes,https://tcykyktvdlsbscrsbjyt.supabase.co/storage/v1/object/public/catalog-images/300x52.5Nx78-directional-01.webp,pass
machine,mdl_jcb_8026,jcb-8026,hero,yes,https://tcykyktvdlsbscrsbjyt.supabase.co/storage/v1/object/public/catalog-images/300x52.5Nx78-directional-01.webp,pass
machine,mdl_jcb_803,jcb-803,hero,yes,https://tcykyktvdlsbscrsbjyt.supabase.co/storage/v1/object/public/catalog-images/300x52.5Nx84-directional-01.webp,pass
machine,mdl_jcb_803_magnum,jcb-803-magnum,hero,yes,https://tcykyktvdlsbscrsbjyt.supabase.co/storage/v1/object/public/catalog-images/300x52.5Nx84-directional-01.webp,pass
machine,mdl_jcb_803_plus,jcb-803-plus,hero,yes,https://tcykyktvdlsbscrsbjyt.supabase.co/storage/v1/object/public/catalog-images/300x52.5Nx84-directional-01.webp,pass
machine,mdl_jcb_803_super,jcb-803-super,hero,yes,https://tcykyktvdlsbscrsbjyt.supabase.co/storage/v1/object/public/catalog-images/300x52.5Nx84-directional-01.webp,pass
machine,mdl_jcb_8030_zts,jcb-8030zts,hero,yes,https://tcykyktvdlsbscrsbjyt.supabase.co/storage/v1/object/public/machine-images/jcb-8030zts-hero.webp,pass
machine,mdl_jcb_8032,jcb-8032,hero,yes,https://tcykyktvdlsbscrsbjyt.supabase.co/storage/v1/object/public/catalog-images/300x52.5Nx84-directional-01.webp,pass
machine,mdl_jcb_8032zts,jcb-803-2-zts,hero,yes,https://tcykyktvdlsbscrsbjyt.supabase.co/storage/v1/object/public/catalog-images/300x52.5Nx84-directional-01.webp,pass
machine,mdl_jcb_8035,jcb-8035,hero,yes,https://tcykyktvdlsbscrsbjyt.supabase.co/storage/v1/object/public/catalog-images/300x52.5Nx84-directional-01.webp,pass
machine,mdl_jcb_8035_zts,jcb-8035zts,hero,yes,https://tcykyktvdlsbscrsbjyt.supabase.co/storage/v1/object/public/machine-images/jcb-8035zts-hero.webp,pass
machine,mdl_jcb_8035z,jcb-8035z,hero,yes,https://tcykyktvdlsbscrsbjyt.supabase.co/storage/v1/object/public/catalog-images/300x52.5Nx84-directional-01.webp,pass
machine,mdl_jcb_803e,jcb-803e,hero,yes,https://tcykyktvdlsbscrsbjyt.supabase.co/storage/v1/object/public/catalog-images/300x52.5Nx84-directional-01.webp,pass
machine,mdl_jcb_804,jcb-804,hero,yes,https://tcykyktvdlsbscrsbjyt.supabase.co/storage/v1/object/public/catalog-images/300x52.5Nx84-directional-01.webp,pass
machine,mdl_jcb_8045,jcb-8045,hero,yes,https://tcykyktvdlsbscrsbjyt.supabase.co/storage/v1/object/public/catalog-images/400x72.5Kx74-directional-01.webp,pass
machine,mdl_jcb_8045zts,jcb-8045zts,hero,yes,https://tcykyktvdlsbscrsbjyt.supabase.co/storage/v1/object/public/catalog-images/400x72.5Kx74-directional-01.webp,pass
machine,mdl_jcb_805,jcb-805,hero,yes,https://tcykyktvdlsbscrsbjyt.supabase.co/storage/v1/object/public/catalog-images/400x72.5Kx74-directional-01.webp,pass
machine,mdl_jcb_8050_zts,jcb-8050zts,hero,yes,https://tcykyktvdlsbscrsbjyt.supabase.co/storage/v1/object/public/machine-images/jcb-8050zts-hero.webp,pass
machine,mdl_jcb_8052,jcb-805-2,hero,yes,https://tcykyktvdlsbscrsbjyt.supabase.co/storage/v1/object/public/catalog-images/400x72.5Kx74-directional-01.webp,pass
machine,mdl_jcb_8055,jcb-8055,hero,yes,https://tcykyktvdlsbscrsbjyt.supabase.co/storage/v1/object/public/catalog-images/400x72.5Kx74-directional-01.webp,pass
machine,mdl_jcb_8055rts,jcb-8055rts,hero,yes,https://tcykyktvdlsbscrsbjyt.supabase.co/storage/v1/object/public/catalog-images/400x72.5Kx74-directional-01.webp,pass
machine,mdl_jcb_8055z,jcb-8055z,hero,yes,https://tcykyktvdlsbscrsbjyt.supabase.co/storage/v1/object/public/catalog-images/400x72.5Kx74-directional-01.webp,pass
machine,mdl_jcb_8055zts,jcb-8055zts,hero,yes,https://tcykyktvdlsbscrsbjyt.supabase.co/storage/v1/object/public/catalog-images/400x72.5Kx74-directional-01.webp,pass
machine,mdl_jcb_806,jcb-806,hero,yes,https://tcykyktvdlsbscrsbjyt.supabase.co/storage/v1/object/public/catalog-images/400x72.5Kx74-directional-01.webp,pass
machine,mdl_jcb_8060,jcb-8060,hero,yes,https://tcykyktvdlsbscrsbjyt.supabase.co/storage/v1/object/public/catalog-images/400x72.5Kx74-directional-01.webp,pass
machine,mdl_jcb_8065,jcb-8065,hero,yes,https://tcykyktvdlsbscrsbjyt.supabase.co/storage/v1/object/public/catalog-images/400x72.5Kx74-directional-01.webp,pass
machine,mdl_jcb_8065rts,jcb-8065rts,hero,yes,https://tcykyktvdlsbscrsbjyt.supabase.co/storage/v1/object/public/catalog-images/400x72.5Kx74-directional-01.webp,pass
machine,mdl_jcb_8080,jcb-8080,hero,no,,review
machine,mdl_jcb_8080_zts,jcb-8080zts,hero,yes,https://tcykyktvdlsbscrsbjyt.supabase.co/storage/v1/object/public/catalog-images/450x81.5x76-mx-01.webp,pass
machine,mdl_jcb_8085zts,jcb-8085zts,hero,yes,https://tcykyktvdlsbscrsbjyt.supabase.co/storage/v1/object/public/catalog-images/450x81.5x76-mx-01.webp,pass
machine,mdl_jcb_85z_1,jcb-85z-1,hero,no,,review
machine,mdl_jcb_86c_1,jcb-86c-1,hero,no,,review
machine,mdl_jcb_90z_1,jcb-90z-1,hero,no,,review
machine,mdl_jcb_jz_70,jcb-jz-70,hero,yes,https://tcykyktvdlsbscrsbjyt.supabase.co/storage/v1/object/public/catalog-images/450x81.5x76-mx-01.webp,pass
machine,mdl_john_deere_17d,john-deere-17d,hero,yes,https://tcykyktvdlsbscrsbjyt.supabase.co/storage/v1/object/public/catalog-images/sizes/230x48x70-directional-01.webp,pass
machine,mdl_john_deere_17g,john-deere-17g,hero,yes,https://tcykyktvdlsbscrsbjyt.supabase.co/storage/v1/object/public/machine-images/john-deere-17g-hero.webp,pass
machine,mdl_john_deere_17p,john-deere-17p,hero,yes,https://cdn.shopify.com/s/files/1/0952/1977/7823/files/john-deere-excavator-hero.webp?v=1773971529,pass
machine,mdl_john_deere_17zts,john-deere-17zts,hero,yes,https://tcykyktvdlsbscrsbjyt.supabase.co/storage/v1/object/public/catalog-images/sizes/230x48x70-directional-01.webp,pass
machine,mdl_john_deere_26g,john-deere-26g,hero,yes,https://tcykyktvdlsbscrsbjyt.supabase.co/storage/v1/object/public/machine-images/john-deere-26g-hero.webp,pass
machine,mdl_john_deere_27d,john-deere-27d,hero,yes,https://tcykyktvdlsbscrsbjyt.supabase.co/storage/v1/object/public/catalog-images/300x52.5Nx80-directional-01.webp,pass
machine,mdl_john_deere_27zts,john-deere-27zts,hero,yes,https://tcykyktvdlsbscrsbjyt.supabase.co/storage/v1/object/public/catalog-images/300x52.5Nx78-directional-01.webp,pass
machine,mdl_john_deere_30g,john-deere-30g,hero,yes,https://tcykyktvdlsbscrsbjyt.supabase.co/storage/v1/object/public/machine-images/john-deere-30g-hero.webp,pass
machine,mdl_john_deere_317g,john-deere-317g,hero,yes,https://tcykyktvdlsbscrsbjyt.supabase.co/storage/v1/object/public/machine-images/john-deere-317g-hero.webp,pass
machine,mdl_john_deere_319d,john-deere-319d,hero,yes,https://tcykyktvdlsbscrsbjyt.supabase.co/storage/v1/object/public/machine-images/john-deere-319d-hero.webp,pass
machine,mdl_john_deere_319e,john-deere-319e,hero,yes,https://tcykyktvdlsbscrsbjyt.supabase.co/storage/v1/object/public/machine-images/john-deere-319e-hero.webp,pass
machine,mdl_john_deere_323d,john-deere-323d,hero,yes,https://tcykyktvdlsbscrsbjyt.supabase.co/storage/v1/object/public/machine-images/john-deere-323d-hero.webp,pass
machine,mdl_john_deere_323e,john-deere-323e,hero,yes,https://tcykyktvdlsbscrsbjyt.supabase.co/storage/v1/object/public/machine-images/john-deere-323e-hero.webp,pass
machine,mdl_john_deere_325g,john-deere-325g,hero,yes,https://tcykyktvdlsbscrsbjyt.supabase.co/storage/v1/object/public/machine-images/john-deere-325g-hero.webp,pass
machine,mdl_john_deere_329d,john-deere-329d,hero,yes,https://tcykyktvdlsbscrsbjyt.supabase.co/storage/v1/object/public/machine-images/john-deere-329d-hero.webp,pass
machine,mdl_john_deere_329e,john-deere-329e,hero,yes,https://tcykyktvdlsbscrsbjyt.supabase.co/storage/v1/object/public/machine-images/john-deere-329e-hero.webp,pass
machine,mdl_john_deere_331g,john-deere-331g,hero,yes,https://tcykyktvdlsbscrsbjyt.supabase.co/storage/v1/object/public/machine-images/john-deere-331g-hero.webp,pass
machine,mdl_john_deere_331p,john-deere-331p,hero,yes,https://tcykyktvdlsbscrsbjyt.supabase.co/storage/v1/object/public/machine-images/john-deere-331p-hero.webp,pass
machine,mdl_john_deere_333d,john-deere-333d,hero,yes,https://tcykyktvdlsbscrsbjyt.supabase.co/storage/v1/object/public/machine-images/john-deere-333d-hero.webp,pass
machine,mdl_john_deere_333e,john-deere-333e,hero,yes,https://tcykyktvdlsbscrsbjyt.supabase.co/storage/v1/object/public/machine-images/john-deere-333e-hero.webp,pass
machine,mdl_john_deere_333g,john-deere-333g,hero,yes,https://tcykyktvdlsbscrsbjyt.supabase.co/storage/v1/object/public/machine-images/john-deere-333g-hero.webp,pass
machine,mdl_john_deere_333p,john-deere-333p,hero,yes,https://tcykyktvdlsbscrsbjyt.supabase.co/storage/v1/object/public/machine-images/john-deere-333p-hero.webp,pass
machine,mdl_john_deere_335p,john-deere-335p,hero,yes,https://tcykyktvdlsbscrsbjyt.supabase.co/storage/v1/object/public/machine-images/john-deere-335p-hero.webp,pass
machine,mdl_john_deere_35czts,john-deere-35czts,hero,yes,https://tcykyktvdlsbscrsbjyt.supabase.co/storage/v1/object/public/catalog-images/300x52.5x86-mx-01.webp,pass
machine,mdl_john_deere_35d,john-deere-35d,hero,yes,https://tcykyktvdlsbscrsbjyt.supabase.co/storage/v1/object/public/machine-images/john-deere-35d-hero.webp,pass
machine,mdl_john_deere_35g,john-deere-35g,hero,yes,https://tcykyktvdlsbscrsbjyt.supabase.co/storage/v1/object/public/machine-images/john-deere-35g-hero.webp,pass
machine,mdl_john_deere_35p,john-deere-35p,hero,yes,https://cdn.shopify.com/s/files/1/0952/1977/7823/files/john-deere-excavator-hero.webp?v=1773971529,pass
machine,mdl_john_deere_35zts,john-deere-35zts,hero,yes,https://tcykyktvdlsbscrsbjyt.supabase.co/storage/v1/object/public/catalog-images/300x52.5x86-mx-01.webp,pass
machine,mdl_john_deere_50d,john-deere-50d,hero,yes,https://tcykyktvdlsbscrsbjyt.supabase.co/storage/v1/object/public/catalog-images/400x72.5Kx74-directional-01.webp,pass
machine,mdl_john_deere_50g,john-deere-50g,hero,yes,https://tcykyktvdlsbscrsbjyt.supabase.co/storage/v1/object/public/machine-images/john-deere-50g-hero.webp,pass
machine,mdl_john_deere_50p,john-deere-50p,hero,yes,https://tcykyktvdlsbscrsbjyt.supabase.co/storage/v1/object/public/catalog-images/400x72.5Kx74-directional-01.webp,pass
machine,mdl_john_deere_50zts,john-deere-50zts,hero,yes,https://tcykyktvdlsbscrsbjyt.supabase.co/storage/v1/object/public/catalog-images/400x72.5Kx72-directional-01.webp,pass
machine,mdl_john_deere_60d,john-deere-60d,hero,yes,https://tcykyktvdlsbscrsbjyt.supabase.co/storage/v1/object/public/catalog-images/400x72.5Kx74-directional-01.webp,pass
machine,mdl_john_deere_60g,john-deere-60g,hero,yes,https://tcykyktvdlsbscrsbjyt.supabase.co/storage/v1/object/public/machine-images/john-deere-60g-hero.webp,pass
machine,mdl_john_deere_75c,john-deere-75c,hero,no,,review
machine,mdl_john_deere_75d,john-deere-75d,hero,no,,review
machine,mdl_john_deere_75g,john-deere-75g,hero,yes,https://tcykyktvdlsbscrsbjyt.supabase.co/storage/v1/object/public/machine-images/john-deere-75g-hero.webp,pass
machine,mdl_john_deere_85g,john-deere-85g,hero,yes,https://cdn.shopify.com/s/files/1/0952/1977/7823/files/john-deere-excavator-hero.webp?v=1773971529,pass
machine,mdl_john_deere_ct322,john-deere-ct322,hero,yes,https://tcykyktvdlsbscrsbjyt.supabase.co/storage/v1/object/public/machine-images/john-deere-ct322-hero.webp,pass
machine,mdl_john_deere_ct332,john-deere-ct332,hero,yes,https://tcykyktvdlsbscrsbjyt.supabase.co/storage/v1/object/public/machine-images/john-deere-ct332-hero.webp,pass
machine,mdl_kioti_tl750,kioti-tl750,hero,yes,https://tcykyktvdlsbscrsbjyt.supabase.co/storage/v1/object/public/machine-images/kioti-tl750-hero.webp,pass
machine,mdl_kobelco_115,kobelco-115,hero,yes,https://tcykyktvdlsbscrsbjyt.supabase.co/storage/v1/object/public/catalog-images/sizes/230x96x31-mx-01.webp,pass
machine,mdl_kobelco_sk_024,kobelco-sk024,hero,yes,https://tcykyktvdlsbscrsbjyt.supabase.co/storage/v1/object/public/catalog-images/300x52.5Nx78-directional-01.webp,pass
machine,mdl_kobelco_sk_025,kobelco-sk025,hero,yes,https://tcykyktvdlsbscrsbjyt.supabase.co/storage/v1/object/public/catalog-images/300x52.5Nx78-directional-01.webp,pass
machine,mdl_kobelco_sk_0252,kobelco-sk025-2,hero,yes,https://tcykyktvdlsbscrsbjyt.supabase.co/storage/v1/object/public/catalog-images/300x52.5Nx78-directional-01.webp,pass
machine,mdl_kobelco_sk_025sr,kobelco-sk025sr,hero,yes,https://tcykyktvdlsbscrsbjyt.supabase.co/storage/v1/object/public/catalog-images/300x52.5Nx78-directional-01.webp,pass
machine,mdl_kobelco_sk_20sr,kobelco-sk20sr,hero,yes,https://tcykyktvdlsbscrsbjyt.supabase.co/storage/v1/object/public/catalog-images/300x52.5Nx76-directional-01.webp,pass
machine,mdl_kobelco_sk013,kobelco-sk013,hero,yes,https://tcykyktvdlsbscrsbjyt.supabase.co/storage/v1/object/public/catalog-images/sizes/230x96x31-mx-01.webp,pass
machine,mdl_kobelco_sk013_1,kobelco-sk013-1,hero,yes,https://tcykyktvdlsbscrsbjyt.supabase.co/storage/v1/object/public/catalog-images/sizes/230x96x31-mx-01.webp,pass
machine,mdl_kobelco_sk014_1,kobelco-sk014-1,hero,yes,https://tcykyktvdlsbscrsbjyt.supabase.co/storage/v1/object/public/catalog-images/sizes/230x96x31-mx-01.webp,pass
machine,mdl_kobelco_sk015,kobelco-sk015,hero,yes,https://tcykyktvdlsbscrsbjyt.supabase.co/storage/v1/object/public/catalog-images/sizes/230x96x31-mx-01.webp,pass
machine,mdl_kobelco_sk015_1,kobelco-sk015-1,hero,yes,https://tcykyktvdlsbscrsbjyt.supabase.co/storage/v1/object/public/catalog-images/sizes/230x96x31-mx-01.webp,pass
machine,mdl_kobelco_sk035,kobelco-sk035,hero,yes,https://tcykyktvdlsbscrsbjyt.supabase.co/storage/v1/object/public/catalog-images/350x52.5x86-mx-01.webp,pass
machine,mdl_kobelco_sk45sr2,kobelco-sk45sr-2,hero,yes,https://tcykyktvdlsbscrsbjyt.supabase.co/storage/v1/object/public/catalog-images/400x72.5Kx74-directional-01.webp,pass
machine,mdl_kobelco_sk55sr5,kobelco-sk55sr-5,hero,yes,https://tcykyktvdlsbscrsbjyt.supabase.co/storage/v1/object/public/catalog-images/400x72.5Kx74-directional-01.webp,pass
machine,mdl_kobelco_sk55srx6e,kobelco-sk55srx-6e,hero,yes,https://tcykyktvdlsbscrsbjyt.supabase.co/storage/v1/object/public/catalog-images/400x72.5Kx74-directional-01.webp,pass
machine,mdl_kobelco_sk55srx7,kobelco-sk55srx-7,hero,yes,https://tcykyktvdlsbscrsbjyt.supabase.co/storage/v1/object/public/catalog-images/400x72.5Kx74-directional-01.webp,pass
machine,mdl_kobelco_sk70sr_2,kobelco-sk70sr-2,hero,no,,review
machine,mdl_kobelco_sk80cs,kobelco-sk80cs,hero,no,,review
machine,mdl_kobelco_sk80msr,kobelco-sk80msr,hero,no,,review
machine,mdl_kobelco_sk85cs,kobelco-sk85cs,hero,yes,https://cdn.shopify.com/s/files/1/0952/1977/7823/files/kobelco-excavator-hero.webp?v=1774293477,pass
machine,mdl_komatsu_ck20,komatsu-ck20,hero,no,,review
machine,mdl_komatsu_ck201,komatsu-ck-20-1,hero,no,,review
machine,mdl_komatsu_ck25,komatsu-ck25,hero,no,,review
machine,mdl_komatsu_ck251,komatsu-ck-25-1,hero,no,,review
machine,mdl_komatsu_ck30_1,komatsu-ck30-1,hero,yes,https://tcykyktvdlsbscrsbjyt.supabase.co/storage/v1/object/public/machine-images/komatsu-ck30-1-hero.webp,pass
machine,mdl_komatsu_ck35,komatsu-ck35,hero,yes,https://tcykyktvdlsbscrsbjyt.supabase.co/storage/v1/object/public/catalog-images/450x86x56-c-block-01.webp,pass
machine,mdl_komatsu_ck35_1,komatsu-ck35-1,hero,yes,https://tcykyktvdlsbscrsbjyt.supabase.co/storage/v1/object/public/machine-images/komatsu-ck35-1-hero.webp,pass
machine,mdl_komatsu_pc_30_mr_5,komatsu-pc30mr-5,hero,yes,https://tcykyktvdlsbscrsbjyt.supabase.co/storage/v1/object/public/catalog-images/300x52.5x86-mx-01.webp,pass
machine,mdl_komatsu_pc_35_mr_5,komatsu-pc35mr-5,hero,yes,https://tcykyktvdlsbscrsbjyt.supabase.co/storage/v1/object/public/catalog-images/300x52.5x86-mx-01.webp,pass
machine,mdl_komatsu_pc05,komatsu-pc05,hero,no,,review
machine,mdl_komatsu_pc05_7,komatsu-pc05-7,hero,yes,https://tcykyktvdlsbscrsbjyt.supabase.co/storage/v1/object/public/catalog-images/sizes/230x96x31-mx-01.webp,pass
machine,mdl_komatsu_pc05avancer,komatsu-pc05avancer,hero,yes,https://tcykyktvdlsbscrsbjyt.supabase.co/storage/v1/object/public/catalog-images/sizes/230x96x31-mx-01.webp,pass
machine,mdl_komatsu_pc07,komatsu-pc07,hero,yes,https://tcykyktvdlsbscrsbjyt.supabase.co/storage/v1/object/public/catalog-images/sizes/230x96x31-mx-01.webp,pass
machine,mdl_komatsu_pc07_1,komatsu-pc07-1,hero,yes,https://tcykyktvdlsbscrsbjyt.supabase.co/storage/v1/object/public/catalog-images/sizes/230x96x31-mx-01.webp,pass
machine,mdl_komatsu_pc07_2,komatsu-pc07-2,hero,yes,https://tcykyktvdlsbscrsbjyt.supabase.co/storage/v1/object/public/catalog-images/sizes/230x96x31-mx-01.webp,pass
machine,mdl_komatsu_pc07_6,komatsu-pc07-6,hero,yes,https://tcykyktvdlsbscrsbjyt.supabase.co/storage/v1/object/public/catalog-images/sizes/230x96x31-mx-01.webp,pass
machine,mdl_komatsu_pc07_7,komatsu-pc07-7,hero,yes,https://tcykyktvdlsbscrsbjyt.supabase.co/storage/v1/object/public/catalog-images/sizes/230x96x31-mx-01.webp,pass
machine,mdl_komatsu_pc07avancer,komatsu-pc07avancer,hero,yes,https://tcykyktvdlsbscrsbjyt.supabase.co/storage/v1/object/public/catalog-images/sizes/230x96x31-mx-01.webp,pass
machine,mdl_komatsu_pc07r,komatsu-pc07r,hero,yes,https://tcykyktvdlsbscrsbjyt.supabase.co/storage/v1/object/public/catalog-images/sizes/230x96x31-mx-01.webp,pass
machine,mdl_komatsu_pc12r_8,komatsu-pc12r-8,hero,yes,https://tcykyktvdlsbscrsbjyt.supabase.co/storage/v1/object/public/catalog-images/sizes/230x96x31-mx-01.webp,pass
machine,mdl_komatsu_pc12rutility,komatsu-pc12rutility,hero,yes,https://tcykyktvdlsbscrsbjyt.supabase.co/storage/v1/object/public/catalog-images/sizes/230x96x31-mx-01.webp,pass
machine,mdl_komatsu_pc14r_2,komatsu-pc14r-2,hero,yes,https://tcykyktvdlsbscrsbjyt.supabase.co/storage/v1/object/public/catalog-images/sizes/230x96x31-mx-01.webp,pass
machine,mdl_komatsu_pc15r,komatsu-pc15r,hero,yes,https://tcykyktvdlsbscrsbjyt.supabase.co/storage/v1/object/public/catalog-images/sizes/230x96x31-mx-01.webp,pass
machine,mdl_komatsu_pc15r_8,komatsu-pc15r-8,hero,yes,https://tcykyktvdlsbscrsbjyt.supabase.co/storage/v1/object/public/catalog-images/sizes/230x96x31-mx-01.webp,pass
machine,mdl_komatsu_pc15rhs,komatsu-pc15rhs,hero,yes,https://tcykyktvdlsbscrsbjyt.supabase.co/storage/v1/object/public/catalog-images/sizes/230x96x31-mx-01.webp,pass
machine,mdl_komatsu_pc16r_2,komatsu-pc16r-2,hero,yes,https://tcykyktvdlsbscrsbjyt.supabase.co/storage/v1/object/public/catalog-images/sizes/230x96x31-mx-01.webp,pass
machine,mdl_komatsu_pc18mr_2,komatsu-pc18mr-2,hero,yes,https://tcykyktvdlsbscrsbjyt.supabase.co/storage/v1/object/public/catalog-images/sizes/230x48x70-directional-01.webp,pass
machine,mdl_komatsu_pc18mr_3,komatsu-pc18mr-3,hero,yes,https://tcykyktvdlsbscrsbjyt.supabase.co/storage/v1/object/public/catalog-images/sizes/230x48x70-directional-01.webp,pass
machine,mdl_komatsu_pc20,komatsu-pc20,hero,yes,https://tcykyktvdlsbscrsbjyt.supabase.co/storage/v1/object/public/catalog-images/300x52.5Nx84-directional-01.webp,pass
machine,mdl_komatsu_pc202,komatsu-pc20-2,hero,yes,https://tcykyktvdlsbscrsbjyt.supabase.co/storage/v1/object/public/catalog-images/300x52.5Nx84-directional-01.webp,pass
machine,mdl_komatsu_pc206,komatsu-pc20-6,hero,yes,https://tcykyktvdlsbscrsbjyt.supabase.co/storage/v1/object/public/catalog-images/300x52.5Nx84-directional-01.webp,pass
machine,mdl_komatsu_pc207,komatsu-pc20-7,hero,yes,https://tcykyktvdlsbscrsbjyt.supabase.co/storage/v1/object/public/catalog-images/300x52.5Nx76-directional-01.webp,pass
machine,mdl_komatsu_pc20mr2,komatsu-pc20-mr-2,hero,yes,https://tcykyktvdlsbscrsbjyt.supabase.co/storage/v1/object/public/catalog-images/300x52.5Nx78-directional-01.webp,pass
machine,mdl_komatsu_pc22mr3,komatsu-pc22mr-3,hero,yes,https://tcykyktvdlsbscrsbjyt.supabase.co/storage/v1/object/public/catalog-images/300x52.5Nx78-directional-01.webp,pass
machine,mdl_komatsu_pc25,komatsu-pc25,hero,yes,https://tcykyktvdlsbscrsbjyt.supabase.co/storage/v1/object/public/catalog-images/300x52.5Nx84-directional-01.webp,pass
machine,mdl_komatsu_pc251,komatsu-pc25-1,hero,yes,https://tcykyktvdlsbscrsbjyt.supabase.co/storage/v1/object/public/catalog-images/300x52.5Nx84-directional-01.webp,pass
machine,mdl_komatsu_pc257,komatsu-pc25-7,hero,yes,https://tcykyktvdlsbscrsbjyt.supabase.co/storage/v1/object/public/catalog-images/300x52.5Nx80-directional-01.webp,pass
machine,mdl_komatsu_pc25r8,komatsu-pc25r-8,hero,yes,https://tcykyktvdlsbscrsbjyt.supabase.co/storage/v1/object/public/catalog-images/300x52.5Nx80-directional-01.webp,pass
machine,mdl_komatsu_pc26mr,komatsu-pc26mr,hero,yes,https://tcykyktvdlsbscrsbjyt.supabase.co/storage/v1/object/public/catalog-images/300x52.5Nx80-directional-01.webp,pass
machine,mdl_komatsu_pc26mr3,komatsu-pc26mr-3,hero,yes,https://tcykyktvdlsbscrsbjyt.supabase.co/storage/v1/object/public/catalog-images/300x52.5Nx80-directional-01.webp,pass
machine,mdl_komatsu_pc27mr,komatsu-pc27mr,hero,yes,https://tcykyktvdlsbscrsbjyt.supabase.co/storage/v1/object/public/machine-images/komatsu-pc27mr-hero.webp,pass
machine,mdl_komatsu_pc27mr1,komatsu-pc27mr-1,hero,yes,https://tcykyktvdlsbscrsbjyt.supabase.co/storage/v1/object/public/catalog-images/300x52.5Nx80-directional-01.webp,pass
machine,mdl_komatsu_pc27mr2,komatsu-pc27mr-2,hero,yes,https://tcykyktvdlsbscrsbjyt.supabase.co/storage/v1/object/public/catalog-images/300x52.5Nx80-directional-01.webp,pass
machine,mdl_komatsu_pc27mr3,komatsu-pc27mr-3,hero,yes,https://tcykyktvdlsbscrsbjyt.supabase.co/storage/v1/object/public/catalog-images/300x52.5Nx80-directional-01.webp,pass
machine,mdl_komatsu_pc27r8,komatsu-pc27r-8,hero,yes,https://tcykyktvdlsbscrsbjyt.supabase.co/storage/v1/object/public/catalog-images/300x52.5Nx80-directional-01.webp,pass
machine,mdl_komatsu_pc28,komatsu-pc28,hero,yes,https://tcykyktvdlsbscrsbjyt.supabase.co/storage/v1/object/public/catalog-images/300x52.5Nx80-directional-01.webp,pass
machine,mdl_komatsu_pc28uu,komatsu-pc28uu,hero,yes,https://tcykyktvdlsbscrsbjyt.supabase.co/storage/v1/object/public/catalog-images/300x52.5Nx80-directional-01.webp,pass
machine,mdl_komatsu_pc28uu1,komatsu-pc28uu-1,hero,yes,https://tcykyktvdlsbscrsbjyt.supabase.co/storage/v1/object/public/catalog-images/300x52.5Nx80-directional-01.webp,pass
machine,mdl_komatsu_pc28uu2,komatsu-pc28uu-2,hero,yes,https://tcykyktvdlsbscrsbjyt.supabase.co/storage/v1/object/public/catalog-images/300x52.5Nx80-directional-01.webp,pass
machine,mdl_komatsu_pc28uu3,komatsu-pc28uu-3,hero,yes,https://tcykyktvdlsbscrsbjyt.supabase.co/storage/v1/object/public/catalog-images/300x52.5Nx80-directional-01.webp,pass
machine,mdl_komatsu_pc30,komatsu-pc30,hero,yes,https://tcykyktvdlsbscrsbjyt.supabase.co/storage/v1/object/public/catalog-images/300x52.5Nx84-directional-01.webp,pass
machine,mdl_komatsu_pc306,komatsu-pc30-6,hero,yes,https://tcykyktvdlsbscrsbjyt.supabase.co/storage/v1/object/public/catalog-images/300x52.5Nx84-directional-01.webp,pass
machine,mdl_komatsu_pc307,komatsu-pc30-7,hero,yes,https://tcykyktvdlsbscrsbjyt.supabase.co/storage/v1/object/public/catalog-images/300x52.5Nx84-directional-01.webp,pass
machine,mdl_komatsu_pc30mr,komatsu-pc30mr,hero,yes,https://tcykyktvdlsbscrsbjyt.supabase.co/storage/v1/object/public/machine-images/komatsu-pc30mr-hero.webp,pass
machine,mdl_komatsu_pc30mr_1,komatsu-pc30mr-1,hero,yes,https://tcykyktvdlsbscrsbjyt.supabase.co/storage/v1/object/public/catalog-images/300x52.5x86-mx-01.webp,pass
machine,mdl_komatsu_pc30mr2,komatsu-pc30mr-2,hero,yes,https://tcykyktvdlsbscrsbjyt.supabase.co/storage/v1/object/public/catalog-images/300x52.5x86-mx-01.webp,pass
machine,mdl_komatsu_pc30mr3,komatsu-pc30mr-3,hero,yes,https://tcykyktvdlsbscrsbjyt.supabase.co/storage/v1/object/public/catalog-images/300x52.5x86-mx-01.webp,pass
machine,mdl_komatsu_pc30r8,komatsu-pc30r-8,hero,yes,https://tcykyktvdlsbscrsbjyt.supabase.co/storage/v1/object/public/catalog-images/300x52.5Nx84-directional-01.webp,pass
machine,mdl_komatsu_pc35mr,komatsu-pc-35mr,hero,yes,https://tcykyktvdlsbscrsbjyt.supabase.co/storage/v1/object/public/catalog-images/300x52.5Nx84-directional-01.webp,pass
machine,mdl_komatsu_pc35mr1,komatsu-pc35mr-1,hero,yes,https://tcykyktvdlsbscrsbjyt.supabase.co/storage/v1/object/public/catalog-images/300x52.5Nx84-directional-01.webp,pass
machine,mdl_komatsu_pc35mr2,komatsu-pc35mr-2,hero,yes,https://tcykyktvdlsbscrsbjyt.supabase.co/storage/v1/object/public/catalog-images/300x52.5x86-mx-01.webp,pass
machine,mdl_komatsu_pc35mr3,komatsu-pc35mr-3,hero,yes,https://tcykyktvdlsbscrsbjyt.supabase.co/storage/v1/object/public/catalog-images/300x52.5x86-mx-01.webp,pass
machine,mdl_komatsu_pc35r,komatsu-pc35r,hero,yes,https://tcykyktvdlsbscrsbjyt.supabase.co/storage/v1/object/public/catalog-images/300x52.5Nx84-directional-01.webp,pass
machine,mdl_komatsu_pc35r8,komatsu-pc35r-8,hero,yes,https://tcykyktvdlsbscrsbjyt.supabase.co/storage/v1/object/public/catalog-images/300x52.5Nx84-directional-01.webp,pass
machine,mdl_komatsu_pc40mr3,komatsu-pc40mr-3,hero,yes,https://tcykyktvdlsbscrsbjyt.supabase.co/storage/v1/object/public/catalog-images/400x72.5Kx74-directional-01.webp,pass
machine,mdl_komatsu_pc45mr,komatsu-pc-45mr,hero,yes,https://tcykyktvdlsbscrsbjyt.supabase.co/storage/v1/object/public/catalog-images/400x72.5Kx72-directional-01.webp,pass
machine,mdl_komatsu_pc45mr1,komatsu-pc-45mr-1,hero,yes,https://tcykyktvdlsbscrsbjyt.supabase.co/storage/v1/object/public/catalog-images/400x72.5Kx72-directional-01.webp,pass
machine,mdl_komatsu_pc45mr2,komatsu-pc-45mr-2,hero,yes,https://tcykyktvdlsbscrsbjyt.supabase.co/storage/v1/object/public/catalog-images/400x72.5Kx74-directional-01.webp,pass
machine,mdl_komatsu_pc45mr3,komatsu-pc45mr-3,hero,yes,https://tcykyktvdlsbscrsbjyt.supabase.co/storage/v1/object/public/catalog-images/400x72.5Kx74-directional-01.webp,pass
machine,mdl_komatsu_pc45mr5,komatsu-pc45mr-5,hero,yes,https://tcykyktvdlsbscrsbjyt.supabase.co/storage/v1/object/public/catalog-images/400x72.5Kx74-directional-01.webp,pass
machine,mdl_komatsu_pc50fr2,komatsu-pc50fr-2,hero,yes,https://tcykyktvdlsbscrsbjyt.supabase.co/storage/v1/object/public/catalog-images/400x72.5Kx74-directional-01.webp,pass
machine,mdl_komatsu_pc50m2,komatsu-pc-50m-2,hero,yes,https://tcykyktvdlsbscrsbjyt.supabase.co/storage/v1/object/public/catalog-images/400x72.5Kx72-directional-01.webp,pass
machine,mdl_komatsu_pc50mr,komatsu-pc-50mr,hero,yes,https://tcykyktvdlsbscrsbjyt.supabase.co/storage/v1/object/public/catalog-images/400x72.5Kx72-directional-01.webp,pass
machine,mdl_komatsu_pc50mr2,komatsu-pc50mr-2,hero,yes,https://tcykyktvdlsbscrsbjyt.supabase.co/storage/v1/object/public/catalog-images/400x72.5Kx74-directional-01.webp,pass
machine,mdl_komatsu_pc50uu1,komatsu-pc-50uu-1,hero,yes,https://tcykyktvdlsbscrsbjyt.supabase.co/storage/v1/object/public/catalog-images/400x72.5Kx72-directional-01.webp,pass
machine,mdl_komatsu_pc55mr2,komatsu-pc55mr-2,hero,yes,https://tcykyktvdlsbscrsbjyt.supabase.co/storage/v1/object/public/catalog-images/400x72.5Kx74-directional-01.webp,pass
machine,mdl_komatsu_pc55mr3,komatsu-pc55mr-3,hero,yes,https://tcykyktvdlsbscrsbjyt.supabase.co/storage/v1/object/public/catalog-images/400x72.5Kx74-directional-01.webp,pass
machine,mdl_komatsu_pc55mr4,komatsu-pc55mr-4,hero,yes,https://tcykyktvdlsbscrsbjyt.supabase.co/storage/v1/object/public/catalog-images/400x72.5Kx74-directional-01.webp,pass
machine,mdl_komatsu_pc55mr5,komatsu-pc55mr-5,hero,yes,https://tcykyktvdlsbscrsbjyt.supabase.co/storage/v1/object/public/catalog-images/400x72.5Kx74-directional-01.webp,pass
machine,mdl_komatsu_pc58uu3,komatsu-pc-58uu-3,hero,yes,https://tcykyktvdlsbscrsbjyt.supabase.co/storage/v1/object/public/catalog-images/400x72.5Kx72-directional-01.webp,pass
machine,mdl_komatsu_pc58uux,komatsu-pc-58uu-x,hero,yes,https://tcykyktvdlsbscrsbjyt.supabase.co/storage/v1/object/public/catalog-images/400x72.5Kx72-directional-01.webp,pass
machine,mdl_komatsu_pc60,komatsu-pc-60,hero,yes,https://tcykyktvdlsbscrsbjyt.supabase.co/storage/v1/object/public/catalog-images/400x72.5Kx74-directional-01.webp,pass
machine,mdl_komatsu_pc605,komatsu-pc-60-5,hero,yes,https://tcykyktvdlsbscrsbjyt.supabase.co/storage/v1/object/public/catalog-images/400x72.5Kx74-directional-01.webp,pass
machine,mdl_komatsu_pc78mr6,komatsu-pc-78mr-6,hero,no,,review
machine,mdl_komatsu_pc78n,komatsu-pc-78n,hero,no,,review
machine,mdl_komatsu_pc80mr,komatsu-pc-80mr,hero,no,,review
machine,mdl_komatsu_pc88mr,komatsu-pc-88mr,hero,no,,review
machine,mdl_komatsu_pc88mr10,komatsu-pc-88mr-10,hero,no,,review
machine,mdl_komatsu_pc88mr6,komatsu-pc-88mr-6,hero,no,,review
machine,mdl_komatsu_pc88mr8,komatsu-pc-88mr-8,hero,no,,review
machine,mdl_kubota_k008,kubota-k-008,hero,no,,review
machine,mdl_kubota_k008_2,kubota-k-008-2,hero,no,,review
machine,mdl_kubota_k008_3,kubota-k-008-3,hero,no,,review
machine,mdl_kubota_k008dh,kubota-k-008dh,hero,no,,review
machine,mdl_kubota_k028,kubota-k-028,hero,yes,https://tcykyktvdlsbscrsbjyt.supabase.co/storage/v1/object/public/catalog-images/300x52.5Nx80-directional-01.webp,pass
machine,mdl_kubota_k030,kubota-k-030,hero,yes,https://tcykyktvdlsbscrsbjyt.supabase.co/storage/v1/object/public/catalog-images/300x52.5Nx80-directional-01.webp,pass
machine,mdl_kubota_k030_3,kubota-k-030-3,hero,yes,https://tcykyktvdlsbscrsbjyt.supabase.co/storage/v1/object/public/catalog-images/300x52.5Nx80-directional-01.webp,pass
machine,mdl_kubota_k035,kubota-k-035,hero,yes,https://tcykyktvdlsbscrsbjyt.supabase.co/storage/v1/object/public/catalog-images/300x52.5Nx84-directional-01.webp,pass
machine,mdl_kubota_k035_3,kubota-k-035-3,hero,yes,https://tcykyktvdlsbscrsbjyt.supabase.co/storage/v1/object/public/catalog-images/300x52.5Nx84-directional-01.webp,pass
machine,mdl_kubota_k038,kubota-k-038,hero,yes,https://tcykyktvdlsbscrsbjyt.supabase.co/storage/v1/object/public/catalog-images/300x52.5Nx84-directional-01.webp,pass
machine,mdl_kubota_k040,kubota-k-040,hero,yes,https://tcykyktvdlsbscrsbjyt.supabase.co/storage/v1/object/public/catalog-images/400x72.5Kx72-directional-01.webp,pass
machine,mdl_kubota_k045,kubota-k-045,hero,yes,https://tcykyktvdlsbscrsbjyt.supabase.co/storage/v1/object/public/catalog-images/400x72.5Kx72-directional-01.webp,pass
machine,mdl_kubota_kh040,kubota-kh040,hero,yes,https://tcykyktvdlsbscrsbjyt.supabase.co/storage/v1/object/public/catalog-images/400x72.5Wx76-directional-01.webp,pass
machine,mdl_kubota_kh055,kubota-kh055,hero,yes,https://tcykyktvdlsbscrsbjyt.supabase.co/storage/v1/object/public/catalog-images/400x72.5Wx76-directional-01.webp,pass
machine,mdl_kubota_kh90,kubota-kh-90,hero,yes,https://tcykyktvdlsbscrsbjyt.supabase.co/storage/v1/object/public/catalog-images/300x52.5Nx84-directional-01.webp,pass
machine,mdl_kubota_kh91,kubota-kh-91,hero,yes,https://tcykyktvdlsbscrsbjyt.supabase.co/storage/v1/object/public/catalog-images/300x52.5Nx80-directional-01.webp,pass
machine,mdl_kubota_kx_040_5,kubota-kx040-5,hero,yes,https://tcykyktvdlsbscrsbjyt.supabase.co/storage/v1/object/public/catalog-images/350x54.5x86-directional-01.webp,pass
machine,mdl_kubota_kx018_4,kubota-kx018-4,hero,yes,https://tcykyktvdlsbscrsbjyt.supabase.co/storage/v1/object/public/machine-images/kubota-kx018-4-hero.webp,pass
machine,mdl_kubota_kx027,kubota-kx-027,hero,yes,https://tcykyktvdlsbscrsbjyt.supabase.co/storage/v1/object/public/catalog-images/300x52.5Nx76-directional-01.webp,pass
machine,mdl_kubota_kx030_4,kubota-kx030-4,hero,yes,https://tcykyktvdlsbscrsbjyt.supabase.co/storage/v1/object/public/machine-images/kubota-kx030-4-hero.webp,pass
machine,mdl_kubota_kx033_4,kubota-kx033-4,hero,yes,https://tcykyktvdlsbscrsbjyt.supabase.co/storage/v1/object/public/machine-images/kubota-kx033-4-hero.webp,pass
machine,mdl_kubota_kx035,kubota-kx035,hero,yes,https://tcykyktvdlsbscrsbjyt.supabase.co/storage/v1/object/public/catalog-images/300x52.5Nx84-directional-01.webp,pass
machine,mdl_kubota_kx040,kubota-kx040,hero,yes,https://tcykyktvdlsbscrsbjyt.supabase.co/storage/v1/object/public/catalog-images/350x54.5x86-directional-01.webp,pass
machine,mdl_kubota_kx040_4,kubota-kx040-4,hero,yes,https://tcykyktvdlsbscrsbjyt.supabase.co/storage/v1/object/public/machine-images/kubota-kx040-4-hero.webp,pass
machine,mdl_kubota_kx041,kubota-kx041,hero,yes,https://tcykyktvdlsbscrsbjyt.supabase.co/storage/v1/object/public/catalog-images/300x52.5Nx78-directional-01.webp,pass
machine,mdl_kubota_kx045,kubota-kx-045,hero,yes,https://tcykyktvdlsbscrsbjyt.supabase.co/storage/v1/object/public/catalog-images/400x72.5Kx72-directional-01.webp,pass
machine,mdl_kubota_kx057_4,kubota-kx057-4,hero,yes,https://tcykyktvdlsbscrsbjyt.supabase.co/storage/v1/object/public/machine-images/kubota-kx057-4-hero.webp,pass
machine,mdl_kubota_kx057_5,kubota-kx057-5,hero,yes,https://cdn.shopify.com/s/files/1/0952/1977/7823/files/kubota-excavator-hero.webp?v=1773971452,pass
machine,mdl_kubota_kx080,kubota-kx080,hero,no,,review
machine,mdl_kubota_kx080_3,kubota-kx080-3,hero,yes,https://cdn.shopify.com/s/files/1/0952/1977/7823/files/kubota-excavator-hero.webp?v=1773971452,pass
machine,mdl_kubota_kx080_4,kubota-kx080-4,hero,yes,https://cdn.shopify.com/s/files/1/0952/1977/7823/files/kubota-excavator-hero.webp?v=1773971452,pass
machine,mdl_kubota_kx080_4s,kubota-kx080-4s,hero,no,,review
machine,mdl_kubota_kx101,kubota-kx-101,hero,yes,https://tcykyktvdlsbscrsbjyt.supabase.co/storage/v1/object/public/catalog-images/300x52.5Nx84-directional-01.webp,pass
machine,mdl_kubota_kx101_3,kubota-kx-101-3,hero,yes,https://tcykyktvdlsbscrsbjyt.supabase.co/storage/v1/object/public/catalog-images/300x52.5Nx84-directional-01.webp,pass
machine,mdl_kubota_kx121_2,kubota-kx121-2,hero,yes,https://tcykyktvdlsbscrsbjyt.supabase.co/storage/v1/object/public/catalog-images/350x54.5x86-directional-01.webp,pass
machine,mdl_kubota_kx121_2s,kubota-kx-121-2s,hero,yes,https://tcykyktvdlsbscrsbjyt.supabase.co/storage/v1/object/public/catalog-images/350x54.5x86-directional-01.webp,pass
machine,mdl_kubota_kx121_3,kubota-kx121-3,hero,yes,https://tcykyktvdlsbscrsbjyt.supabase.co/storage/v1/object/public/machine-images/kubota-kx121-3-hero.webp,pass
machine,mdl_kubota_kx161_2,kubota-kx161-2,hero,yes,https://tcykyktvdlsbscrsbjyt.supabase.co/storage/v1/object/public/catalog-images/400x72.5Kx72-directional-01.webp,pass
machine,mdl_kubota_kx161_2s,kubota-kx-161-2s,hero,yes,https://tcykyktvdlsbscrsbjyt.supabase.co/storage/v1/object/public/catalog-images/400x72.5Kx72-directional-01.webp,pass
machine,mdl_kubota_kx161_3,kubota-kx161-3,hero,yes,https://tcykyktvdlsbscrsbjyt.supabase.co/storage/v1/object/public/machine-images/kubota-kx161-3-hero.webp,pass
machine,mdl_kubota_kx41_3,kubota-kx41-3,hero,yes,https://cdn.shopify.com/s/files/1/0952/1977/7823/files/kubota-excavator-hero.webp?v=1773971452,pass
machine,mdl_kubota_kx41_3v,kubota-kx41-3v,hero,yes,https://tcykyktvdlsbscrsbjyt.supabase.co/storage/v1/object/public/catalog-images/sizes/230x48x70-directional-01.webp,pass
machine,mdl_kubota_kx61_2,kubota-kx-61-2,hero,yes,https://tcykyktvdlsbscrsbjyt.supabase.co/storage/v1/object/public/catalog-images/300x52.5Nx76-directional-01.webp,pass
machine,mdl_kubota_kx61_2s,kubota-kx-61-2s,hero,yes,https://tcykyktvdlsbscrsbjyt.supabase.co/storage/v1/object/public/catalog-images/300x52.5Nx76-directional-01.webp,pass
machine,mdl_kubota_kx61_3,kubota-kx-61-3,hero,yes,https://tcykyktvdlsbscrsbjyt.supabase.co/storage/v1/object/public/catalog-images/300x52.5Nx76-directional-01.webp,pass
machine,mdl_kubota_kx71,kubota-kx71,hero,yes,https://tcykyktvdlsbscrsbjyt.supabase.co/storage/v1/object/public/catalog-images/300x52.5Nx80-directional-01.webp,pass
machine,mdl_kubota_kx71_2,kubota-kx-71-2,hero,yes,https://tcykyktvdlsbscrsbjyt.supabase.co/storage/v1/object/public/catalog-images/300x52.5Nx80-directional-01.webp,pass
machine,mdl_kubota_kx71_3,kubota-kx71-3,hero,yes,https://tcykyktvdlsbscrsbjyt.supabase.co/storage/v1/object/public/machine-images/kubota-kx71-3-hero.webp,pass
machine,mdl_kubota_kx71_3s,kubota-kx71-3s,hero,yes,https://tcykyktvdlsbscrsbjyt.supabase.co/storage/v1/object/public/catalog-images/300x52.5Nx80-directional-01.webp,pass
machine,mdl_kubota_kx91,kubota-kx91,hero,yes,https://tcykyktvdlsbscrsbjyt.supabase.co/storage/v1/object/public/catalog-images/300x52.5Nx80-directional-01.webp,pass
machine,mdl_kubota_kx91_2,kubota-kx91-2,hero,yes,https://tcykyktvdlsbscrsbjyt.supabase.co/storage/v1/object/public/catalog-images/300x52.5Nx80-directional-01.webp,pass
machine,mdl_kubota_kx91_2s,kubota-kx-91-2s,hero,yes,https://tcykyktvdlsbscrsbjyt.supabase.co/storage/v1/object/public/catalog-images/300x52.5Nx80-directional-01.webp,pass
machine,mdl_kubota_kx91_3,kubota-kx91-3,hero,yes,https://tcykyktvdlsbscrsbjyt.supabase.co/storage/v1/object/public/machine-images/kubota-kx91-3-hero.webp,pass
machine,mdl_kubota_rx141,kubota-rx141,hero,yes,https://tcykyktvdlsbscrsbjyt.supabase.co/storage/v1/object/public/catalog-images/sizes/230x48x70-directional-01.webp,pass
machine,mdl_kubota_scl1000,kubota-scl1000,hero,yes,https://cdn.shopify.com/s/files/1/0952/1977/7823/files/kubota-skid-steer-hero.webp?v=1773971452,pass
machine,mdl_kubota_svl65,kubota-svl65,hero,no,,review
machine,mdl_kubota_svl65_2,kubota-svl65-2,hero,yes,https://tcykyktvdlsbscrsbjyt.supabase.co/storage/v1/object/public/machine-images/kubota-svl65-2-hero.webp,pass
machine,mdl_kubota_svl75,kubota-svl75,hero,no,,review
machine,mdl_kubota_svl75_2,kubota-svl75-2,hero,yes,https://tcykyktvdlsbscrsbjyt.supabase.co/storage/v1/object/public/machine-images/kubota-svl75-2-hero.webp,pass
machine,mdl_kubota_svl75_3,kubota-svl75-3,hero,yes,https://tcykyktvdlsbscrsbjyt.supabase.co/storage/v1/object/public/machine-images/kubota-svl75-3-hero.webp,pass
machine,mdl_kubota_svl75c,kubota-svl75c,hero,yes,https://cdn.shopify.com/s/files/1/0952/1977/7823/files/kubota-svl75-2-c-block-tracks-installed.jpg?v=1778364196,pass
machine,mdl_kubota_svl90_2,kubota-svl90-2,hero,yes,https://tcykyktvdlsbscrsbjyt.supabase.co/storage/v1/object/public/machine-images/kubota-svl90-2-hero.webp,pass
machine,mdl_kubota_svl95_2,kubota-svl95-2,hero,yes,https://tcykyktvdlsbscrsbjyt.supabase.co/storage/v1/object/public/machine-images/kubota-svl95-2-hero.webp,pass
machine,mdl_kubota_svl95_2s,kubota-svl95-2s,hero,yes,https://tcykyktvdlsbscrsbjyt.supabase.co/storage/v1/object/public/catalog-images/450x86Bx58-x-terrain-01.webp,pass
machine,mdl_kubota_svl97_2,kubota-svl97-2,hero,yes,https://tcykyktvdlsbscrsbjyt.supabase.co/storage/v1/object/public/machine-images/kubota-svl97-2-hero.webp,pass
machine,mdl_kubota_svl97_3,kubota-svl97-3,hero,yes,https://tcykyktvdlsbscrsbjyt.supabase.co/storage/v1/object/public/machine-images/kubota-svl97-3-hero.webp,pass
machine,mdl_kubota_u_15_3,kubota-u-15-3,hero,yes,https://tcykyktvdlsbscrsbjyt.supabase.co/storage/v1/object/public/catalog-images/sizes/230x48x70-directional-01.webp,pass
machine,mdl_kubota_u15,kubota-u15,hero,yes,https://tcykyktvdlsbscrsbjyt.supabase.co/storage/v1/object/public/catalog-images/sizes/230x48x70-directional-01.webp,pass
machine,mdl_kubota_u17,kubota-u17,hero,yes,https://tcykyktvdlsbscrsbjyt.supabase.co/storage/v1/object/public/machine-images/kubota-u17-hero.webp,pass
machine,mdl_kubota_u17_3,kubota-u-17-3,hero,yes,https://tcykyktvdlsbscrsbjyt.supabase.co/storage/v1/object/public/catalog-images/sizes/230x48x70-directional-01.webp,pass
machine,mdl_kubota_u25,kubota-u25,hero,yes,https://tcykyktvdlsbscrsbjyt.supabase.co/storage/v1/object/public/machine-images/kubota-u25-hero.webp,pass
machine,mdl_kubota_u25_3,kubota-u-25-3,hero,yes,https://tcykyktvdlsbscrsbjyt.supabase.co/storage/v1/object/public/catalog-images/300x52.5Nx80-directional-01.webp,pass
machine,mdl_kubota_u27_4,kubota-u27-4,hero,yes,https://tcykyktvdlsbscrsbjyt.supabase.co/storage/v1/object/public/machine-images/kubota-u27-4-hero.webp,pass
machine,mdl_kubota_u30,kubota-u-30,hero,yes,https://tcykyktvdlsbscrsbjyt.supabase.co/storage/v1/object/public/catalog-images/300x52.5Nx84-directional-01.webp,pass
machine,mdl_kubota_u30_1,kubota-u-30-1,hero,yes,https://tcykyktvdlsbscrsbjyt.supabase.co/storage/v1/object/public/catalog-images/300x52.5Nx84-directional-01.webp,pass
machine,mdl_kubota_u30_2,kubota-u-30-2,hero,yes,https://tcykyktvdlsbscrsbjyt.supabase.co/storage/v1/object/public/catalog-images/300x52.5Nx84-directional-01.webp,pass
machine,mdl_kubota_u30_3,kubota-u-30-3,hero,yes,https://tcykyktvdlsbscrsbjyt.supabase.co/storage/v1/object/public/catalog-images/300x52.5Nx84-directional-01.webp,pass
machine,mdl_kubota_u35,kubota-u35,hero,yes,https://tcykyktvdlsbscrsbjyt.supabase.co/storage/v1/object/public/catalog-images/300x52.5Nx84-directional-01.webp,pass
machine,mdl_kubota_u35_3,kubota-u-35-3,hero,yes,https://tcykyktvdlsbscrsbjyt.supabase.co/storage/v1/object/public/catalog-images/300x52.5Nx84-directional-01.webp,pass
machine,mdl_kubota_u35_4,kubota-u-35-4,hero,yes,https://tcykyktvdlsbscrsbjyt.supabase.co/storage/v1/object/public/catalog-images/300x52.5Nx84-directional-01.webp,pass
machine,mdl_kubota_u35s,kubota-u-35s,hero,yes,https://tcykyktvdlsbscrsbjyt.supabase.co/storage/v1/object/public/catalog-images/300x52.5Nx84-directional-01.webp,pass
machine,mdl_kubota_u45,kubota-u-45,hero,yes,https://tcykyktvdlsbscrsbjyt.supabase.co/storage/v1/object/public/catalog-images/400x72.5Kx72-directional-01.webp,pass
machine,mdl_kubota_u45_3,kubota-u-45-3,hero,yes,https://tcykyktvdlsbscrsbjyt.supabase.co/storage/v1/object/public/catalog-images/400x72.5Kx74-directional-01.webp,pass
machine,mdl_kubota_u45s,kubota-u45s,hero,yes,https://tcykyktvdlsbscrsbjyt.supabase.co/storage/v1/object/public/catalog-images/400x72.5Kx74-directional-01.webp,pass
machine,mdl_kubota_u45st,kubota-u45st,hero,yes,https://tcykyktvdlsbscrsbjyt.supabase.co/storage/v1/object/public/catalog-images/400x72.5Kx74-directional-01.webp,pass
machine,mdl_kubota_u48_4,kubota-u-48-4,hero,yes,https://tcykyktvdlsbscrsbjyt.supabase.co/storage/v1/object/public/catalog-images/400x72.5Kx74-directional-01.webp,pass
machine,mdl_kubota_u48_5,kubota-u48-5,hero,yes,https://tcykyktvdlsbscrsbjyt.supabase.co/storage/v1/object/public/machine-images/kubota-u48-5-hero.webp,pass
machine,mdl_kubota_u55,kubota-u55,hero,yes,https://tcykyktvdlsbscrsbjyt.supabase.co/storage/v1/object/public/catalog-images/400x72.5Kx74-directional-01.webp,pass
machine,mdl_kubota_u55_4,kubota-u55-4,hero,yes,https://tcykyktvdlsbscrsbjyt.supabase.co/storage/v1/object/public/catalog-images/400x72.5Kx74-directional-01.webp,pass
machine,mdl_manitou_3200vt,manitou-3200vt,hero,yes,https://tcykyktvdlsbscrsbjyt.supabase.co/storage/v1/object/public/machine-images/manitou-3200vt-hero.webp,pass
machine,mdl_manitou_mx65,manitou-mx65,hero,yes,https://tcykyktvdlsbscrsbjyt.supabase.co/storage/v1/object/public/catalog-images/320x86x50-x-terrain-01.webp,pass
machine,mdl_mustang_1350r,mustang-1350r,hero,no,,review
machine,mdl_mustang_1650rt,mustang-1650-rt,hero,yes,https://tcykyktvdlsbscrsbjyt.supabase.co/storage/v1/object/public/catalog-images/400x86x49-zig-zag-01.webp,pass
machine,mdl_mustang_1750_rt,mustang-1750-rt,hero,yes,https://tcykyktvdlsbscrsbjyt.supabase.co/storage/v1/object/public/catalog-images/320x86x54-multi-bar-01.webp,pass
machine,mdl_mustang_2100rt,mustang-2100rt,hero,yes,https://tcykyktvdlsbscrsbjyt.supabase.co/storage/v1/object/public/machine-images/mustang-2100rt-hero.webp,pass
machine,mdl_mustang_2150rt,mustang-2150rt,hero,yes,https://tcykyktvdlsbscrsbjyt.supabase.co/storage/v1/object/public/catalog-images/450x86x56-c-block-01.webp,pass
machine,mdl_mustang_2500rt,mustang-2500rt,hero,yes,https://tcykyktvdlsbscrsbjyt.supabase.co/storage/v1/object/public/machine-images/mustang-2500rt-hero.webp,pass
machine,mdl_mustang_me5002,mustang-me5002,hero,yes,https://tcykyktvdlsbscrsbjyt.supabase.co/storage/v1/object/public/catalog-images/400x72.5Kx74-directional-01.webp,pass
machine,mdl_mustang_me6002,mustang-me6002,hero,yes,https://tcykyktvdlsbscrsbjyt.supabase.co/storage/v1/object/public/catalog-images/400x72.5Kx74-directional-01.webp,pass
machine,mdl_mustang_me6003,mustang-me6003,hero,yes,https://tcykyktvdlsbscrsbjyt.supabase.co/storage/v1/object/public/catalog-images/400x72.5Kx74-directional-01.webp,pass
machine,mdl_mustang_me6502,mustang-me6502,hero,yes,https://tcykyktvdlsbscrsbjyt.supabase.co/storage/v1/object/public/catalog-images/400x72.5Kx74-directional-01.webp,pass
machine,mdl_mustang_mtl16,mustang-mtl16,hero,no,,review
machine,mdl_mustang_mtl20,mustang-mtl20,hero,yes,https://tcykyktvdlsbscrsbjyt.supabase.co/storage/v1/object/public/catalog-images/450x100x48-c-block-01.webp,pass
machine,mdl_mustang_mtl25,mustang-mtl25,hero,yes,https://tcykyktvdlsbscrsbjyt.supabase.co/storage/v1/object/public/catalog-images/450x100x50-c-block-01.webp,pass
machine,mdl_mustang_mtl316,mustang-mtl316,hero,no,,review
machine,mdl_mustang_mtl320,mustang-mtl320,hero,yes,https://tcykyktvdlsbscrsbjyt.supabase.co/storage/v1/object/public/catalog-images/450x100x48-c-block-01.webp,pass
machine,mdl_mustang_mtl325,mustang-mtl325,hero,yes,https://tcykyktvdlsbscrsbjyt.supabase.co/storage/v1/object/public/catalog-images/450x100x50-c-block-01.webp,pass
machine,mdl_mustang_rt2100,mustang-rt2100,hero,yes,https://tcykyktvdlsbscrsbjyt.supabase.co/storage/v1/object/public/catalog-images/450x86x56-c-block-01.webp,pass
machine,mdl_mustang_rt2500,mustang-rt2500,hero,yes,https://tcykyktvdlsbscrsbjyt.supabase.co/storage/v1/object/public/catalog-images/450x86Bx58-x-terrain-01.webp,pass
machine,mdl_new_holland_c175,new-holland-c175,hero,yes,https://tcykyktvdlsbscrsbjyt.supabase.co/storage/v1/object/public/machine-images/new-holland-c175-hero.webp,pass
machine,mdl_new_holland_c180,new-holland-c180,hero,no,,review
machine,mdl_new_holland_c185,new-holland-c185,hero,yes,https://tcykyktvdlsbscrsbjyt.supabase.co/storage/v1/object/public/machine-images/new-holland-c185-hero.webp,pass
machine,mdl_new_holland_c190,new-holland-c190,hero,yes,https://tcykyktvdlsbscrsbjyt.supabase.co/storage/v1/object/public/machine-images/new-holland-c190-hero.webp,pass
machine,mdl_new_holland_c227,new-holland-c227,hero,yes,https://tcykyktvdlsbscrsbjyt.supabase.co/storage/v1/object/public/catalog-images/400x86x50-zig-zag-01.webp,pass
machine,mdl_new_holland_c232,new-holland-c232,hero,yes,https://tcykyktvdlsbscrsbjyt.supabase.co/storage/v1/object/public/machine-images/new-holland-c232-hero.webp,pass
machine,mdl_new_holland_c234,new-holland-c234,hero,yes,https://tcykyktvdlsbscrsbjyt.supabase.co/storage/v1/object/public/machine-images/new-holland-c234-hero.webp,pass
machine,mdl_new_holland_c237,new-holland-c237,hero,yes,https://tcykyktvdlsbscrsbjyt.supabase.co/storage/v1/object/public/machine-images/new-holland-c237-hero.webp,pass
machine,mdl_new_holland_c238,new-holland-c238,hero,yes,https://tcykyktvdlsbscrsbjyt.supabase.co/storage/v1/object/public/machine-images/new-holland-c238-hero.webp,pass
machine,mdl_new_holland_c245,new-holland-c245,hero,yes,https://tcykyktvdlsbscrsbjyt.supabase.co/storage/v1/object/public/machine-images/new-holland-c245-hero.webp,pass
machine,mdl_new_holland_c314,new-holland-c314,hero,yes,https://tcykyktvdlsbscrsbjyt.supabase.co/storage/v1/object/public/machine-images/new-holland-c314-hero.webp,pass
machine,mdl_new_holland_c327,new-holland-c327,hero,yes,https://tcykyktvdlsbscrsbjyt.supabase.co/storage/v1/object/public/machine-images/new-holland-c327-hero.webp,pass
machine,mdl_new_holland_c330,new-holland-c330,hero,yes,https://tcykyktvdlsbscrsbjyt.supabase.co/storage/v1/object/public/machine-images/new-holland-c330-hero.webp,pass
machine,mdl_new_holland_c332,new-holland-c332,hero,yes,https://tcykyktvdlsbscrsbjyt.supabase.co/storage/v1/object/public/machine-images/new-holland-c332-hero.webp,pass
machine,mdl_new_holland_c334,new-holland-c334,hero,yes,https://tcykyktvdlsbscrsbjyt.supabase.co/storage/v1/object/public/machine-images/new-holland-c334-hero.webp,pass
machine,mdl_new_holland_c337,new-holland-c337,hero,yes,https://tcykyktvdlsbscrsbjyt.supabase.co/storage/v1/object/public/machine-images/new-holland-c337-hero.webp,pass
machine,mdl_new_holland_c345,new-holland-c345,hero,yes,https://tcykyktvdlsbscrsbjyt.supabase.co/storage/v1/object/public/machine-images/new-holland-c345-hero.webp,pass
machine,mdl_new_holland_c362,new-holland-c362,hero,yes,https://tcykyktvdlsbscrsbjyt.supabase.co/storage/v1/object/public/machine-images/new-holland-c362-hero.webp,pass
machine,mdl_new_holland_e_35_2sr,new-holland-e-35-2sr,hero,yes,https://tcykyktvdlsbscrsbjyt.supabase.co/storage/v1/object/public/catalog-images/300x52.5Kx88-directional-01.webp,pass
machine,mdl_new_holland_e_35sr,new-holland-e35sr,hero,yes,https://tcykyktvdlsbscrsbjyt.supabase.co/storage/v1/object/public/catalog-images/300x52.5Kx88-directional-01.webp,pass
machine,mdl_new_holland_e_70bsr,new-holland-e-70bsr,hero,yes,https://tcykyktvdlsbscrsbjyt.supabase.co/storage/v1/object/public/catalog-images/450x81.5x76-mx-01.webp,pass
machine,mdl_new_holland_e_70sr,new-holland-e-70sr,hero,yes,https://tcykyktvdlsbscrsbjyt.supabase.co/storage/v1/object/public/catalog-images/450x81.5x76-mx-01.webp,pass
machine,mdl_new_holland_e_80,new-holland-e-80,hero,yes,https://tcykyktvdlsbscrsbjyt.supabase.co/storage/v1/object/public/catalog-images/450x81.5x76-mx-01.webp,pass
machine,mdl_new_holland_e_80bmsr,new-holland-e-80bmsr,hero,yes,https://tcykyktvdlsbscrsbjyt.supabase.co/storage/v1/object/public/catalog-images/450x81.5x76-mx-01.webp,pass
machine,mdl_new_holland_e_80cs,new-holland-e-80cs,hero,yes,https://tcykyktvdlsbscrsbjyt.supabase.co/storage/v1/object/public/catalog-images/450x81.5x76-mx-01.webp,pass
machine,mdl_new_holland_e_80msr,new-holland-e-80msr,hero,yes,https://tcykyktvdlsbscrsbjyt.supabase.co/storage/v1/object/public/catalog-images/450x81.5x76-mx-01.webp,pass
machine,mdl_new_holland_e16,new-holland-e16,hero,yes,https://tcykyktvdlsbscrsbjyt.supabase.co/storage/v1/object/public/catalog-images/sizes/230x48x70-directional-01.webp,pass
machine,mdl_new_holland_e17,new-holland-e17,hero,yes,https://tcykyktvdlsbscrsbjyt.supabase.co/storage/v1/object/public/catalog-images/sizes/230x48x70-directional-01.webp,pass
machine,mdl_new_holland_e17c,new-holland-e17c,hero,yes,https://tcykyktvdlsbscrsbjyt.supabase.co/storage/v1/object/public/catalog-images/sizes/230x48x70-directional-01.webp,pass
machine,mdl_new_holland_e18,new-holland-e18,hero,yes,https://tcykyktvdlsbscrsbjyt.supabase.co/storage/v1/object/public/catalog-images/sizes/230x48x70-directional-01.webp,pass
machine,mdl_new_holland_e18c,new-holland-e18c,hero,yes,https://tcykyktvdlsbscrsbjyt.supabase.co/storage/v1/object/public/machine-images/new-holland-e18c-hero.webp,pass
machine,mdl_new_holland_e18sr,new-holland-e18sr,hero,yes,https://tcykyktvdlsbscrsbjyt.supabase.co/storage/v1/object/public/catalog-images/sizes/230x48x70-directional-01.webp,pass
machine,mdl_new_holland_e20_2sr,new-holland-e20-2sr,hero,yes,https://tcykyktvdlsbscrsbjyt.supabase.co/storage/v1/object/public/catalog-images/300x52.5Nx76-directional-01.webp,pass
machine,mdl_new_holland_e20sr,new-holland-e20sr,hero,yes,https://tcykyktvdlsbscrsbjyt.supabase.co/storage/v1/object/public/catalog-images/300x52.5Nx76-directional-01.webp,pass
machine,mdl_new_holland_e22_2sr,new-holland-e22-2sr,hero,yes,https://tcykyktvdlsbscrsbjyt.supabase.co/storage/v1/object/public/catalog-images/300x52.5Nx76-directional-01.webp,pass
machine,mdl_new_holland_e25sr,new-holland-e25sr,hero,yes,https://tcykyktvdlsbscrsbjyt.supabase.co/storage/v1/object/public/catalog-images/300x52.5Nx76-directional-01.webp,pass
machine,mdl_new_holland_e26bsr,new-holland-e26bsr,hero,yes,https://tcykyktvdlsbscrsbjyt.supabase.co/storage/v1/object/public/catalog-images/300x52.5Nx76-directional-01.webp,pass
machine,mdl_new_holland_e26c,new-holland-e26c,hero,yes,https://cdn.shopify.com/s/files/1/0952/1977/7823/files/new-holland-excavator-hero.webp?v=1773971532,pass
machine,mdl_new_holland_e27,new-holland-e27,hero,yes,https://tcykyktvdlsbscrsbjyt.supabase.co/storage/v1/object/public/catalog-images/300x52.5Nx80-directional-01.webp,pass
machine,mdl_new_holland_e27_2sr,new-holland-e27-2sr,hero,yes,https://tcykyktvdlsbscrsbjyt.supabase.co/storage/v1/object/public/catalog-images/300x52.5Nx80-directional-01.webp,pass
machine,mdl_new_holland_e29bsr,new-holland-e-29-b-sr,hero,yes,https://tcykyktvdlsbscrsbjyt.supabase.co/storage/v1/object/public/catalog-images/300x52.5Nx80-directional-01.webp,pass
machine,mdl_new_holland_e30c,new-holland-e30c,hero,yes,https://tcykyktvdlsbscrsbjyt.supabase.co/storage/v1/object/public/machine-images/new-holland-e30c-hero.webp,pass
machine,mdl_new_holland_e33c,new-holland-e33c,hero,yes,https://tcykyktvdlsbscrsbjyt.supabase.co/storage/v1/object/public/catalog-images/300x52.5x86-mx-01.webp,pass
machine,mdl_new_holland_e35,new-holland-e35,hero,yes,https://tcykyktvdlsbscrsbjyt.supabase.co/storage/v1/object/public/catalog-images/300x52.5Kx88-directional-01.webp,pass
machine,mdl_new_holland_e352c,new-holland-e-35-2c,hero,yes,https://tcykyktvdlsbscrsbjyt.supabase.co/storage/v1/object/public/catalog-images/300x52.5Kx88-directional-01.webp,pass
machine,mdl_new_holland_e37c,new-holland-e37c,hero,yes,https://tcykyktvdlsbscrsbjyt.supabase.co/storage/v1/object/public/catalog-images/300x52.5x86-mx-01.webp,pass
machine,mdl_new_holland_e40_2sr,new-holland-e-40-2sr,hero,yes,https://tcykyktvdlsbscrsbjyt.supabase.co/storage/v1/object/public/catalog-images/400x72.5Kx72-directional-01.webp,pass
machine,mdl_new_holland_e40sr,new-holland-e-40sr,hero,yes,https://tcykyktvdlsbscrsbjyt.supabase.co/storage/v1/object/public/catalog-images/400x72.5Kx72-directional-01.webp,pass
machine,mdl_new_holland_e45_2sr,new-holland-e-45-2sr,hero,yes,https://tcykyktvdlsbscrsbjyt.supabase.co/storage/v1/object/public/catalog-images/400x72.5Kx72-directional-01.webp,pass
machine,mdl_new_holland_e455r,new-holland-e455r,hero,yes,https://tcykyktvdlsbscrsbjyt.supabase.co/storage/v1/object/public/catalog-images/400x72.5Kx74-directional-01.webp,pass
machine,mdl_new_holland_e45sr,new-holland-e-45sr,hero,yes,https://tcykyktvdlsbscrsbjyt.supabase.co/storage/v1/object/public/catalog-images/400x72.5Kx72-directional-01.webp,pass
machine,mdl_new_holland_e50,new-holland-e50,hero,yes,https://tcykyktvdlsbscrsbjyt.supabase.co/storage/v1/object/public/catalog-images/400x72.5Kx74-directional-01.webp,pass
machine,mdl_new_holland_e50_2sr,new-holland-e-50-2sr,hero,yes,https://tcykyktvdlsbscrsbjyt.supabase.co/storage/v1/object/public/catalog-images/400x72.5Kx72-directional-01.webp,pass
machine,mdl_new_holland_e50b,new-holland-e-50b,hero,yes,https://tcykyktvdlsbscrsbjyt.supabase.co/storage/v1/object/public/catalog-images/400x72.5Kx72-directional-01.webp,pass
machine,mdl_new_holland_e50sr,new-holland-e50sr,hero,yes,https://tcykyktvdlsbscrsbjyt.supabase.co/storage/v1/object/public/catalog-images/400x72.5Kx74-directional-01.webp,pass
machine,mdl_new_holland_e55bx,new-holland-e55bx,hero,yes,https://tcykyktvdlsbscrsbjyt.supabase.co/storage/v1/object/public/catalog-images/400x72.5Kx74-directional-01.webp,pass
machine,mdl_new_holland_e57c,new-holland-e57c,hero,yes,https://tcykyktvdlsbscrsbjyt.supabase.co/storage/v1/object/public/catalog-images/400x72.5Kx74-directional-01.webp,pass
machine,mdl_new_holland_ec25,new-holland-ec25,hero,yes,https://tcykyktvdlsbscrsbjyt.supabase.co/storage/v1/object/public/catalog-images/300x52.5Nx74-directional-01.webp,pass
machine,mdl_new_holland_ec25sr,new-holland-ec-25sr,hero,yes,https://tcykyktvdlsbscrsbjyt.supabase.co/storage/v1/object/public/catalog-images/300x52.5Nx74-directional-01.webp,pass
machine,mdl_new_holland_ec35,new-holland-ec35,hero,yes,https://tcykyktvdlsbscrsbjyt.supabase.co/storage/v1/object/public/catalog-images/300x52.5Nx80-directional-01.webp,pass
machine,mdl_new_holland_ec35sr,new-holland-ec-35sr,hero,yes,https://tcykyktvdlsbscrsbjyt.supabase.co/storage/v1/object/public/catalog-images/300x52.5Nx80-directional-01.webp,pass
machine,mdl_new_holland_ec45,new-holland-ec45,hero,yes,https://tcykyktvdlsbscrsbjyt.supabase.co/storage/v1/object/public/catalog-images/400x72.5Kx72-directional-01.webp,pass
machine,mdl_new_holland_ec45sr,new-holland-ec-45sr,hero,yes,https://tcykyktvdlsbscrsbjyt.supabase.co/storage/v1/object/public/catalog-images/400x72.5Kx72-directional-01.webp,pass
machine,mdl_new_holland_ec60,new-holland-ec60,hero,yes,https://tcykyktvdlsbscrsbjyt.supabase.co/storage/v1/object/public/catalog-images/400x72.5Wx76-directional-01.webp,pass
machine,mdl_new_holland_eh_35b,new-holland-eh-35b,hero,yes,https://tcykyktvdlsbscrsbjyt.supabase.co/storage/v1/object/public/catalog-images/300x52.5Kx88-directional-01.webp,pass
machine,mdl_new_holland_eh15b,new-holland-eh-15b,hero,yes,https://tcykyktvdlsbscrsbjyt.supabase.co/storage/v1/object/public/catalog-images/sizes/230x48x70-directional-01.webp,pass
machine,mdl_new_holland_eh16,new-holland-eh16,hero,yes,https://tcykyktvdlsbscrsbjyt.supabase.co/storage/v1/object/public/catalog-images/sizes/230x48x70-directional-01.webp,pass
machine,mdl_new_holland_eh18,new-holland-eh18,hero,yes,https://tcykyktvdlsbscrsbjyt.supabase.co/storage/v1/object/public/catalog-images/sizes/230x48x70-directional-01.webp,pass
machine,mdl_new_holland_eh25,new-holland-eh25,hero,yes,https://tcykyktvdlsbscrsbjyt.supabase.co/storage/v1/object/public/catalog-images/300x52.5Nx74-directional-01.webp,pass
machine,mdl_new_holland_eh27b,new-holland-eh-27b,hero,yes,https://tcykyktvdlsbscrsbjyt.supabase.co/storage/v1/object/public/catalog-images/300x52.5Nx80-directional-01.webp,pass
machine,mdl_new_holland_eh30_b,new-holland-eh-30b,hero,yes,https://tcykyktvdlsbscrsbjyt.supabase.co/storage/v1/object/public/catalog-images/300x52.5Wx82-block-01.webp,pass
machine,mdl_new_holland_eh35,new-holland-eh35,hero,yes,https://tcykyktvdlsbscrsbjyt.supabase.co/storage/v1/object/public/catalog-images/300x52.5Kx88-directional-01.webp,pass
machine,mdl_new_holland_eh45,new-holland-eh45,hero,yes,https://tcykyktvdlsbscrsbjyt.supabase.co/storage/v1/object/public/catalog-images/400x72.5Kx74-directional-01.webp,pass
machine,mdl_new_holland_eh50b,new-holland-eh-50b,hero,yes,https://tcykyktvdlsbscrsbjyt.supabase.co/storage/v1/object/public/catalog-images/400x72.5Kx72-directional-01.webp,pass
machine,mdl_new_holland_lt175b,new-holland-lt175b,hero,yes,https://tcykyktvdlsbscrsbjyt.supabase.co/storage/v1/object/public/catalog-images/320x86x50-x-terrain-01.webp,pass
machine,mdl_new_holland_lt185,new-holland-lt185,hero,yes,https://tcykyktvdlsbscrsbjyt.supabase.co/storage/v1/object/public/catalog-images/450x86x55-zig-zag-01.webp,pass
machine,mdl_new_holland_lt185b,new-holland-lt185b,hero,yes,https://tcykyktvdlsbscrsbjyt.supabase.co/storage/v1/object/public/catalog-images/450x86x55-zig-zag-01.webp,pass
machine,mdl_new_holland_lt190,new-holland-lt190,hero,yes,https://tcykyktvdlsbscrsbjyt.supabase.co/storage/v1/object/public/catalog-images/450x86x55-zig-zag-01.webp,pass
machine,mdl_new_holland_lt190b,new-holland-lt190b,hero,yes,https://tcykyktvdlsbscrsbjyt.supabase.co/storage/v1/object/public/catalog-images/450x86x55-zig-zag-01.webp,pass
machine,mdl_sany_sy18c,sany-sy18c,hero,yes,https://tcykyktvdlsbscrsbjyt.supabase.co/storage/v1/object/public/catalog-images/sizes/230x48x70-directional-01.webp,pass
machine,mdl_sany_sy26c,sany-sy26c,hero,yes,https://tcykyktvdlsbscrsbjyt.supabase.co/storage/v1/object/public/catalog-images/300x52.5Nx80-directional-01.webp,pass
machine,mdl_sany_sy26u,sany-sy26u,hero,yes,https://tcykyktvdlsbscrsbjyt.supabase.co/storage/v1/object/public/machine-images/sany-sy26u-hero.webp,pass
machine,mdl_sany_sy35c,sany-sy35c,hero,yes,https://tcykyktvdlsbscrsbjyt.supabase.co/storage/v1/object/public/catalog-images/300x52.5Kx88-directional-01.webp,pass
machine,mdl_sany_sy35u,sany-sy35u,hero,yes,https://tcykyktvdlsbscrsbjyt.supabase.co/storage/v1/object/public/machine-images/sany-sy35u-hero.webp,pass
machine,mdl_sany_sy50u,sany-sy50u,hero,yes,https://tcykyktvdlsbscrsbjyt.supabase.co/storage/v1/object/public/machine-images/sany-sy50u-hero.webp,pass
machine,mdl_sany_sy60c,sany-sy60c,hero,yes,https://tcykyktvdlsbscrsbjyt.supabase.co/storage/v1/object/public/catalog-images/400x72.5Wx76-directional-01.webp,pass
machine,mdl_sany_sy75c,sany-sy75c,hero,yes,https://cdn.shopify.com/s/files/1/0952/1977/7823/files/sany-excavator-hero.webp?v=1773971535,pass
machine,mdl_sany_sy80u,sany-sy80u,hero,no,,review
machine,mdl_takeuchi_tb020,takeuchi-tb020,hero,yes,https://tcykyktvdlsbscrsbjyt.supabase.co/storage/v1/object/public/catalog-images/300x52.5Nx76-directional-01.webp,pass
machine,mdl_takeuchi_tb025,takeuchi-tb025,hero,yes,https://tcykyktvdlsbscrsbjyt.supabase.co/storage/v1/object/public/catalog-images/300x52.5Nx78-directional-01.webp,pass
machine,mdl_takeuchi_tb035,takeuchi-tb035,hero,yes,https://tcykyktvdlsbscrsbjyt.supabase.co/storage/v1/object/public/catalog-images/350x52.5x86-mx-01.webp,pass
machine,mdl_takeuchi_tb045,takeuchi-tb045,hero,yes,https://tcykyktvdlsbscrsbjyt.supabase.co/storage/v1/object/public/catalog-images/400x72.5Kx74-directional-01.webp,pass
machine,mdl_takeuchi_tb053fr,takeuchi-tb053fr,hero,yes,https://tcykyktvdlsbscrsbjyt.supabase.co/storage/v1/object/public/catalog-images/400x72.5Kx74-directional-01.webp,pass
machine,mdl_takeuchi_tb07,takeuchi-tb07,hero,no,,review
machine,mdl_takeuchi_tb070,takeuchi-tb-070,hero,no,,review
machine,mdl_takeuchi_tb108,takeuchi-tb-108,hero,no,,review
machine,mdl_takeuchi_tb125,takeuchi-tb125,hero,yes,https://tcykyktvdlsbscrsbjyt.supabase.co/storage/v1/object/public/catalog-images/300x52.5Nx78-directional-01.webp,pass
machine,mdl_takeuchi_tb135,takeuchi-tb135,hero,yes,https://tcykyktvdlsbscrsbjyt.supabase.co/storage/v1/object/public/machine-images/takeuchi-tb135-hero.webp,pass
machine,mdl_takeuchi_tb138,takeuchi-tb138,hero,yes,https://tcykyktvdlsbscrsbjyt.supabase.co/storage/v1/object/public/catalog-images/350x52.5x86-mx-01.webp,pass
machine,mdl_takeuchi_tb138fr,takeuchi-tb138fr,hero,yes,https://tcykyktvdlsbscrsbjyt.supabase.co/storage/v1/object/public/catalog-images/350x52.5x86-mx-01.webp,pass
machine,mdl_takeuchi_tb145,takeuchi-tb145,hero,yes,https://tcykyktvdlsbscrsbjyt.supabase.co/storage/v1/object/public/catalog-images/400x72.5Kx74-directional-01.webp,pass
machine,mdl_takeuchi_tb153fr,takeuchi-tb153fr,hero,yes,https://tcykyktvdlsbscrsbjyt.supabase.co/storage/v1/object/public/catalog-images/400x72.5Kx74-directional-01.webp,pass
machine,mdl_takeuchi_tb15f,takeuchi-tb-15f,hero,yes,https://tcykyktvdlsbscrsbjyt.supabase.co/storage/v1/object/public/catalog-images/sizes/230x48x70-directional-01.webp,pass
machine,mdl_takeuchi_tb15fr,takeuchi-tb15fr,hero,yes,https://tcykyktvdlsbscrsbjyt.supabase.co/storage/v1/object/public/catalog-images/sizes/230x48x70-directional-01.webp,pass
machine,mdl_takeuchi_tb175,takeuchi-tb175,hero,no,,review
machine,mdl_takeuchi_tb180fr,takeuchi-tb180fr,hero,yes,https://tcykyktvdlsbscrsbjyt.supabase.co/storage/v1/object/public/machine-images/takeuchi-tb180fr-hero.webp,pass
machine,mdl_takeuchi_tb225,takeuchi-tb225,hero,yes,https://tcykyktvdlsbscrsbjyt.supabase.co/storage/v1/object/public/machine-images/takeuchi-tb225-hero.webp,pass
machine,mdl_takeuchi_tb228,takeuchi-tb228,hero,yes,https://tcykyktvdlsbscrsbjyt.supabase.co/storage/v1/object/public/machine-images/takeuchi-tb228-hero.webp,pass
machine,mdl_takeuchi_tb230,takeuchi-tb230,hero,yes,https://tcykyktvdlsbscrsbjyt.supabase.co/storage/v1/object/public/machine-images/takeuchi-tb230-hero.webp,pass
machine,mdl_takeuchi_tb235,takeuchi-tb235,hero,yes,https://tcykyktvdlsbscrsbjyt.supabase.co/storage/v1/object/public/machine-images/takeuchi-tb235-hero.webp,pass
machine,mdl_takeuchi_tb235_2,takeuchi-tb235-2,hero,yes,https://tcykyktvdlsbscrsbjyt.supabase.co/storage/v1/object/public/catalog-images/350x52.5x86-mx-01.webp,pass
machine,mdl_takeuchi_tb240,takeuchi-tb240,hero,yes,https://tcykyktvdlsbscrsbjyt.supabase.co/storage/v1/object/public/machine-images/takeuchi-tb240-hero.webp,pass
machine,mdl_takeuchi_tb245,takeuchi-tb245,hero,yes,https://tcykyktvdlsbscrsbjyt.supabase.co/storage/v1/object/public/catalog-images/400x72.5Kx74-directional-01.webp,pass
machine,mdl_takeuchi_tb249,takeuchi-tb-249,hero,yes,https://tcykyktvdlsbscrsbjyt.supabase.co/storage/v1/object/public/catalog-images/400x72.5Kx74-directional-01.webp,pass
machine,mdl_takeuchi_tb250,takeuchi-tb250,hero,yes,https://tcykyktvdlsbscrsbjyt.supabase.co/storage/v1/object/public/machine-images/takeuchi-tb250-hero.webp,pass
machine,mdl_takeuchi_tb250_2,takeuchi-tb250-2,hero,yes,https://cdn.shopify.com/s/files/1/0952/1977/7823/files/takeuchi-excavator-hero.webp?v=1773971535,pass
machine,mdl_takeuchi_tb257fr,takeuchi-tb257fr,hero,yes,https://tcykyktvdlsbscrsbjyt.supabase.co/storage/v1/object/public/machine-images/takeuchi-tb257fr-hero.webp,pass
machine,mdl_takeuchi_tb260,takeuchi-tb260,hero,yes,https://tcykyktvdlsbscrsbjyt.supabase.co/storage/v1/object/public/machine-images/takeuchi-tb260-hero.webp,pass
machine,mdl_takeuchi_tb260r,takeuchi-tb260r,hero,yes,https://tcykyktvdlsbscrsbjyt.supabase.co/storage/v1/object/public/catalog-images/400x72.5Kx74-directional-01.webp,pass
machine,mdl_takeuchi_tb280fr,takeuchi-tb280fr,hero,yes,https://tcykyktvdlsbscrsbjyt.supabase.co/storage/v1/object/public/machine-images/takeuchi-tb280fr-hero.webp,pass
machine,mdl_takeuchi_tb285,takeuchi-tb285,hero,yes,https://tcykyktvdlsbscrsbjyt.supabase.co/storage/v1/object/public/machine-images/takeuchi-tb285-hero.webp,pass
machine,mdl_takeuchi_tb290,takeuchi-tb290,hero,yes,https://tcykyktvdlsbscrsbjyt.supabase.co/storage/v1/object/public/machine-images/takeuchi-tb290-hero.webp,pass
machine,mdl_takeuchi_tb370,takeuchi-tb370,hero,yes,https://tcykyktvdlsbscrsbjyt.supabase.co/storage/v1/object/public/machine-images/takeuchi-tb370-hero.webp,pass
machine,mdl_takeuchi_tb38fr,takeuchi-tb38fr,hero,yes,https://tcykyktvdlsbscrsbjyt.supabase.co/storage/v1/object/public/catalog-images/350x52.5x86-mx-01.webp,pass
machine,mdl_takeuchi_tb53fr,takeuchi-tb-53fr,hero,yes,https://tcykyktvdlsbscrsbjyt.supabase.co/storage/v1/object/public/catalog-images/400x72.5Kx74-directional-01.webp,pass
machine,mdl_takeuchi_tb80fr,takeuchi-tb80fr,hero,no,,review
machine,mdl_takeuchi_tl10,takeuchi-tl10,hero,yes,https://tcykyktvdlsbscrsbjyt.supabase.co/storage/v1/object/public/catalog-images/450x100x48-c-block-01.webp,pass
machine,mdl_takeuchi_tl10v2,takeuchi-tl10v2,hero,yes,https://tcykyktvdlsbscrsbjyt.supabase.co/storage/v1/object/public/machine-images/takeuchi-tl10v2-hero.webp,pass
machine,mdl_takeuchi_tl12,takeuchi-tl12,hero,yes,https://tcykyktvdlsbscrsbjyt.supabase.co/storage/v1/object/public/catalog-images/450x100x50-c-block-01.webp,pass
machine,mdl_takeuchi_tl12r2,takeuchi-tl12r2,hero,yes,https://tcykyktvdlsbscrsbjyt.supabase.co/storage/v1/object/public/machine-images/takeuchi-tl12r2-hero.webp,pass
machine,mdl_takeuchi_tl12v2,takeuchi-tl12v2,hero,yes,https://tcykyktvdlsbscrsbjyt.supabase.co/storage/v1/object/public/machine-images/takeuchi-tl12v2-hero.webp,pass
machine,mdl_takeuchi_tl130,takeuchi-tl130,hero,yes,https://tcykyktvdlsbscrsbjyt.supabase.co/storage/v1/object/public/machine-images/takeuchi-tl130-hero.webp,pass
machine,mdl_takeuchi_tl140,takeuchi-tl140,hero,yes,https://tcykyktvdlsbscrsbjyt.supabase.co/storage/v1/object/public/machine-images/takeuchi-tl140-hero.webp,pass
machine,mdl_takeuchi_tl150,takeuchi-tl150,hero,yes,https://tcykyktvdlsbscrsbjyt.supabase.co/storage/v1/object/public/machine-images/takeuchi-tl150-hero.webp,pass
machine,mdl_takeuchi_tl230,takeuchi-tl230,hero,no,,review
machine,mdl_takeuchi_tl230_2,takeuchi-tl230-2,hero,no,,review
machine,mdl_takeuchi_tl240,takeuchi-tl240,hero,yes,https://tcykyktvdlsbscrsbjyt.supabase.co/storage/v1/object/public/machine-images/takeuchi-tl240-hero.webp,pass
machine,mdl_takeuchi_tl250,takeuchi-tl250,hero,yes,https://tcykyktvdlsbscrsbjyt.supabase.co/storage/v1/object/public/machine-images/takeuchi-tl250-hero.webp,pass
machine,mdl_takeuchi_tl26,takeuchi-tl26,hero,yes,https://tcykyktvdlsbscrsbjyt.supabase.co/storage/v1/object/public/catalog-images/320x86x48-multi-bar-01.webp,pass
machine,mdl_takeuchi_tl6r,takeuchi-tl6r,hero,yes,https://tcykyktvdlsbscrsbjyt.supabase.co/storage/v1/object/public/machine-images/takeuchi-tl6r-hero.webp,pass
machine,mdl_takeuchi_tl8,takeuchi-tl8,hero,no,,review
machine,mdl_takeuchi_tl8r2,takeuchi-tl8r2,hero,yes,https://tcykyktvdlsbscrsbjyt.supabase.co/storage/v1/object/public/machine-images/takeuchi-tl8r2-hero.webp,pass
machine,mdl_terex_am37r,terex-am37r,hero,yes,https://tcykyktvdlsbscrsbjyt.supabase.co/storage/v1/object/public/catalog-images/300x52.5x86-mx-01.webp,pass
machine,mdl_terex_hr18,terex-hr18,hero,yes,https://tcykyktvdlsbscrsbjyt.supabase.co/storage/v1/object/public/catalog-images/400x72.5Kx72-directional-01.webp,pass
machine,mdl_terex_pt_100,terex-pt-100,hero,yes,https://tcykyktvdlsbscrsbjyt.supabase.co/storage/v1/object/public/catalog-images/457x101.6x51-multi-bar-01.webp,pass
machine,mdl_terex_pt_110f,terex-pt-110f,hero,yes,https://tcykyktvdlsbscrsbjyt.supabase.co/storage/v1/object/public/catalog-images/457x101.6x51-multi-bar-01.webp,pass
machine,mdl_terex_pt_30,terex-pt30,hero,yes,https://cdn.shopify.com/s/files/1/0952/1977/7823/files/kubota-skid-steer-hero.webp?v=1773971452,pass
machine,mdl_terex_pt_50,terex-pt-50,hero,no,,review
machine,mdl_terex_pt_60,terex-pt-60,hero,no,,review
machine,mdl_terex_pt100f,terex-pt100f,hero,yes,https://tcykyktvdlsbscrsbjyt.supabase.co/storage/v1/object/public/catalog-images/457x101.6x51-multi-bar-01.webp,pass
machine,mdl_terex_pt100g,terex-pt100g,hero,yes,https://tcykyktvdlsbscrsbjyt.supabase.co/storage/v1/object/public/catalog-images/457x101.6x51-multi-bar-01.webp,pass
machine,mdl_terex_pt110,terex-pt110,hero,yes,https://tcykyktvdlsbscrsbjyt.supabase.co/storage/v1/object/public/catalog-images/457x101.6x51-multi-bar-01.webp,pass
machine,mdl_terex_pt110forestry,terex-pt-110-forestry,hero,yes,https://tcykyktvdlsbscrsbjyt.supabase.co/storage/v1/object/public/catalog-images/457x101.6x51-multi-bar-01.webp,pass
machine,mdl_terex_pt75,terex-pt-75,hero,yes,https://tcykyktvdlsbscrsbjyt.supabase.co/storage/v1/object/public/catalog-images/457x101.6x51-multi-bar-01.webp,pass
machine,mdl_terex_r190t,terex-r190t,hero,yes,https://tcykyktvdlsbscrsbjyt.supabase.co/storage/v1/object/public/machine-images/terex-r190t-hero.webp,pass
machine,mdl_terex_r265t,terex-r265t,hero,yes,https://cdn.shopify.com/s/files/1/0952/1977/7823/files/kubota-skid-steer-hero.webp?v=1773971452,pass
machine,mdl_terex_r350t,terex-r350t,hero,yes,https://tcykyktvdlsbscrsbjyt.supabase.co/storage/v1/object/public/catalog-images/457x101.6x51-multi-bar-01.webp,pass
machine,mdl_terex_sr_80,terex-sr-80,hero,yes,https://tcykyktvdlsbscrsbjyt.supabase.co/storage/v1/object/public/catalog-images/457x101.6x51-multi-bar-01.webp,pass
machine,mdl_terex_st50,terex-st50,hero,yes,https://tcykyktvdlsbscrsbjyt.supabase.co/storage/v1/object/public/catalog-images/450x86x56-c-block-01.webp,pass
machine,mdl_terex_tc_37,terex-tc37,hero,yes,https://tcykyktvdlsbscrsbjyt.supabase.co/storage/v1/object/public/catalog-images/300x52.5x86-mx-01.webp,pass
machine,mdl_terex_tc20,terex-tc20,hero,yes,https://tcykyktvdlsbscrsbjyt.supabase.co/storage/v1/object/public/catalog-images/300x52.5Nx76-directional-01.webp,pass
machine,mdl_terex_tc35_2,terex-tc35-2,hero,yes,https://tcykyktvdlsbscrsbjyt.supabase.co/storage/v1/object/public/catalog-images/300x52.5x86-mx-01.webp,pass
machine,mdl_terex_tc60,terex-tc60,hero,yes,https://tcykyktvdlsbscrsbjyt.supabase.co/storage/v1/object/public/catalog-images/400x72.5Wx76-directional-01.webp,pass
machine,mdl_vermeer_20x22,vermeer-20x22,hero,yes,https://tcykyktvdlsbscrsbjyt.supabase.co/storage/v1/object/public/catalog-images/sizes/230x72x39-c-block-01.webp,pass
machine,mdl_vermeer_ctx100,vermeer-ctx100,hero,yes,https://tcykyktvdlsbscrsbjyt.supabase.co/storage/v1/object/public/machine-images/vermeer-ctx100-hero.webp,pass
machine,mdl_vermeer_ctx160,vermeer-ctx160,hero,yes,https://tcykyktvdlsbscrsbjyt.supabase.co/storage/v1/object/public/machine-images/vermeer-ctx160-hero.webp,pass
machine,mdl_vermeer_d20x22,vermeer-d20x22,hero,yes,https://tcykyktvdlsbscrsbjyt.supabase.co/storage/v1/object/public/catalog-images/300x52.5Nx84-directional-01.webp,pass
machine,mdl_vermeer_rtx450,vermeer-rtx450,hero,no,,review
machine,mdl_vermeer_s400tx,vermeer-s400tx,hero,yes,https://tcykyktvdlsbscrsbjyt.supabase.co/storage/v1/object/public/catalog-images/sizes/180x72x39-directional-01.webp,pass
machine,mdl_vermeer_s600tx,vermeer-s600tx,hero,yes,https://tcykyktvdlsbscrsbjyt.supabase.co/storage/v1/object/public/machine-images/vermeer-s600tx-hero.webp,pass
machine,mdl_vermeer_s725tx,vermeer-s725tx,hero,yes,https://tcykyktvdlsbscrsbjyt.supabase.co/storage/v1/object/public/machine-images/vermeer-s725tx-hero.webp,pass
machine,mdl_vermeer_s800tx,vermeer-s800tx,hero,yes,https://tcykyktvdlsbscrsbjyt.supabase.co/storage/v1/object/public/machine-images/vermeer-s800tx-hero.webp,pass
machine,mdl_vermeer_s925tx,vermeer-s925tx,hero,yes,https://tcykyktvdlsbscrsbjyt.supabase.co/storage/v1/object/public/machine-images/vermeer-s925tx-hero.webp,pass
machine,mdl_volvo_ec_20b_xtv,volvo-ec-20b-xtv,hero,yes,https://tcykyktvdlsbscrsbjyt.supabase.co/storage/v1/object/public/catalog-images/sizes/230x48x72-directional-01.webp,pass
machine,mdl_volvo_ec_20c,volvo-ec-20c,hero,yes,https://tcykyktvdlsbscrsbjyt.supabase.co/storage/v1/object/public/catalog-images/sizes/230x48x72-directional-01.webp,pass
machine,mdl_volvo_ec15,volvo-ec15,hero,yes,https://tcykyktvdlsbscrsbjyt.supabase.co/storage/v1/object/public/catalog-images/300x52.5Nx76-directional-01.webp,pass
machine,mdl_volvo_ec15b,volvo-ec15b,hero,yes,https://tcykyktvdlsbscrsbjyt.supabase.co/storage/v1/object/public/catalog-images/300x52.5Nx76-directional-01.webp,pass
machine,mdl_volvo_ec15xr,volvo-ec15xr,hero,yes,https://tcykyktvdlsbscrsbjyt.supabase.co/storage/v1/object/public/catalog-images/300x52.5Nx76-directional-01.webp,pass
machine,mdl_volvo_ec20,volvo-ec20,hero,yes,https://tcykyktvdlsbscrsbjyt.supabase.co/storage/v1/object/public/catalog-images/sizes/230x48x72-directional-01.webp,pass
machine,mdl_volvo_ec20b,volvo-ec20b,hero,yes,https://tcykyktvdlsbscrsbjyt.supabase.co/storage/v1/object/public/catalog-images/300x52.5Nx76-directional-01.webp,pass
machine,mdl_volvo_ec20d,volvo-ec-20d,hero,yes,https://tcykyktvdlsbscrsbjyt.supabase.co/storage/v1/object/public/catalog-images/sizes/230x48x72-directional-01.webp,pass
machine,mdl_volvo_ec20e,volvo-ec20e,hero,yes,https://tcykyktvdlsbscrsbjyt.supabase.co/storage/v1/object/public/catalog-images/300x52.5Nx76-directional-01.webp,pass
machine,mdl_volvo_ec20t,volvo-ec-20t,hero,yes,https://tcykyktvdlsbscrsbjyt.supabase.co/storage/v1/object/public/catalog-images/sizes/230x48x72-directional-01.webp,pass
machine,mdl_volvo_ec20tb,volvo-ec-20tb,hero,yes,https://tcykyktvdlsbscrsbjyt.supabase.co/storage/v1/object/public/catalog-images/sizes/230x48x72-directional-01.webp,pass
machine,mdl_volvo_ec20v,volvo-ec-20v,hero,yes,https://tcykyktvdlsbscrsbjyt.supabase.co/storage/v1/object/public/catalog-images/sizes/230x48x72-directional-01.webp,pass
machine,mdl_volvo_ec20vb,volvo-ec-20vb,hero,yes,https://tcykyktvdlsbscrsbjyt.supabase.co/storage/v1/object/public/catalog-images/sizes/230x48x72-directional-01.webp,pass
machine,mdl_volvo_ec20xt,volvo-ec-20xt,hero,yes,https://tcykyktvdlsbscrsbjyt.supabase.co/storage/v1/object/public/catalog-images/sizes/230x48x72-directional-01.webp,pass
machine,mdl_volvo_ec20xtv,volvo-ec-20xtv,hero,yes,https://tcykyktvdlsbscrsbjyt.supabase.co/storage/v1/object/public/catalog-images/sizes/230x48x72-directional-01.webp,pass
machine,mdl_volvo_ec25,volvo-ec25,hero,yes,https://tcykyktvdlsbscrsbjyt.supabase.co/storage/v1/object/public/catalog-images/300x52.5Nx78-directional-01.webp,pass
machine,mdl_volvo_ec25x,volvo-ec-25x,hero,yes,https://tcykyktvdlsbscrsbjyt.supabase.co/storage/v1/object/public/catalog-images/300x52.5Nx78-directional-01.webp,pass
machine,mdl_volvo_ec25xt,volvo-ec-25xt,hero,yes,https://tcykyktvdlsbscrsbjyt.supabase.co/storage/v1/object/public/catalog-images/300x52.5Nx78-directional-01.webp,pass
machine,mdl_volvo_ec27c,volvo-ec27c,hero,yes,https://tcykyktvdlsbscrsbjyt.supabase.co/storage/v1/object/public/catalog-images/300x52.5Nx78-directional-01.webp,pass
machine,mdl_volvo_ec27d,volvo-ec27d,hero,yes,https://tcykyktvdlsbscrsbjyt.supabase.co/storage/v1/object/public/machine-images/volvo-ec27d-hero.webp,pass
machine,mdl_volvo_ec30,volvo-ec30,hero,yes,https://tcykyktvdlsbscrsbjyt.supabase.co/storage/v1/object/public/catalog-images/300x52.5Nx78-directional-01.webp,pass
machine,mdl_volvo_ec30b,volvo-ec-30b,hero,yes,https://tcykyktvdlsbscrsbjyt.supabase.co/storage/v1/object/public/catalog-images/300x52.5Nx78-directional-01.webp,pass
machine,mdl_volvo_ec30x,volvo-ec-30x,hero,yes,https://tcykyktvdlsbscrsbjyt.supabase.co/storage/v1/object/public/catalog-images/300x52.5Nx78-directional-01.webp,pass
machine,mdl_volvo_ec35,volvo-ec-35,hero,yes,https://tcykyktvdlsbscrsbjyt.supabase.co/storage/v1/object/public/catalog-images/300x52.5Nx84-directional-01.webp,pass
machine,mdl_volvo_ec35c,volvo-ec35c,hero,yes,https://tcykyktvdlsbscrsbjyt.supabase.co/storage/v1/object/public/catalog-images/300x52.5Nx84-directional-01.webp,pass
machine,mdl_volvo_ec35d,volvo-ec35d,hero,yes,https://tcykyktvdlsbscrsbjyt.supabase.co/storage/v1/object/public/machine-images/volvo-ec35d-hero.webp,pass
machine,mdl_volvo_ec55,volvo-ec55,hero,yes,https://tcykyktvdlsbscrsbjyt.supabase.co/storage/v1/object/public/catalog-images/400x72.5Kx74-directional-01.webp,pass
machine,mdl_volvo_ec55b,volvo-ec55b,hero,yes,https://tcykyktvdlsbscrsbjyt.supabase.co/storage/v1/object/public/catalog-images/400x72.5Kx74-directional-01.webp,pass
machine,mdl_volvo_ec55c,volvo-ec55c,hero,yes,https://tcykyktvdlsbscrsbjyt.supabase.co/storage/v1/object/public/machine-images/volvo-ec55c-hero.webp,pass
machine,mdl_volvo_ec55d,volvo-ec55d,hero,yes,https://tcykyktvdlsbscrsbjyt.supabase.co/storage/v1/object/public/catalog-images/400x72.5Kx74-directional-01.webp,pass
machine,mdl_volvo_ecr25d,volvo-ecr25d,hero,yes,https://tcykyktvdlsbscrsbjyt.supabase.co/storage/v1/object/public/machine-images/volvo-ecr25d-hero.webp,pass
machine,mdl_volvo_ecr28,volvo-ecr28,hero,yes,https://tcykyktvdlsbscrsbjyt.supabase.co/storage/v1/object/public/catalog-images/300x52.5Nx78-directional-01.webp,pass
machine,mdl_volvo_ecr38,volvo-ecr38,hero,yes,https://tcykyktvdlsbscrsbjyt.supabase.co/storage/v1/object/public/catalog-images/300x52.5Nx84-directional-01.webp,pass
machine,mdl_volvo_ecr40,volvo-ecr40,hero,yes,https://tcykyktvdlsbscrsbjyt.supabase.co/storage/v1/object/public/catalog-images/300x52.5Nx84-directional-01.webp,pass
machine,mdl_volvo_ecr48,volvo-ecr48,hero,yes,https://tcykyktvdlsbscrsbjyt.supabase.co/storage/v1/object/public/catalog-images/400x72.5Kx72-directional-01.webp,pass
machine,mdl_volvo_ecr48c,volvo-ecr48c,hero,yes,https://tcykyktvdlsbscrsbjyt.supabase.co/storage/v1/object/public/catalog-images/400x72.5Kx72-directional-01.webp,pass
machine,mdl_volvo_ecr50,volvo-ecr50,hero,yes,https://tcykyktvdlsbscrsbjyt.supabase.co/storage/v1/object/public/catalog-images/400x72.5Kx74-directional-01.webp,pass
machine,mdl_volvo_ecr50d,volvo-ecr-50d,hero,yes,https://tcykyktvdlsbscrsbjyt.supabase.co/storage/v1/object/public/catalog-images/400x72.5Kx74-directional-01.webp,pass
machine,mdl_volvo_ecr55d,volvo-ecr55d,hero,yes,https://tcykyktvdlsbscrsbjyt.supabase.co/storage/v1/object/public/catalog-images/400x72.5Wx76-directional-01.webp,pass
machine,mdl_volvo_ecr58,volvo-ecr58,hero,yes,https://tcykyktvdlsbscrsbjyt.supabase.co/storage/v1/object/public/catalog-images/400x72.5Kx74-directional-01.webp,pass
machine,mdl_volvo_ecr58d,volvo-ecr58d,hero,yes,https://tcykyktvdlsbscrsbjyt.supabase.co/storage/v1/object/public/machine-images/volvo-ecr58d-hero.webp,pass
machine,mdl_volvo_ecr88,volvo-ecr88,hero,no,,review
machine,mdl_volvo_ecr88d,volvo-ecr88d,hero,yes,https://tcykyktvdlsbscrsbjyt.supabase.co/storage/v1/object/public/machine-images/volvo-ecr88d-hero.webp,pass
machine,mdl_volvo_mct110c,volvo-mct110c,hero,yes,https://tcykyktvdlsbscrsbjyt.supabase.co/storage/v1/object/public/catalog-images/450x86x56-c-block-01.webp,pass
machine,mdl_volvo_mct125c,volvo-mct125c,hero,yes,https://tcykyktvdlsbscrsbjyt.supabase.co/storage/v1/object/public/machine-images/volvo-mct125c-hero.webp,pass
machine,mdl_volvo_mct135c,volvo-mct135c,hero,yes,https://tcykyktvdlsbscrsbjyt.supabase.co/storage/v1/object/public/machine-images/volvo-mct135c-hero.webp,pass
machine,mdl_volvo_mct145,volvo-mct145,hero,yes,https://tcykyktvdlsbscrsbjyt.supabase.co/storage/v1/object/public/catalog-images/450x86x56-c-block-01.webp,pass
machine,mdl_volvo_mct145c,volvo-mct145c,hero,yes,https://tcykyktvdlsbscrsbjyt.supabase.co/storage/v1/object/public/machine-images/volvo-mct145c-hero.webp,pass
machine,mdl_volvo_mct85c,volvo-mct85c,hero,yes,https://tcykyktvdlsbscrsbjyt.supabase.co/storage/v1/object/public/catalog-images/400x86x50-zig-zag-01.webp,pass
machine,mdl_wacker_neuson_1101cp,wacker-neuson-1101cp,hero,yes,https://tcykyktvdlsbscrsbjyt.supabase.co/storage/v1/object/public/catalog-images/450x86x56-c-block-01.webp,pass
machine,mdl_wacker_neuson_3503,wacker-neuson-3503,hero,yes,https://tcykyktvdlsbscrsbjyt.supabase.co/storage/v1/object/public/catalog-images/300x52.5Nx84-directional-01.webp,pass
machine,mdl_wacker_neuson_5002,wacker-neuson-5002,hero,yes,https://tcykyktvdlsbscrsbjyt.supabase.co/storage/v1/object/public/catalog-images/400x72.5Kx74-directional-01.webp,pass
machine,mdl_wacker_neuson_50z3,wacker-neuson-50z-3,hero,yes,https://tcykyktvdlsbscrsbjyt.supabase.co/storage/v1/object/public/catalog-images/400x72.5Kx74-directional-01.webp,pass
machine,mdl_wacker_neuson_6003,wacker-neuson-6003,hero,yes,https://tcykyktvdlsbscrsbjyt.supabase.co/storage/v1/object/public/catalog-images/400x72.5Kx74-directional-01.webp,pass
machine,mdl_wacker_neuson_ez17,wacker-neuson-ez17,hero,yes,https://cdn.shopify.com/s/files/1/0952/1977/7823/files/wacker-skid-steer-hero.webp?v=1773971452,pass
machine,mdl_wacker_neuson_ez38,wacker-neuson-ez38,hero,yes,https://tcykyktvdlsbscrsbjyt.supabase.co/storage/v1/object/public/catalog-images/300x52.5Nx84-directional-01.webp,pass
machine,mdl_wacker_neuson_ez50,wacker-neuson-ez50,hero,yes,https://tcykyktvdlsbscrsbjyt.supabase.co/storage/v1/object/public/catalog-images/400x72.5Kx74-directional-01.webp,pass
machine,mdl_wacker_neuson_ez53,wacker-neuson-ez53,hero,yes,https://tcykyktvdlsbscrsbjyt.supabase.co/storage/v1/object/public/catalog-images/400x72.5Kx74-directional-01.webp,pass
machine,mdl_wacker_neuson_st28,wacker-neuson-st28,hero,no,,review
machine,mdl_wacker_neuson_st31,wacker-neuson-st31,hero,yes,https://tcykyktvdlsbscrsbjyt.supabase.co/storage/v1/object/public/machine-images/wacker-neuson-st31-hero.webp,pass
machine,mdl_wacker_neuson_st35,wacker-neuson-st35,hero,yes,https://tcykyktvdlsbscrsbjyt.supabase.co/storage/v1/object/public/catalog-images/450x86x56-c-block-01.webp,pass
machine,mdl_wacker_neuson_st40,wacker-neuson-st40,hero,yes,https://tcykyktvdlsbscrsbjyt.supabase.co/storage/v1/object/public/catalog-images/450x86Bx58-x-terrain-01.webp,pass
machine,mdl_wacker_neuson_st45,wacker-neuson-st45,hero,yes,https://tcykyktvdlsbscrsbjyt.supabase.co/storage/v1/object/public/machine-images/wacker-neuson-st45-hero.webp,pass
machine,mdl_wacker_neuson_st50,wacker-neuson-st50,hero,yes,https://tcykyktvdlsbscrsbjyt.supabase.co/storage/v1/object/public/machine-images/wacker-neuson-st50-hero.webp,pass
machine,mdl_yanmar_b3u,yanmar-b3-u,hero,yes,https://tcykyktvdlsbscrsbjyt.supabase.co/storage/v1/object/public/catalog-images/300x52.5Nx84-directional-01.webp,pass
machine,mdl_yanmar_t_210,yanmar-t210,hero,yes,https://tcykyktvdlsbscrsbjyt.supabase.co/storage/v1/object/public/machine-images/yanmar-t210-hero.webp,pass
machine,mdl_yanmar_t175,yanmar-t175,hero,yes,https://tcykyktvdlsbscrsbjyt.supabase.co/storage/v1/object/public/catalog-images/320x86x54-multi-bar-01.webp,pass
machine,mdl_yanmar_vio_30_1,yanmar-vio-30-1-offset-type,hero,yes,https://tcykyktvdlsbscrsbjyt.supabase.co/storage/v1/object/public/catalog-images/300x55.5x82-mx-01.webp,pass
machine,mdl_yanmar_vio_30_2,yanmar-vio-30-2-offset-type,hero,yes,https://tcykyktvdlsbscrsbjyt.supabase.co/storage/v1/object/public/catalog-images/300x55.5x82-mx-01.webp,pass
machine,mdl_yanmar_vio_30_3s,yanmar-vio-30-3s-offset-type,hero,yes,https://tcykyktvdlsbscrsbjyt.supabase.co/storage/v1/object/public/catalog-images/300x55.5x82-mx-01.webp,pass
machine,mdl_yanmar_vio_30v,yanmar-vio-30v-offset-type,hero,yes,https://tcykyktvdlsbscrsbjyt.supabase.co/storage/v1/object/public/catalog-images/300x55.5x82-mx-01.webp,pass
machine,mdl_yanmar_vio_33,yanmar-vio-33-offset-type,hero,yes,https://tcykyktvdlsbscrsbjyt.supabase.co/storage/v1/object/public/catalog-images/300x55.5x82-mx-01.webp,pass
machine,mdl_yanmar_vio_35,yanmar-vio-35-offset-type,hero,yes,https://tcykyktvdlsbscrsbjyt.supabase.co/storage/v1/object/public/catalog-images/300x55.5x82-mx-01.webp,pass
machine,mdl_yanmar_vio_35_1,yanmar-vio-35-1-offset-type,hero,yes,https://tcykyktvdlsbscrsbjyt.supabase.co/storage/v1/object/public/catalog-images/300x55.5x82-mx-01.webp,pass
machine,mdl_yanmar_vio_35_2,yanmar-vio-35-2-offset-type,hero,yes,https://tcykyktvdlsbscrsbjyt.supabase.co/storage/v1/object/public/catalog-images/300x55.5x82-mx-01.webp,pass
machine,mdl_yanmar_vio_35_3,yanmar-vio-35-3-offset-type,hero,yes,https://tcykyktvdlsbscrsbjyt.supabase.co/storage/v1/object/public/catalog-images/300x55.5x82-mx-01.webp,pass
machine,mdl_yanmar_vio_35_5,yanmar-vio-35-5-offset-type,hero,yes,https://tcykyktvdlsbscrsbjyt.supabase.co/storage/v1/object/public/catalog-images/300x55.5x82-mx-01.webp,pass
machine,mdl_yanmar_vio_35cr,yanmar-vio-35cr-offset-type,hero,yes,https://tcykyktvdlsbscrsbjyt.supabase.co/storage/v1/object/public/catalog-images/300x55.5x82-mx-01.webp,pass
machine,mdl_yanmar_vio_38,yanmar-vio-38-offset-type,hero,yes,https://tcykyktvdlsbscrsbjyt.supabase.co/storage/v1/object/public/catalog-images/300x55.5x82-mx-01.webp,pass
machine,mdl_yanmar_vio_40,yanmar-vio-40-offset-type,hero,yes,https://tcykyktvdlsbscrsbjyt.supabase.co/storage/v1/object/public/catalog-images/400x75.5x74-mx-01.webp,pass
machine,mdl_yanmar_vio_50_3,yanmar-vio-50-3-offset-type,hero,yes,https://tcykyktvdlsbscrsbjyt.supabase.co/storage/v1/object/public/catalog-images/400x75.5x74-mx-01.webp,pass
machine,mdl_yanmar_vio_55_cr,yanmar-vio-55-cr-offset-type,hero,yes,https://tcykyktvdlsbscrsbjyt.supabase.co/storage/v1/object/public/catalog-images/400x75.5x74-mx-01.webp,pass
machine,mdl_yanmar_vio_57u,yanmar-vio-57u-offset-type,hero,yes,https://tcykyktvdlsbscrsbjyt.supabase.co/storage/v1/object/public/catalog-images/400x75.5x74-mx-01.webp,pass
machine,mdl_yanmar_vio_45_v,yanmar-vio-45v-offset-type,hero,yes,https://tcykyktvdlsbscrsbjyt.supabase.co/storage/v1/object/public/catalog-images/400x75.5x74-mx-01.webp,pass
machine,mdl_yanmar_vio_50_v,yanmar-vio-50v-offset-type,hero,yes,https://tcykyktvdlsbscrsbjyt.supabase.co/storage/v1/object/public/catalog-images/400x75.5x74-mx-01.webp,pass
machine,mdl_yanmar_vio27_2,yanmar-vio-27-2-offset-type,hero,yes,https://tcykyktvdlsbscrsbjyt.supabase.co/storage/v1/object/public/catalog-images/400x72.5Wx76-directional-01.webp,pass
machine,mdl_yanmar_vio27_3,yanmar-vio-27-3-offset-type,hero,yes,https://tcykyktvdlsbscrsbjyt.supabase.co/storage/v1/object/public/catalog-images/400x72.5Wx76-directional-01.webp,pass
machine,mdl_yanmar_vio27_5,yanmar-vio-27-5-offset-type,hero,yes,https://tcykyktvdlsbscrsbjyt.supabase.co/storage/v1/object/public/catalog-images/400x72.5Wx76-directional-01.webp,pass
machine,mdl_yanmar_vio35_6a,yanmar-vio-35-6a,hero,yes,https://tcykyktvdlsbscrsbjyt.supabase.co/storage/v1/object/public/catalog-images/300x52.5Kx88-directional-01.webp,pass
machine,mdl_yanmar_vio40_1,yanmar-vio-40-1-offset-type,hero,yes,https://tcykyktvdlsbscrsbjyt.supabase.co/storage/v1/object/public/catalog-images/400x75.5x74-mx-01.webp,pass
machine,mdl_yanmar_vio40_2,yanmar-vio-40-2-offset-type,hero,yes,https://tcykyktvdlsbscrsbjyt.supabase.co/storage/v1/object/public/catalog-images/400x75.5x74-mx-01.webp,pass
machine,mdl_yanmar_vio40v,yanmar-vio-40v-offset-type,hero,yes,https://tcykyktvdlsbscrsbjyt.supabase.co/storage/v1/object/public/catalog-images/400x75.5x74-mx-01.webp,pass
machine,mdl_yanmar_vio45,yanmar-vio-45-offset-type,hero,yes,https://tcykyktvdlsbscrsbjyt.supabase.co/storage/v1/object/public/catalog-images/400x75.5x74-mx-01.webp,pass
machine,mdl_yanmar_vio45_5,yanmar-vio-45-5-offset-type,hero,yes,https://tcykyktvdlsbscrsbjyt.supabase.co/storage/v1/object/public/catalog-images/400x75.5x74-mx-01.webp,pass
machine,mdl_yanmar_vio456a,yanmar-vio45-6a,hero,yes,https://tcykyktvdlsbscrsbjyt.supabase.co/storage/v1/object/public/catalog-images/400x72.5Wx76-directional-01.webp,pass
machine,mdl_yanmar_vio45cr,yanmar-vio-45-cr-offset-type,hero,yes,https://tcykyktvdlsbscrsbjyt.supabase.co/storage/v1/object/public/catalog-images/400x75.5x74-mx-01.webp,pass
machine,mdl_yanmar_vio50_1,yanmar-vio-50-1-offset-type,hero,yes,https://tcykyktvdlsbscrsbjyt.supabase.co/storage/v1/object/public/catalog-images/400x75.5x74-mx-01.webp,pass
machine,mdl_yanmar_vio50_2,yanmar-vio-50-2-offset-type,hero,yes,https://tcykyktvdlsbscrsbjyt.supabase.co/storage/v1/object/public/catalog-images/400x75.5x74-mx-01.webp,pass
machine,mdl_yanmar_vio55,yanmar-vio-55-offset-type,hero,yes,https://tcykyktvdlsbscrsbjyt.supabase.co/storage/v1/object/public/catalog-images/400x75.5x74-mx-01.webp,pass
machine,mdl_yanmar_vio55_5,yanmar-vio-55-5-offset-type,hero,yes,https://tcykyktvdlsbscrsbjyt.supabase.co/storage/v1/object/public/catalog-images/400x75.5x74-mx-01.webp,pass
machine,mdl_yanmar_vio55_6a,yanmar-vio-55-6a,hero,yes,https://tcykyktvdlsbscrsbjyt.supabase.co/storage/v1/object/public/catalog-images/400x72.5Wx76-directional-01.webp,pass
track_size,150x48Bx67,,products,1,,pass
track_size,160x87.63x28,,products,2,,pass
track_size,160x87.63x37,,products,2,,pass
track_size,180x60x39,,products,1,,pass
track_size,180x72Kx44,,products,1,,pass
track_size,180x72Kx45,,products,2,,pass
track_size,180x72x33,,products,1,,pass
track_size,180x72x36,,products,1,,pass
track_size,180x72x37,,products,1,,pass
track_size,180x72x39,,products,3,,pass
track_size,180x72x40,,products,1,,pass
track_size,180x72x41,,products,1,,pass
track_size,180x72x42,,products,1,,pass
track_size,230x48x60,,products,1,,pass
track_size,230x48x62,,products,1,,pass
track_size,230x48x64,,products,1,,pass
track_size,230x48x68,,products,1,,pass
track_size,230x48x70,,products,2,,pass
track_size,230x48x72,,products,1,,pass
track_size,230x72Kx44,,products,1,,pass
track_size,230x72Kx45,,products,1,,pass
track_size,230x72x39,,products,1,,pass
track_size,230x72x42,,products,1,,pass
track_size,230x72x43,,products,1,,pass
track_size,230x96x31,,products,1,,pass
track_size,230x96x36,,products,1,,pass
track_size,240x87.63x28,,products,2,,pass
track_size,240x87.63x37,,products,2,,pass
track_size,250x48Bx67,,products,1,,pass
track_size,250x72x39,,products,2,,pass
track_size,250x72x45,,products,1,,pass
track_size,250x72x52,,products,2,,pass
track_size,300x52.5Kx86,,products,1,,pass
track_size,300x52.5Kx88,,products,1,,pass
track_size,300x52.5Nx74,,products,1,,pass
track_size,300x52.5Nx76,,products,1,,pass
track_size,300x52.5Nx78,,products,1,,pass
track_size,300x52.5Nx80,,products,3,,pass
track_size,300x52.5Nx84,,products,1,,pass
track_size,300x52.5Nx86,,products,2,,pass
track_size,300x52.5Nx92,,products,1,,pass
track_size,300x52.5Wx76,,products,1,,pass
track_size,300x52.5Wx78,,products,2,,pass
track_size,300x52.5Wx82,,products,1,,pass
track_size,300x52.5Wx84,,products,2,,pass
track_size,300x52.5Wx86,,products,2,,pass
track_size,300x52.5Wx88,,products,1,,pass
track_size,300x52.5Wx90,,products,3,,pass
track_size,300x52.5x86,,products,1,,pass
track_size,300x53x80,,products,2,,pass
track_size,300x53x84,,products,1,,pass
track_size,300x55.5x82,,products,1,,pass
track_size,300x84x46,,products,1,,pass
track_size,300x86Bx48,,products,1,,pass
track_size,320x100x40,,products,1,,pass
track_size,320x100x43,,products,1,,pass
track_size,320x54x72,,products,1,,pass
track_size,320x54x82,,products,1,,pass
track_size,320x54x90,,products,1,,pass
track_size,320x84Bx46,,products,2,,pass
track_size,320x86Bx49,,products,10,,pass
track_size,320x86Bx50,,products,11,,pass
track_size,320x86Bx52,,products,10,,pass
track_size,320x86Bx53,,products,9,,pass
track_size,320x86Bx54,,products,2,,pass
track_size,320x86x46,,products,3,,pass
track_size,320x86x48,,products,2,,pass
track_size,320x86x52,,products,4,,pass
track_size,350x52.5x86,,products,3,,pass
track_size,350x52.5x90,,products,1,,pass
track_size,350x52.5x92,,products,1,,pass
track_size,350x54.5x86,,products,1,,pass
track_size,350x75.5x74,,products,1,,pass
track_size,380x86Bx52,,products,2,,pass
track_size,381x100.5x42,,products,1,,pass
track_size,400x72.5Kx72,,products,1,,pass
track_size,400x72.5Kx74,,products,1,,pass
track_size,400x72.5Nx70,,products,1,,pass
track_size,400x72.5Nx72,,products,2,,pass
track_size,400x72.5Nx74,,products,4,,pass
track_size,400x72.5Wx1,,products,1,,pass
track_size,400x72.5Wx70,,products,1,,pass
track_size,400x72.5Wx72,,products,4,,pass
track_size,400x72.5Wx74,,products,4,,pass
track_size,400x72.5Wx76,,products,2,,pass
track_size,400x73x76,,products,1,,pass
track_size,400x74x72,,products,1,,pass
track_size,400x75.5x74,,products,1,,pass
track_size,400x86Bx49,,products,7,,pass
track_size,400x86Bx50,,products,8,,pass
track_size,400x86Bx52,,products,9,,pass
track_size,400x86Bx53,,products,8,,pass
track_size,400x86Bx54,,products,4,,pass
track_size,400x86Bx55,,products,4,,pass
track_size,400x86Bx56,,products,2,,pass
track_size,400x86Bx58,,products,1,,pass
track_size,400x86Bx60,,products,1,,pass
track_size,400x86x52,,products,3,,pass
track_size,406x152.4x53,,products,1,,pass
track_size,450x100x48,,products,6,,pass
track_size,450x100x50,,products,6,,pass
track_size,450x71x82,,products,1,,pass
track_size,450x71x84,,products,1,,pass
track_size,450x71x86,,products,1,,pass
track_size,450x76x80,,products,1,,pass
track_size,450x81.5x76,,products,2,,pass
track_size,450x81Nx76,,products,1,,pass
track_size,450x81Nx78,,products,2,,pass
track_size,450x81Wx74,,products,1,,pass
track_size,450x81Wx76,,products,4,,pass
track_size,450x81Wx78,,products,1,,pass
track_size,450x83.5Kx74,,products,2,,pass
track_size,450x83.5Yx74,,products,1,,pass
track_size,450x83.5x72,,products,1,,pass
track_size,450x86Bx52,,products,10,,pass
track_size,450x86Bx53,,products,7,,pass
track_size,450x86Bx55,,products,12,,pass
track_size,450x86Bx56,,products,13,,pass
track_size,450x86Bx58,,products,13,,pass
track_size,450x86Bx60,,products,14,,pass
track_size,450x86Bx63,,products,5,,pass
track_size,457x101.6x50,,products,1,,pass
track_size,457x101.6x51,,products,2,,pass
track_size,457x101.6x56,,products,1,,pass
track_size,457x152.4x55,,products,1,,pass
track_size,500x92x84,,products,1,,pass
track_size,700x100x98,,products,1,,pass
track_size,750x150x66,,products,1,,pass
