machine_id,shopify_handle,page_path,metaobject_path,primary_track_size,machine_status,status,issues
mdl_airman_ax12,airman-ax12,/pages/fitment/airman-ax12,/metaobjects/model/airman-ax12,230x96x31,active_v1,pass,
mdl_airman_ax12_2,airman-ax12-2,/pages/fitment/airman-ax12-2,/metaobjects/model/airman-ax12-2,230x96x31,active_v1,pass,
mdl_airman_ax15_2,airman-ax15-2,/pages/fitment/airman-ax15-2,/metaobjects/model/airman-ax15-2,230x96x31,active_v1,pass,
mdl_airman_ax15u,airman-ax15u,/pages/fitment/airman-ax15u,/metaobjects/model/airman-ax15u,230x96x31,active_v1,pass,
mdl_airman_ax17u,airman-ax17u,/pages/fitment/airman-ax17u,/metaobjects/model/airman-ax17u,230x48x70,active_v1,pass,
mdl_airman_ax30u_4,airman-ax30u-4,/pages/fitment/airman-ax30u-4,/metaobjects/model/airman-ax30u-4,300x52.5x86,active_v1,pass,
mdl_airman_ax351,airman-ax35-1,/pages/fitment/airman-ax35-1,/metaobjects/model/airman-ax35-1,300x52.5Nx84,active_v1,pass,
mdl_airman_ax352,airman-ax35-2,/pages/fitment/airman-ax35-2,/metaobjects/model/airman-ax35-2,300x52.5Nx84,active_v1,pass,
mdl_airman_ax35u,airman-ax35u,/pages/fitment/airman-ax35u,/metaobjects/model/airman-ax35u,300x52.5x86,active_v1,pass,
mdl_airman_ax35u_4,airman-ax35u-4,/pages/fitment/airman-ax35u-4,/metaobjects/model/airman-ax35u-4,300x52.5x86,active_v1,pass,
mdl_airman_ax36u,airman-ax36u,/pages/fitment/airman-ax36u,/metaobjects/model/airman-ax36u,300x52.5x86,active_v1,pass,
mdl_airman_ax36ucgl,airman-ax36ucgl,/pages/fitment/airman-ax36ucgl,/metaobjects/model/airman-ax36ucgl,300x52.5x86,active_v1,pass,
mdl_airman_axc12,airman-axc12,/pages/fitment/airman-axc12,/metaobjects/model/airman-axc12,230x96x31,active_v1,pass,
mdl_airman_axc15,airman-axc15,/pages/fitment/airman-axc15,/metaobjects/model/airman-axc15,230x96x31,active_v1,pass,
mdl_asv_posi_trac_hd4520,asv-posi-trachd4520,/pages/fitment/asv-posi-trachd4520,/metaobjects/model/asv-posi-trachd4520,,active_v1,pass,
mdl_asv_posi_trac2800,asv-posi-trac2800,/pages/fitment/asv-posi-trac2800,/metaobjects/model/asv-posi-trac2800,457x101.6x56,active_v1,pass,
mdl_asv_posi_trac2810,asv-posi-trac2810,/pages/fitment/asv-posi-trac2810,/metaobjects/model/asv-posi-trac2810,457x101.6x56,active_v1,pass,
mdl_asv_posi_trac4800,asv-posi-trac4800,/pages/fitment/asv-posi-trac4800,/metaobjects/model/asv-posi-trac4800,457x101.6x56,active_v1,pass,
mdl_asv_posi_trac4810,asv-posi-trac4810,/pages/fitment/asv-posi-trac4810,/metaobjects/model/asv-posi-trac4810,457x101.6x56,active_v1,pass,
mdl_asv_posi_trachd4500,asv-posi-trachd4500,/pages/fitment/asv-posi-trachd4500,/metaobjects/model/asv-posi-trachd4500,457x101.6x56,active_v1,pass,
mdl_asv_pt_50,asv-pt-50,/pages/fitment/asv-pt-50,/metaobjects/model/asv-pt-50,381x100.5x42,active_v1,pass,
mdl_asv_pt_60,asv-pt-60,/pages/fitment/asv-pt-60,/metaobjects/model/asv-pt-60,381x100.5x42,active_v1,pass,
mdl_asv_pt_80,asv-pt-80,/pages/fitment/asv-pt-80,/metaobjects/model/asv-pt-80,457x101.6x51,active_v1,pass,
mdl_asv_pt100,asv-pt-100,/pages/fitment/asv-pt-100,/metaobjects/model/asv-pt-100,457x101.6x51,active_v1,pass,
mdl_asv_rc_50,asv-rc-50,/pages/fitment/asv-rc-50,/metaobjects/model/asv-rc-50,381x100.5x42,active_v1,pass,
mdl_asv_rc_60,asv-rc-60,/pages/fitment/asv-rc-60,/metaobjects/model/asv-rc-60,381x100.5x42,active_v1,pass,
mdl_asv_rc100,asv-rc100,/pages/fitment/asv-rc100,/metaobjects/model/asv-rc100,457x101.6x51,active_v1,pass,
mdl_asv_rc85,asv-rc85,/pages/fitment/asv-rc85,/metaobjects/model/asv-rc85,457x101.6x51,active_v1,pass,
mdl_asv_rcv,asv-rcv,/pages/fitment/asv-rcv,/metaobjects/model/asv-rcv,457x101.6x51,active_v1,pass,
mdl_asv_rcv85,asv-rcv-85,/pages/fitment/asv-rcv-85,/metaobjects/model/asv-rcv-85,457x101.6x51,active_v1,pass,
mdl_asv_rt_120f,asv-rt-120f,/pages/fitment/asv-rt-120f,/metaobjects/model/asv-rt-120f,457x101.6x51,active_v1,pass,
mdl_asv_rt_135f,asv-rt-135f,/pages/fitment/asv-rt-135f,/metaobjects/model/asv-rt-135f,457x101.6x51,active_v1,pass,
mdl_asv_rt_25,asv-rt25,/pages/fitment/asv-rt25,/metaobjects/model/asv-rt25,,active_v1,pass,
mdl_asv_rt_30,asv-rt30,/pages/fitment/asv-rt30,/metaobjects/model/asv-rt30,,active_v1,pass,
mdl_asv_rt_40,asv-rt40,/pages/fitment/asv-rt40,/metaobjects/model/asv-rt40,,active_v1,pass,
mdl_asv_rt_50,asv-rt-50,/pages/fitment/asv-rt-50,/metaobjects/model/asv-rt-50,,active_v1,pass,
mdl_asv_rt_60,asv-rt-60,/pages/fitment/asv-rt-60,/metaobjects/model/asv-rt-60,381x100.5x42,active_v1,pass,
mdl_asv_rt_65,asv-rt-65,/pages/fitment/asv-rt-65,/metaobjects/model/asv-rt-65,,active_v1,pass,
mdl_asv_rt_75,asv-rt-75,/pages/fitment/asv-rt-75,/metaobjects/model/asv-rt-75,,active_v1,pass,
mdl_asv_rt_75_hd,asv-rt-75hd,/pages/fitment/asv-rt-75hd,/metaobjects/model/asv-rt-75hd,457x101.6x51,active_v1,pass,
mdl_asv_sc_50,asv-sc-50,/pages/fitment/asv-sc-50,/metaobjects/model/asv-sc-50,381x100.5x42,active_v1,pass,
mdl_asv_sr80,asv-sr-80,/pages/fitment/asv-sr-80,/metaobjects/model/asv-sr-80,457x101.6x51,active_v1,pass,
mdl_asv_vt_70,asv-vt-70,/pages/fitment/asv-vt-70,/metaobjects/model/asv-vt-70,,active_v1,pass,
mdl_bobcat_220,bobcat-220,/pages/fitment/bobcat-220,/metaobjects/model/bobcat-220,230x72Kx45,active_v1,pass,
mdl_bobcat_225,bobcat-225,/pages/fitment/bobcat-225,/metaobjects/model/bobcat-225,300x52.5Nx74,active_v1,pass,
mdl_bobcat_231,bobcat-231,/pages/fitment/bobcat-231,/metaobjects/model/bobcat-231,300x52.5Nx80,active_v1,pass,
mdl_bobcat_320,bobcat-320,/pages/fitment/bobcat-320,/metaobjects/model/bobcat-320,230x72Kx45,active_v1,pass,
mdl_bobcat_320d,bobcat-320d,/pages/fitment/bobcat-320d,/metaobjects/model/bobcat-320d,,active_v1,pass,
mdl_bobcat_320e,bobcat-320e,/pages/fitment/bobcat-320e,/metaobjects/model/bobcat-320e,,active_v1,pass,
mdl_bobcat_321,bobcat-321,/pages/fitment/bobcat-321,/metaobjects/model/bobcat-321,,active_v1,pass,
mdl_bobcat_322,bobcat-322,/pages/fitment/bobcat-322,/metaobjects/model/bobcat-322,,active_v1,pass,
mdl_bobcat_323,bobcat-323,/pages/fitment/bobcat-323,/metaobjects/model/bobcat-323,,active_v1,pass,
mdl_bobcat_324,bobcat-324,/pages/fitment/bobcat-324,/metaobjects/model/bobcat-324,,active_v1,pass,
mdl_bobcat_325,bobcat-325,/pages/fitment/bobcat-325,/metaobjects/model/bobcat-325,300x52.5Nx74,active_v1,pass,
mdl_bobcat_328,bobcat-328,/pages/fitment/bobcat-328,/metaobjects/model/bobcat-328,300x52.5Nx74,active_v1,pass,
mdl_bobcat_329,bobcat-329,/pages/fitment/bobcat-329,/metaobjects/model/bobcat-329,300x52.5Nx80,active_v1,pass,
mdl_bobcat_331,bobcat-331,/pages/fitment/bobcat-331,/metaobjects/model/bobcat-331,300x52.5Nx80,active_v1,pass,
mdl_bobcat_331e,bobcat-331e,/pages/fitment/bobcat-331e,/metaobjects/model/bobcat-331e,300x52.5Nx80,active_v1,pass,
mdl_bobcat_334,bobcat-334,/pages/fitment/bobcat-334,/metaobjects/model/bobcat-334,300x52.5Nx80,active_v1,pass,
mdl_bobcat_337,bobcat-337,/pages/fitment/bobcat-337,/metaobjects/model/bobcat-337,400x72.5Kx74,active_v1,pass,
mdl_bobcat_341,bobcat-341,/pages/fitment/bobcat-341,/metaobjects/model/bobcat-341,400x72.5Kx74,active_v1,pass,
mdl_bobcat_418,bobcat-418,/pages/fitment/bobcat-418,/metaobjects/model/bobcat-418,180x72x39,active_v1,pass,
mdl_bobcat_425,bobcat-425,/pages/fitment/bobcat-425,/metaobjects/model/bobcat-425,300x52.5Nx80,active_v1,pass,
mdl_bobcat_428,bobcat-428,/pages/fitment/bobcat-428,/metaobjects/model/bobcat-428,300x52.5Nx80,active_v1,pass,
mdl_bobcat_430,bobcat-430,/pages/fitment/bobcat-430,/metaobjects/model/bobcat-430,,active_v1,pass,
mdl_bobcat_435,bobcat-435,/pages/fitment/bobcat-435,/metaobjects/model/bobcat-435,400x72.5Kx74,active_v1,pass,
mdl_bobcat_442,bobcat-442,/pages/fitment/bobcat-442,/metaobjects/model/bobcat-442,400x72.5Kx74,active_v1,pass,
mdl_bobcat_864,bobcat-864,/pages/fitment/bobcat-864,/metaobjects/model/bobcat-864,320x86x52,active_v1,pass,
mdl_bobcat_cx27b,bobcat-cx27b,/pages/fitment/bobcat-cx27b,/metaobjects/model/bobcat-cx27b,300x52.5Nx80,active_v1,pass,
mdl_bobcat_e08,bobcat-e08,/pages/fitment/bobcat-e08,/metaobjects/model/bobcat-e08,180x72x39,active_v1,pass,
mdl_bobcat_e10,bobcat-e10,/pages/fitment/bobcat-e10,/metaobjects/model/bobcat-e10,180x72x39,active_v1,pass,
mdl_bobcat_e20,bobcat-e20,/pages/fitment/bobcat-e20,/metaobjects/model/bobcat-e20,230x48x72,active_v1,pass,
mdl_bobcat_e25,bobcat-e25,/pages/fitment/bobcat-e25,/metaobjects/model/bobcat-e25,300x52.5Nx76,active_v1,pass,
mdl_bobcat_e26,bobcat-e26,/pages/fitment/bobcat-e26,/metaobjects/model/bobcat-e26,300x52.5Nx80,active_v1,pass,
mdl_bobcat_e27,bobcat-e27,/pages/fitment/bobcat-e27,/metaobjects/model/bobcat-e27,300x52.5Nx80,active_v1,pass,
mdl_bobcat_e27z,bobcat-e27z,/pages/fitment/bobcat-e27z,/metaobjects/model/bobcat-e27z,300x52.5Nx80,active_v1,pass,
mdl_bobcat_e32,bobcat-e32,/pages/fitment/bobcat-e32,/metaobjects/model/bobcat-e32,300x52.5Nx80,active_v1,pass,
mdl_bobcat_e32i,bobcat-e32i,/pages/fitment/bobcat-e32i,/metaobjects/model/bobcat-e32i,300x52.5Nx80,active_v1,pass,
mdl_bobcat_e34,bobcat-e34,/pages/fitment/bobcat-e34,/metaobjects/model/bobcat-e34,300x52.5Nx84,active_v1,pass,
mdl_bobcat_e35,bobcat-e35,/pages/fitment/bobcat-e35,/metaobjects/model/bobcat-e35,300x52.5Nx84,active_v1,pass,
mdl_bobcat_e35i,bobcat-e35i,/pages/fitment/bobcat-e35i,/metaobjects/model/bobcat-e35i,300x52.5Nx84,active_v1,pass,
mdl_bobcat_e35z,bobcat-e35z,/pages/fitment/bobcat-e35z,/metaobjects/model/bobcat-e35z,300x52.5Nx84,active_v1,pass,
mdl_bobcat_e37,bobcat-e37,/pages/fitment/bobcat-e37,/metaobjects/model/bobcat-e37,300x52.5Nx84,active_v1,pass,
mdl_bobcat_e42,bobcat-e42,/pages/fitment/bobcat-e42,/metaobjects/model/bobcat-e42,,active_v1,pass,
mdl_bobcat_e45,bobcat-e45,/pages/fitment/bobcat-e45,/metaobjects/model/bobcat-e45,400x72.5Kx74,active_v1,pass,
mdl_bobcat_e50,bobcat-e50,/pages/fitment/bobcat-e50,/metaobjects/model/bobcat-e50,400x72.5Kx74,active_v1,pass,
mdl_bobcat_e55,bobcat-e55,/pages/fitment/bobcat-e55,/metaobjects/model/bobcat-e55,400x72.5Kx74,active_v1,pass,
mdl_bobcat_e55z,bobcat-e55z,/pages/fitment/bobcat-e55z,/metaobjects/model/bobcat-e55z,400x72.5Kx74,active_v1,pass,
mdl_bobcat_e60,bobcat-e60,/pages/fitment/bobcat-e60,/metaobjects/model/bobcat-e60,400x72.5Wx76,active_v1,pass,
mdl_bobcat_e62,bobcat-e62,/pages/fitment/bobcat-e62,/metaobjects/model/bobcat-e62,400x72.5Wx76,active_v1,pass,
mdl_bobcat_e63,bobcat-e63,/pages/fitment/bobcat-e63,/metaobjects/model/bobcat-e63,400x72.5Wx76,active_v1,pass,
mdl_bobcat_e80,bobcat-e80,/pages/fitment/bobcat-e80,/metaobjects/model/bobcat-e80,450x81Nx76,active_v1,pass,
mdl_bobcat_e85,bobcat-e85,/pages/fitment/bobcat-e85,/metaobjects/model/bobcat-e85,450x81Nx76,active_v1,pass,
mdl_bobcat_mt100,bobcat-mt100,/pages/fitment/bobcat-mt100,/metaobjects/model/bobcat-mt100,180x72Kx45,active_v1,pass,
mdl_bobcat_mt50,bobcat-mt50,/pages/fitment/bobcat-mt50,/metaobjects/model/bobcat-mt50,180x72x39,active_v1,pass,
mdl_bobcat_mt52,bobcat-mt52,/pages/fitment/bobcat-mt52,/metaobjects/model/bobcat-mt52,180x72x39,active_v1,pass,
mdl_bobcat_mt55,bobcat-mt55,/pages/fitment/bobcat-mt55,/metaobjects/model/bobcat-mt55,180x72x39,active_v1,pass,
mdl_bobcat_mt85,bobcat-mt85,/pages/fitment/bobcat-mt85,/metaobjects/model/bobcat-mt85,180x72Kx45,active_v1,pass,
mdl_bobcat_t110,bobcat-t110,/pages/fitment/bobcat-t110,/metaobjects/model/bobcat-t110,250x72x52,active_v1,pass,
mdl_bobcat_t140,bobcat-t140,/pages/fitment/bobcat-t140,/metaobjects/model/bobcat-t140,320x84Bx46,active_v1,pass,
mdl_bobcat_t180,bobcat-t180,/pages/fitment/bobcat-t180,/metaobjects/model/bobcat-t180,320x86Bx49,active_v1,pass,
mdl_bobcat_t190,bobcat-t190,/pages/fitment/bobcat-t190,/metaobjects/model/bobcat-t190,320x86Bx49,active_v1,pass,
mdl_bobcat_t200,bobcat-t200,/pages/fitment/bobcat-t200,/metaobjects/model/bobcat-t200,320x86x52,active_v1,pass,
mdl_bobcat_t250,bobcat-t250,/pages/fitment/bobcat-t250,/metaobjects/model/bobcat-t250,450x86Bx55,active_v1,pass,
mdl_bobcat_t300,bobcat-t300,/pages/fitment/bobcat-t300,/metaobjects/model/bobcat-t300,450x86Bx55,active_v1,pass,
mdl_bobcat_t320,bobcat-t320,/pages/fitment/bobcat-t320,/metaobjects/model/bobcat-t320,450x86Bx55,active_v1,pass,
mdl_bobcat_t450,bobcat-t450,/pages/fitment/bobcat-t450,/metaobjects/model/bobcat-t450,320x84Bx46,active_v1,pass,
mdl_bobcat_t550,bobcat-t550,/pages/fitment/bobcat-t550,/metaobjects/model/bobcat-t550,400x86Bx49,active_v1,pass,
mdl_bobcat_t590,bobcat-t590,/pages/fitment/bobcat-t590,/metaobjects/model/bobcat-t590,320x86Bx49,active_v1,pass,
mdl_bobcat_t595,bobcat-t595,/pages/fitment/bobcat-t595,/metaobjects/model/bobcat-t595,320x86Bx49,active_v1,pass,
mdl_bobcat_t62,bobcat-t62,/pages/fitment/bobcat-t62,/metaobjects/model/bobcat-t62,400x86Bx50,active_v1,pass,
mdl_bobcat_t630,bobcat-t630,/pages/fitment/bobcat-t630,/metaobjects/model/bobcat-t630,320x86x52,active_v1,pass,
mdl_bobcat_t64,bobcat-t64,/pages/fitment/bobcat-t64,/metaobjects/model/bobcat-t64,400x86Bx50,active_v1,pass,
mdl_bobcat_t650,bobcat-t650,/pages/fitment/bobcat-t650,/metaobjects/model/bobcat-t650,320x86x52,active_v1,pass,
mdl_bobcat_t66,bobcat-t66,/pages/fitment/bobcat-t66,/metaobjects/model/bobcat-t66,400x86Bx50,active_v1,pass,
mdl_bobcat_t730,bobcat-t730,/pages/fitment/bobcat-t730,/metaobjects/model/bobcat-t730,450x86Bx55,active_v1,pass,
mdl_bobcat_t740,bobcat-t740,/pages/fitment/bobcat-t740,/metaobjects/model/bobcat-t740,450x86Bx55,active_v1,pass,
mdl_bobcat_t750,bobcat-t750,/pages/fitment/bobcat-t750,/metaobjects/model/bobcat-t750,450x86Bx55,active_v1,pass,
mdl_bobcat_t76,bobcat-t76,/pages/fitment/bobcat-t76,/metaobjects/model/bobcat-t76,320x86Bx53,active_v1,pass,
mdl_bobcat_t770,bobcat-t770,/pages/fitment/bobcat-t770,/metaobjects/model/bobcat-t770,450x86Bx55,active_v1,pass,
mdl_bobcat_t830,bobcat-t830,/pages/fitment/bobcat-t830,/metaobjects/model/bobcat-t830,450x86Bx58,active_v1,pass,
mdl_bobcat_t86,bobcat-t86,/pages/fitment/bobcat-t86,/metaobjects/model/bobcat-t86,450x86Bx58,active_v1,pass,
mdl_bobcat_t864,bobcat-t864,/pages/fitment/bobcat-t864,/metaobjects/model/bobcat-t864,320x86x52,active_v1,pass,
mdl_bobcat_t870,bobcat-t870,/pages/fitment/bobcat-t870,/metaobjects/model/bobcat-t870,450x86Bx58,active_v1,pass,
mdl_boxer_118,boxer-118,/pages/fitment/boxer-118,/metaobjects/model/boxer-118,180x72x36,active_v1,pass,
mdl_boxer_320,boxer-320,/pages/fitment/boxer-320,/metaobjects/model/boxer-320,180x72x36,active_v1,pass,
mdl_boxer_322d,boxer-322d,/pages/fitment/boxer-322d,/metaobjects/model/boxer-322d,180x72x36,active_v1,pass,
mdl_boxer_400,boxer-400,/pages/fitment/boxer-400,/metaobjects/model/boxer-400,230x72x39,active_v1,pass,
mdl_boxer_427,boxer-427,/pages/fitment/boxer-427,/metaobjects/model/boxer-427,230x72x39,active_v1,pass,
mdl_boxer_526dx,boxer-526dx,/pages/fitment/boxer-526dx,/metaobjects/model/boxer-526dx,230x72x39,active_v1,pass,
mdl_boxer_530dx,boxer-530dx,/pages/fitment/boxer-530dx,/metaobjects/model/boxer-530dx,230x72x39,active_v1,pass,
mdl_boxer_532dx,boxer-532dx,/pages/fitment/boxer-532dx,/metaobjects/model/boxer-532dx,230x72x39,active_v1,pass,
mdl_boxer_brute_trx,boxer-brute-trx,/pages/fitment/boxer-brute-trx,/metaobjects/model/boxer-brute-trx,230x72x39,active_v1,pass,
mdl_case_15,case-15,/pages/fitment/case-15,/metaobjects/model/case-15,230x96x31,active_v1,pass,
mdl_case_15maxi,case-15maxi,/pages/fitment/case-15maxi,/metaobjects/model/case-15maxi,230x96x31,active_v1,pass,
mdl_case_16,case-16,/pages/fitment/case-16,/metaobjects/model/case-16,230x96x31,active_v1,pass,
mdl_case_16maxi,case-16maxi,/pages/fitment/case-16maxi,/metaobjects/model/case-16maxi,230x96x31,active_v1,pass,
mdl_case_16rtn,case-16rtn,/pages/fitment/case-16rtn,/metaobjects/model/case-16rtn,230x96x31,active_v1,pass,
mdl_case_420ct,case-420ct,/pages/fitment/case-420ct,/metaobjects/model/case-420ct,320x86Bx50,active_v1,pass,
mdl_case_440ct,case-440ct,/pages/fitment/case-440ct,/metaobjects/model/case-440ct,400x86Bx50,active_v1,pass,
mdl_case_445ct,case-445ct,/pages/fitment/case-445ct,/metaobjects/model/case-445ct,450x86Bx55,active_v1,pass,
mdl_case_450ct,case-450ct,/pages/fitment/case-450ct,/metaobjects/model/case-450ct,450x86Bx55,active_v1,pass,
mdl_case_6030,case-6030,/pages/fitment/case-6030,/metaobjects/model/case-6030,400x72.5Kx74,active_v1,pass,
mdl_case_ck16,case-ck16,/pages/fitment/case-ck16,/metaobjects/model/case-ck16,320x86x48,active_v1,pass,
mdl_case_ck28,case-ck28,/pages/fitment/case-ck28,/metaobjects/model/case-ck28,300x52.5Nx78,active_v1,pass,
mdl_case_ck32,case-ck32,/pages/fitment/case-ck32,/metaobjects/model/case-ck32,320x86x52,active_v1,pass,
mdl_case_ck50,case-ck50,/pages/fitment/case-ck50,/metaobjects/model/case-ck50,400x72.5Kx74,active_v1,pass,
mdl_case_ck52,case-ck52,/pages/fitment/case-ck52,/metaobjects/model/case-ck52,400x72.5Kx74,active_v1,pass,
mdl_case_ck62,case-ck62,/pages/fitment/case-ck62,/metaobjects/model/case-ck62,400x72.5Wx76,active_v1,pass,
mdl_case_cx14,case-cx14,/pages/fitment/case-cx14,/metaobjects/model/case-cx14,230x48x70,active_v1,pass,
mdl_case_cx14_zts,case-cx14-zts,/pages/fitment/case-cx14-zts,/metaobjects/model/case-cx14-zts,230x48x70,active_v1,pass,
mdl_case_cx15,case-cx15,/pages/fitment/case-cx15,/metaobjects/model/case-cx15,230x96x31,active_v1,pass,
mdl_case_cx15stc,case-cx15stc,/pages/fitment/case-cx15stc,/metaobjects/model/case-cx15stc,230x48x70,active_v1,pass,
mdl_case_cx15str,case-cx15str,/pages/fitment/case-cx15str,/metaobjects/model/case-cx15str,230x48x70,active_v1,pass,
mdl_case_cx16,case-cx16,/pages/fitment/case-cx16,/metaobjects/model/case-cx16,230x48x70,active_v1,pass,
mdl_case_cx16_2001,case-cx16-2001,/pages/fitment/case-cx16-2001,/metaobjects/model/case-cx16-2001,230x48x70,active_v1,pass,
mdl_case_cx16b,case-cx16b,/pages/fitment/case-cx16b,/metaobjects/model/case-cx16b,230x48x70,active_v1,pass,
mdl_case_cx17b,case-cx17b,/pages/fitment/case-cx17b,/metaobjects/model/case-cx17b,230x48x70,active_v1,pass,
mdl_case_cx17c,case-cx17c,/pages/fitment/case-cx17c,/metaobjects/model/case-cx17c,230x48x70,active_v1,pass,
mdl_case_cx18b,case-cx18b,/pages/fitment/case-cx18b,/metaobjects/model/case-cx18b,230x48x70,active_v1,pass,
mdl_case_cx20b,case-cx20b,/pages/fitment/case-cx20b,/metaobjects/model/case-cx20b,300x52.5Nx76,active_v1,pass,
mdl_case_cx22b,case-cx22b,/pages/fitment/case-cx22b,/metaobjects/model/case-cx22b,300x52.5Nx76,active_v1,pass,
mdl_case_cx25,case-cx25,/pages/fitment/case-cx25,/metaobjects/model/case-cx25,300x52.5Nx76,active_v1,pass,
mdl_case_cx26,case-cx26,/pages/fitment/case-cx26,/metaobjects/model/case-cx26,300x52.5Nx76,active_v1,pass,
mdl_case_cx26c,case-cx26c,/pages/fitment/case-cx26c,/metaobjects/model/case-cx26c,300x52.5Nx78,active_v1,pass,
mdl_case_cx27b,case-cx27b,/pages/fitment/case-cx27b,/metaobjects/model/case-cx27b,300x52.5Nx80,active_v1,pass,
mdl_case_cx28,case-cx28,/pages/fitment/case-cx28,/metaobjects/model/case-cx28,300x52.5Nx78,active_v1,pass,
mdl_case_cx30,case-cx30,/pages/fitment/case-cx30,/metaobjects/model/case-cx30,300x52.5Nx80,active_v1,pass,
mdl_case_cx30c,case-cx30c,/pages/fitment/case-cx30c,/metaobjects/model/case-cx30c,300x52.5Nx80,active_v1,pass,
mdl_case_cx33c,case-cx33c,/pages/fitment/case-cx33c,/metaobjects/model/case-cx33c,300x52.5x86,active_v1,pass,
mdl_case_cx35,case-cx35,/pages/fitment/case-cx35,/metaobjects/model/case-cx35,300x52.5x86,active_v1,pass,
mdl_case_cx36,case-cx36,/pages/fitment/case-cx36,/metaobjects/model/case-cx36,300x52.5Kx88,active_v1,pass,
mdl_case_cx36b,case-cx36b,/pages/fitment/case-cx36b,/metaobjects/model/case-cx36b,300x52.5Kx88,active_v1,pass,
mdl_case_cx37c,case-cx37c,/pages/fitment/case-cx37c,/metaobjects/model/case-cx37c,300x52.5x86,active_v1,pass,
mdl_case_cx39b,case-cx39b,/pages/fitment/case-cx39b,/metaobjects/model/case-cx39b,300x52.5Kx88,active_v1,pass,
mdl_case_cx47,case-cx47,/pages/fitment/case-cx47,/metaobjects/model/case-cx47,400x72.5Kx74,active_v1,pass,
mdl_case_cx50,case-cx50,/pages/fitment/case-cx50,/metaobjects/model/case-cx50,400x72.5Kx74,active_v1,pass,
mdl_case_cx50b,case-cx50b,/pages/fitment/case-cx50b,/metaobjects/model/case-cx50b,400x72.5Kx74,active_v1,pass,
mdl_case_cx55b,case-cx55b,/pages/fitment/case-cx55b,/metaobjects/model/case-cx55b,400x72.5Kx74,active_v1,pass,
mdl_case_cx55bmsr,case-cx55b-msr,/pages/fitment/case-cx55b-msr,/metaobjects/model/case-cx55b-msr,400x72.5Kx74,active_v1,pass,
mdl_case_cx57,case-cx57,/pages/fitment/case-cx57,/metaobjects/model/case-cx57,400x72.5Wx76,active_v1,pass,
mdl_case_cx57c,case-cx57c,/pages/fitment/case-cx57c,/metaobjects/model/case-cx57c,400x72.5Wx76,active_v1,pass,
mdl_case_cx60c,case-cx60c,/pages/fitment/case-cx60c,/metaobjects/model/case-cx60c,400x72.5Wx76,active_v1,pass,
mdl_case_cx65b,case-cx65b,/pages/fitment/case-cx65b,/metaobjects/model/case-cx65b,400x72.5Kx74,active_v1,pass,
mdl_case_cx75sr,case-cx75sr,/pages/fitment/case-cx75sr,/metaobjects/model/case-cx75sr,450x81Nx76,active_v1,pass,
mdl_case_cx80c,case-cx80c,/pages/fitment/case-cx80c,/metaobjects/model/case-cx80c,450x81Nx76,active_v1,pass,
mdl_case_tr270,case-tr270,/pages/fitment/case-tr270,/metaobjects/model/case-tr270,320x86Bx50,active_v1,pass,
mdl_case_tr270b,case-tr270b,/pages/fitment/case-tr270b,/metaobjects/model/case-tr270b,320x86Bx50,active_v1,pass,
mdl_case_tr310,case-tr310,/pages/fitment/case-tr310,/metaobjects/model/case-tr310,400x86Bx50,active_v1,pass,
mdl_case_tr310b,case-tr310b,/pages/fitment/case-tr310b,/metaobjects/model/case-tr310b,320x86Bx50,active_v1,pass,
mdl_case_tr320,case-tr320,/pages/fitment/case-tr320,/metaobjects/model/case-tr320,450x86Bx55,active_v1,pass,
mdl_case_tr320b,case-tr320b,/pages/fitment/case-tr320b,/metaobjects/model/case-tr320b,450x86Bx55,active_v1,pass,
mdl_case_tr340,case-tr340,/pages/fitment/case-tr340,/metaobjects/model/case-tr340,450x86Bx55,active_v1,pass,
mdl_case_tr340b,case-tr340b,/pages/fitment/case-tr340b,/metaobjects/model/case-tr340b,450x86Bx55,active_v1,pass,
mdl_case_tv370,case-tv370,/pages/fitment/case-tv370,/metaobjects/model/case-tv370,450x86Bx55,active_v1,pass,
mdl_case_tv370b,case-tv370b,/pages/fitment/case-tv370b,/metaobjects/model/case-tv370b,450x86Bx55,active_v1,pass,
mdl_case_tv380,case-tv380,/pages/fitment/case-tv380,/metaobjects/model/case-tv380,450x86Bx55,active_v1,pass,
mdl_case_tv450,case-tv450,/pages/fitment/case-tv450,/metaobjects/model/case-tv450,450x86Bx55,active_v1,pass,
mdl_case_tv450b,case-tv450b,/pages/fitment/case-tv450b,/metaobjects/model/case-tv450b,450x86Bx55,active_v1,pass,
mdl_case_tv620b,case-tv620b,/pages/fitment/case-tv620b,/metaobjects/model/case-tv620b,450x86Bx63,active_v1,pass,
mdl_cat_239d,caterpillar-239d,/pages/fitment/caterpillar-239d,/metaobjects/model/caterpillar-239d,320x86Bx49,active_v1,pass,
mdl_cat_239d3,caterpillar-239d3,/pages/fitment/caterpillar-239d3,/metaobjects/model/caterpillar-239d3,320x86Bx49,active_v1,pass,
mdl_cat_247,caterpillar-247,/pages/fitment/caterpillar-247,/metaobjects/model/caterpillar-247,,active_v1,pass,
mdl_cat_247b,caterpillar-247b,/pages/fitment/caterpillar-247b,/metaobjects/model/caterpillar-247b,381x100.5x42,active_v1,pass,
mdl_cat_247b2,caterpillar-247b2,/pages/fitment/caterpillar-247b2,/metaobjects/model/caterpillar-247b2,381x100.5x42,active_v1,pass,
mdl_cat_247b3,caterpillar-247b3,/pages/fitment/caterpillar-247b3,/metaobjects/model/caterpillar-247b3,381x100.5x42,active_v1,pass,
mdl_cat_2493,caterpillar-2493,/pages/fitment/caterpillar-2493,/metaobjects/model/caterpillar-2493,400x86Bx49,active_v1,pass,
mdl_cat_249d,caterpillar-249d,/pages/fitment/caterpillar-249d,/metaobjects/model/caterpillar-249d,320x86Bx49,active_v1,pass,
mdl_cat_249d3,caterpillar-249d3,/pages/fitment/caterpillar-249d3,/metaobjects/model/caterpillar-249d3,320x86Bx49,active_v1,pass,
mdl_cat_255,caterpillar-255,/pages/fitment/caterpillar-255,/metaobjects/model/caterpillar-255,320x86x52,active_v1,pass,
mdl_cat_257,caterpillar-257,/pages/fitment/caterpillar-257,/metaobjects/model/caterpillar-257,,active_v1,pass,
mdl_cat_257b,caterpillar-257b,/pages/fitment/caterpillar-257b,/metaobjects/model/caterpillar-257b,381x100.5x42,active_v1,pass,
mdl_cat_257b2,caterpillar-257b2,/pages/fitment/caterpillar-257b2,/metaobjects/model/caterpillar-257b2,381x100.5x42,active_v1,pass,
mdl_cat_257b3,caterpillar-257b3,/pages/fitment/caterpillar-257b3,/metaobjects/model/caterpillar-257b3,381x100.5x42,active_v1,pass,
mdl_cat_257d,caterpillar-257d,/pages/fitment/caterpillar-257d,/metaobjects/model/caterpillar-257d,,active_v1,pass,
mdl_cat_259b,caterpillar-259b,/pages/fitment/caterpillar-259b,/metaobjects/model/caterpillar-259b,320x86Bx53,active_v1,pass,
mdl_cat_259b3,caterpillar-259b3,/pages/fitment/caterpillar-259b3,/metaobjects/model/caterpillar-259b3,320x86Bx53,active_v1,pass,
mdl_cat_259d,caterpillar-259d,/pages/fitment/caterpillar-259d,/metaobjects/model/caterpillar-259d,320x86Bx53,active_v1,pass,
mdl_cat_259d3,caterpillar-259d3,/pages/fitment/caterpillar-259d3,/metaobjects/model/caterpillar-259d3,320x86Bx53,active_v1,pass,
mdl_cat_265,caterpillar-265,/pages/fitment/caterpillar-265,/metaobjects/model/caterpillar-265,450x86Bx55,active_v1,pass,
mdl_cat_267b,caterpillar-267b,/pages/fitment/caterpillar-267b,/metaobjects/model/caterpillar-267b,,active_v1,pass,
mdl_cat_277,caterpillar-277,/pages/fitment/caterpillar-277,/metaobjects/model/caterpillar-277,320x86x52,active_v1,pass,
mdl_cat_277b,caterpillar-277b,/pages/fitment/caterpillar-277b,/metaobjects/model/caterpillar-277b,457x101.6x56,active_v1,pass,
mdl_cat_277c,caterpillar-277c,/pages/fitment/caterpillar-277c,/metaobjects/model/caterpillar-277c,457x101.6x51,active_v1,pass,
mdl_cat_279c,caterpillar-279c,/pages/fitment/caterpillar-279c,/metaobjects/model/caterpillar-279c,450x86Bx60,active_v1,pass,
mdl_cat_279c2,caterpillar-279c2,/pages/fitment/caterpillar-279c2,/metaobjects/model/caterpillar-279c2,450x86Bx56,active_v1,pass,
mdl_cat_279d,caterpillar-279d,/pages/fitment/caterpillar-279d,/metaobjects/model/caterpillar-279d,450x86Bx56,active_v1,pass,
mdl_cat_279d3,caterpillar-279d3,/pages/fitment/caterpillar-279d3,/metaobjects/model/caterpillar-279d3,450x86Bx56,active_v1,pass,
mdl_cat_287,caterpillar-287,/pages/fitment/caterpillar-287,/metaobjects/model/caterpillar-287,,active_v1,pass,
mdl_cat_287b,caterpillar-287b,/pages/fitment/caterpillar-287b,/metaobjects/model/caterpillar-287b,,active_v1,pass,
mdl_cat_287c,caterpillar-287c,/pages/fitment/caterpillar-287c,/metaobjects/model/caterpillar-287c,457x101.6x51,active_v1,pass,
mdl_cat_287c2,caterpillar-287c2,/pages/fitment/caterpillar-287c2,/metaobjects/model/caterpillar-287c2,,active_v1,pass,
mdl_cat_287d,caterpillar-287d,/pages/fitment/caterpillar-287d,/metaobjects/model/caterpillar-287d,,active_v1,pass,
mdl_cat_289c,caterpillar-289c,/pages/fitment/caterpillar-289c,/metaobjects/model/caterpillar-289c,450x86Bx60,active_v1,pass,
mdl_cat_289c2,caterpillar-289c2,/pages/fitment/caterpillar-289c2,/metaobjects/model/caterpillar-289c2,450x86Bx56,active_v1,pass,
mdl_cat_289d,caterpillar-289d,/pages/fitment/caterpillar-289d,/metaobjects/model/caterpillar-289d,450x86Bx56,active_v1,pass,
mdl_cat_289d2,caterpillar-289d2,/pages/fitment/caterpillar-289d2,/metaobjects/model/caterpillar-289d2,450x86Bx56,active_v1,pass,
mdl_cat_289d3,caterpillar-289d3,/pages/fitment/caterpillar-289d3,/metaobjects/model/caterpillar-289d3,450x86Bx56,active_v1,pass,
mdl_cat_297c,caterpillar-297c,/pages/fitment/caterpillar-297c,/metaobjects/model/caterpillar-297c,,active_v1,pass,
mdl_cat_297d2,caterpillar-297d2,/pages/fitment/caterpillar-297d2,/metaobjects/model/caterpillar-297d2,,active_v1,pass,
mdl_cat_297d2_xhp,caterpillar-297d2-xhp,/pages/fitment/caterpillar-297d2-xhp,/metaobjects/model/caterpillar-297d2-xhp,,active_v1,pass,
mdl_cat_299c,caterpillar-299c,/pages/fitment/caterpillar-299c,/metaobjects/model/caterpillar-299c,450x86Bx60,active_v1,pass,
mdl_cat_299d,caterpillar-299d,/pages/fitment/caterpillar-299d,/metaobjects/model/caterpillar-299d,450x86Bx60,active_v1,pass,
mdl_cat_299d_xhp,caterpillar-299d-xhp,/pages/fitment/caterpillar-299d-xhp,/metaobjects/model/caterpillar-299d-xhp,450x86Bx60,active_v1,pass,
mdl_cat_299d2,caterpillar-299d2,/pages/fitment/caterpillar-299d2,/metaobjects/model/caterpillar-299d2,450x86Bx60,active_v1,pass,
mdl_cat_299d3,caterpillar-299d3,/pages/fitment/caterpillar-299d3,/metaobjects/model/caterpillar-299d3,450x86Bx60,active_v1,pass,
mdl_cat_300_9d,caterpillar-300-9d,/pages/fitment/caterpillar-300-9d,/metaobjects/model/caterpillar-300-9d,180x72x37,active_v1,pass,
mdl_cat_301_5,caterpillar-301-5,/pages/fitment/caterpillar-301-5,/metaobjects/model/caterpillar-301-5,230x96x31,active_v1,pass,
mdl_cat_301_7d,caterpillar-301-7d,/pages/fitment/caterpillar-301-7d,/metaobjects/model/caterpillar-301-7d,230x48x72,active_v1,pass,
mdl_cat_3016,caterpillar-301-6,/pages/fitment/caterpillar-301-6,/metaobjects/model/caterpillar-301-6,230x48x70,active_v1,pass,
mdl_cat_3016c,caterpillar-301-6c,/pages/fitment/caterpillar-301-6c,/metaobjects/model/caterpillar-301-6c,230x48x70,active_v1,pass,
mdl_cat_3018c,caterpillar-301-8c,/pages/fitment/caterpillar-301-8c,/metaobjects/model/caterpillar-301-8c,230x48x70,active_v1,pass,
mdl_cat_302_5,caterpillar-302-5,/pages/fitment/caterpillar-302-5,/metaobjects/model/caterpillar-302-5,300x52.5Nx78,active_v1,pass,
mdl_cat_302_5c,caterpillar-302-5c,/pages/fitment/caterpillar-302-5c,/metaobjects/model/caterpillar-302-5c,300x52.5Nx78,active_v1,pass,
mdl_cat_303_cr,caterpillar-303cr,/pages/fitment/caterpillar-303cr,/metaobjects/model/caterpillar-303cr,300x52.5Nx84,active_v1,pass,
mdl_cat_303_5,caterpillar-303-5,/pages/fitment/caterpillar-303-5,/metaobjects/model/caterpillar-303-5,300x52.5Nx84,active_v1,pass,
mdl_cat_303_5_cr,caterpillar-303-5cr,/pages/fitment/caterpillar-303-5cr,/metaobjects/model/caterpillar-303-5cr,300x52.5Wx90,active_v1,pass,
mdl_cat_303_5c_cr,caterpillar-303-5c-cr,/pages/fitment/caterpillar-303-5c-cr,/metaobjects/model/caterpillar-303-5c-cr,300x52.5Wx90,active_v1,pass,
mdl_cat_303_5d,caterpillar-303-5d,/pages/fitment/caterpillar-303-5d,/metaobjects/model/caterpillar-303-5d,300x52.5Wx90,active_v1,pass,
mdl_cat_303_5d_cr,caterpillar-303-5d-cr,/pages/fitment/caterpillar-303-5d-cr,/metaobjects/model/caterpillar-303-5d-cr,300x52.5Wx90,active_v1,pass,
mdl_cat_303_5e_cr,caterpillar-303-5e-cr,/pages/fitment/caterpillar-303-5e-cr,/metaobjects/model/caterpillar-303-5e-cr,300x52.5Wx90,active_v1,pass,
mdl_cat_303c_cr,caterpillar-303ccr,/pages/fitment/caterpillar-303ccr,/metaobjects/model/caterpillar-303ccr,300x52.5Wx90,active_v1,pass,
mdl_cat_303e,caterpillar-303e,/pages/fitment/caterpillar-303e,/metaobjects/model/caterpillar-303e,300x52.5Nx84,active_v1,pass,
mdl_cat_303ecr,caterpillar-303ecr,/pages/fitment/caterpillar-303ecr,/metaobjects/model/caterpillar-303ecr,300x52.5Nx84,active_v1,pass,
mdl_cat_304,caterpillar-304,/pages/fitment/caterpillar-304,/metaobjects/model/caterpillar-304,300x52.5Wx90,active_v1,pass,
mdl_cat_304_5,caterpillar-304-5,/pages/fitment/caterpillar-304-5,/metaobjects/model/caterpillar-304-5,400x72.5Kx72,active_v1,pass,
mdl_cat_304_5e2,caterpillar-304-5e2,/pages/fitment/caterpillar-304-5e2,/metaobjects/model/caterpillar-304-5e2,300x52.5Wx90,active_v1,pass,
mdl_cat_304c,caterpillar-304c,/pages/fitment/caterpillar-304c,/metaobjects/model/caterpillar-304c,400x72.5Kx72,active_v1,pass,
mdl_cat_304c_cr,caterpillar-304ccr,/pages/fitment/caterpillar-304ccr,/metaobjects/model/caterpillar-304ccr,400x72.5Wx76,active_v1,pass,
mdl_cat_304cr,caterpillar-304cr,/pages/fitment/caterpillar-304cr,/metaobjects/model/caterpillar-304cr,400x72.5Kx72,active_v1,pass,
mdl_cat_304d,caterpillar-304d,/pages/fitment/caterpillar-304d,/metaobjects/model/caterpillar-304d,300x52.5Wx90,active_v1,pass,
mdl_cat_304d_cr,caterpillar-304d-cr,/pages/fitment/caterpillar-304d-cr,/metaobjects/model/caterpillar-304d-cr,350x52.5x90,active_v1,pass,
mdl_cat_304e,caterpillar-304e,/pages/fitment/caterpillar-304e,/metaobjects/model/caterpillar-304e,300x52.5Wx90,active_v1,pass,
mdl_cat_304e_cr,caterpillar-304e-cr,/pages/fitment/caterpillar-304e-cr,/metaobjects/model/caterpillar-304e-cr,350x52.5x90,active_v1,pass,
mdl_cat_304e2,caterpillar-304e2,/pages/fitment/caterpillar-304e2,/metaobjects/model/caterpillar-304e2,300x52.5Wx90,active_v1,pass,
mdl_cat_305_cr,caterpillar-305cr,/pages/fitment/caterpillar-305cr,/metaobjects/model/caterpillar-305cr,400x72.5Kx72,active_v1,pass,
mdl_cat_305_5,caterpillar-305-5,/pages/fitment/caterpillar-305-5,/metaobjects/model/caterpillar-305-5,400x72.5Kx72,active_v1,pass,
mdl_cat_305_5d_cr,caterpillar-305-5d-cr,/pages/fitment/caterpillar-305-5d-cr,/metaobjects/model/caterpillar-305-5d-cr,400x72.5Wx76,active_v1,pass,
mdl_cat_305_5e,caterpillar-305-5e,/pages/fitment/caterpillar-305-5e,/metaobjects/model/caterpillar-305-5e,400x72.5Wx76,active_v1,pass,
mdl_cat_305_5e_cr,caterpillar-305-5e-cr,/pages/fitment/caterpillar-305-5e-cr,/metaobjects/model/caterpillar-305-5e-cr,400x72.5Wx76,active_v1,pass,
mdl_cat_305_5e2,caterpillar-305-5e2,/pages/fitment/caterpillar-305-5e2,/metaobjects/model/caterpillar-305-5e2,400x72.5Kx72,active_v1,pass,
mdl_cat_305_5e2_cr,caterpillar-305-5e2-cr,/pages/fitment/caterpillar-305-5e2-cr,/metaobjects/model/caterpillar-305-5e2-cr,400x72.5Wx76,active_v1,pass,
mdl_cat_305c,caterpillar-305c,/pages/fitment/caterpillar-305c,/metaobjects/model/caterpillar-305c,400x72.5Kx72,active_v1,pass,
mdl_cat_305c_cr,caterpillar-305c-cr,/pages/fitment/caterpillar-305c-cr,/metaobjects/model/caterpillar-305c-cr,400x72.5Wx76,active_v1,pass,
mdl_cat_305d,caterpillar-305d,/pages/fitment/caterpillar-305d,/metaobjects/model/caterpillar-305d,400x72.5Wx76,active_v1,pass,
mdl_cat_305dcr,caterpillar-305dcr,/pages/fitment/caterpillar-305dcr,/metaobjects/model/caterpillar-305dcr,400x72.5Wx76,active_v1,pass,
mdl_cat_305e,caterpillar-305e,/pages/fitment/caterpillar-305e,/metaobjects/model/caterpillar-305e,400x72.5Wx76,active_v1,pass,
mdl_cat_305e_cr,caterpillar-305e-cr,/pages/fitment/caterpillar-305e-cr,/metaobjects/model/caterpillar-305e-cr,400x72.5Wx76,active_v1,pass,
mdl_cat_305e2,caterpillar-305e2,/pages/fitment/caterpillar-305e2,/metaobjects/model/caterpillar-305e2,400x72.5Wx76,active_v1,pass,
mdl_cat_305e2_cr,caterpillar-305e2-cr,/pages/fitment/caterpillar-305e2-cr,/metaobjects/model/caterpillar-305e2-cr,400x72.5Wx76,active_v1,pass,
mdl_cat_306,caterpillar-306,/pages/fitment/caterpillar-306,/metaobjects/model/caterpillar-306,400x72.5Wx76,active_v1,pass,
mdl_cat_306_cr,caterpillar-306-cr,/pages/fitment/caterpillar-306-cr,/metaobjects/model/caterpillar-306-cr,400x72.5Wx76,active_v1,pass,
mdl_cat_308_cr,caterpillar-308cr,/pages/fitment/caterpillar-308cr,/metaobjects/model/caterpillar-308cr,450x81Nx78,active_v1,pass,
mdl_cat_308b,caterpillar-308b,/pages/fitment/caterpillar-308b,/metaobjects/model/caterpillar-308b,450x81Nx78,active_v1,pass,
mdl_cat_308c_cr,caterpillar-308ccr,/pages/fitment/caterpillar-308ccr,/metaobjects/model/caterpillar-308ccr,450x81Nx78,active_v1,pass,
mdl_cat_308c_sr,caterpillar-308c-sr,/pages/fitment/caterpillar-308c-sr,/metaobjects/model/caterpillar-308c-sr,450x81Nx78,active_v1,pass,
mdl_cat_308dcr,caterpillar-308d-cr,/pages/fitment/caterpillar-308d-cr,/metaobjects/model/caterpillar-308d-cr,450x81Nx78,active_v1,pass,
mdl_cat_308e,caterpillar-308e,/pages/fitment/caterpillar-308e,/metaobjects/model/caterpillar-308e,450x81Nx78,active_v1,pass,
mdl_cat_308e_cr,caterpillar-308e-cr,/pages/fitment/caterpillar-308e-cr,/metaobjects/model/caterpillar-308e-cr,450x81Nx78,active_v1,pass,
mdl_cat_308e2_cr,caterpillar-308e2-cr,/pages/fitment/caterpillar-308e2-cr,/metaobjects/model/caterpillar-308e2-cr,450x81Nx78,active_v1,pass,
mdl_cat_mm15t,caterpillar-mm15t,/pages/fitment/caterpillar-mm15t,/metaobjects/model/caterpillar-mm15t,230x96x31,active_v1,pass,
mdl_cormidi_c85,cormidi-c85,/pages/fitment/cormidi-c85,/metaobjects/model/cormidi-c85,180x72x36,active_v1,pass,
mdl_daewoo_ah30,daewoo-ah-30,/pages/fitment/daewoo-ah-30,/metaobjects/model/daewoo-ah-30,300x52.5Nx80,active_v1,pass,
mdl_daewoo_sl035,daewoo-sl-035,/pages/fitment/daewoo-sl-035,/metaobjects/model/daewoo-sl-035,300x52.5Nx84,active_v1,pass,
mdl_daewoo_solar_018vt,daewoo-solar-018vt,/pages/fitment/daewoo-solar-018vt,/metaobjects/model/daewoo-solar-018vt,230x48x70,active_v1,pass,
mdl_daewoo_solar007,daewoo-solar-007,/pages/fitment/daewoo-solar-007,/metaobjects/model/daewoo-solar-007,180x72x37,active_v1,pass,
mdl_daewoo_solar010,daewoo-solar-010,/pages/fitment/daewoo-solar-010,/metaobjects/model/daewoo-solar-010,180x72x37,active_v1,pass,
mdl_daewoo_solar030,daewoo-solar-030,/pages/fitment/daewoo-solar-030,/metaobjects/model/daewoo-solar-030,300x52.5Nx76,active_v1,pass,
mdl_daewoo_solar035,daewoo-solar-035,/pages/fitment/daewoo-solar-035,/metaobjects/model/daewoo-solar-035,300x52.5Nx84,active_v1,pass,
mdl_daewoo_solar10,daewoo-solar-10,/pages/fitment/daewoo-solar-10,/metaobjects/model/daewoo-solar-10,180x72x37,active_v1,pass,
mdl_daewoo_solar25,daewoo-solar-25,/pages/fitment/daewoo-solar-25,/metaobjects/model/daewoo-solar-25,300x52.5Nx74,active_v1,pass,
mdl_daewoo_solar35,daewoo-solar-35,/pages/fitment/daewoo-solar-35,/metaobjects/model/daewoo-solar-35,300x52.5Nx80,active_v1,pass,
mdl_daewoo_solar55,daewoo-solar-55,/pages/fitment/daewoo-solar-55,/metaobjects/model/daewoo-solar-55,400x72.5Kx74,active_v1,pass,
mdl_daewoo_solar553,daewoo-solar-55-3,/pages/fitment/daewoo-solar-55-3,/metaobjects/model/daewoo-solar-55-3,400x72.5Wx76,active_v1,pass,
mdl_daewoo_solar555,daewoo-solar-55-5,/pages/fitment/daewoo-solar-55-5,/metaobjects/model/daewoo-solar-55-5,400x72.5Kx74,active_v1,pass,
mdl_daewoo_solar55v,daewoo-solar-55-v,/pages/fitment/daewoo-solar-55-v,/metaobjects/model/daewoo-solar-55-v,400x72.5Kx74,active_v1,pass,
mdl_ditch_witch_ht_25,ditch-witch-ht-25-trencher,/pages/fitment/ditch-witch-ht-25-trencher,/metaobjects/model/ditch-witch-ht-25-trencher,230x72x39,active_v1,pass,
mdl_ditch_witch_ht_25k,ditch-witch-ht-25k-saw-machine,/pages/fitment/ditch-witch-ht-25k-saw-machine,/metaobjects/model/ditch-witch-ht-25k-saw-machine,230x72x39,active_v1,pass,
mdl_ditch_witch_jt_1200,ditch-witch-jt-1200-drilling-machine,/pages/fitment/ditch-witch-jt-1200-drilling-machine,/metaobjects/model/ditch-witch-jt-1200-drilling-machine,230x72x39,active_v1,pass,
mdl_ditch_witch_jt_1220,ditch-witch-jt-1220-mach-1-drilling-machine,/pages/fitment/ditch-witch-jt-1220-mach-1-drilling-machine,/metaobjects/model/ditch-witch-jt-1220-mach-1-drilling-machine,,active_v1,pass,
mdl_ditch_witch_jt_1720,ditch-witch-jt-1720-drilling-machine,/pages/fitment/ditch-witch-jt-1720-drilling-machine,/metaobjects/model/ditch-witch-jt-1720-drilling-machine,,active_v1,pass,
mdl_ditch_witch_jt_20,ditch-witch-jt-20-drilling-machine,/pages/fitment/ditch-witch-jt-20-drilling-machine,/metaobjects/model/ditch-witch-jt-20-drilling-machine,,active_v1,pass,
mdl_ditch_witch_jt_2020,ditch-witch-jt-2020-mach-1,/pages/fitment/ditch-witch-jt-2020-mach-1,/metaobjects/model/ditch-witch-jt-2020-mach-1,,active_v1,pass,
mdl_ditch_witch_jt_2320,ditch-witch-jt-2320-drilling-machine,/pages/fitment/ditch-witch-jt-2320-drilling-machine,/metaobjects/model/ditch-witch-jt-2320-drilling-machine,300x52.5Nx78,active_v1,pass,
mdl_ditch_witch_jt_2321,ditch-witch-jt-2321-drilling-machine,/pages/fitment/ditch-witch-jt-2321-drilling-machine,/metaobjects/model/ditch-witch-jt-2321-drilling-machine,300x52.5Nx78,active_v1,pass,
mdl_ditch_witch_jt_2511,ditch-witch-jt-2511-drilling-machine,/pages/fitment/ditch-witch-jt-2511-drilling-machine,/metaobjects/model/ditch-witch-jt-2511-drilling-machine,230x72x39,active_v1,pass,
mdl_ditch_witch_jt_30,ditch-witch-jt-30-drilling-machine,/pages/fitment/ditch-witch-jt-30-drilling-machine,/metaobjects/model/ditch-witch-jt-30-drilling-machine,,active_v1,pass,
mdl_ditch_witch_jt_40,ditch-witch-jt-40-drilling-machine,/pages/fitment/ditch-witch-jt-40-drilling-machine,/metaobjects/model/ditch-witch-jt-40-drilling-machine,400x72.5Kx74,active_v1,pass,
mdl_ditch_witch_jt_5,ditch-witch-jt-5,/pages/fitment/ditch-witch-jt-5,/metaobjects/model/ditch-witch-jt-5,180x72x39,active_v1,pass,
mdl_ditch_witch_jt_520,ditch-witch-jt-520,/pages/fitment/ditch-witch-jt-520,/metaobjects/model/ditch-witch-jt-520,180x72x39,active_v1,pass,
mdl_ditch_witch_jt2520,ditch-witch-jt-2520-drilling-machine,/pages/fitment/ditch-witch-jt-2520-drilling-machine,/metaobjects/model/ditch-witch-jt-2520-drilling-machine,,active_v1,pass,
mdl_ditch_witch_jt2720,ditch-witch-jt-2720-mach-1-drilling-machine,/pages/fitment/ditch-witch-jt-2720-mach-1-drilling-machine,/metaobjects/model/ditch-witch-jt-2720-mach-1-drilling-machine,,active_v1,pass,
mdl_ditch_witch_jt860,ditch-witch-jt-860-drilling-machine,/pages/fitment/ditch-witch-jt-860-drilling-machine,/metaobjects/model/ditch-witch-jt-860-drilling-machine,,active_v1,pass,
mdl_ditch_witch_jt922,ditch-witch-jt-922,/pages/fitment/ditch-witch-jt-922,/metaobjects/model/ditch-witch-jt-922,,active_v1,pass,
mdl_ditch_witch_mx_27,ditch-witch-mx27,/pages/fitment/ditch-witch-mx27,/metaobjects/model/ditch-witch-mx27,300x52.5Nx78,active_v1,pass,
mdl_ditch_witch_mx_272,ditch-witch-mx272,/pages/fitment/ditch-witch-mx272,/metaobjects/model/ditch-witch-mx272,300x52.5Nx78,active_v1,pass,
mdl_ditch_witch_mx_35,ditch-witch-mx35,/pages/fitment/ditch-witch-mx35,/metaobjects/model/ditch-witch-mx35,300x52.5Nx84,active_v1,pass,
mdl_ditch_witch_mx_352,ditch-witch-mx352,/pages/fitment/ditch-witch-mx352,/metaobjects/model/ditch-witch-mx352,300x52.5x86,active_v1,pass,
mdl_ditch_witch_mx182,ditch-witch-mx182,/pages/fitment/ditch-witch-mx182,/metaobjects/model/ditch-witch-mx182,230x48x70,active_v1,pass,
mdl_ditch_witch_sk1050,ditch-witch-sk1050,/pages/fitment/ditch-witch-sk1050,/metaobjects/model/ditch-witch-sk1050,230x72Kx44,active_v1,pass,
mdl_ditch_witch_sk1550,ditch-witch-sk-1550,/pages/fitment/ditch-witch-sk-1550,/metaobjects/model/ditch-witch-sk-1550,250x72x52,active_v1,pass,
mdl_ditch_witch_sk500,ditch-witch-sk500,/pages/fitment/ditch-witch-sk500,/metaobjects/model/ditch-witch-sk500,180x72x39,active_v1,pass,
mdl_ditch_witch_sk600,ditch-witch-sk-600,/pages/fitment/ditch-witch-sk-600,/metaobjects/model/ditch-witch-sk-600,180x72x40,active_v1,pass,
mdl_ditch_witch_sk650,ditch-witch-sk-650,/pages/fitment/ditch-witch-sk-650,/metaobjects/model/ditch-witch-sk-650,180x72x42,active_v1,pass,
mdl_ditch_witch_sk750,ditch-witch-sk750,/pages/fitment/ditch-witch-sk750,/metaobjects/model/ditch-witch-sk750,230x72Kx44,active_v1,pass,
mdl_ditch_witch_sk752,ditch-witch-sk752,/pages/fitment/ditch-witch-sk752,/metaobjects/model/ditch-witch-sk752,230x72Kx44,active_v1,pass,
mdl_ditch_witch_sk755,ditch-witch-sk755,/pages/fitment/ditch-witch-sk755,/metaobjects/model/ditch-witch-sk755,230x72Kx44,active_v1,pass,
mdl_ditch_witch_sk800,ditch-witch-sk800,/pages/fitment/ditch-witch-sk800,/metaobjects/model/ditch-witch-sk800,230x72Kx44,active_v1,pass,
mdl_ditch_witch_sk850,ditch-witch-sk850,/pages/fitment/ditch-witch-sk850,/metaobjects/model/ditch-witch-sk850,230x72Kx44,active_v1,pass,
mdl_ditch_witch_sk900,ditch-witch-sk900,/pages/fitment/ditch-witch-sk900,/metaobjects/model/ditch-witch-sk900,230x72Kx44,active_v1,pass,
mdl_doosan_dx27z,doosan-dx27z,/pages/fitment/doosan-dx27z,/metaobjects/model/doosan-dx27z,300x52.5Nx80,active_v1,pass,
mdl_doosan_dx30z,doosan-dx30z,/pages/fitment/doosan-dx30z,/metaobjects/model/doosan-dx30z,300x52.5Nx84,active_v1,pass,
mdl_doosan_dx35,doosan-dx35,/pages/fitment/doosan-dx35,/metaobjects/model/doosan-dx35,300x52.5x86,active_v1,pass,
mdl_doosan_dx35_z7,doosan-dx35-z7,/pages/fitment/doosan-dx35-z7,/metaobjects/model/doosan-dx35-z7,300x52.5x86,active_v1,pass,
mdl_doosan_dx355,doosan-dx35-5,/pages/fitment/doosan-dx35-5,/metaobjects/model/doosan-dx35-5,300x52.5Nx84,active_v1,pass,
mdl_doosan_dx35z,doosan-dx35z,/pages/fitment/doosan-dx35z,/metaobjects/model/doosan-dx35z,300x52.5x86,active_v1,pass,
mdl_doosan_dx50k5,doosan-dx50k-5,/pages/fitment/doosan-dx50k-5,/metaobjects/model/doosan-dx50k-5,400x72.5Kx74,active_v1,pass,
mdl_doosan_dx55,doosan-dx55,/pages/fitment/doosan-dx55,/metaobjects/model/doosan-dx55,400x72.5Kx74,active_v1,pass,
mdl_doosan_dx55z,doosan-dx-55z,/pages/fitment/doosan-dx-55z,/metaobjects/model/doosan-dx-55z,400x72.5Kx74,active_v1,pass,
mdl_doosan_dx60r,doosan-dx60r,/pages/fitment/doosan-dx60r,/metaobjects/model/doosan-dx60r,400x72.5Wx76,active_v1,pass,
mdl_doosan_dx62r3,doosan-dx62r-3,/pages/fitment/doosan-dx62r-3,/metaobjects/model/doosan-dx62r-3,400x72.5Wx76,active_v1,pass,
mdl_doosan_dx633,doosan-dx63-3,/pages/fitment/doosan-dx63-3,/metaobjects/model/doosan-dx63-3,400x72.5Wx76,active_v1,pass,
mdl_doosan_dx80r,doosan-dx80r,/pages/fitment/doosan-dx80r,/metaobjects/model/doosan-dx80r,450x81Nx76,active_v1,pass,
mdl_doosan_dx85r,doosan-dx85r,/pages/fitment/doosan-dx85r,/metaobjects/model/doosan-dx85r,450x81Nx76,active_v1,pass,
mdl_doosan_dx85r3,doosan-dx85r-3,/pages/fitment/doosan-dx85r-3,/metaobjects/model/doosan-dx85r-3,450x81Nx76,active_v1,pass,
mdl_doosan_s55,doosan-s55,/pages/fitment/doosan-s55,/metaobjects/model/doosan-s55,400x72.5Kx74,active_v1,pass,
mdl_gehl_303,gehl-303,/pages/fitment/gehl-303,/metaobjects/model/gehl-303,300x52.5Nx78,active_v1,pass,
mdl_gehl_502,gehl-502,/pages/fitment/gehl-502,/metaobjects/model/gehl-502,400x72.5Kx74,active_v1,pass,
mdl_gehl_503z,gehl-503z,/pages/fitment/gehl-503z,/metaobjects/model/gehl-503z,400x72.5Kx74,active_v1,pass,
mdl_gehl_603,gehl-603,/pages/fitment/gehl-603,/metaobjects/model/gehl-603,400x72.5Kx74,active_v1,pass,
mdl_gehl_ctl135,gehl-ctl135,/pages/fitment/gehl-ctl135,/metaobjects/model/gehl-ctl135,320x86x52,active_v1,pass,
mdl_gehl_ctl165,gehl-ctl165,/pages/fitment/gehl-ctl165,/metaobjects/model/gehl-ctl165,320x86Bx49,active_v1,pass,
mdl_gehl_ctl55,gehl-ctl55,/pages/fitment/gehl-ctl55,/metaobjects/model/gehl-ctl55,320x86x52,active_v1,pass,
mdl_gehl_ctl60,gehl-ctl60,/pages/fitment/gehl-ctl60,/metaobjects/model/gehl-ctl60,320x86x52,active_v1,pass,
mdl_gehl_ctl65,gehl-ctl65,/pages/fitment/gehl-ctl65,/metaobjects/model/gehl-ctl65,320x86x52,active_v1,pass,
mdl_gehl_ctl70,gehl-ctl70,/pages/fitment/gehl-ctl70,/metaobjects/model/gehl-ctl70,450x100x48,active_v1,pass,
mdl_gehl_ctl75,gehl-ctl75,/pages/fitment/gehl-ctl75,/metaobjects/model/gehl-ctl75,450x100x48,active_v1,pass,
mdl_gehl_ctl80,gehl-ctl80,/pages/fitment/gehl-ctl80,/metaobjects/model/gehl-ctl80,450x100x50,active_v1,pass,
mdl_gehl_ctl85,gehl-ctl85,/pages/fitment/gehl-ctl85,/metaobjects/model/gehl-ctl85,450x100x50,active_v1,pass,
mdl_gehl_ge303,gehl-ge303,/pages/fitment/gehl-ge303,/metaobjects/model/gehl-ge303,300x52.5Nx78,active_v1,pass,
mdl_gehl_ge342,gehl-ge342,/pages/fitment/gehl-ge342,/metaobjects/model/gehl-ge342,300x52.5Nx80,active_v1,pass,
mdl_gehl_ge362,gehl-ge362,/pages/fitment/gehl-ge362,/metaobjects/model/gehl-ge362,300x52.5Nx84,active_v1,pass,
mdl_gehl_ge502,gehl-ge502,/pages/fitment/gehl-ge502,/metaobjects/model/gehl-ge502,400x72.5Kx74,active_v1,pass,
mdl_gehl_ge503,gehl-ge503,/pages/fitment/gehl-ge503,/metaobjects/model/gehl-ge503,400x72.5Kx74,active_v1,pass,
mdl_gehl_ge602,gehl-ge602,/pages/fitment/gehl-ge602,/metaobjects/model/gehl-ge602,400x72.5Kx74,active_v1,pass,
mdl_gehl_mb28,gehl-mb28,/pages/fitment/gehl-mb28,/metaobjects/model/gehl-mb28,300x52.5Nx78,active_v1,pass,
mdl_gehl_rt105,equipment-model-6awxkbkh,/pages/fitment/equipment-model-6awxkbkh,/metaobjects/model/equipment-model-6awxkbkh,250x72x52,active_v1,pass,
mdl_gehl_rt135,gehl-rt135,/pages/fitment/gehl-rt135,/metaobjects/model/gehl-rt135,320x84Bx46,active_v1,pass,
mdl_gehl_rt165,gehl-rt165,/pages/fitment/gehl-rt165,/metaobjects/model/gehl-rt165,320x86Bx49,active_v1,pass,
mdl_gehl_rt210,gehl-rt210,/pages/fitment/gehl-rt210,/metaobjects/model/gehl-rt210,450x86Bx56,active_v1,pass,
mdl_gehl_rt215,gehl-rt215,/pages/fitment/gehl-rt215,/metaobjects/model/gehl-rt215,450x86Bx56,active_v1,pass,
mdl_gehl_rt250,gehl-rt250,/pages/fitment/gehl-rt250,/metaobjects/model/gehl-rt250,450x86Bx58,active_v1,pass,
mdl_gehl_rt255,gehl-rt255,/pages/fitment/gehl-rt255,/metaobjects/model/gehl-rt255,450x86Bx58,active_v1,pass,
mdl_gehl_vt210,gehl-vt210,/pages/fitment/gehl-vt210,/metaobjects/model/gehl-vt210,400x86Bx50,active_v1,pass,
mdl_gehl_vt320,gehl-vt320,/pages/fitment/gehl-vt320,/metaobjects/model/gehl-vt320,450x86Bx58,active_v1,pass,
mdl_hanix_h36b,hanix-h36b,/pages/fitment/hanix-h36b,/metaobjects/model/hanix-h36b,300x52.5Nx84,active_v1,pass,
mdl_hanix_h36c,hanix-h36c,/pages/fitment/hanix-h36c,/metaobjects/model/hanix-h36c,300x52.5Nx84,active_v1,pass,
mdl_hanix_h36cr,hanix-h36cr,/pages/fitment/hanix-h36cr,/metaobjects/model/hanix-h36cr,300x52.5Nx84,active_v1,pass,
mdl_hanix_h36r,hanix-h36r,/pages/fitment/hanix-h36r,/metaobjects/model/hanix-h36r,300x52.5Nx84,active_v1,pass,
mdl_hitachi_30u,hitachi-30u,/pages/fitment/hitachi-30u,/metaobjects/model/hitachi-30u,300x52.5x86,active_v1,pass,
mdl_hitachi_35u,hitachi-35u,/pages/fitment/hitachi-35u,/metaobjects/model/hitachi-35u,300x52.5x86,active_v1,pass,
mdl_hitachi_ex_35_u,hitachi-ex35u,/pages/fitment/hitachi-ex35u,/metaobjects/model/hitachi-ex35u,300x52.5x86,active_v1,pass,
mdl_hitachi_ex12,hitachi-ex12,/pages/fitment/hitachi-ex12,/metaobjects/model/hitachi-ex12,230x96x31,active_v1,pass,
mdl_hitachi_ex12_1,hitachi-ex12-1,/pages/fitment/hitachi-ex12-1,/metaobjects/model/hitachi-ex12-1,230x96x31,active_v1,pass,
mdl_hitachi_ex12_2,hitachi-ex12-2,/pages/fitment/hitachi-ex12-2,/metaobjects/model/hitachi-ex12-2,230x96x31,active_v1,pass,
mdl_hitachi_ex15,hitachi-ex15,/pages/fitment/hitachi-ex15,/metaobjects/model/hitachi-ex15,230x96x31,active_v1,pass,
mdl_hitachi_ex15_1,hitachi-ex15-1,/pages/fitment/hitachi-ex15-1,/metaobjects/model/hitachi-ex15-1,230x96x31,active_v1,pass,
mdl_hitachi_ex15_2,hitachi-ex15-2,/pages/fitment/hitachi-ex15-2,/metaobjects/model/hitachi-ex15-2,230x96x31,active_v1,pass,
mdl_hitachi_ex15u,hitachi-ex15u,/pages/fitment/hitachi-ex15u,/metaobjects/model/hitachi-ex15u,230x96x31,active_v1,pass,
mdl_hitachi_ex16,hitachi-ex16,/pages/fitment/hitachi-ex16,/metaobjects/model/hitachi-ex16,230x96x31,active_v1,pass,
mdl_hitachi_ex17,hitachi-ex17,/pages/fitment/hitachi-ex17,/metaobjects/model/hitachi-ex17,230x48x70,active_v1,pass,
mdl_hitachi_ex35,hitachi-ex35,/pages/fitment/hitachi-ex35,/metaobjects/model/hitachi-ex35,300x52.5Nx84,active_v1,pass,
mdl_hitachi_ex351,hitachi-ex35-1,/pages/fitment/hitachi-ex35-1,/metaobjects/model/hitachi-ex35-1,300x52.5Nx84,active_v1,pass,
mdl_hitachi_ex36u,hitachi-ex36u,/pages/fitment/hitachi-ex36u,/metaobjects/model/hitachi-ex36u,300x52.5x86,active_v1,pass,
mdl_hitachi_ex40ur,hitachi-ex40ur,/pages/fitment/hitachi-ex40ur,/metaobjects/model/hitachi-ex40ur,300x52.5Nx84,active_v1,pass,
mdl_hitachi_ex40ur_3,hitachi-ex40ur-3,/pages/fitment/hitachi-ex40ur-3,/metaobjects/model/hitachi-ex40ur-3,300x52.5x86,active_v1,pass,
mdl_hitachi_ex50u,hitachi-ex50u,/pages/fitment/hitachi-ex50u,/metaobjects/model/hitachi-ex50u,400x72.5Kx74,active_v1,pass,
mdl_hitachi_ex58mu,hitachi-ex58mu,/pages/fitment/hitachi-ex58mu,/metaobjects/model/hitachi-ex58mu,400x72.5Kx74,active_v1,pass,
mdl_hitachi_sh15_2,hitachi-sh15-2,/pages/fitment/hitachi-sh15-2,/metaobjects/model/hitachi-sh15-2,230x96x31,active_v1,pass,
mdl_hitachi_ue35,hitachi-ue35,/pages/fitment/hitachi-ue35,/metaobjects/model/hitachi-ue35,300x52.5x86,active_v1,pass,
mdl_hitachi_zx14_3,hitachi-zx14-3,/pages/fitment/hitachi-zx14-3,/metaobjects/model/hitachi-zx14-3,230x96x31,active_v1,pass,
mdl_hitachi_zx17u,hitachi-zx17u,/pages/fitment/hitachi-zx17u,/metaobjects/model/hitachi-zx17u,230x48x70,active_v1,pass,
mdl_hitachi_zx17u_2,hitachi-zx17u-2,/pages/fitment/hitachi-zx17u-2,/metaobjects/model/hitachi-zx17u-2,230x48x70,active_v1,pass,
mdl_hitachi_zx27u3,hitachi-zx27u-3,/pages/fitment/hitachi-zx27u-3,/metaobjects/model/hitachi-zx27u-3,300x52.5Nx80,active_v1,pass,
mdl_hitachi_zx30u,hitachi-zx30u,/pages/fitment/hitachi-zx30u,/metaobjects/model/hitachi-zx30u,300x52.5x86,active_v1,pass,
mdl_hitachi_zx30u_2,hitachi-zx30u-2,/pages/fitment/hitachi-zx30u-2,/metaobjects/model/hitachi-zx30u-2,300x52.5x86,active_v1,pass,
mdl_hitachi_zx30u_5,hitachi-zx30-u5,/pages/fitment/hitachi-zx30-u5,/metaobjects/model/hitachi-zx30-u5,300x52.5x86,active_v1,pass,
mdl_hitachi_zx33u,hitachi-zx33u,/pages/fitment/hitachi-zx33u,/metaobjects/model/hitachi-zx33u,300x52.5x86,active_v1,pass,
mdl_hitachi_zx35_u5n,hitachi-zx35-u5n,/pages/fitment/hitachi-zx35-u5n,/metaobjects/model/hitachi-zx35-u5n,300x52.5x86,active_v1,pass,
mdl_hitachi_zx35u,hitachi-zx35u,/pages/fitment/hitachi-zx35u,/metaobjects/model/hitachi-zx35u,300x52.5x86,active_v1,pass,
mdl_hitachi_zx35u_2,hitachi-zx35u-2,/pages/fitment/hitachi-zx35u-2,/metaobjects/model/hitachi-zx35u-2,300x52.5x86,active_v1,pass,
mdl_hitachi_zx35u_3,hitachi-zx35u-3,/pages/fitment/hitachi-zx35u-3,/metaobjects/model/hitachi-zx35u-3,300x52.5x86,active_v1,pass,
mdl_hitachi_zx40u2,hitachi-zx40u-2,/pages/fitment/hitachi-zx40u-2,/metaobjects/model/hitachi-zx40u-2,400x72.5Kx74,active_v1,pass,
mdl_hitachi_zx50u_5,hitachi-zx50u-5,/pages/fitment/hitachi-zx50u-5,/metaobjects/model/hitachi-zx50u-5,400x72.5Kx74,active_v1,pass,
mdl_hitachi_zx50u2,hitachi-zx50u-2,/pages/fitment/hitachi-zx50u-2,/metaobjects/model/hitachi-zx50u-2,400x72.5Kx74,active_v1,pass,
mdl_hitachi_zx50u3,hitachi-zx50u-3,/pages/fitment/hitachi-zx50u-3,/metaobjects/model/hitachi-zx50u-3,400x72.5Kx74,active_v1,pass,
mdl_hitachi_zx60usb3,hitachi-zx60usb-3,/pages/fitment/hitachi-zx60usb-3,/metaobjects/model/hitachi-zx60usb-3,400x72.5Kx74,active_v1,pass,
mdl_hitachi_zx60usb5,hitachi-zx60usb-5,/pages/fitment/hitachi-zx60usb-5,/metaobjects/model/hitachi-zx60usb-5,400x72.5Kx74,active_v1,pass,
mdl_hyundai_r17z_9a,hyundai-r17z-9a,/pages/fitment/hyundai-r17z-9a,/metaobjects/model/hyundai-r17z-9a,230x48x70,active_v1,pass,
mdl_hyundai_r27z_9,hyundai-r27z-9,/pages/fitment/hyundai-r27z-9,/metaobjects/model/hyundai-r27z-9,300x52.5Nx80,active_v1,pass,
mdl_hyundai_r35z_7,hyundai-r35z-7,/pages/fitment/hyundai-r35z-7,/metaobjects/model/hyundai-r35z-7,300x52.5Nx84,active_v1,pass,
mdl_hyundai_r35z9,hyundai-r-35-z-9,/pages/fitment/hyundai-r-35-z-9,/metaobjects/model/hyundai-r-35-z-9,300x52.5x86,active_v1,pass,
mdl_hyundai_r55_9a,hyundai-r55-9a,/pages/fitment/hyundai-r55-9a,/metaobjects/model/hyundai-r55-9a,400x72.5Wx76,active_v1,pass,
mdl_hyundai_r553,hyundai-r55-3,/pages/fitment/hyundai-r55-3,/metaobjects/model/hyundai-r55-3,400x72.5Wx76,active_v1,pass,
mdl_hyundai_r557,hyundai-r55-7,/pages/fitment/hyundai-r55-7,/metaobjects/model/hyundai-r55-7,400x72.5Wx76,active_v1,pass,
mdl_hyundai_r559,hyundai-r55-9,/pages/fitment/hyundai-r55-9,/metaobjects/model/hyundai-r55-9,400x72.5Wx76,active_v1,pass,
mdl_hyundai_r60cr9,hyundai-r60cr-9,/pages/fitment/hyundai-r60cr-9,/metaobjects/model/hyundai-r60cr-9,400x72.5Wx76,active_v1,pass,
mdl_hyundai_r60cr9a,hyundai-r60cr-9a,/pages/fitment/hyundai-r60cr-9a,/metaobjects/model/hyundai-r60cr-9a,400x72.5Wx76,active_v1,pass,
mdl_hyundai_robex_27z_9,hyundai-robex-27z-9,/pages/fitment/hyundai-robex-27z-9,/metaobjects/model/hyundai-robex-27z-9,300x52.5Nx80,active_v1,pass,
mdl_hyundai_robex_30,hyundai-robex-30,/pages/fitment/hyundai-robex-30,/metaobjects/model/hyundai-robex-30,300x52.5Nx80,active_v1,pass,
mdl_hyundai_robex_35_5,hyundai-robex-35-5,/pages/fitment/hyundai-robex-35-5,/metaobjects/model/hyundai-robex-35-5,300x52.5Nx84,active_v1,pass,
mdl_hyundai_robex_35_7,hyundai-robex-35-7,/pages/fitment/hyundai-robex-35-7,/metaobjects/model/hyundai-robex-35-7,300x52.5Nx84,active_v1,pass,
mdl_hyundai_robex_36_7,hyundai-robex-36-7,/pages/fitment/hyundai-robex-36-7,/metaobjects/model/hyundai-robex-36-7,300x52.5Nx84,active_v1,pass,
mdl_hyundai_robex_17z_9a,hyundai-robex-17z-9a,/pages/fitment/hyundai-robex-17z-9a,/metaobjects/model/hyundai-robex-17z-9a,230x48x70,active_v1,pass,
mdl_hyundai_robex285,hyundai-robex-28-5,/pages/fitment/hyundai-robex-28-5,/metaobjects/model/hyundai-robex-28-5,300x52.5Nx74,active_v1,pass,
mdl_hyundai_robex30z9ak,hyundai-robex-30z-9ak,/pages/fitment/hyundai-robex-30z-9ak,/metaobjects/model/hyundai-robex-30z-9ak,300x52.5x86,active_v1,pass,
mdl_hyundai_robex359,hyundai-robex-35-9,/pages/fitment/hyundai-robex-35-9,/metaobjects/model/hyundai-robex-35-9,300x52.5x86,active_v1,pass,
mdl_hyundai_robex35z7a,hyundai-robex-35z-7a,/pages/fitment/hyundai-robex-35z-7a,/metaobjects/model/hyundai-robex-35z-7a,300x52.5x86,active_v1,pass,
mdl_hyundai_robex35z9a,hyundai-robex35z9a,/pages/fitment/hyundai-robex35z9a,/metaobjects/model/hyundai-robex35z9a,300x52.5x86,active_v1,pass,
mdl_hyundai_robex35z9ak,hyundai-robex-35z-9ak,/pages/fitment/hyundai-robex-35z-9ak,/metaobjects/model/hyundai-robex-35z-9ak,300x52.5x86,active_v1,pass,
mdl_hyundai_robex553,hyundai-robex-55-3,/pages/fitment/hyundai-robex-55-3,/metaobjects/model/hyundai-robex-55-3,400x72.5Wx76,active_v1,pass,
mdl_hyundai_robex557,hyundai-robex-55-7,/pages/fitment/hyundai-robex-55-7,/metaobjects/model/hyundai-robex-55-7,400x72.5Wx76,active_v1,pass,
mdl_hyundai_robex559,hyundai-robex-55-9,/pages/fitment/hyundai-robex-55-9,/metaobjects/model/hyundai-robex-55-9,400x72.5Wx76,active_v1,pass,
mdl_hyundai_robex559a,hyundai-robex-55-9a,/pages/fitment/hyundai-robex-55-9a,/metaobjects/model/hyundai-robex-55-9a,400x72.5Wx76,active_v1,pass,
mdl_hyundai_robex60cr9a,hyundai-robex-60cr-9a,/pages/fitment/hyundai-robex-60cr-9a,/metaobjects/model/hyundai-robex-60cr-9a,400x72.5Wx76,active_v1,pass,
mdl_hyundai_robex75_7,hyundai-robex-75-7,/pages/fitment/hyundai-robex-75-7,/metaobjects/model/hyundai-robex-75-7,450x81Nx76,active_v1,pass,
mdl_hyundai_robex807,hyundai-robex-80-7,/pages/fitment/hyundai-robex-80-7,/metaobjects/model/hyundai-robex-80-7,450x81Wx74,active_v1,pass,
mdl_hyundai_robex80cr9,hyundai-robex-80cr-9,/pages/fitment/hyundai-robex-80cr-9,/metaobjects/model/hyundai-robex-80cr-9,450x81Nx76,active_v1,pass,
mdl_hyundai_robexr60cr9,hyundai-robex-r60-cr-9,/pages/fitment/hyundai-robex-r60-cr-9,/metaobjects/model/hyundai-robex-r60-cr-9,400x72.5Wx76,active_v1,pass,
mdl_ihi_17vx,ihi-17vx,/pages/fitment/ihi-17vx,/metaobjects/model/ihi-17vx,230x48x70,active_v1,pass,
mdl_ihi_18_j,ihi-18-j,/pages/fitment/ihi-18-j,/metaobjects/model/ihi-18-j,230x48x70,active_v1,pass,
mdl_ihi_18n,ihi-18n,/pages/fitment/ihi-18n,/metaobjects/model/ihi-18n,230x48x70,active_v1,pass,
mdl_ihi_18nxt,ihi-18nxt,/pages/fitment/ihi-18nxt,/metaobjects/model/ihi-18nxt,230x48x70,active_v1,pass,
mdl_ihi_25nx,ihi-25-nx,/pages/fitment/ihi-25-nx,/metaobjects/model/ihi-25-nx,300x52.5Nx78,active_v1,pass,
mdl_ihi_28n,ihi-28-n,/pages/fitment/ihi-28-n,/metaobjects/model/ihi-28-n,300x52.5Nx78,active_v1,pass,
mdl_ihi_28n2,ihi-28-n-2,/pages/fitment/ihi-28-n-2,/metaobjects/model/ihi-28-n-2,300x52.5Nx78,active_v1,pass,
mdl_ihi_35n,ihi-35n,/pages/fitment/ihi-35n,/metaobjects/model/ihi-35n,300x52.5Nx84,active_v1,pass,
mdl_ihi_45v4,ihi-45v-4,/pages/fitment/ihi-45v-4,/metaobjects/model/ihi-45v-4,400x72.5Kx74,active_v1,pass,
mdl_ihi_50g,ihi-50g,/pages/fitment/ihi-50g,/metaobjects/model/ihi-50g,400x72.5Kx74,active_v1,pass,
mdl_ihi_50g3,ihi-50g-3,/pages/fitment/ihi-50g-3,/metaobjects/model/ihi-50g-3,400x72.5Kx74,active_v1,pass,
mdl_ihi_50gx,ihi-50gx,/pages/fitment/ihi-50gx,/metaobjects/model/ihi-50gx,400x72.5Kx74,active_v1,pass,
mdl_ihi_50j,ihi-50j,/pages/fitment/ihi-50j,/metaobjects/model/ihi-50j,400x72.5Kx74,active_v1,pass,
mdl_ihi_50jx,ihi-50jx,/pages/fitment/ihi-50jx,/metaobjects/model/ihi-50jx,400x72.5Kx74,active_v1,pass,
mdl_ihi_50ux,ihi-50ux,/pages/fitment/ihi-50ux,/metaobjects/model/ihi-50ux,400x72.5Kx74,active_v1,pass,
mdl_ihi_50z,ihi-50z,/pages/fitment/ihi-50z,/metaobjects/model/ihi-50z,400x72.5Kx74,active_v1,pass,
mdl_ihi_65nx,ihi-65nx,/pages/fitment/ihi-65nx,/metaobjects/model/ihi-65nx,400x72.5Wx76,active_v1,pass,
mdl_ihi_cl35,ihi-cl35,/pages/fitment/ihi-cl35,/metaobjects/model/ihi-cl35,320x86x52,active_v1,pass,
mdl_ihi_cl45,ihi-cl45,/pages/fitment/ihi-cl45,/metaobjects/model/ihi-cl45,450x86Bx56,active_v1,pass,
mdl_ihi_is27,ihi-is-27,/pages/fitment/ihi-is-27,/metaobjects/model/ihi-is-27,300x52.5Nx76,active_v1,pass,
mdl_ihi_is27g,ihi-is-27g,/pages/fitment/ihi-is-27g,/metaobjects/model/ihi-is-27g,300x52.5Nx76,active_v1,pass,
mdl_ihi_is27gx,ihi-is-27gx,/pages/fitment/ihi-is-27gx,/metaobjects/model/ihi-is-27gx,300x52.5Nx76,active_v1,pass,
mdl_ihi_is28g,ihi-is-28g,/pages/fitment/ihi-is-28g,/metaobjects/model/ihi-is-28g,300x52.5Nx76,active_v1,pass,
mdl_ihi_is28g3,ihi-is-28g3,/pages/fitment/ihi-is-28g3,/metaobjects/model/ihi-is-28g3,300x52.5Nx76,active_v1,pass,
mdl_ihi_is28gx,ihi-is-28gx,/pages/fitment/ihi-is-28gx,/metaobjects/model/ihi-is-28gx,300x52.5Nx76,active_v1,pass,
mdl_ihi_is28j,ihi-is-28j,/pages/fitment/ihi-is-28j,/metaobjects/model/ihi-is-28j,300x52.5Nx76,active_v1,pass,
mdl_ihi_is28lx,ihi-is-28lx,/pages/fitment/ihi-is-28lx,/metaobjects/model/ihi-is-28lx,300x52.5Nx76,active_v1,pass,
mdl_ihi_is28px,ihi-is-28px,/pages/fitment/ihi-is-28px,/metaobjects/model/ihi-is-28px,300x52.5Nx76,active_v1,pass,
mdl_ihi_is28ux,ihi-is-28ux,/pages/fitment/ihi-is-28ux,/metaobjects/model/ihi-is-28ux,300x52.5Nx76,active_v1,pass,
mdl_ihi_is30g,ihi-is-30g,/pages/fitment/ihi-is-30g,/metaobjects/model/ihi-is-30g,300x52.5Nx76,active_v1,pass,
mdl_ihi_is30gx,ihi-is-30gx,/pages/fitment/ihi-is-30gx,/metaobjects/model/ihi-is-30gx,300x52.5Nx76,active_v1,pass,
mdl_ihi_is30j,ihi-is-30j,/pages/fitment/ihi-is-30j,/metaobjects/model/ihi-is-30j,300x52.5Nx76,active_v1,pass,
mdl_ihi_is30jx,ihi-is-30jx,/pages/fitment/ihi-is-30jx,/metaobjects/model/ihi-is-30jx,300x52.5Nx84,active_v1,pass,
mdl_ihi_is30nx,ihi-is-30nx,/pages/fitment/ihi-is-30nx,/metaobjects/model/ihi-is-30nx,300x52.5Nx84,active_v1,pass,
mdl_ihi_is30uj,ihi-is-30uj,/pages/fitment/ihi-is-30uj,/metaobjects/model/ihi-is-30uj,300x52.5Nx84,active_v1,pass,
mdl_ihi_is32j,ihi-is-32j,/pages/fitment/ihi-is-32j,/metaobjects/model/ihi-is-32j,300x52.5Nx84,active_v1,pass,
mdl_ihi_is35g,ihi-is-35g,/pages/fitment/ihi-is-35g,/metaobjects/model/ihi-is-35g,300x52.5Nx84,active_v1,pass,
mdl_ihi_is35gx,ihi-is-35gx,/pages/fitment/ihi-is-35gx,/metaobjects/model/ihi-is-35gx,300x52.5Nx84,active_v1,pass,
mdl_ihi_is35j,ihi-is-35j,/pages/fitment/ihi-is-35j,/metaobjects/model/ihi-is-35j,300x52.5Nx84,active_v1,pass,
mdl_ihi_is35nx,ihi-is-35nx,/pages/fitment/ihi-is-35nx,/metaobjects/model/ihi-is-35nx,300x52.5Nx84,active_v1,pass,
mdl_ihi_is35uj,ihi-is-35uj,/pages/fitment/ihi-is-35uj,/metaobjects/model/ihi-is-35uj,300x52.5Nx84,active_v1,pass,
mdl_ihi_is38uj,ihi-is-38uj,/pages/fitment/ihi-is-38uj,/metaobjects/model/ihi-is-38uj,300x52.5Nx84,active_v1,pass,
mdl_ihi_is38ux,ihi-is-38ux,/pages/fitment/ihi-is-38ux,/metaobjects/model/ihi-is-38ux,300x52.5Nx84,active_v1,pass,
mdl_ihi_is40g,ihi-is-40g,/pages/fitment/ihi-is-40g,/metaobjects/model/ihi-is-40g,400x72.5Kx72,active_v1,pass,
mdl_ihi_is40gx,ihi-is-40gx,/pages/fitment/ihi-is-40gx,/metaobjects/model/ihi-is-40gx,400x72.5Kx72,active_v1,pass,
mdl_ihi_is40gx2,ihi-is-40gx-2,/pages/fitment/ihi-is-40gx-2,/metaobjects/model/ihi-is-40gx-2,400x72.5Kx72,active_v1,pass,
mdl_ihi_is40gx3,ihi-is-40gx-3,/pages/fitment/ihi-is-40gx-3,/metaobjects/model/ihi-is-40gx-3,400x72.5Kx72,active_v1,pass,
mdl_ihi_is40j,ihi-is-40j,/pages/fitment/ihi-is-40j,/metaobjects/model/ihi-is-40j,400x72.5Kx72,active_v1,pass,
mdl_ihi_is40jx,ihi-is-40jx,/pages/fitment/ihi-is-40jx,/metaobjects/model/ihi-is-40jx,400x72.5Kx72,active_v1,pass,
mdl_ihi_is40nx,ihi-is-40nx,/pages/fitment/ihi-is-40nx,/metaobjects/model/ihi-is-40nx,400x72.5Kx72,active_v1,pass,
mdl_ihi_is45j,ihi-is-45j,/pages/fitment/ihi-is-45j,/metaobjects/model/ihi-is-45j,400x72.5Kx72,active_v1,pass,
mdl_ihi_is45nx,ihi-is-45nx,/pages/fitment/ihi-is-45nx,/metaobjects/model/ihi-is-45nx,400x72.5Kx72,active_v1,pass,
mdl_ihi_is45uj,ihi-is-45uj,/pages/fitment/ihi-is-45uj,/metaobjects/model/ihi-is-45uj,400x72.5Kx72,active_v1,pass,
mdl_ihi_is50g,ihi-is-50g,/pages/fitment/ihi-is-50g,/metaobjects/model/ihi-is-50g,400x72.5Kx74,active_v1,pass,
mdl_ihi_is50g3,ihi-is-50g3,/pages/fitment/ihi-is-50g3,/metaobjects/model/ihi-is-50g3,400x72.5Kx74,active_v1,pass,
mdl_ihi_is50gx,ihi-is-50gx,/pages/fitment/ihi-is-50gx,/metaobjects/model/ihi-is-50gx,400x72.5Kx74,active_v1,pass,
mdl_ihi_is50uj,ihi-is-50uj,/pages/fitment/ihi-is-50uj,/metaobjects/model/ihi-is-50uj,400x72.5Kx74,active_v1,pass,
mdl_ihi_is50ux,ihi-is-50ux,/pages/fitment/ihi-is-50ux,/metaobjects/model/ihi-is-50ux,400x72.5Kx74,active_v1,pass,
mdl_ihi_is50z,ihi-is-50z,/pages/fitment/ihi-is-50z,/metaobjects/model/ihi-is-50z,400x72.5Kx74,active_v1,pass,
mdl_ihi_is55,ihi-is-55,/pages/fitment/ihi-is-55,/metaobjects/model/ihi-is-55,400x72.5Kx74,active_v1,pass,
mdl_ihi_is55g,ihi-is-55g,/pages/fitment/ihi-is-55g,/metaobjects/model/ihi-is-55g,400x72.5Kx74,active_v1,pass,
mdl_ihi_is55g3,ihi-is-55g-3,/pages/fitment/ihi-is-55g-3,/metaobjects/model/ihi-is-55g-3,400x72.5Kx74,active_v1,pass,
mdl_ihi_is55j,ihi-is-55j,/pages/fitment/ihi-is-55j,/metaobjects/model/ihi-is-55j,400x72.5Kx74,active_v1,pass,
mdl_ihi_is55lx,ihi-is-55lx,/pages/fitment/ihi-is-55lx,/metaobjects/model/ihi-is-55lx,400x72.5Kx74,active_v1,pass,
mdl_ihi_is55n,ihi-is-55n,/pages/fitment/ihi-is-55n,/metaobjects/model/ihi-is-55n,400x72.5Kx74,active_v1,pass,
mdl_ihi_is55u1,ihi-is-55u-1,/pages/fitment/ihi-is-55u-1,/metaobjects/model/ihi-is-55u-1,400x72.5Kx74,active_v1,pass,
mdl_ihi_is55u2,ihi-is-55u-2,/pages/fitment/ihi-is-55u-2,/metaobjects/model/ihi-is-55u-2,400x72.5Kx74,active_v1,pass,
mdl_ihi_is55uj,ihi-is-55uj,/pages/fitment/ihi-is-55uj,/metaobjects/model/ihi-is-55uj,400x72.5Kx74,active_v1,pass,
mdl_ihi_is55ux,ihi-is-55ux,/pages/fitment/ihi-is-55ux,/metaobjects/model/ihi-is-55ux,400x72.5Kx74,active_v1,pass,
mdl_jcb_150t,jcb-150t,/pages/fitment/jcb-150t,/metaobjects/model/jcb-150t,320x86x48,active_v1,pass,
mdl_jcb_16c_1,jcb-16c-1,/pages/fitment/jcb-16c-1,/metaobjects/model/jcb-16c-1,230x48x70,active_v1,pass,
mdl_jcb_180t,jcb-180t,/pages/fitment/jcb-180t,/metaobjects/model/jcb-180t,320x86Bx50,active_v1,pass,
mdl_jcb_18z_1,jcb-18z-1,/pages/fitment/jcb-18z-1,/metaobjects/model/jcb-18z-1,230x48x70,active_v1,pass,
mdl_jcb_190t,jcb-190t,/pages/fitment/jcb-190t,/metaobjects/model/jcb-190t,320x86Bx50,active_v1,pass,
mdl_jcb_190t_eco,jcb-190t-eco,/pages/fitment/jcb-190t-eco,/metaobjects/model/jcb-190t-eco,320x86Bx50,active_v1,pass,
mdl_jcb_19c_1,jcb-19c-1,/pages/fitment/jcb-19c-1,/metaobjects/model/jcb-19c-1,230x48x70,active_v1,pass,
mdl_jcb_205t,jcb-205t,/pages/fitment/jcb-205t,/metaobjects/model/jcb-205t,320x86x52,active_v1,pass,
mdl_jcb_205t_eco,jcb-205t-eco,/pages/fitment/jcb-205t-eco,/metaobjects/model/jcb-205t-eco,320x86Bx50,active_v1,pass,
mdl_jcb_210t,jcb-210t,/pages/fitment/jcb-210t,/metaobjects/model/jcb-210t,320x86Bx50,active_v1,pass,
mdl_jcb_215t,jcb-215t,/pages/fitment/jcb-215t,/metaobjects/model/jcb-215t,320x86Bx50,active_v1,pass,
mdl_jcb_225t,jcb-225t,/pages/fitment/jcb-225t,/metaobjects/model/jcb-225t,450x86Bx56,active_v1,pass,
mdl_jcb_225t_eco,jcb-225t-eco,/pages/fitment/jcb-225t-eco,/metaobjects/model/jcb-225t-eco,450x86Bx56,active_v1,pass,
mdl_jcb_250t,jcb-250-t-tracks,/pages/fitment/jcb-250-t-tracks,/metaobjects/model/jcb-250-t-tracks,450x86Bx56,active_v1,pass,
mdl_jcb_260t,jcb-260t,/pages/fitment/jcb-260t,/metaobjects/model/jcb-260t,450x86Bx56,active_v1,pass,
mdl_jcb_260t_eco,jcb-260t-eco,/pages/fitment/jcb-260t-eco,/metaobjects/model/jcb-260t-eco,450x86Bx56,active_v1,pass,
mdl_jcb_270t,jcb-270t,/pages/fitment/jcb-270t,/metaobjects/model/jcb-270t,450x86Bx56,active_v1,pass,
mdl_jcb_2ts,jcb-2ts,/pages/fitment/jcb-2ts,/metaobjects/model/jcb-2ts,320x86Bx50,active_v1,pass,
mdl_jcb_2ts_7t,jcb-2-ts-7-t-tracks,/pages/fitment/jcb-2-ts-7-t-tracks,/metaobjects/model/jcb-2-ts-7-t-tracks,320x86Bx50,active_v1,pass,
mdl_jcb_300t,jcb-300t,/pages/fitment/jcb-300t,/metaobjects/model/jcb-300t,450x86Bx56,active_v1,pass,
mdl_jcb_300t_eco,jcb-300t-eco,/pages/fitment/jcb-300t-eco,/metaobjects/model/jcb-300t-eco,450x86Bx56,active_v1,pass,
mdl_jcb_320t,jcb-320t,/pages/fitment/jcb-320t,/metaobjects/model/jcb-320t,450x86Bx56,active_v1,pass,
mdl_jcb_320t_eco,jcb-320t-eco,/pages/fitment/jcb-320t-eco,/metaobjects/model/jcb-320t-eco,450x86Bx56,active_v1,pass,
mdl_jcb_35z_1,jcb-35z-1,/pages/fitment/jcb-35z-1,/metaobjects/model/jcb-35z-1,450x81.5x76,active_v1,pass,
mdl_jcb_3ts_8t,jcb-3ts-8t,/pages/fitment/jcb-3ts-8t,/metaobjects/model/jcb-3ts-8t,450x86Bx56,active_v1,pass,
mdl_jcb_45z_1,jcb-45z-1,/pages/fitment/jcb-45z-1,/metaobjects/model/jcb-45z-1,400x72.5Kx74,active_v1,pass,
mdl_jcb_48z_1,jcb-48z-1,/pages/fitment/jcb-48z-1,/metaobjects/model/jcb-48z-1,400x72.5Kx74,active_v1,pass,
mdl_jcb_55z_1,jcb-55z-1,/pages/fitment/jcb-55z-1,/metaobjects/model/jcb-55z-1,400x72.5Kx74,active_v1,pass,
mdl_jcb_57c_1,jcb-57c-1,/pages/fitment/jcb-57c-1,/metaobjects/model/jcb-57c-1,400x72.5Kx74,active_v1,pass,
mdl_jcb_57z_1,jcb-57z-1,/pages/fitment/jcb-57z-1,/metaobjects/model/jcb-57z-1,400x72.5Kx74,active_v1,pass,
mdl_jcb_65r,jcb-65r,/pages/fitment/jcb-65r,/metaobjects/model/jcb-65r,400x72.5Kx74,active_v1,pass,
mdl_jcb_67c,jcb-67c,/pages/fitment/jcb-67c,/metaobjects/model/jcb-67c,400x72.5Kx74,active_v1,pass,
mdl_jcb_801,jcb-801,/pages/fitment/jcb-801,/metaobjects/model/jcb-801,180x72x37,active_v1,pass,
mdl_jcb_8017,jcb-8017,/pages/fitment/jcb-8017,/metaobjects/model/jcb-8017,230x48x70,active_v1,pass,
mdl_jcb_8018,jcb-8018,/pages/fitment/jcb-8018,/metaobjects/model/jcb-8018,230x48x62,active_v1,pass,
mdl_jcb_801r,jcb-801r,/pages/fitment/jcb-801r,/metaobjects/model/jcb-801r,230x96x31,active_v1,pass,
mdl_jcb_802_plus,jcb-802-plus,/pages/fitment/jcb-802-plus,/metaobjects/model/jcb-802-plus,300x52.5Nx74,active_v1,pass,
mdl_jcb_802_super,jcb-802-super,/pages/fitment/jcb-802-super,/metaobjects/model/jcb-802-super,300x52.5Nx74,active_v1,pass,
mdl_jcb_802_7,jcb-802-7,/pages/fitment/jcb-802-7,/metaobjects/model/jcb-802-7,300x52.5Nx84,active_v1,pass,
mdl_jcb_802_7_zts,jcb-802-7-zts,/pages/fitment/jcb-802-7-zts,/metaobjects/model/jcb-802-7-zts,300x52.5Nx74,active_v1,pass,
mdl_jcb_8025,jcb-8025,/pages/fitment/jcb-8025,/metaobjects/model/jcb-8025,300x52.5Nx78,active_v1,pass,
mdl_jcb_8025zts,jcb-8025zts,/pages/fitment/jcb-8025zts,/metaobjects/model/jcb-8025zts,300x52.5Nx78,active_v1,pass,
mdl_jcb_8026,jcb-8026,/pages/fitment/jcb-8026,/metaobjects/model/jcb-8026,300x52.5Nx78,active_v1,pass,
mdl_jcb_803,jcb-803,/pages/fitment/jcb-803,/metaobjects/model/jcb-803,300x52.5Nx84,active_v1,pass,
mdl_jcb_803_magnum,jcb-803-magnum,/pages/fitment/jcb-803-magnum,/metaobjects/model/jcb-803-magnum,300x52.5Nx84,active_v1,pass,
mdl_jcb_803_plus,jcb-803-plus,/pages/fitment/jcb-803-plus,/metaobjects/model/jcb-803-plus,300x52.5Nx84,active_v1,pass,
mdl_jcb_803_super,jcb-803-super,/pages/fitment/jcb-803-super,/metaobjects/model/jcb-803-super,300x52.5Nx84,active_v1,pass,
mdl_jcb_8030_zts,jcb-8030zts,/pages/fitment/jcb-8030zts,/metaobjects/model/jcb-8030zts,300x52.5Nx84,active_v1,pass,
mdl_jcb_8032,jcb-8032,/pages/fitment/jcb-8032,/metaobjects/model/jcb-8032,300x52.5Nx84,active_v1,pass,
mdl_jcb_8032zts,jcb-803-2-zts,/pages/fitment/jcb-803-2-zts,/metaobjects/model/jcb-803-2-zts,300x52.5Nx84,active_v1,pass,
mdl_jcb_8035,jcb-8035,/pages/fitment/jcb-8035,/metaobjects/model/jcb-8035,300x52.5Nx84,active_v1,pass,
mdl_jcb_8035_zts,jcb-8035zts,/pages/fitment/jcb-8035zts,/metaobjects/model/jcb-8035zts,300x52.5Nx84,active_v1,pass,
mdl_jcb_8035z,jcb-8035z,/pages/fitment/jcb-8035z,/metaobjects/model/jcb-8035z,300x52.5Nx84,active_v1,pass,
mdl_jcb_803e,jcb-803e,/pages/fitment/jcb-803e,/metaobjects/model/jcb-803e,300x52.5Nx84,active_v1,pass,
mdl_jcb_804,jcb-804,/pages/fitment/jcb-804,/metaobjects/model/jcb-804,300x52.5Nx84,active_v1,pass,
mdl_jcb_8045,jcb-8045,/pages/fitment/jcb-8045,/metaobjects/model/jcb-8045,400x72.5Kx74,active_v1,pass,
mdl_jcb_8045zts,jcb-8045zts,/pages/fitment/jcb-8045zts,/metaobjects/model/jcb-8045zts,400x72.5Kx74,active_v1,pass,
mdl_jcb_805,jcb-805,/pages/fitment/jcb-805,/metaobjects/model/jcb-805,400x72.5Kx74,active_v1,pass,
mdl_jcb_8050_zts,jcb-8050zts,/pages/fitment/jcb-8050zts,/metaobjects/model/jcb-8050zts,400x72.5Kx74,active_v1,pass,
mdl_jcb_8052,jcb-805-2,/pages/fitment/jcb-805-2,/metaobjects/model/jcb-805-2,400x72.5Kx74,active_v1,pass,
mdl_jcb_8055,jcb-8055,/pages/fitment/jcb-8055,/metaobjects/model/jcb-8055,400x72.5Kx74,active_v1,pass,
mdl_jcb_8055rts,jcb-8055rts,/pages/fitment/jcb-8055rts,/metaobjects/model/jcb-8055rts,400x72.5Kx74,active_v1,pass,
mdl_jcb_8055z,jcb-8055z,/pages/fitment/jcb-8055z,/metaobjects/model/jcb-8055z,400x72.5Kx74,active_v1,pass,
mdl_jcb_8055zts,jcb-8055zts,/pages/fitment/jcb-8055zts,/metaobjects/model/jcb-8055zts,400x72.5Kx74,active_v1,pass,
mdl_jcb_806,jcb-806,/pages/fitment/jcb-806,/metaobjects/model/jcb-806,400x72.5Kx74,active_v1,pass,
mdl_jcb_8060,jcb-8060,/pages/fitment/jcb-8060,/metaobjects/model/jcb-8060,400x72.5Kx74,active_v1,pass,
mdl_jcb_8065,jcb-8065,/pages/fitment/jcb-8065,/metaobjects/model/jcb-8065,400x72.5Kx74,active_v1,pass,
mdl_jcb_8065rts,jcb-8065rts,/pages/fitment/jcb-8065rts,/metaobjects/model/jcb-8065rts,400x72.5Kx74,active_v1,pass,
mdl_jcb_8080,jcb-8080,/pages/fitment/jcb-8080,/metaobjects/model/jcb-8080,450x81Nx76,active_v1,pass,
mdl_jcb_8080_zts,jcb-8080zts,/pages/fitment/jcb-8080zts,/metaobjects/model/jcb-8080zts,450x81.5x76,active_v1,pass,
mdl_jcb_8085zts,jcb-8085zts,/pages/fitment/jcb-8085zts,/metaobjects/model/jcb-8085zts,450x81.5x76,active_v1,pass,
mdl_jcb_85z_1,jcb-85z-1,/pages/fitment/jcb-85z-1,/metaobjects/model/jcb-85z-1,450x81Nx78,active_v1,pass,
mdl_jcb_86c_1,jcb-86c-1,/pages/fitment/jcb-86c-1,/metaobjects/model/jcb-86c-1,450x81Nx78,active_v1,pass,
mdl_jcb_90z_1,jcb-90z-1,/pages/fitment/jcb-90z-1,/metaobjects/model/jcb-90z-1,450x81Nx78,active_v1,pass,
mdl_jcb_jz_70,jcb-jz-70,/pages/fitment/jcb-jz-70,/metaobjects/model/jcb-jz-70,450x81.5x76,active_v1,pass,
mdl_john_deere_17d,john-deere-17d,/pages/fitment/john-deere-17d,/metaobjects/model/john-deere-17d,230x48x70,active_v1,pass,
mdl_john_deere_17g,john-deere-17g,/pages/fitment/john-deere-17g,/metaobjects/model/john-deere-17g,230x48x70,active_v1,pass,
mdl_john_deere_17p,john-deere-17p,/pages/fitment/john-deere-17p,/metaobjects/model/john-deere-17p,230x48x70,active_v1,pass,
mdl_john_deere_17zts,john-deere-17zts,/pages/fitment/john-deere-17zts,/metaobjects/model/john-deere-17zts,230x48x70,active_v1,pass,
mdl_john_deere_26g,john-deere-26g,/pages/fitment/john-deere-26g,/metaobjects/model/john-deere-26g,300x52.5Nx80,active_v1,pass,
mdl_john_deere_27d,john-deere-27d,/pages/fitment/john-deere-27d,/metaobjects/model/john-deere-27d,300x52.5Nx80,active_v1,pass,
mdl_john_deere_27zts,john-deere-27zts,/pages/fitment/john-deere-27zts,/metaobjects/model/john-deere-27zts,300x52.5Nx78,active_v1,pass,
mdl_john_deere_30g,john-deere-30g,/pages/fitment/john-deere-30g,/metaobjects/model/john-deere-30g,300x52.5x86,active_v1,pass,
mdl_john_deere_317g,john-deere-317g,/pages/fitment/john-deere-317g,/metaobjects/model/john-deere-317g,320x86Bx50,active_v1,pass,
mdl_john_deere_319d,john-deere-319d,/pages/fitment/john-deere-319d,/metaobjects/model/john-deere-319d,320x86x52,active_v1,pass,
mdl_john_deere_319e,john-deere-319e,/pages/fitment/john-deere-319e,/metaobjects/model/john-deere-319e,320x86x52,active_v1,pass,
mdl_john_deere_323d,john-deere-323d,/pages/fitment/john-deere-323d,/metaobjects/model/john-deere-323d,320x86x52,active_v1,pass,
mdl_john_deere_323e,john-deere-323e,/pages/fitment/john-deere-323e,/metaobjects/model/john-deere-323e,320x86x52,active_v1,pass,
mdl_john_deere_325g,john-deere-325g,/pages/fitment/john-deere-325g,/metaobjects/model/john-deere-325g,320x86x52,active_v1,pass,
mdl_john_deere_329d,john-deere-329d,/pages/fitment/john-deere-329d,/metaobjects/model/john-deere-329d,450x86Bx56,active_v1,pass,
mdl_john_deere_329e,john-deere-329e,/pages/fitment/john-deere-329e,/metaobjects/model/john-deere-329e,450x86Bx56,active_v1,pass,
mdl_john_deere_331g,john-deere-331g,/pages/fitment/john-deere-331g,/metaobjects/model/john-deere-331g,450x86Bx58,active_v1,pass,
mdl_john_deere_331p,john-deere-331p,/pages/fitment/john-deere-331p,/metaobjects/model/john-deere-331p,450x86Bx58,active_v1,pass,
mdl_john_deere_333d,john-deere-333d,/pages/fitment/john-deere-333d,/metaobjects/model/john-deere-333d,450x86Bx56,active_v1,pass,
mdl_john_deere_333e,john-deere-333e,/pages/fitment/john-deere-333e,/metaobjects/model/john-deere-333e,450x86Bx56,active_v1,pass,
mdl_john_deere_333g,john-deere-333g,/pages/fitment/john-deere-333g,/metaobjects/model/john-deere-333g,450x86Bx58,active_v1,pass,
mdl_john_deere_333p,john-deere-333p,/pages/fitment/john-deere-333p,/metaobjects/model/john-deere-333p,450x86Bx58,active_v1,pass,
mdl_john_deere_335p,john-deere-335p,/pages/fitment/john-deere-335p,/metaobjects/model/john-deere-335p,450x86Bx58,active_v1,pass,
mdl_john_deere_35czts,john-deere-35czts,/pages/fitment/john-deere-35czts,/metaobjects/model/john-deere-35czts,300x52.5x86,active_v1,pass,
mdl_john_deere_35d,john-deere-35d,/pages/fitment/john-deere-35d,/metaobjects/model/john-deere-35d,300x52.5x86,active_v1,pass,
mdl_john_deere_35g,john-deere-35g,/pages/fitment/john-deere-35g,/metaobjects/model/john-deere-35g,300x52.5x86,active_v1,pass,
mdl_john_deere_35p,john-deere-35p,/pages/fitment/john-deere-35p,/metaobjects/model/john-deere-35p,300x52.5x86,active_v1,pass,
mdl_john_deere_35zts,john-deere-35zts,/pages/fitment/john-deere-35zts,/metaobjects/model/john-deere-35zts,300x52.5x86,active_v1,pass,
mdl_john_deere_50d,john-deere-50d,/pages/fitment/john-deere-50d,/metaobjects/model/john-deere-50d,400x72.5Kx74,active_v1,pass,
mdl_john_deere_50g,john-deere-50g,/pages/fitment/john-deere-50g,/metaobjects/model/john-deere-50g,400x72.5Kx74,active_v1,pass,
mdl_john_deere_50p,john-deere-50p,/pages/fitment/john-deere-50p,/metaobjects/model/john-deere-50p,400x72.5Kx74,active_v1,pass,
mdl_john_deere_50zts,john-deere-50zts,/pages/fitment/john-deere-50zts,/metaobjects/model/john-deere-50zts,400x72.5Kx72,active_v1,pass,
mdl_john_deere_60d,john-deere-60d,/pages/fitment/john-deere-60d,/metaobjects/model/john-deere-60d,400x72.5Kx74,active_v1,pass,
mdl_john_deere_60g,john-deere-60g,/pages/fitment/john-deere-60g,/metaobjects/model/john-deere-60g,400x72.5Kx74,active_v1,pass,
mdl_john_deere_75c,john-deere-75c,/pages/fitment/john-deere-75c,/metaobjects/model/john-deere-75c,450x81Nx78,active_v1,pass,
mdl_john_deere_75d,john-deere-75d,/pages/fitment/john-deere-75d,/metaobjects/model/john-deere-75d,450x81Nx78,active_v1,pass,
mdl_john_deere_75g,john-deere-75g,/pages/fitment/john-deere-75g,/metaobjects/model/john-deere-75g,450x81Nx78,active_v1,pass,
mdl_john_deere_85g,john-deere-85g,/pages/fitment/john-deere-85g,/metaobjects/model/john-deere-85g,450x81Nx78,active_v1,pass,
mdl_john_deere_ct322,john-deere-ct322,/pages/fitment/john-deere-ct322,/metaobjects/model/john-deere-ct322,320x86x52,active_v1,pass,
mdl_john_deere_ct332,john-deere-ct332,/pages/fitment/john-deere-ct332,/metaobjects/model/john-deere-ct332,450x86Bx56,active_v1,pass,
mdl_kioti_tl750,kioti-tl750,/pages/fitment/kioti-tl750,/metaobjects/model/kioti-tl750,400x86x52,active_v1,pass,
mdl_kobelco_115,kobelco-115,/pages/fitment/kobelco-115,/metaobjects/model/kobelco-115,230x96x31,active_v1,pass,
mdl_kobelco_sk_024,kobelco-sk024,/pages/fitment/kobelco-sk024,/metaobjects/model/kobelco-sk024,300x52.5Nx78,active_v1,pass,
mdl_kobelco_sk_025,kobelco-sk025,/pages/fitment/kobelco-sk025,/metaobjects/model/kobelco-sk025,300x52.5Nx78,active_v1,pass,
mdl_kobelco_sk_0252,kobelco-sk025-2,/pages/fitment/kobelco-sk025-2,/metaobjects/model/kobelco-sk025-2,300x52.5Nx78,active_v1,pass,
mdl_kobelco_sk_025sr,kobelco-sk025sr,/pages/fitment/kobelco-sk025sr,/metaobjects/model/kobelco-sk025sr,300x52.5Nx78,active_v1,pass,
mdl_kobelco_sk_20sr,kobelco-sk20sr,/pages/fitment/kobelco-sk20sr,/metaobjects/model/kobelco-sk20sr,300x52.5Nx76,active_v1,pass,
mdl_kobelco_sk013,kobelco-sk013,/pages/fitment/kobelco-sk013,/metaobjects/model/kobelco-sk013,230x96x31,active_v1,pass,
mdl_kobelco_sk013_1,kobelco-sk013-1,/pages/fitment/kobelco-sk013-1,/metaobjects/model/kobelco-sk013-1,230x96x31,active_v1,pass,
mdl_kobelco_sk014_1,kobelco-sk014-1,/pages/fitment/kobelco-sk014-1,/metaobjects/model/kobelco-sk014-1,230x96x31,active_v1,pass,
mdl_kobelco_sk015,kobelco-sk015,/pages/fitment/kobelco-sk015,/metaobjects/model/kobelco-sk015,230x96x31,active_v1,pass,
mdl_kobelco_sk015_1,kobelco-sk015-1,/pages/fitment/kobelco-sk015-1,/metaobjects/model/kobelco-sk015-1,230x96x31,active_v1,pass,
mdl_kobelco_sk035,kobelco-sk035,/pages/fitment/kobelco-sk035,/metaobjects/model/kobelco-sk035,350x52.5x86,active_v1,pass,
mdl_kobelco_sk45sr2,kobelco-sk45sr-2,/pages/fitment/kobelco-sk45sr-2,/metaobjects/model/kobelco-sk45sr-2,400x72.5Kx74,active_v1,pass,
mdl_kobelco_sk55sr5,kobelco-sk55sr-5,/pages/fitment/kobelco-sk55sr-5,/metaobjects/model/kobelco-sk55sr-5,400x72.5Kx74,active_v1,pass,
mdl_kobelco_sk55srx6e,kobelco-sk55srx-6e,/pages/fitment/kobelco-sk55srx-6e,/metaobjects/model/kobelco-sk55srx-6e,400x72.5Kx74,active_v1,pass,
mdl_kobelco_sk55srx7,kobelco-sk55srx-7,/pages/fitment/kobelco-sk55srx-7,/metaobjects/model/kobelco-sk55srx-7,400x72.5Kx74,active_v1,pass,
mdl_kobelco_sk70sr_2,kobelco-sk70sr-2,/pages/fitment/kobelco-sk70sr-2,/metaobjects/model/kobelco-sk70sr-2,450x81Nx76,active_v1,pass,
mdl_kobelco_sk80cs,kobelco-sk80cs,/pages/fitment/kobelco-sk80cs,/metaobjects/model/kobelco-sk80cs,450x81Nx78,active_v1,pass,
mdl_kobelco_sk80msr,kobelco-sk80msr,/pages/fitment/kobelco-sk80msr,/metaobjects/model/kobelco-sk80msr,450x81Nx78,active_v1,pass,
mdl_kobelco_sk85cs,kobelco-sk85cs,/pages/fitment/kobelco-sk85cs,/metaobjects/model/kobelco-sk85cs,450x81Nx78,active_v1,pass,
mdl_komatsu_ck20,komatsu-ck20,/pages/fitment/komatsu-ck20,/metaobjects/model/komatsu-ck20,320x86x52,active_v1,pass,
mdl_komatsu_ck201,komatsu-ck-20-1,/pages/fitment/komatsu-ck-20-1,/metaobjects/model/komatsu-ck-20-1,320x86x52,active_v1,pass,
mdl_komatsu_ck25,komatsu-ck25,/pages/fitment/komatsu-ck25,/metaobjects/model/komatsu-ck25,320x86x52,active_v1,pass,
mdl_komatsu_ck251,komatsu-ck-25-1,/pages/fitment/komatsu-ck-25-1,/metaobjects/model/komatsu-ck-25-1,320x86x52,active_v1,pass,
mdl_komatsu_ck30_1,komatsu-ck30-1,/pages/fitment/komatsu-ck30-1,/metaobjects/model/komatsu-ck30-1,450x86Bx56,active_v1,pass,
mdl_komatsu_ck35,komatsu-ck35,/pages/fitment/komatsu-ck35,/metaobjects/model/komatsu-ck35,450x86Bx56,active_v1,pass,
mdl_komatsu_ck35_1,komatsu-ck35-1,/pages/fitment/komatsu-ck35-1,/metaobjects/model/komatsu-ck35-1,450x86Bx56,active_v1,pass,
mdl_komatsu_pc_30_mr_5,komatsu-pc30mr-5,/pages/fitment/komatsu-pc30mr-5,/metaobjects/model/komatsu-pc30mr-5,300x52.5x86,active_v1,pass,
mdl_komatsu_pc_35_mr_5,komatsu-pc35mr-5,/pages/fitment/komatsu-pc35mr-5,/metaobjects/model/komatsu-pc35mr-5,300x52.5x86,active_v1,pass,
mdl_komatsu_pc05,komatsu-pc05,/pages/fitment/komatsu-pc05,/metaobjects/model/komatsu-pc05,180x72x37,active_v1,pass,
mdl_komatsu_pc05_7,komatsu-pc05-7,/pages/fitment/komatsu-pc05-7,/metaobjects/model/komatsu-pc05-7,230x96x31,active_v1,pass,
mdl_komatsu_pc05avancer,komatsu-pc05avancer,/pages/fitment/komatsu-pc05avancer,/metaobjects/model/komatsu-pc05avancer,230x96x31,active_v1,pass,
mdl_komatsu_pc07,komatsu-pc07,/pages/fitment/komatsu-pc07,/metaobjects/model/komatsu-pc07,180x72x37,active_v1,pass,
mdl_komatsu_pc07_1,komatsu-pc07-1,/pages/fitment/komatsu-pc07-1,/metaobjects/model/komatsu-pc07-1,230x96x31,active_v1,pass,
mdl_komatsu_pc07_2,komatsu-pc07-2,/pages/fitment/komatsu-pc07-2,/metaobjects/model/komatsu-pc07-2,230x96x31,active_v1,pass,
mdl_komatsu_pc07_6,komatsu-pc07-6,/pages/fitment/komatsu-pc07-6,/metaobjects/model/komatsu-pc07-6,230x96x31,active_v1,pass,
mdl_komatsu_pc07_7,komatsu-pc07-7,/pages/fitment/komatsu-pc07-7,/metaobjects/model/komatsu-pc07-7,230x96x31,active_v1,pass,
mdl_komatsu_pc07avancer,komatsu-pc07avancer,/pages/fitment/komatsu-pc07avancer,/metaobjects/model/komatsu-pc07avancer,230x96x31,active_v1,pass,
mdl_komatsu_pc07r,komatsu-pc07r,/pages/fitment/komatsu-pc07r,/metaobjects/model/komatsu-pc07r,230x96x31,active_v1,pass,
mdl_komatsu_pc12r_8,komatsu-pc12r-8,/pages/fitment/komatsu-pc12r-8,/metaobjects/model/komatsu-pc12r-8,230x96x31,active_v1,pass,
mdl_komatsu_pc12rutility,komatsu-pc12rutility,/pages/fitment/komatsu-pc12rutility,/metaobjects/model/komatsu-pc12rutility,230x96x31,active_v1,pass,
mdl_komatsu_pc14r_2,komatsu-pc14r-2,/pages/fitment/komatsu-pc14r-2,/metaobjects/model/komatsu-pc14r-2,230x96x31,active_v1,pass,
mdl_komatsu_pc15r,komatsu-pc15r,/pages/fitment/komatsu-pc15r,/metaobjects/model/komatsu-pc15r,230x96x31,active_v1,pass,
mdl_komatsu_pc15r_8,komatsu-pc15r-8,/pages/fitment/komatsu-pc15r-8,/metaobjects/model/komatsu-pc15r-8,230x96x31,active_v1,pass,
mdl_komatsu_pc15rhs,komatsu-pc15rhs,/pages/fitment/komatsu-pc15rhs,/metaobjects/model/komatsu-pc15rhs,230x96x31,active_v1,pass,
mdl_komatsu_pc16r_2,komatsu-pc16r-2,/pages/fitment/komatsu-pc16r-2,/metaobjects/model/komatsu-pc16r-2,230x96x31,active_v1,pass,
mdl_komatsu_pc18mr_2,komatsu-pc18mr-2,/pages/fitment/komatsu-pc18mr-2,/metaobjects/model/komatsu-pc18mr-2,230x48x70,active_v1,pass,
mdl_komatsu_pc18mr_3,komatsu-pc18mr-3,/pages/fitment/komatsu-pc18mr-3,/metaobjects/model/komatsu-pc18mr-3,230x48x70,active_v1,pass,
mdl_komatsu_pc20,komatsu-pc20,/pages/fitment/komatsu-pc20,/metaobjects/model/komatsu-pc20,300x52.5Nx84,active_v1,pass,
mdl_komatsu_pc202,komatsu-pc20-2,/pages/fitment/komatsu-pc20-2,/metaobjects/model/komatsu-pc20-2,300x52.5Nx84,active_v1,pass,
mdl_komatsu_pc206,komatsu-pc20-6,/pages/fitment/komatsu-pc20-6,/metaobjects/model/komatsu-pc20-6,300x52.5Nx84,active_v1,pass,
mdl_komatsu_pc207,komatsu-pc20-7,/pages/fitment/komatsu-pc20-7,/metaobjects/model/komatsu-pc20-7,300x52.5Nx76,active_v1,pass,
mdl_komatsu_pc20mr2,komatsu-pc20-mr-2,/pages/fitment/komatsu-pc20-mr-2,/metaobjects/model/komatsu-pc20-mr-2,300x52.5Nx78,active_v1,pass,
mdl_komatsu_pc22mr3,komatsu-pc22mr-3,/pages/fitment/komatsu-pc22mr-3,/metaobjects/model/komatsu-pc22mr-3,300x52.5Nx78,active_v1,pass,
mdl_komatsu_pc25,komatsu-pc25,/pages/fitment/komatsu-pc25,/metaobjects/model/komatsu-pc25,300x52.5Nx84,active_v1,pass,
mdl_komatsu_pc251,komatsu-pc25-1,/pages/fitment/komatsu-pc25-1,/metaobjects/model/komatsu-pc25-1,300x52.5Nx84,active_v1,pass,
mdl_komatsu_pc257,komatsu-pc25-7,/pages/fitment/komatsu-pc25-7,/metaobjects/model/komatsu-pc25-7,300x52.5Nx80,active_v1,pass,
mdl_komatsu_pc25r8,komatsu-pc25r-8,/pages/fitment/komatsu-pc25r-8,/metaobjects/model/komatsu-pc25r-8,300x52.5Nx80,active_v1,pass,
mdl_komatsu_pc26mr,komatsu-pc26mr,/pages/fitment/komatsu-pc26mr,/metaobjects/model/komatsu-pc26mr,300x52.5Nx80,active_v1,pass,
mdl_komatsu_pc26mr3,komatsu-pc26mr-3,/pages/fitment/komatsu-pc26mr-3,/metaobjects/model/komatsu-pc26mr-3,300x52.5Nx80,active_v1,pass,
mdl_komatsu_pc27mr,komatsu-pc27mr,/pages/fitment/komatsu-pc27mr,/metaobjects/model/komatsu-pc27mr,300x52.5Nx80,active_v1,pass,
mdl_komatsu_pc27mr1,komatsu-pc27mr-1,/pages/fitment/komatsu-pc27mr-1,/metaobjects/model/komatsu-pc27mr-1,300x52.5Nx80,active_v1,pass,
mdl_komatsu_pc27mr2,komatsu-pc27mr-2,/pages/fitment/komatsu-pc27mr-2,/metaobjects/model/komatsu-pc27mr-2,300x52.5Nx80,active_v1,pass,
mdl_komatsu_pc27mr3,komatsu-pc27mr-3,/pages/fitment/komatsu-pc27mr-3,/metaobjects/model/komatsu-pc27mr-3,300x52.5Nx80,active_v1,pass,
mdl_komatsu_pc27r8,komatsu-pc27r-8,/pages/fitment/komatsu-pc27r-8,/metaobjects/model/komatsu-pc27r-8,300x52.5Nx80,active_v1,pass,
mdl_komatsu_pc28,komatsu-pc28,/pages/fitment/komatsu-pc28,/metaobjects/model/komatsu-pc28,300x52.5Nx80,active_v1,pass,
mdl_komatsu_pc28uu,komatsu-pc28uu,/pages/fitment/komatsu-pc28uu,/metaobjects/model/komatsu-pc28uu,300x52.5Nx80,active_v1,pass,
mdl_komatsu_pc28uu1,komatsu-pc28uu-1,/pages/fitment/komatsu-pc28uu-1,/metaobjects/model/komatsu-pc28uu-1,300x52.5Nx80,active_v1,pass,
mdl_komatsu_pc28uu2,komatsu-pc28uu-2,/pages/fitment/komatsu-pc28uu-2,/metaobjects/model/komatsu-pc28uu-2,300x52.5Nx80,active_v1,pass,
mdl_komatsu_pc28uu3,komatsu-pc28uu-3,/pages/fitment/komatsu-pc28uu-3,/metaobjects/model/komatsu-pc28uu-3,300x52.5Nx80,active_v1,pass,
mdl_komatsu_pc30,komatsu-pc30,/pages/fitment/komatsu-pc30,/metaobjects/model/komatsu-pc30,300x52.5Nx84,active_v1,pass,
mdl_komatsu_pc306,komatsu-pc30-6,/pages/fitment/komatsu-pc30-6,/metaobjects/model/komatsu-pc30-6,300x52.5Nx84,active_v1,pass,
mdl_komatsu_pc307,komatsu-pc30-7,/pages/fitment/komatsu-pc30-7,/metaobjects/model/komatsu-pc30-7,300x52.5Nx84,active_v1,pass,
mdl_komatsu_pc30mr,komatsu-pc30mr,/pages/fitment/komatsu-pc30mr,/metaobjects/model/komatsu-pc30mr,300x52.5Nx84,active_v1,pass,
mdl_komatsu_pc30mr_1,komatsu-pc30mr-1,/pages/fitment/komatsu-pc30mr-1,/metaobjects/model/komatsu-pc30mr-1,300x52.5x86,active_v1,pass,
mdl_komatsu_pc30mr2,komatsu-pc30mr-2,/pages/fitment/komatsu-pc30mr-2,/metaobjects/model/komatsu-pc30mr-2,300x52.5x86,active_v1,pass,
mdl_komatsu_pc30mr3,komatsu-pc30mr-3,/pages/fitment/komatsu-pc30mr-3,/metaobjects/model/komatsu-pc30mr-3,300x52.5x86,active_v1,pass,
mdl_komatsu_pc30r8,komatsu-pc30r-8,/pages/fitment/komatsu-pc30r-8,/metaobjects/model/komatsu-pc30r-8,300x52.5Nx84,active_v1,pass,
mdl_komatsu_pc35mr,komatsu-pc-35mr,/pages/fitment/komatsu-pc-35mr,/metaobjects/model/komatsu-pc-35mr,300x52.5Nx84,active_v1,pass,
mdl_komatsu_pc35mr1,komatsu-pc35mr-1,/pages/fitment/komatsu-pc35mr-1,/metaobjects/model/komatsu-pc35mr-1,300x52.5Nx84,active_v1,pass,
mdl_komatsu_pc35mr2,komatsu-pc35mr-2,/pages/fitment/komatsu-pc35mr-2,/metaobjects/model/komatsu-pc35mr-2,300x52.5x86,active_v1,pass,
mdl_komatsu_pc35mr3,komatsu-pc35mr-3,/pages/fitment/komatsu-pc35mr-3,/metaobjects/model/komatsu-pc35mr-3,300x52.5x86,active_v1,pass,
mdl_komatsu_pc35r,komatsu-pc35r,/pages/fitment/komatsu-pc35r,/metaobjects/model/komatsu-pc35r,300x52.5Nx84,active_v1,pass,
mdl_komatsu_pc35r8,komatsu-pc35r-8,/pages/fitment/komatsu-pc35r-8,/metaobjects/model/komatsu-pc35r-8,300x52.5Nx84,active_v1,pass,
mdl_komatsu_pc40mr3,komatsu-pc40mr-3,/pages/fitment/komatsu-pc40mr-3,/metaobjects/model/komatsu-pc40mr-3,400x72.5Kx74,active_v1,pass,
mdl_komatsu_pc45mr,komatsu-pc-45mr,/pages/fitment/komatsu-pc-45mr,/metaobjects/model/komatsu-pc-45mr,400x72.5Kx72,active_v1,pass,
mdl_komatsu_pc45mr1,komatsu-pc-45mr-1,/pages/fitment/komatsu-pc-45mr-1,/metaobjects/model/komatsu-pc-45mr-1,400x72.5Kx72,active_v1,pass,
mdl_komatsu_pc45mr2,komatsu-pc-45mr-2,/pages/fitment/komatsu-pc-45mr-2,/metaobjects/model/komatsu-pc-45mr-2,400x72.5Kx74,active_v1,pass,
mdl_komatsu_pc45mr3,komatsu-pc45mr-3,/pages/fitment/komatsu-pc45mr-3,/metaobjects/model/komatsu-pc45mr-3,400x72.5Kx74,active_v1,pass,
mdl_komatsu_pc45mr5,komatsu-pc45mr-5,/pages/fitment/komatsu-pc45mr-5,/metaobjects/model/komatsu-pc45mr-5,400x72.5Kx74,active_v1,pass,
mdl_komatsu_pc50fr2,komatsu-pc50fr-2,/pages/fitment/komatsu-pc50fr-2,/metaobjects/model/komatsu-pc50fr-2,400x72.5Kx74,active_v1,pass,
mdl_komatsu_pc50m2,komatsu-pc-50m-2,/pages/fitment/komatsu-pc-50m-2,/metaobjects/model/komatsu-pc-50m-2,400x72.5Kx72,active_v1,pass,
mdl_komatsu_pc50mr,komatsu-pc-50mr,/pages/fitment/komatsu-pc-50mr,/metaobjects/model/komatsu-pc-50mr,400x72.5Kx72,active_v1,pass,
mdl_komatsu_pc50mr2,komatsu-pc50mr-2,/pages/fitment/komatsu-pc50mr-2,/metaobjects/model/komatsu-pc50mr-2,400x72.5Kx74,active_v1,pass,
mdl_komatsu_pc50uu1,komatsu-pc-50uu-1,/pages/fitment/komatsu-pc-50uu-1,/metaobjects/model/komatsu-pc-50uu-1,400x72.5Kx72,active_v1,pass,
mdl_komatsu_pc55mr2,komatsu-pc55mr-2,/pages/fitment/komatsu-pc55mr-2,/metaobjects/model/komatsu-pc55mr-2,400x72.5Kx74,active_v1,pass,
mdl_komatsu_pc55mr3,komatsu-pc55mr-3,/pages/fitment/komatsu-pc55mr-3,/metaobjects/model/komatsu-pc55mr-3,400x72.5Kx74,active_v1,pass,
mdl_komatsu_pc55mr4,komatsu-pc55mr-4,/pages/fitment/komatsu-pc55mr-4,/metaobjects/model/komatsu-pc55mr-4,400x72.5Kx74,active_v1,pass,
mdl_komatsu_pc55mr5,komatsu-pc55mr-5,/pages/fitment/komatsu-pc55mr-5,/metaobjects/model/komatsu-pc55mr-5,400x72.5Kx74,active_v1,pass,
mdl_komatsu_pc58uu3,komatsu-pc-58uu-3,/pages/fitment/komatsu-pc-58uu-3,/metaobjects/model/komatsu-pc-58uu-3,400x72.5Kx72,active_v1,pass,
mdl_komatsu_pc58uux,komatsu-pc-58uu-x,/pages/fitment/komatsu-pc-58uu-x,/metaobjects/model/komatsu-pc-58uu-x,400x72.5Kx72,active_v1,pass,
mdl_komatsu_pc60,komatsu-pc-60,/pages/fitment/komatsu-pc-60,/metaobjects/model/komatsu-pc-60,400x72.5Kx74,active_v1,pass,
mdl_komatsu_pc605,komatsu-pc-60-5,/pages/fitment/komatsu-pc-60-5,/metaobjects/model/komatsu-pc-60-5,400x72.5Kx74,active_v1,pass,
mdl_komatsu_pc78mr6,komatsu-pc-78mr-6,/pages/fitment/komatsu-pc-78mr-6,/metaobjects/model/komatsu-pc-78mr-6,450x83.5Kx74,active_v1,pass,
mdl_komatsu_pc78n,komatsu-pc-78n,/pages/fitment/komatsu-pc-78n,/metaobjects/model/komatsu-pc-78n,450x83.5Kx74,active_v1,pass,
mdl_komatsu_pc80mr,komatsu-pc-80mr,/pages/fitment/komatsu-pc-80mr,/metaobjects/model/komatsu-pc-80mr,450x83.5Kx74,active_v1,pass,
mdl_komatsu_pc88mr,komatsu-pc-88mr,/pages/fitment/komatsu-pc-88mr,/metaobjects/model/komatsu-pc-88mr,450x83.5Kx74,active_v1,pass,
mdl_komatsu_pc88mr10,komatsu-pc-88mr-10,/pages/fitment/komatsu-pc-88mr-10,/metaobjects/model/komatsu-pc-88mr-10,450x83.5Kx74,active_v1,pass,
mdl_komatsu_pc88mr6,komatsu-pc-88mr-6,/pages/fitment/komatsu-pc-88mr-6,/metaobjects/model/komatsu-pc-88mr-6,450x83.5Kx74,active_v1,pass,
mdl_komatsu_pc88mr8,komatsu-pc-88mr-8,/pages/fitment/komatsu-pc-88mr-8,/metaobjects/model/komatsu-pc-88mr-8,450x83.5Kx74,active_v1,pass,
mdl_kubota_k008,kubota-k-008,/pages/fitment/kubota-k-008,/metaobjects/model/kubota-k-008,180x72x37,active_v1,pass,
mdl_kubota_k008_2,kubota-k-008-2,/pages/fitment/kubota-k-008-2,/metaobjects/model/kubota-k-008-2,180x72x37,active_v1,pass,
mdl_kubota_k008_3,kubota-k-008-3,/pages/fitment/kubota-k-008-3,/metaobjects/model/kubota-k-008-3,180x72x37,active_v1,pass,
mdl_kubota_k008dh,kubota-k-008dh,/pages/fitment/kubota-k-008dh,/metaobjects/model/kubota-k-008dh,180x72x37,active_v1,pass,
mdl_kubota_k028,kubota-k-028,/pages/fitment/kubota-k-028,/metaobjects/model/kubota-k-028,300x52.5Nx80,active_v1,pass,
mdl_kubota_k030,kubota-k-030,/pages/fitment/kubota-k-030,/metaobjects/model/kubota-k-030,300x52.5Nx80,active_v1,pass,
mdl_kubota_k030_3,kubota-k-030-3,/pages/fitment/kubota-k-030-3,/metaobjects/model/kubota-k-030-3,300x52.5Nx80,active_v1,pass,
mdl_kubota_k035,kubota-k-035,/pages/fitment/kubota-k-035,/metaobjects/model/kubota-k-035,300x52.5Nx84,active_v1,pass,
mdl_kubota_k035_3,kubota-k-035-3,/pages/fitment/kubota-k-035-3,/metaobjects/model/kubota-k-035-3,300x52.5Nx84,active_v1,pass,
mdl_kubota_k038,kubota-k-038,/pages/fitment/kubota-k-038,/metaobjects/model/kubota-k-038,300x52.5Nx84,active_v1,pass,
mdl_kubota_k040,kubota-k-040,/pages/fitment/kubota-k-040,/metaobjects/model/kubota-k-040,400x72.5Kx72,active_v1,pass,
mdl_kubota_k045,kubota-k-045,/pages/fitment/kubota-k-045,/metaobjects/model/kubota-k-045,400x72.5Kx72,active_v1,pass,
mdl_kubota_kh040,kubota-kh040,/pages/fitment/kubota-kh040,/metaobjects/model/kubota-kh040,400x72.5Wx76,active_v1,pass,
mdl_kubota_kh055,kubota-kh055,/pages/fitment/kubota-kh055,/metaobjects/model/kubota-kh055,400x72.5Wx76,active_v1,pass,
mdl_kubota_kh90,kubota-kh-90,/pages/fitment/kubota-kh-90,/metaobjects/model/kubota-kh-90,300x52.5Nx84,active_v1,pass,
mdl_kubota_kh91,kubota-kh-91,/pages/fitment/kubota-kh-91,/metaobjects/model/kubota-kh-91,300x52.5Nx80,active_v1,pass,
mdl_kubota_kx_040_5,kubota-kx040-5,/pages/fitment/kubota-kx040-5,/metaobjects/model/kubota-kx040-5,350x54.5x86,active_v1,pass,
mdl_kubota_kx018_4,kubota-kx018-4,/pages/fitment/kubota-kx018-4,/metaobjects/model/kubota-kx018-4,230x48x70,active_v1,pass,
mdl_kubota_kx027,kubota-kx-027,/pages/fitment/kubota-kx-027,/metaobjects/model/kubota-kx-027,300x52.5Nx76,active_v1,pass,
mdl_kubota_kx030_4,kubota-kx030-4,/pages/fitment/kubota-kx030-4,/metaobjects/model/kubota-kx030-4,300x52.5Nx80,active_v1,pass,
mdl_kubota_kx033_4,kubota-kx033-4,/pages/fitment/kubota-kx033-4,/metaobjects/model/kubota-kx033-4,300x52.5Nx84,active_v1,pass,
mdl_kubota_kx035,kubota-kx035,/pages/fitment/kubota-kx035,/metaobjects/model/kubota-kx035,300x52.5Nx84,active_v1,pass,
mdl_kubota_kx040,kubota-kx040,/pages/fitment/kubota-kx040,/metaobjects/model/kubota-kx040,350x54.5x86,active_v1,pass,
mdl_kubota_kx040_4,kubota-kx040-4,/pages/fitment/kubota-kx040-4,/metaobjects/model/kubota-kx040-4,350x54.5x86,active_v1,pass,
mdl_kubota_kx041,kubota-kx041,/pages/fitment/kubota-kx041,/metaobjects/model/kubota-kx041,300x52.5Nx78,active_v1,pass,
mdl_kubota_kx045,kubota-kx-045,/pages/fitment/kubota-kx-045,/metaobjects/model/kubota-kx-045,400x72.5Kx72,active_v1,pass,
mdl_kubota_kx057_4,kubota-kx057-4,/pages/fitment/kubota-kx057-4,/metaobjects/model/kubota-kx057-4,400x72.5Kx74,active_v1,pass,
mdl_kubota_kx057_5,kubota-kx057-5,/pages/fitment/kubota-kx057-5,/metaobjects/model/kubota-kx057-5,400x72.5Kx74,active_v1,pass,
mdl_kubota_kx080,kubota-kx080,/pages/fitment/kubota-kx080,/metaobjects/model/kubota-kx080,450x81Nx76,active_v1,pass,
mdl_kubota_kx080_3,kubota-kx080-3,/pages/fitment/kubota-kx080-3,/metaobjects/model/kubota-kx080-3,450x81Nx76,active_v1,pass,
mdl_kubota_kx080_4,kubota-kx080-4,/pages/fitment/kubota-kx080-4,/metaobjects/model/kubota-kx080-4,450x81Nx76,active_v1,pass,
mdl_kubota_kx080_4s,kubota-kx080-4s,/pages/fitment/kubota-kx080-4s,/metaobjects/model/kubota-kx080-4s,450x81Nx76,active_v1,pass,
mdl_kubota_kx101,kubota-kx-101,/pages/fitment/kubota-kx-101,/metaobjects/model/kubota-kx-101,300x52.5Nx84,active_v1,pass,
mdl_kubota_kx101_3,kubota-kx-101-3,/pages/fitment/kubota-kx-101-3,/metaobjects/model/kubota-kx-101-3,300x52.5Nx84,active_v1,pass,
mdl_kubota_kx121_2,kubota-kx121-2,/pages/fitment/kubota-kx121-2,/metaobjects/model/kubota-kx121-2,350x54.5x86,active_v1,pass,
mdl_kubota_kx121_2s,kubota-kx-121-2s,/pages/fitment/kubota-kx-121-2s,/metaobjects/model/kubota-kx-121-2s,350x54.5x86,active_v1,pass,
mdl_kubota_kx121_3,kubota-kx121-3,/pages/fitment/kubota-kx121-3,/metaobjects/model/kubota-kx121-3,350x54.5x86,active_v1,pass,
mdl_kubota_kx161_2,kubota-kx161-2,/pages/fitment/kubota-kx161-2,/metaobjects/model/kubota-kx161-2,400x72.5Kx72,active_v1,pass,
mdl_kubota_kx161_2s,kubota-kx-161-2s,/pages/fitment/kubota-kx-161-2s,/metaobjects/model/kubota-kx-161-2s,400x72.5Kx72,active_v1,pass,
mdl_kubota_kx161_3,kubota-kx161-3,/pages/fitment/kubota-kx161-3,/metaobjects/model/kubota-kx161-3,400x72.5Kx74,active_v1,pass,
mdl_kubota_kx41_3,kubota-kx41-3,/pages/fitment/kubota-kx41-3,/metaobjects/model/kubota-kx41-3,230x48x70,active_v1,pass,
mdl_kubota_kx41_3v,kubota-kx41-3v,/pages/fitment/kubota-kx41-3v,/metaobjects/model/kubota-kx41-3v,230x48x70,active_v1,pass,
mdl_kubota_kx61_2,kubota-kx-61-2,/pages/fitment/kubota-kx-61-2,/metaobjects/model/kubota-kx-61-2,300x52.5Nx76,active_v1,pass,
mdl_kubota_kx61_2s,kubota-kx-61-2s,/pages/fitment/kubota-kx-61-2s,/metaobjects/model/kubota-kx-61-2s,300x52.5Nx76,active_v1,pass,
mdl_kubota_kx61_3,kubota-kx-61-3,/pages/fitment/kubota-kx-61-3,/metaobjects/model/kubota-kx-61-3,300x52.5Nx76,active_v1,pass,
mdl_kubota_kx71,kubota-kx71,/pages/fitment/kubota-kx71,/metaobjects/model/kubota-kx71,300x52.5Nx80,active_v1,pass,
mdl_kubota_kx71_2,kubota-kx-71-2,/pages/fitment/kubota-kx-71-2,/metaobjects/model/kubota-kx-71-2,300x52.5Nx80,active_v1,pass,
mdl_kubota_kx71_3,kubota-kx71-3,/pages/fitment/kubota-kx71-3,/metaobjects/model/kubota-kx71-3,300x52.5Nx80,active_v1,pass,
mdl_kubota_kx71_3s,kubota-kx71-3s,/pages/fitment/kubota-kx71-3s,/metaobjects/model/kubota-kx71-3s,300x52.5Nx80,active_v1,pass,
mdl_kubota_kx91,kubota-kx91,/pages/fitment/kubota-kx91,/metaobjects/model/kubota-kx91,300x52.5Nx80,active_v1,pass,
mdl_kubota_kx91_2,kubota-kx91-2,/pages/fitment/kubota-kx91-2,/metaobjects/model/kubota-kx91-2,300x52.5Nx80,active_v1,pass,
mdl_kubota_kx91_2s,kubota-kx-91-2s,/pages/fitment/kubota-kx-91-2s,/metaobjects/model/kubota-kx-91-2s,300x52.5Nx80,active_v1,pass,
mdl_kubota_kx91_3,kubota-kx91-3,/pages/fitment/kubota-kx91-3,/metaobjects/model/kubota-kx91-3,300x52.5Nx80,active_v1,pass,
mdl_kubota_rx141,kubota-rx141,/pages/fitment/kubota-rx141,/metaobjects/model/kubota-rx141,230x48x70,active_v1,pass,
mdl_kubota_scl1000,kubota-scl1000,/pages/fitment/kubota-scl1000,/metaobjects/model/kubota-scl1000,230x72x43,active_v1,pass,
mdl_kubota_svl65,kubota-svl65,/pages/fitment/kubota-svl65,/metaobjects/model/kubota-svl65,400x86x52,active_v1,pass,
mdl_kubota_svl65_2,kubota-svl65-2,/pages/fitment/kubota-svl65-2,/metaobjects/model/kubota-svl65-2,320x86x52,active_v1,pass,
mdl_kubota_svl75,kubota-svl75,/pages/fitment/kubota-svl75,/metaobjects/model/kubota-svl75,400x86x52,active_v1,pass,
mdl_kubota_svl75_2,kubota-svl75-2,/pages/fitment/kubota-svl75-2,/metaobjects/model/kubota-svl75-2,320x86x52,active_v1,pass,
mdl_kubota_svl75_3,kubota-svl75-3,/pages/fitment/kubota-svl75-3,/metaobjects/model/kubota-svl75-3,320x86x52,active_v1,pass,
mdl_kubota_svl75c,kubota-svl75c,/pages/fitment/kubota-svl75c,/metaobjects/model/kubota-svl75c,320x86x52,active_v1,pass,
mdl_kubota_svl90_2,kubota-svl90-2,/pages/fitment/kubota-svl90-2,/metaobjects/model/kubota-svl90-2,450x86Bx58,active_v1,pass,
mdl_kubota_svl95_2,kubota-svl95-2,/pages/fitment/kubota-svl95-2,/metaobjects/model/kubota-svl95-2,450x86Bx58,active_v1,pass,
mdl_kubota_svl95_2s,kubota-svl95-2s,/pages/fitment/kubota-svl95-2s,/metaobjects/model/kubota-svl95-2s,450x86Bx58,active_v1,pass,
mdl_kubota_svl97_2,kubota-svl97-2,/pages/fitment/kubota-svl97-2,/metaobjects/model/kubota-svl97-2,450x86Bx58,active_v1,pass,
mdl_kubota_svl97_3,kubota-svl97-3,/pages/fitment/kubota-svl97-3,/metaobjects/model/kubota-svl97-3,450x86Bx58,active_v1,pass,
mdl_kubota_u_15_3,kubota-u-15-3,/pages/fitment/kubota-u-15-3,/metaobjects/model/kubota-u-15-3,230x48x70,active_v1,pass,
mdl_kubota_u15,kubota-u15,/pages/fitment/kubota-u15,/metaobjects/model/kubota-u15,230x48x70,active_v1,pass,
mdl_kubota_u17,kubota-u17,/pages/fitment/kubota-u17,/metaobjects/model/kubota-u17,230x48x70,active_v1,pass,
mdl_kubota_u17_3,kubota-u-17-3,/pages/fitment/kubota-u-17-3,/metaobjects/model/kubota-u-17-3,230x48x70,active_v1,pass,
mdl_kubota_u25,kubota-u25,/pages/fitment/kubota-u25,/metaobjects/model/kubota-u25,300x52.5Nx80,active_v1,pass,
mdl_kubota_u25_3,kubota-u-25-3,/pages/fitment/kubota-u-25-3,/metaobjects/model/kubota-u-25-3,300x52.5Nx80,active_v1,pass,
mdl_kubota_u27_4,kubota-u27-4,/pages/fitment/kubota-u27-4,/metaobjects/model/kubota-u27-4,300x52.5Nx80,active_v1,pass,
mdl_kubota_u30,kubota-u-30,/pages/fitment/kubota-u-30,/metaobjects/model/kubota-u-30,300x52.5Nx84,active_v1,pass,
mdl_kubota_u30_1,kubota-u-30-1,/pages/fitment/kubota-u-30-1,/metaobjects/model/kubota-u-30-1,300x52.5Nx84,active_v1,pass,
mdl_kubota_u30_2,kubota-u-30-2,/pages/fitment/kubota-u-30-2,/metaobjects/model/kubota-u-30-2,300x52.5Nx84,active_v1,pass,
mdl_kubota_u30_3,kubota-u-30-3,/pages/fitment/kubota-u-30-3,/metaobjects/model/kubota-u-30-3,300x52.5Nx84,active_v1,pass,
mdl_kubota_u35,kubota-u35,/pages/fitment/kubota-u35,/metaobjects/model/kubota-u35,300x52.5Nx84,active_v1,pass,
mdl_kubota_u35_3,kubota-u-35-3,/pages/fitment/kubota-u-35-3,/metaobjects/model/kubota-u-35-3,300x52.5Nx84,active_v1,pass,
mdl_kubota_u35_4,kubota-u-35-4,/pages/fitment/kubota-u-35-4,/metaobjects/model/kubota-u-35-4,300x52.5Nx84,active_v1,pass,
mdl_kubota_u35s,kubota-u-35s,/pages/fitment/kubota-u-35s,/metaobjects/model/kubota-u-35s,300x52.5Nx84,active_v1,pass,
mdl_kubota_u45,kubota-u-45,/pages/fitment/kubota-u-45,/metaobjects/model/kubota-u-45,400x72.5Kx72,active_v1,pass,
mdl_kubota_u45_3,kubota-u-45-3,/pages/fitment/kubota-u-45-3,/metaobjects/model/kubota-u-45-3,400x72.5Kx74,active_v1,pass,
mdl_kubota_u45s,kubota-u45s,/pages/fitment/kubota-u45s,/metaobjects/model/kubota-u45s,400x72.5Kx74,active_v1,pass,
mdl_kubota_u45st,kubota-u45st,/pages/fitment/kubota-u45st,/metaobjects/model/kubota-u45st,400x72.5Kx74,active_v1,pass,
mdl_kubota_u48_4,kubota-u-48-4,/pages/fitment/kubota-u-48-4,/metaobjects/model/kubota-u-48-4,400x72.5Kx74,active_v1,pass,
mdl_kubota_u48_5,kubota-u48-5,/pages/fitment/kubota-u48-5,/metaobjects/model/kubota-u48-5,400x72.5Kx74,active_v1,pass,
mdl_kubota_u55,kubota-u55,/pages/fitment/kubota-u55,/metaobjects/model/kubota-u55,400x72.5Kx74,active_v1,pass,
mdl_kubota_u55_4,kubota-u55-4,/pages/fitment/kubota-u55-4,/metaobjects/model/kubota-u55-4,400x72.5Kx74,active_v1,pass,
mdl_manitou_3200vt,manitou-3200vt,/pages/fitment/manitou-3200vt,/metaobjects/model/manitou-3200vt,450x86Bx58,active_v1,pass,
mdl_manitou_mx65,manitou-mx65,/pages/fitment/manitou-mx65,/metaobjects/model/manitou-mx65,320x86Bx50,active_v1,pass,
mdl_mustang_1350r,mustang-1350r,/pages/fitment/mustang-1350r,/metaobjects/model/mustang-1350r,320x84Bx46,active_v1,pass,
mdl_mustang_1650rt,mustang-1650-rt,/pages/fitment/mustang-1650-rt,/metaobjects/model/mustang-1650-rt,320x86Bx49,active_v1,pass,
mdl_mustang_1750_rt,mustang-1750-rt,/pages/fitment/mustang-1750-rt,/metaobjects/model/mustang-1750-rt,320x86Bx54,active_v1,pass,
mdl_mustang_2100rt,mustang-2100rt,/pages/fitment/mustang-2100rt,/metaobjects/model/mustang-2100rt,450x86Bx56,active_v1,pass,
mdl_mustang_2150rt,mustang-2150rt,/pages/fitment/mustang-2150rt,/metaobjects/model/mustang-2150rt,450x86Bx56,active_v1,pass,
mdl_mustang_2500rt,mustang-2500rt,/pages/fitment/mustang-2500rt,/metaobjects/model/mustang-2500rt,450x86Bx58,active_v1,pass,
mdl_mustang_me5002,mustang-me5002,/pages/fitment/mustang-me5002,/metaobjects/model/mustang-me5002,400x72.5Kx74,active_v1,pass,
mdl_mustang_me6002,mustang-me6002,/pages/fitment/mustang-me6002,/metaobjects/model/mustang-me6002,400x72.5Kx74,active_v1,pass,
mdl_mustang_me6003,mustang-me6003,/pages/fitment/mustang-me6003,/metaobjects/model/mustang-me6003,400x72.5Kx74,active_v1,pass,
mdl_mustang_me6502,mustang-me6502,/pages/fitment/mustang-me6502,/metaobjects/model/mustang-me6502,400x72.5Kx74,active_v1,pass,
mdl_mustang_mtl16,mustang-mtl16,/pages/fitment/mustang-mtl16,/metaobjects/model/mustang-mtl16,320x86x52,active_v1,pass,
mdl_mustang_mtl20,mustang-mtl20,/pages/fitment/mustang-mtl20,/metaobjects/model/mustang-mtl20,450x100x48,active_v1,pass,
mdl_mustang_mtl25,mustang-mtl25,/pages/fitment/mustang-mtl25,/metaobjects/model/mustang-mtl25,450x100x50,active_v1,pass,
mdl_mustang_mtl316,mustang-mtl316,/pages/fitment/mustang-mtl316,/metaobjects/model/mustang-mtl316,320x86x52,active_v1,pass,
mdl_mustang_mtl320,mustang-mtl320,/pages/fitment/mustang-mtl320,/metaobjects/model/mustang-mtl320,450x100x48,active_v1,pass,
mdl_mustang_mtl325,mustang-mtl325,/pages/fitment/mustang-mtl325,/metaobjects/model/mustang-mtl325,450x100x50,active_v1,pass,
mdl_mustang_rt2100,mustang-rt2100,/pages/fitment/mustang-rt2100,/metaobjects/model/mustang-rt2100,450x86Bx56,active_v1,pass,
mdl_mustang_rt2500,mustang-rt2500,/pages/fitment/mustang-rt2500,/metaobjects/model/mustang-rt2500,450x86Bx58,active_v1,pass,
mdl_new_holland_c175,new-holland-c175,/pages/fitment/new-holland-c175,/metaobjects/model/new-holland-c175,320x86Bx50,active_v1,pass,
mdl_new_holland_c180,new-holland-c180,/pages/fitment/new-holland-c180,/metaobjects/model/new-holland-c180,320x86x52,active_v1,pass,
mdl_new_holland_c185,new-holland-c185,/pages/fitment/new-holland-c185,/metaobjects/model/new-holland-c185,450x86Bx55,active_v1,pass,
mdl_new_holland_c190,new-holland-c190,/pages/fitment/new-holland-c190,/metaobjects/model/new-holland-c190,450x86Bx55,active_v1,pass,
mdl_new_holland_c227,new-holland-c227,/pages/fitment/new-holland-c227,/metaobjects/model/new-holland-c227,320x86Bx50,active_v1,pass,
mdl_new_holland_c232,new-holland-c232,/pages/fitment/new-holland-c232,/metaobjects/model/new-holland-c232,450x86Bx55,active_v1,pass,
mdl_new_holland_c234,new-holland-c234,/pages/fitment/new-holland-c234,/metaobjects/model/new-holland-c234,450x86Bx55,active_v1,pass,
mdl_new_holland_c237,new-holland-c237,/pages/fitment/new-holland-c237,/metaobjects/model/new-holland-c237,450x86Bx55,active_v1,pass,
mdl_new_holland_c238,new-holland-c238,/pages/fitment/new-holland-c238,/metaobjects/model/new-holland-c238,450x86Bx55,active_v1,pass,
mdl_new_holland_c245,new-holland-c245,/pages/fitment/new-holland-c245,/metaobjects/model/new-holland-c245,450x86Bx55,active_v1,pass,
mdl_new_holland_c314,new-holland-c314,/pages/fitment/new-holland-c314,/metaobjects/model/new-holland-c314,180x72Kx45,active_v1,pass,
mdl_new_holland_c327,new-holland-c327,/pages/fitment/new-holland-c327,/metaobjects/model/new-holland-c327,320x86Bx50,active_v1,pass,
mdl_new_holland_c330,new-holland-c330,/pages/fitment/new-holland-c330,/metaobjects/model/new-holland-c330,450x86Bx55,active_v1,pass,
mdl_new_holland_c332,new-holland-c332,/pages/fitment/new-holland-c332,/metaobjects/model/new-holland-c332,450x86Bx55,active_v1,pass,
mdl_new_holland_c334,new-holland-c334,/pages/fitment/new-holland-c334,/metaobjects/model/new-holland-c334,450x86Bx55,active_v1,pass,
mdl_new_holland_c337,new-holland-c337,/pages/fitment/new-holland-c337,/metaobjects/model/new-holland-c337,450x86Bx55,active_v1,pass,
mdl_new_holland_c345,new-holland-c345,/pages/fitment/new-holland-c345,/metaobjects/model/new-holland-c345,450x86Bx55,active_v1,pass,
mdl_new_holland_c362,new-holland-c362,/pages/fitment/new-holland-c362,/metaobjects/model/new-holland-c362,450x86Bx63,active_v1,pass,
mdl_new_holland_e_35_2sr,new-holland-e-35-2sr,/pages/fitment/new-holland-e-35-2sr,/metaobjects/model/new-holland-e-35-2sr,300x52.5Kx88,active_v1,pass,
mdl_new_holland_e_35sr,new-holland-e35sr,/pages/fitment/new-holland-e35sr,/metaobjects/model/new-holland-e35sr,300x52.5Kx88,active_v1,pass,
mdl_new_holland_e_70bsr,new-holland-e-70bsr,/pages/fitment/new-holland-e-70bsr,/metaobjects/model/new-holland-e-70bsr,450x81.5x76,active_v1,pass,
mdl_new_holland_e_70sr,new-holland-e-70sr,/pages/fitment/new-holland-e-70sr,/metaobjects/model/new-holland-e-70sr,450x81.5x76,active_v1,pass,
mdl_new_holland_e_80,new-holland-e-80,/pages/fitment/new-holland-e-80,/metaobjects/model/new-holland-e-80,450x81.5x76,active_v1,pass,
mdl_new_holland_e_80bmsr,new-holland-e-80bmsr,/pages/fitment/new-holland-e-80bmsr,/metaobjects/model/new-holland-e-80bmsr,450x81.5x76,active_v1,pass,
mdl_new_holland_e_80cs,new-holland-e-80cs,/pages/fitment/new-holland-e-80cs,/metaobjects/model/new-holland-e-80cs,450x81.5x76,active_v1,pass,
mdl_new_holland_e_80msr,new-holland-e-80msr,/pages/fitment/new-holland-e-80msr,/metaobjects/model/new-holland-e-80msr,450x81.5x76,active_v1,pass,
mdl_new_holland_e16,new-holland-e16,/pages/fitment/new-holland-e16,/metaobjects/model/new-holland-e16,230x48x70,active_v1,pass,
mdl_new_holland_e17,new-holland-e17,/pages/fitment/new-holland-e17,/metaobjects/model/new-holland-e17,230x48x70,active_v1,pass,
mdl_new_holland_e17c,new-holland-e17c,/pages/fitment/new-holland-e17c,/metaobjects/model/new-holland-e17c,230x48x70,active_v1,pass,
mdl_new_holland_e18,new-holland-e18,/pages/fitment/new-holland-e18,/metaobjects/model/new-holland-e18,230x48x70,active_v1,pass,
mdl_new_holland_e18c,new-holland-e18c,/pages/fitment/new-holland-e18c,/metaobjects/model/new-holland-e18c,230x48x70,active_v1,pass,
mdl_new_holland_e18sr,new-holland-e18sr,/pages/fitment/new-holland-e18sr,/metaobjects/model/new-holland-e18sr,230x48x70,active_v1,pass,
mdl_new_holland_e20_2sr,new-holland-e20-2sr,/pages/fitment/new-holland-e20-2sr,/metaobjects/model/new-holland-e20-2sr,300x52.5Nx76,active_v1,pass,
mdl_new_holland_e20sr,new-holland-e20sr,/pages/fitment/new-holland-e20sr,/metaobjects/model/new-holland-e20sr,300x52.5Nx76,active_v1,pass,
mdl_new_holland_e22_2sr,new-holland-e22-2sr,/pages/fitment/new-holland-e22-2sr,/metaobjects/model/new-holland-e22-2sr,300x52.5Nx76,active_v1,pass,
mdl_new_holland_e25sr,new-holland-e25sr,/pages/fitment/new-holland-e25sr,/metaobjects/model/new-holland-e25sr,300x52.5Nx76,active_v1,pass,
mdl_new_holland_e26bsr,new-holland-e26bsr,/pages/fitment/new-holland-e26bsr,/metaobjects/model/new-holland-e26bsr,300x52.5Nx76,active_v1,pass,
mdl_new_holland_e26c,new-holland-e26c,/pages/fitment/new-holland-e26c,/metaobjects/model/new-holland-e26c,300x52.5Nx74,active_v1,pass,
mdl_new_holland_e27,new-holland-e27,/pages/fitment/new-holland-e27,/metaobjects/model/new-holland-e27,300x52.5Nx80,active_v1,pass,
mdl_new_holland_e27_2sr,new-holland-e27-2sr,/pages/fitment/new-holland-e27-2sr,/metaobjects/model/new-holland-e27-2sr,300x52.5Nx80,active_v1,pass,
mdl_new_holland_e29bsr,new-holland-e-29-b-sr,/pages/fitment/new-holland-e-29-b-sr,/metaobjects/model/new-holland-e-29-b-sr,300x52.5Nx80,active_v1,pass,
mdl_new_holland_e30c,new-holland-e30c,/pages/fitment/new-holland-e30c,/metaobjects/model/new-holland-e30c,300x52.5Nx80,active_v1,pass,
mdl_new_holland_e33c,new-holland-e33c,/pages/fitment/new-holland-e33c,/metaobjects/model/new-holland-e33c,300x52.5x86,active_v1,pass,
mdl_new_holland_e35,new-holland-e35,/pages/fitment/new-holland-e35,/metaobjects/model/new-holland-e35,300x52.5Kx88,active_v1,pass,
mdl_new_holland_e352c,new-holland-e-35-2c,/pages/fitment/new-holland-e-35-2c,/metaobjects/model/new-holland-e-35-2c,300x52.5Kx88,active_v1,pass,
mdl_new_holland_e37c,new-holland-e37c,/pages/fitment/new-holland-e37c,/metaobjects/model/new-holland-e37c,300x52.5x86,active_v1,pass,
mdl_new_holland_e40_2sr,new-holland-e-40-2sr,/pages/fitment/new-holland-e-40-2sr,/metaobjects/model/new-holland-e-40-2sr,400x72.5Kx72,active_v1,pass,
mdl_new_holland_e40sr,new-holland-e-40sr,/pages/fitment/new-holland-e-40sr,/metaobjects/model/new-holland-e-40sr,400x72.5Kx72,active_v1,pass,
mdl_new_holland_e45_2sr,new-holland-e-45-2sr,/pages/fitment/new-holland-e-45-2sr,/metaobjects/model/new-holland-e-45-2sr,400x72.5Kx72,active_v1,pass,
mdl_new_holland_e455r,new-holland-e455r,/pages/fitment/new-holland-e455r,/metaobjects/model/new-holland-e455r,400x72.5Kx74,active_v1,pass,
mdl_new_holland_e45sr,new-holland-e-45sr,/pages/fitment/new-holland-e-45sr,/metaobjects/model/new-holland-e-45sr,400x72.5Kx72,active_v1,pass,
mdl_new_holland_e50,new-holland-e50,/pages/fitment/new-holland-e50,/metaobjects/model/new-holland-e50,400x72.5Kx74,active_v1,pass,
mdl_new_holland_e50_2sr,new-holland-e-50-2sr,/pages/fitment/new-holland-e-50-2sr,/metaobjects/model/new-holland-e-50-2sr,400x72.5Kx72,active_v1,pass,
mdl_new_holland_e50b,new-holland-e-50b,/pages/fitment/new-holland-e-50b,/metaobjects/model/new-holland-e-50b,400x72.5Kx72,active_v1,pass,
mdl_new_holland_e50sr,new-holland-e50sr,/pages/fitment/new-holland-e50sr,/metaobjects/model/new-holland-e50sr,400x72.5Kx74,active_v1,pass,
mdl_new_holland_e55bx,new-holland-e55bx,/pages/fitment/new-holland-e55bx,/metaobjects/model/new-holland-e55bx,400x72.5Kx74,active_v1,pass,
mdl_new_holland_e57c,new-holland-e57c,/pages/fitment/new-holland-e57c,/metaobjects/model/new-holland-e57c,400x72.5Kx74,active_v1,pass,
mdl_new_holland_ec25,new-holland-ec25,/pages/fitment/new-holland-ec25,/metaobjects/model/new-holland-ec25,300x52.5Nx74,active_v1,pass,
mdl_new_holland_ec25sr,new-holland-ec-25sr,/pages/fitment/new-holland-ec-25sr,/metaobjects/model/new-holland-ec-25sr,300x52.5Nx74,active_v1,pass,
mdl_new_holland_ec35,new-holland-ec35,/pages/fitment/new-holland-ec35,/metaobjects/model/new-holland-ec35,300x52.5Nx80,active_v1,pass,
mdl_new_holland_ec35sr,new-holland-ec-35sr,/pages/fitment/new-holland-ec-35sr,/metaobjects/model/new-holland-ec-35sr,300x52.5Nx80,active_v1,pass,
mdl_new_holland_ec45,new-holland-ec45,/pages/fitment/new-holland-ec45,/metaobjects/model/new-holland-ec45,400x72.5Kx72,active_v1,pass,
mdl_new_holland_ec45sr,new-holland-ec-45sr,/pages/fitment/new-holland-ec-45sr,/metaobjects/model/new-holland-ec-45sr,400x72.5Kx72,active_v1,pass,
mdl_new_holland_ec60,new-holland-ec60,/pages/fitment/new-holland-ec60,/metaobjects/model/new-holland-ec60,400x72.5Wx76,active_v1,pass,
mdl_new_holland_eh_35b,new-holland-eh-35b,/pages/fitment/new-holland-eh-35b,/metaobjects/model/new-holland-eh-35b,300x52.5Kx88,active_v1,pass,
mdl_new_holland_eh15b,new-holland-eh-15b,/pages/fitment/new-holland-eh-15b,/metaobjects/model/new-holland-eh-15b,230x48x70,active_v1,pass,
mdl_new_holland_eh16,new-holland-eh16,/pages/fitment/new-holland-eh16,/metaobjects/model/new-holland-eh16,230x48x70,active_v1,pass,
mdl_new_holland_eh18,new-holland-eh18,/pages/fitment/new-holland-eh18,/metaobjects/model/new-holland-eh18,230x48x70,active_v1,pass,
mdl_new_holland_eh25,new-holland-eh25,/pages/fitment/new-holland-eh25,/metaobjects/model/new-holland-eh25,300x52.5Nx74,active_v1,pass,
mdl_new_holland_eh27b,new-holland-eh-27b,/pages/fitment/new-holland-eh-27b,/metaobjects/model/new-holland-eh-27b,300x52.5Nx80,active_v1,pass,
mdl_new_holland_eh30_b,new-holland-eh-30b,/pages/fitment/new-holland-eh-30b,/metaobjects/model/new-holland-eh-30b,300x52.5Wx82,active_v1,pass,
mdl_new_holland_eh35,new-holland-eh35,/pages/fitment/new-holland-eh35,/metaobjects/model/new-holland-eh35,300x52.5Kx88,active_v1,pass,
mdl_new_holland_eh45,new-holland-eh45,/pages/fitment/new-holland-eh45,/metaobjects/model/new-holland-eh45,400x72.5Kx74,active_v1,pass,
mdl_new_holland_eh50b,new-holland-eh-50b,/pages/fitment/new-holland-eh-50b,/metaobjects/model/new-holland-eh-50b,400x72.5Kx72,active_v1,pass,
mdl_new_holland_lt175b,new-holland-lt175b,/pages/fitment/new-holland-lt175b,/metaobjects/model/new-holland-lt175b,320x86Bx50,active_v1,pass,
mdl_new_holland_lt185,new-holland-lt185,/pages/fitment/new-holland-lt185,/metaobjects/model/new-holland-lt185,450x86Bx55,active_v1,pass,
mdl_new_holland_lt185b,new-holland-lt185b,/pages/fitment/new-holland-lt185b,/metaobjects/model/new-holland-lt185b,450x86Bx55,active_v1,pass,
mdl_new_holland_lt190,new-holland-lt190,/pages/fitment/new-holland-lt190,/metaobjects/model/new-holland-lt190,450x86Bx55,active_v1,pass,
mdl_new_holland_lt190b,new-holland-lt190b,/pages/fitment/new-holland-lt190b,/metaobjects/model/new-holland-lt190b,450x86Bx55,active_v1,pass,
mdl_sany_sy18c,sany-sy18c,/pages/fitment/sany-sy18c,/metaobjects/model/sany-sy18c,230x48x70,active_v1,pass,
mdl_sany_sy26c,sany-sy26c,/pages/fitment/sany-sy26c,/metaobjects/model/sany-sy26c,300x52.5Nx80,active_v1,pass,
mdl_sany_sy26u,sany-sy26u,/pages/fitment/sany-sy26u,/metaobjects/model/sany-sy26u,300x52.5Nx80,active_v1,pass,
mdl_sany_sy35c,sany-sy35c,/pages/fitment/sany-sy35c,/metaobjects/model/sany-sy35c,300x52.5Kx88,active_v1,pass,
mdl_sany_sy35u,sany-sy35u,/pages/fitment/sany-sy35u,/metaobjects/model/sany-sy35u,300x52.5Kx88,active_v1,pass,
mdl_sany_sy50u,sany-sy50u,/pages/fitment/sany-sy50u,/metaobjects/model/sany-sy50u,400x72.5Kx74,active_v1,pass,
mdl_sany_sy60c,sany-sy60c,/pages/fitment/sany-sy60c,/metaobjects/model/sany-sy60c,400x72.5Wx76,active_v1,pass,
mdl_sany_sy75c,sany-sy75c,/pages/fitment/sany-sy75c,/metaobjects/model/sany-sy75c,450x81.5x76,active_v1,pass,
mdl_sany_sy80u,sany-sy80u,/pages/fitment/sany-sy80u,/metaobjects/model/sany-sy80u,450x81Nx78,active_v1,pass,
mdl_takeuchi_tb020,takeuchi-tb020,/pages/fitment/takeuchi-tb020,/metaobjects/model/takeuchi-tb020,300x52.5Nx76,active_v1,pass,
mdl_takeuchi_tb025,takeuchi-tb025,/pages/fitment/takeuchi-tb025,/metaobjects/model/takeuchi-tb025,300x52.5Nx78,active_v1,pass,
mdl_takeuchi_tb035,takeuchi-tb035,/pages/fitment/takeuchi-tb035,/metaobjects/model/takeuchi-tb035,350x52.5x86,active_v1,pass,
mdl_takeuchi_tb045,takeuchi-tb045,/pages/fitment/takeuchi-tb045,/metaobjects/model/takeuchi-tb045,400x72.5Kx74,active_v1,pass,
mdl_takeuchi_tb053fr,takeuchi-tb053fr,/pages/fitment/takeuchi-tb053fr,/metaobjects/model/takeuchi-tb053fr,400x72.5Kx74,active_v1,pass,
mdl_takeuchi_tb07,takeuchi-tb07,/pages/fitment/takeuchi-tb07,/metaobjects/model/takeuchi-tb07,180x72x37,active_v1,pass,
mdl_takeuchi_tb070,takeuchi-tb-070,/pages/fitment/takeuchi-tb-070,/metaobjects/model/takeuchi-tb-070,450x81Nx76,active_v1,pass,
mdl_takeuchi_tb108,takeuchi-tb-108,/pages/fitment/takeuchi-tb-108,/metaobjects/model/takeuchi-tb-108,180x72x37,active_v1,pass,
mdl_takeuchi_tb125,takeuchi-tb125,/pages/fitment/takeuchi-tb125,/metaobjects/model/takeuchi-tb125,300x52.5Nx78,active_v1,pass,
mdl_takeuchi_tb135,takeuchi-tb135,/pages/fitment/takeuchi-tb135,/metaobjects/model/takeuchi-tb135,350x52.5x86,active_v1,pass,
mdl_takeuchi_tb138,takeuchi-tb138,/pages/fitment/takeuchi-tb138,/metaobjects/model/takeuchi-tb138,350x52.5x86,active_v1,pass,
mdl_takeuchi_tb138fr,takeuchi-tb138fr,/pages/fitment/takeuchi-tb138fr,/metaobjects/model/takeuchi-tb138fr,350x52.5x86,active_v1,pass,
mdl_takeuchi_tb145,takeuchi-tb145,/pages/fitment/takeuchi-tb145,/metaobjects/model/takeuchi-tb145,400x72.5Kx74,active_v1,pass,
mdl_takeuchi_tb153fr,takeuchi-tb153fr,/pages/fitment/takeuchi-tb153fr,/metaobjects/model/takeuchi-tb153fr,400x72.5Kx74,active_v1,pass,
mdl_takeuchi_tb15f,takeuchi-tb-15f,/pages/fitment/takeuchi-tb-15f,/metaobjects/model/takeuchi-tb-15f,230x48x70,active_v1,pass,
mdl_takeuchi_tb15fr,takeuchi-tb15fr,/pages/fitment/takeuchi-tb15fr,/metaobjects/model/takeuchi-tb15fr,230x48x70,active_v1,pass,
mdl_takeuchi_tb175,takeuchi-tb175,/pages/fitment/takeuchi-tb175,/metaobjects/model/takeuchi-tb175,450x81Nx76,active_v1,pass,
mdl_takeuchi_tb180fr,takeuchi-tb180fr,/pages/fitment/takeuchi-tb180fr,/metaobjects/model/takeuchi-tb180fr,450x81Nx76,active_v1,pass,
mdl_takeuchi_tb225,takeuchi-tb225,/pages/fitment/takeuchi-tb225,/metaobjects/model/takeuchi-tb225,300x52.5Nx78,active_v1,pass,
mdl_takeuchi_tb228,takeuchi-tb228,/pages/fitment/takeuchi-tb228,/metaobjects/model/takeuchi-tb228,300x52.5Nx78,active_v1,pass,
mdl_takeuchi_tb230,takeuchi-tb230,/pages/fitment/takeuchi-tb230,/metaobjects/model/takeuchi-tb230,300x52.5Nx78,active_v1,pass,
mdl_takeuchi_tb235,takeuchi-tb235,/pages/fitment/takeuchi-tb235,/metaobjects/model/takeuchi-tb235,350x52.5x86,active_v1,pass,
mdl_takeuchi_tb235_2,takeuchi-tb235-2,/pages/fitment/takeuchi-tb235-2,/metaobjects/model/takeuchi-tb235-2,350x52.5x86,active_v1,pass,
mdl_takeuchi_tb240,takeuchi-tb240,/pages/fitment/takeuchi-tb240,/metaobjects/model/takeuchi-tb240,350x52.5x86,active_v1,pass,
mdl_takeuchi_tb245,takeuchi-tb245,/pages/fitment/takeuchi-tb245,/metaobjects/model/takeuchi-tb245,400x72.5Kx74,active_v1,pass,
mdl_takeuchi_tb249,takeuchi-tb-249,/pages/fitment/takeuchi-tb-249,/metaobjects/model/takeuchi-tb-249,400x72.5Kx74,active_v1,pass,
mdl_takeuchi_tb250,takeuchi-tb250,/pages/fitment/takeuchi-tb250,/metaobjects/model/takeuchi-tb250,400x72.5Kx74,active_v1,pass,
mdl_takeuchi_tb250_2,takeuchi-tb250-2,/pages/fitment/takeuchi-tb250-2,/metaobjects/model/takeuchi-tb250-2,400x72.5Kx74,active_v1,pass,
mdl_takeuchi_tb257fr,takeuchi-tb257fr,/pages/fitment/takeuchi-tb257fr,/metaobjects/model/takeuchi-tb257fr,400x72.5Kx74,active_v1,pass,
mdl_takeuchi_tb260,takeuchi-tb260,/pages/fitment/takeuchi-tb260,/metaobjects/model/takeuchi-tb260,400x72.5Wx76,active_v1,pass,
mdl_takeuchi_tb260r,takeuchi-tb260r,/pages/fitment/takeuchi-tb260r,/metaobjects/model/takeuchi-tb260r,400x72.5Kx74,active_v1,pass,
mdl_takeuchi_tb280fr,takeuchi-tb280fr,/pages/fitment/takeuchi-tb280fr,/metaobjects/model/takeuchi-tb280fr,450x81Nx76,active_v1,pass,
mdl_takeuchi_tb285,takeuchi-tb285,/pages/fitment/takeuchi-tb285,/metaobjects/model/takeuchi-tb285,450x81Nx76,active_v1,pass,
mdl_takeuchi_tb290,takeuchi-tb290,/pages/fitment/takeuchi-tb290,/metaobjects/model/takeuchi-tb290,450x81Nx76,active_v1,pass,
mdl_takeuchi_tb370,takeuchi-tb370,/pages/fitment/takeuchi-tb370,/metaobjects/model/takeuchi-tb370,400x72.5Kx74,active_v1,pass,
mdl_takeuchi_tb38fr,takeuchi-tb38fr,/pages/fitment/takeuchi-tb38fr,/metaobjects/model/takeuchi-tb38fr,350x52.5x86,active_v1,pass,
mdl_takeuchi_tb53fr,takeuchi-tb-53fr,/pages/fitment/takeuchi-tb-53fr,/metaobjects/model/takeuchi-tb-53fr,400x72.5Kx74,active_v1,pass,
mdl_takeuchi_tb80fr,takeuchi-tb80fr,/pages/fitment/takeuchi-tb80fr,/metaobjects/model/takeuchi-tb80fr,450x81Nx76,active_v1,pass,
mdl_takeuchi_tl10,takeuchi-tl10,/pages/fitment/takeuchi-tl10,/metaobjects/model/takeuchi-tl10,450x100x48,active_v1,pass,
mdl_takeuchi_tl10v2,takeuchi-tl10v2,/pages/fitment/takeuchi-tl10v2,/metaobjects/model/takeuchi-tl10v2,320x86x52,active_v1,pass,
mdl_takeuchi_tl12,takeuchi-tl12,/pages/fitment/takeuchi-tl12,/metaobjects/model/takeuchi-tl12,450x100x50,active_v1,pass,
mdl_takeuchi_tl12r2,takeuchi-tl12r2,/pages/fitment/takeuchi-tl12r2,/metaobjects/model/takeuchi-tl12r2,450x86Bx60,active_v1,pass,
mdl_takeuchi_tl12v2,takeuchi-tl12v2,/pages/fitment/takeuchi-tl12v2,/metaobjects/model/takeuchi-tl12v2,450x100x50,active_v1,pass,
mdl_takeuchi_tl130,takeuchi-tl130,/pages/fitment/takeuchi-tl130,/metaobjects/model/takeuchi-tl130,320x86x52,active_v1,pass,
mdl_takeuchi_tl140,takeuchi-tl140,/pages/fitment/takeuchi-tl140,/metaobjects/model/takeuchi-tl140,450x100x48,active_v1,pass,
mdl_takeuchi_tl150,takeuchi-tl150,/pages/fitment/takeuchi-tl150,/metaobjects/model/takeuchi-tl150,450x100x50,active_v1,pass,
mdl_takeuchi_tl230,takeuchi-tl230,/pages/fitment/takeuchi-tl230,/metaobjects/model/takeuchi-tl230,320x86x52,active_v1,pass,
mdl_takeuchi_tl230_2,takeuchi-tl230-2,/pages/fitment/takeuchi-tl230-2,/metaobjects/model/takeuchi-tl230-2,320x86x52,active_v1,pass,
mdl_takeuchi_tl240,takeuchi-tl240,/pages/fitment/takeuchi-tl240,/metaobjects/model/takeuchi-tl240,450x100x48,active_v1,pass,
mdl_takeuchi_tl250,takeuchi-tl250,/pages/fitment/takeuchi-tl250,/metaobjects/model/takeuchi-tl250,450x100x50,active_v1,pass,
mdl_takeuchi_tl26,takeuchi-tl26,/pages/fitment/takeuchi-tl26,/metaobjects/model/takeuchi-tl26,320x86x48,active_v1,pass,
mdl_takeuchi_tl6r,takeuchi-tl6r,/pages/fitment/takeuchi-tl6r,/metaobjects/model/takeuchi-tl6r,320x86Bx50,active_v1,pass,
mdl_takeuchi_tl8,takeuchi-tl8,/pages/fitment/takeuchi-tl8,/metaobjects/model/takeuchi-tl8,320x86x52,active_v1,pass,
mdl_takeuchi_tl8r2,takeuchi-tl8r2,/pages/fitment/takeuchi-tl8r2,/metaobjects/model/takeuchi-tl8r2,320x86x52,active_v1,pass,
mdl_terex_am37r,terex-am37r,/pages/fitment/terex-am37r,/metaobjects/model/terex-am37r,300x52.5x86,active_v1,pass,
mdl_terex_hr18,terex-hr18,/pages/fitment/terex-hr18,/metaobjects/model/terex-hr18,400x72.5Kx72,active_v1,pass,
mdl_terex_pt_100,terex-pt-100,/pages/fitment/terex-pt-100,/metaobjects/model/terex-pt-100,457x101.6x51,active_v1,pass,
mdl_terex_pt_110f,terex-pt-110f,/pages/fitment/terex-pt-110f,/metaobjects/model/terex-pt-110f,,active_v1,pass,
mdl_terex_pt_30,terex-pt30,/pages/fitment/terex-pt30,/metaobjects/model/terex-pt30,,active_v1,pass,
mdl_terex_pt_50,terex-pt-50,/pages/fitment/terex-pt-50,/metaobjects/model/terex-pt-50,,active_v1,pass,
mdl_terex_pt_60,terex-pt-60,/pages/fitment/terex-pt-60,/metaobjects/model/terex-pt-60,,active_v1,pass,
mdl_terex_pt100f,terex-pt100f,/pages/fitment/terex-pt100f,/metaobjects/model/terex-pt100f,,active_v1,pass,
mdl_terex_pt100g,terex-pt100g,/pages/fitment/terex-pt100g,/metaobjects/model/terex-pt100g,,active_v1,pass,
mdl_terex_pt110,terex-pt110,/pages/fitment/terex-pt110,/metaobjects/model/terex-pt110,457x101.6x51,active_v1,pass,
mdl_terex_pt110forestry,terex-pt-110-forestry,/pages/fitment/terex-pt-110-forestry,/metaobjects/model/terex-pt-110-forestry,,active_v1,pass,
mdl_terex_pt75,terex-pt-75,/pages/fitment/terex-pt-75,/metaobjects/model/terex-pt-75,,active_v1,pass,
mdl_terex_r190t,terex-r190t,/pages/fitment/terex-r190t,/metaobjects/model/terex-r190t,,active_v1,pass,
mdl_terex_r265t,terex-r265t,/pages/fitment/terex-r265t,/metaobjects/model/terex-r265t,457x101.6x51,active_v1,pass,
mdl_terex_r350t,terex-r350t,/pages/fitment/terex-r350t,/metaobjects/model/terex-r350t,,active_v1,pass,
mdl_terex_sr_80,terex-sr-80,/pages/fitment/terex-sr-80,/metaobjects/model/terex-sr-80,,active_v1,pass,
mdl_terex_st50,terex-st50,/pages/fitment/terex-st50,/metaobjects/model/terex-st50,450x86Bx56,active_v1,pass,
mdl_terex_tc_37,terex-tc37,/pages/fitment/terex-tc37,/metaobjects/model/terex-tc37,300x52.5x86,active_v1,pass,
mdl_terex_tc20,terex-tc20,/pages/fitment/terex-tc20,/metaobjects/model/terex-tc20,300x52.5Nx76,active_v1,pass,
mdl_terex_tc35_2,terex-tc35-2,/pages/fitment/terex-tc35-2,/metaobjects/model/terex-tc35-2,300x52.5x86,active_v1,pass,
mdl_terex_tc60,terex-tc60,/pages/fitment/terex-tc60,/metaobjects/model/terex-tc60,400x72.5Wx76,active_v1,pass,
mdl_vermeer_20x22,vermeer-20x22,/pages/fitment/vermeer-20x22,/metaobjects/model/vermeer-20x22,230x72x39,active_v1,pass,
mdl_vermeer_ctx100,vermeer-ctx100,/pages/fitment/vermeer-ctx100,/metaobjects/model/vermeer-ctx100,230x72Kx45,active_v1,pass,
mdl_vermeer_ctx160,vermeer-ctx160,/pages/fitment/vermeer-ctx160,/metaobjects/model/vermeer-ctx160,230x72Kx45,active_v1,pass,
mdl_vermeer_d20x22,vermeer-d20x22,/pages/fitment/vermeer-d20x22,/metaobjects/model/vermeer-d20x22,300x52.5Nx84,active_v1,pass,
mdl_vermeer_rtx450,vermeer-rtx450,/pages/fitment/vermeer-rtx450,/metaobjects/model/vermeer-rtx450,381x100.5x42,active_v1,pass,
mdl_vermeer_s400tx,vermeer-s400tx,/pages/fitment/vermeer-s400tx,/metaobjects/model/vermeer-s400tx,180x72x39,active_v1,pass,
mdl_vermeer_s600tx,vermeer-s600tx,/pages/fitment/vermeer-s600tx,/metaobjects/model/vermeer-s600tx,180x72x39,active_v1,pass,
mdl_vermeer_s725tx,vermeer-s725tx,/pages/fitment/vermeer-s725tx,/metaobjects/model/vermeer-s725tx,180x72Kx45,active_v1,pass,
mdl_vermeer_s800tx,vermeer-s800tx,/pages/fitment/vermeer-s800tx,/metaobjects/model/vermeer-s800tx,230x72Kx45,active_v1,pass,
mdl_vermeer_s925tx,vermeer-s925tx,/pages/fitment/vermeer-s925tx,/metaobjects/model/vermeer-s925tx,230x72Kx45,active_v1,pass,
mdl_volvo_ec_20b_xtv,volvo-ec-20b-xtv,/pages/fitment/volvo-ec-20b-xtv,/metaobjects/model/volvo-ec-20b-xtv,230x48x72,active_v1,pass,
mdl_volvo_ec_20c,volvo-ec-20c,/pages/fitment/volvo-ec-20c,/metaobjects/model/volvo-ec-20c,230x48x72,active_v1,pass,
mdl_volvo_ec15,volvo-ec15,/pages/fitment/volvo-ec15,/metaobjects/model/volvo-ec15,,active_v1,pass,
mdl_volvo_ec15b,volvo-ec15b,/pages/fitment/volvo-ec15b,/metaobjects/model/volvo-ec15b,,active_v1,pass,
mdl_volvo_ec15xr,volvo-ec15xr,/pages/fitment/volvo-ec15xr,/metaobjects/model/volvo-ec15xr,,active_v1,pass,
mdl_volvo_ec20,volvo-ec20,/pages/fitment/volvo-ec20,/metaobjects/model/volvo-ec20,230x48x72,active_v1,pass,
mdl_volvo_ec20b,volvo-ec20b,/pages/fitment/volvo-ec20b,/metaobjects/model/volvo-ec20b,300x52.5Nx76,active_v1,pass,
mdl_volvo_ec20d,volvo-ec-20d,/pages/fitment/volvo-ec-20d,/metaobjects/model/volvo-ec-20d,230x48x72,active_v1,pass,
mdl_volvo_ec20e,volvo-ec20e,/pages/fitment/volvo-ec20e,/metaobjects/model/volvo-ec20e,300x52.5Nx76,active_v1,pass,
mdl_volvo_ec20t,volvo-ec-20t,/pages/fitment/volvo-ec-20t,/metaobjects/model/volvo-ec-20t,230x48x72,active_v1,pass,
mdl_volvo_ec20tb,volvo-ec-20tb,/pages/fitment/volvo-ec-20tb,/metaobjects/model/volvo-ec-20tb,230x48x72,active_v1,pass,
mdl_volvo_ec20v,volvo-ec-20v,/pages/fitment/volvo-ec-20v,/metaobjects/model/volvo-ec-20v,230x48x72,active_v1,pass,
mdl_volvo_ec20vb,volvo-ec-20vb,/pages/fitment/volvo-ec-20vb,/metaobjects/model/volvo-ec-20vb,230x48x72,active_v1,pass,
mdl_volvo_ec20xt,volvo-ec-20xt,/pages/fitment/volvo-ec-20xt,/metaobjects/model/volvo-ec-20xt,230x48x72,active_v1,pass,
mdl_volvo_ec20xtv,volvo-ec-20xtv,/pages/fitment/volvo-ec-20xtv,/metaobjects/model/volvo-ec-20xtv,230x48x72,active_v1,pass,
mdl_volvo_ec25,volvo-ec25,/pages/fitment/volvo-ec25,/metaobjects/model/volvo-ec25,300x52.5Nx78,active_v1,pass,
mdl_volvo_ec25x,volvo-ec-25x,/pages/fitment/volvo-ec-25x,/metaobjects/model/volvo-ec-25x,300x52.5Nx78,active_v1,pass,
mdl_volvo_ec25xt,volvo-ec-25xt,/pages/fitment/volvo-ec-25xt,/metaobjects/model/volvo-ec-25xt,300x52.5Nx78,active_v1,pass,
mdl_volvo_ec27c,volvo-ec27c,/pages/fitment/volvo-ec27c,/metaobjects/model/volvo-ec27c,300x52.5Nx78,active_v1,pass,
mdl_volvo_ec27d,volvo-ec27d,/pages/fitment/volvo-ec27d,/metaobjects/model/volvo-ec27d,300x52.5Nx78,active_v1,pass,
mdl_volvo_ec30,volvo-ec30,/pages/fitment/volvo-ec30,/metaobjects/model/volvo-ec30,300x52.5Nx78,active_v1,pass,
mdl_volvo_ec30b,volvo-ec-30b,/pages/fitment/volvo-ec-30b,/metaobjects/model/volvo-ec-30b,300x52.5Nx78,active_v1,pass,
mdl_volvo_ec30x,volvo-ec-30x,/pages/fitment/volvo-ec-30x,/metaobjects/model/volvo-ec-30x,300x52.5Nx78,active_v1,pass,
mdl_volvo_ec35,volvo-ec-35,/pages/fitment/volvo-ec-35,/metaobjects/model/volvo-ec-35,300x52.5Nx84,active_v1,pass,
mdl_volvo_ec35c,volvo-ec35c,/pages/fitment/volvo-ec35c,/metaobjects/model/volvo-ec35c,300x52.5Nx84,active_v1,pass,
mdl_volvo_ec35d,volvo-ec35d,/pages/fitment/volvo-ec35d,/metaobjects/model/volvo-ec35d,300x52.5Nx84,active_v1,pass,
mdl_volvo_ec55,volvo-ec55,/pages/fitment/volvo-ec55,/metaobjects/model/volvo-ec55,400x72.5Kx74,active_v1,pass,
mdl_volvo_ec55b,volvo-ec55b,/pages/fitment/volvo-ec55b,/metaobjects/model/volvo-ec55b,400x72.5Kx74,active_v1,pass,
mdl_volvo_ec55c,volvo-ec55c,/pages/fitment/volvo-ec55c,/metaobjects/model/volvo-ec55c,400x72.5Kx74,active_v1,pass,
mdl_volvo_ec55d,volvo-ec55d,/pages/fitment/volvo-ec55d,/metaobjects/model/volvo-ec55d,400x72.5Kx74,active_v1,pass,
mdl_volvo_ecr25d,volvo-ecr25d,/pages/fitment/volvo-ecr25d,/metaobjects/model/volvo-ecr25d,300x52.5Nx78,active_v1,pass,
mdl_volvo_ecr28,volvo-ecr28,/pages/fitment/volvo-ecr28,/metaobjects/model/volvo-ecr28,300x52.5Nx78,active_v1,pass,
mdl_volvo_ecr38,volvo-ecr38,/pages/fitment/volvo-ecr38,/metaobjects/model/volvo-ecr38,300x52.5Nx84,active_v1,pass,
mdl_volvo_ecr40,volvo-ecr40,/pages/fitment/volvo-ecr40,/metaobjects/model/volvo-ecr40,300x52.5Nx84,active_v1,pass,
mdl_volvo_ecr48,volvo-ecr48,/pages/fitment/volvo-ecr48,/metaobjects/model/volvo-ecr48,400x72.5Kx72,active_v1,pass,
mdl_volvo_ecr48c,volvo-ecr48c,/pages/fitment/volvo-ecr48c,/metaobjects/model/volvo-ecr48c,400x72.5Kx72,active_v1,pass,
mdl_volvo_ecr50,volvo-ecr50,/pages/fitment/volvo-ecr50,/metaobjects/model/volvo-ecr50,400x72.5Kx74,active_v1,pass,
mdl_volvo_ecr50d,volvo-ecr-50d,/pages/fitment/volvo-ecr-50d,/metaobjects/model/volvo-ecr-50d,400x72.5Kx74,active_v1,pass,
mdl_volvo_ecr55d,volvo-ecr55d,/pages/fitment/volvo-ecr55d,/metaobjects/model/volvo-ecr55d,400x72.5Wx76,active_v1,pass,
mdl_volvo_ecr58,volvo-ecr58,/pages/fitment/volvo-ecr58,/metaobjects/model/volvo-ecr58,400x72.5Kx74,active_v1,pass,
mdl_volvo_ecr58d,volvo-ecr58d,/pages/fitment/volvo-ecr58d,/metaobjects/model/volvo-ecr58d,400x72.5Kx74,active_v1,pass,
mdl_volvo_ecr88,volvo-ecr88,/pages/fitment/volvo-ecr88,/metaobjects/model/volvo-ecr88,450x81Nx76,active_v1,pass,
mdl_volvo_ecr88d,volvo-ecr88d,/pages/fitment/volvo-ecr88d,/metaobjects/model/volvo-ecr88d,450x81Nx76,active_v1,pass,
mdl_volvo_mct110c,volvo-mct110c,/pages/fitment/volvo-mct110c,/metaobjects/model/volvo-mct110c,450x86Bx56,active_v1,pass,
mdl_volvo_mct125c,volvo-mct125c,/pages/fitment/volvo-mct125c,/metaobjects/model/volvo-mct125c,450x86Bx56,active_v1,pass,
mdl_volvo_mct135c,volvo-mct135c,/pages/fitment/volvo-mct135c,/metaobjects/model/volvo-mct135c,450x86Bx56,active_v1,pass,
mdl_volvo_mct145,volvo-mct145,/pages/fitment/volvo-mct145,/metaobjects/model/volvo-mct145,450x86Bx56,active_v1,pass,
mdl_volvo_mct145c,volvo-mct145c,/pages/fitment/volvo-mct145c,/metaobjects/model/volvo-mct145c,450x86Bx56,active_v1,pass,
mdl_volvo_mct85c,volvo-mct85c,/pages/fitment/volvo-mct85c,/metaobjects/model/volvo-mct85c,320x86Bx50,active_v1,pass,
mdl_wacker_neuson_1101cp,wacker-neuson-1101cp,/pages/fitment/wacker-neuson-1101cp,/metaobjects/model/wacker-neuson-1101cp,450x86Bx56,active_v1,pass,
mdl_wacker_neuson_3503,wacker-neuson-3503,/pages/fitment/wacker-neuson-3503,/metaobjects/model/wacker-neuson-3503,300x52.5Nx84,active_v1,pass,
mdl_wacker_neuson_5002,wacker-neuson-5002,/pages/fitment/wacker-neuson-5002,/metaobjects/model/wacker-neuson-5002,400x72.5Kx74,active_v1,pass,
mdl_wacker_neuson_50z3,wacker-neuson-50z-3,/pages/fitment/wacker-neuson-50z-3,/metaobjects/model/wacker-neuson-50z-3,400x72.5Kx74,active_v1,pass,
mdl_wacker_neuson_6003,wacker-neuson-6003,/pages/fitment/wacker-neuson-6003,/metaobjects/model/wacker-neuson-6003,400x72.5Kx74,active_v1,pass,
mdl_wacker_neuson_ez17,wacker-neuson-ez17,/pages/fitment/wacker-neuson-ez17,/metaobjects/model/wacker-neuson-ez17,230x48x72,active_v1,pass,
mdl_wacker_neuson_ez38,wacker-neuson-ez38,/pages/fitment/wacker-neuson-ez38,/metaobjects/model/wacker-neuson-ez38,300x52.5Nx84,active_v1,pass,
mdl_wacker_neuson_ez50,wacker-neuson-ez50,/pages/fitment/wacker-neuson-ez50,/metaobjects/model/wacker-neuson-ez50,400x72.5Kx74,active_v1,pass,
mdl_wacker_neuson_ez53,wacker-neuson-ez53,/pages/fitment/wacker-neuson-ez53,/metaobjects/model/wacker-neuson-ez53,400x72.5Kx74,active_v1,pass,
mdl_wacker_neuson_st28,wacker-neuson-st28,/pages/fitment/wacker-neuson-st28,/metaobjects/model/wacker-neuson-st28,320x86x52,active_v1,pass,
mdl_wacker_neuson_st31,wacker-neuson-st31,/pages/fitment/wacker-neuson-st31,/metaobjects/model/wacker-neuson-st31,320x86x52,active_v1,pass,
mdl_wacker_neuson_st35,wacker-neuson-st35,/pages/fitment/wacker-neuson-st35,/metaobjects/model/wacker-neuson-st35,450x86Bx56,active_v1,pass,
mdl_wacker_neuson_st40,wacker-neuson-st40,/pages/fitment/wacker-neuson-st40,/metaobjects/model/wacker-neuson-st40,450x86Bx58,active_v1,pass,
mdl_wacker_neuson_st45,wacker-neuson-st45,/pages/fitment/wacker-neuson-st45,/metaobjects/model/wacker-neuson-st45,450x86Bx56,active_v1,pass,
mdl_wacker_neuson_st50,wacker-neuson-st50,/pages/fitment/wacker-neuson-st50,/metaobjects/model/wacker-neuson-st50,450x86Bx58,active_v1,pass,
mdl_yanmar_b3u,yanmar-b3-u,/pages/fitment/yanmar-b3-u,/metaobjects/model/yanmar-b3-u,300x52.5Nx84,active_v1,pass,
mdl_yanmar_t_210,yanmar-t210,/pages/fitment/yanmar-t210,/metaobjects/model/yanmar-t210,450x86Bx56,active_v1,pass,
mdl_yanmar_t175,yanmar-t175,/pages/fitment/yanmar-t175,/metaobjects/model/yanmar-t175,320x86Bx54,active_v1,pass,
mdl_yanmar_vio_30_1,yanmar-vio-30-1-offset-type,/pages/fitment/yanmar-vio-30-1-offset-type,/metaobjects/model/yanmar-vio-30-1-offset-type,300x55.5x82,active_v1,pass,
mdl_yanmar_vio_30_2,yanmar-vio-30-2-offset-type,/pages/fitment/yanmar-vio-30-2-offset-type,/metaobjects/model/yanmar-vio-30-2-offset-type,300x55.5x82,active_v1,pass,
mdl_yanmar_vio_30_3s,yanmar-vio-30-3s-offset-type,/pages/fitment/yanmar-vio-30-3s-offset-type,/metaobjects/model/yanmar-vio-30-3s-offset-type,300x55.5x82,active_v1,pass,
mdl_yanmar_vio_30v,yanmar-vio-30v-offset-type,/pages/fitment/yanmar-vio-30v-offset-type,/metaobjects/model/yanmar-vio-30v-offset-type,300x55.5x82,active_v1,pass,
mdl_yanmar_vio_33,yanmar-vio-33-offset-type,/pages/fitment/yanmar-vio-33-offset-type,/metaobjects/model/yanmar-vio-33-offset-type,300x55.5x82,active_v1,pass,
mdl_yanmar_vio_35,yanmar-vio-35-offset-type,/pages/fitment/yanmar-vio-35-offset-type,/metaobjects/model/yanmar-vio-35-offset-type,300x55.5x82,active_v1,pass,
mdl_yanmar_vio_35_1,yanmar-vio-35-1-offset-type,/pages/fitment/yanmar-vio-35-1-offset-type,/metaobjects/model/yanmar-vio-35-1-offset-type,300x55.5x82,active_v1,pass,
mdl_yanmar_vio_35_2,yanmar-vio-35-2-offset-type,/pages/fitment/yanmar-vio-35-2-offset-type,/metaobjects/model/yanmar-vio-35-2-offset-type,300x55.5x82,active_v1,pass,
mdl_yanmar_vio_35_3,yanmar-vio-35-3-offset-type,/pages/fitment/yanmar-vio-35-3-offset-type,/metaobjects/model/yanmar-vio-35-3-offset-type,300x55.5x82,active_v1,pass,
mdl_yanmar_vio_35_5,yanmar-vio-35-5-offset-type,/pages/fitment/yanmar-vio-35-5-offset-type,/metaobjects/model/yanmar-vio-35-5-offset-type,300x55.5x82,active_v1,pass,
mdl_yanmar_vio_35cr,yanmar-vio-35cr-offset-type,/pages/fitment/yanmar-vio-35cr-offset-type,/metaobjects/model/yanmar-vio-35cr-offset-type,300x55.5x82,active_v1,pass,
mdl_yanmar_vio_38,yanmar-vio-38-offset-type,/pages/fitment/yanmar-vio-38-offset-type,/metaobjects/model/yanmar-vio-38-offset-type,300x55.5x82,active_v1,pass,
mdl_yanmar_vio_40,yanmar-vio-40-offset-type,/pages/fitment/yanmar-vio-40-offset-type,/metaobjects/model/yanmar-vio-40-offset-type,400x75.5x74,active_v1,pass,
mdl_yanmar_vio_50_3,yanmar-vio-50-3-offset-type,/pages/fitment/yanmar-vio-50-3-offset-type,/metaobjects/model/yanmar-vio-50-3-offset-type,400x75.5x74,active_v1,pass,
mdl_yanmar_vio_55_cr,yanmar-vio-55-cr-offset-type,/pages/fitment/yanmar-vio-55-cr-offset-type,/metaobjects/model/yanmar-vio-55-cr-offset-type,400x75.5x74,active_v1,pass,
mdl_yanmar_vio_57u,yanmar-vio-57u-offset-type,/pages/fitment/yanmar-vio-57u-offset-type,/metaobjects/model/yanmar-vio-57u-offset-type,400x75.5x74,active_v1,pass,
mdl_yanmar_vio_45_v,yanmar-vio-45v-offset-type,/pages/fitment/yanmar-vio-45v-offset-type,/metaobjects/model/yanmar-vio-45v-offset-type,400x75.5x74,active_v1,pass,
mdl_yanmar_vio_50_v,yanmar-vio-50v-offset-type,/pages/fitment/yanmar-vio-50v-offset-type,/metaobjects/model/yanmar-vio-50v-offset-type,400x75.5x74,active_v1,pass,
mdl_yanmar_vio27_2,yanmar-vio-27-2-offset-type,/pages/fitment/yanmar-vio-27-2-offset-type,/metaobjects/model/yanmar-vio-27-2-offset-type,,active_v1,pass,
mdl_yanmar_vio27_3,yanmar-vio-27-3-offset-type,/pages/fitment/yanmar-vio-27-3-offset-type,/metaobjects/model/yanmar-vio-27-3-offset-type,,active_v1,pass,
mdl_yanmar_vio27_5,yanmar-vio-27-5-offset-type,/pages/fitment/yanmar-vio-27-5-offset-type,/metaobjects/model/yanmar-vio-27-5-offset-type,,active_v1,pass,
mdl_yanmar_vio35_6a,yanmar-vio-35-6a,/pages/fitment/yanmar-vio-35-6a,/metaobjects/model/yanmar-vio-35-6a,300x52.5Kx88,active_v1,pass,
mdl_yanmar_vio40_1,yanmar-vio-40-1-offset-type,/pages/fitment/yanmar-vio-40-1-offset-type,/metaobjects/model/yanmar-vio-40-1-offset-type,400x75.5x74,active_v1,pass,
mdl_yanmar_vio40_2,yanmar-vio-40-2-offset-type,/pages/fitment/yanmar-vio-40-2-offset-type,/metaobjects/model/yanmar-vio-40-2-offset-type,400x75.5x74,active_v1,pass,
mdl_yanmar_vio40v,yanmar-vio-40v-offset-type,/pages/fitment/yanmar-vio-40v-offset-type,/metaobjects/model/yanmar-vio-40v-offset-type,400x75.5x74,active_v1,pass,
mdl_yanmar_vio45,yanmar-vio-45-offset-type,/pages/fitment/yanmar-vio-45-offset-type,/metaobjects/model/yanmar-vio-45-offset-type,400x75.5x74,active_v1,pass,
mdl_yanmar_vio45_5,yanmar-vio-45-5-offset-type,/pages/fitment/yanmar-vio-45-5-offset-type,/metaobjects/model/yanmar-vio-45-5-offset-type,400x75.5x74,active_v1,pass,
mdl_yanmar_vio456a,yanmar-vio45-6a,/pages/fitment/yanmar-vio45-6a,/metaobjects/model/yanmar-vio45-6a,400x72.5Wx76,active_v1,pass,
mdl_yanmar_vio45cr,yanmar-vio-45-cr-offset-type,/pages/fitment/yanmar-vio-45-cr-offset-type,/metaobjects/model/yanmar-vio-45-cr-offset-type,400x75.5x74,active_v1,pass,
mdl_yanmar_vio50_1,yanmar-vio-50-1-offset-type,/pages/fitment/yanmar-vio-50-1-offset-type,/metaobjects/model/yanmar-vio-50-1-offset-type,400x75.5x74,active_v1,pass,
mdl_yanmar_vio50_2,yanmar-vio-50-2-offset-type,/pages/fitment/yanmar-vio-50-2-offset-type,/metaobjects/model/yanmar-vio-50-2-offset-type,400x75.5x74,active_v1,pass,
mdl_yanmar_vio55,yanmar-vio-55-offset-type,/pages/fitment/yanmar-vio-55-offset-type,/metaobjects/model/yanmar-vio-55-offset-type,400x75.5x74,active_v1,pass,
mdl_yanmar_vio55_5,yanmar-vio-55-5-offset-type,/pages/fitment/yanmar-vio-55-5-offset-type,/metaobjects/model/yanmar-vio-55-5-offset-type,400x75.5x74,active_v1,pass,
mdl_yanmar_vio55_6a,yanmar-vio-55-6a,/pages/fitment/yanmar-vio-55-6a,/metaobjects/model/yanmar-vio-55-6a,400x72.5Wx76,active_v1,pass,
