handle,page_path,seo_title,seo_description,source,status,action
airman-ax12,/pages/fitment/airman-ax12,"Airman AX12 Rubber Tracks, Parts & Attachments | Heavy Iron Supply Co.",Shop OEM-spec rubber tracks and undercarriage for the Airman AX12.,generated_default,review,import_seo_via_matrixify_or_generate-model-seo-csv
airman-ax12-2,/pages/fitment/airman-ax12-2,"Airman AX12-2 Rubber Tracks, Parts & Attachments | Heavy Iron Supply Co.",Shop OEM-spec rubber tracks and undercarriage for the Airman AX12-2.,generated_default,review,import_seo_via_matrixify_or_generate-model-seo-csv
airman-ax15-2,/pages/fitment/airman-ax15-2,"Airman AX15-2 Rubber Tracks, Parts & Attachments | Heavy Iron Supply Co.",Shop OEM-spec rubber tracks and undercarriage for the Airman AX15-2.,generated_default,review,import_seo_via_matrixify_or_generate-model-seo-csv
airman-ax15u,/pages/fitment/airman-ax15u,"Airman AX15U Rubber Tracks, Parts & Attachments | Heavy Iron Supply Co.",Shop OEM-spec rubber tracks and undercarriage for the Airman AX15U.,generated_default,review,import_seo_via_matrixify_or_generate-model-seo-csv
airman-ax17u,/pages/fitment/airman-ax17u,"Airman AX17U Rubber Tracks, Parts & Attachments | Heavy Iron Supply Co.",Shop OEM-spec rubber tracks and undercarriage for the Airman AX17U.,generated_default,review,import_seo_via_matrixify_or_generate-model-seo-csv
airman-ax30u-4,/pages/fitment/airman-ax30u-4,"Airman AX30U-4 Rubber Tracks, Parts & Attachments | Heavy Iron Supply Co.",Shop OEM-spec rubber tracks and undercarriage for the Airman AX30U-4.,generated_default,review,import_seo_via_matrixify_or_generate-model-seo-csv
airman-ax35-1,/pages/fitment/airman-ax35-1,"Airman AX351 Rubber Tracks, Parts & Attachments | Heavy Iron Supply Co.",Shop OEM-spec rubber tracks and undercarriage for the Airman AX351.,generated_default,review,import_seo_via_matrixify_or_generate-model-seo-csv
airman-ax35-2,/pages/fitment/airman-ax35-2,"Airman AX352 Rubber Tracks, Parts & Attachments | Heavy Iron Supply Co.",Shop OEM-spec rubber tracks and undercarriage for the Airman AX352.,generated_default,review,import_seo_via_matrixify_or_generate-model-seo-csv
airman-ax35u,/pages/fitment/airman-ax35u,"Airman AX35U Rubber Tracks, Parts & Attachments | Heavy Iron Supply Co.",Shop OEM-spec rubber tracks and undercarriage for the Airman AX35U.,generated_default,review,import_seo_via_matrixify_or_generate-model-seo-csv
airman-ax35u-4,/pages/fitment/airman-ax35u-4,"Airman AX35U-4 Rubber Tracks, Parts & Attachments | Heavy Iron Supply Co.",Shop OEM-spec rubber tracks and undercarriage for the Airman AX35U-4.,generated_default,review,import_seo_via_matrixify_or_generate-model-seo-csv
airman-ax36u,/pages/fitment/airman-ax36u,"Airman AX36U Rubber Tracks, Parts & Attachments | Heavy Iron Supply Co.",Shop OEM-spec rubber tracks and undercarriage for the Airman AX36U.,generated_default,review,import_seo_via_matrixify_or_generate-model-seo-csv
airman-ax36ucgl,/pages/fitment/airman-ax36ucgl,"Airman AX36UCGL Rubber Tracks, Parts & Attachments | Heavy Iron Supply Co.",Shop OEM-spec rubber tracks and undercarriage for the Airman AX36UCGL.,generated_default,review,import_seo_via_matrixify_or_generate-model-seo-csv
airman-axc12,/pages/fitment/airman-axc12,"Airman AXC12 Rubber Tracks, Parts & Attachments | Heavy Iron Supply Co.",Shop OEM-spec rubber tracks and undercarriage for the Airman AXC12.,generated_default,review,import_seo_via_matrixify_or_generate-model-seo-csv
airman-axc15,/pages/fitment/airman-axc15,"Airman AXC15 Rubber Tracks, Parts & Attachments | Heavy Iron Supply Co.",Shop OEM-spec rubber tracks and undercarriage for the Airman AXC15.,generated_default,review,import_seo_via_matrixify_or_generate-model-seo-csv
asv-posi-trachd4520,/pages/fitment/asv-posi-trachd4520,"ASV POSI-TRAC HD4520 Rubber Tracks, Parts & Attachments | Heavy Iron Supply Co.",Shop OEM-spec rubber tracks and undercarriage for the ASV POSI-TRAC HD4520.,generated_default,review,import_seo_via_matrixify_or_generate-model-seo-csv
asv-posi-trac2800,/pages/fitment/asv-posi-trac2800,"ASV POSI-TRAC2800 Rubber Tracks, Parts & Attachments | Heavy Iron Supply Co.",Shop OEM-spec rubber tracks and undercarriage for the ASV POSI-TRAC2800.,generated_default,review,import_seo_via_matrixify_or_generate-model-seo-csv
asv-posi-trac2810,/pages/fitment/asv-posi-trac2810,"ASV POSI-TRAC2810 Rubber Tracks, Parts & Attachments | Heavy Iron Supply Co.",Shop OEM-spec rubber tracks and undercarriage for the ASV POSI-TRAC2810.,generated_default,review,import_seo_via_matrixify_or_generate-model-seo-csv
asv-posi-trac4800,/pages/fitment/asv-posi-trac4800,"ASV POSI-TRAC4800 Rubber Tracks, Parts & Attachments | Heavy Iron Supply Co.",Shop OEM-spec rubber tracks and undercarriage for the ASV POSI-TRAC4800.,generated_default,review,import_seo_via_matrixify_or_generate-model-seo-csv
asv-posi-trac4810,/pages/fitment/asv-posi-trac4810,"ASV POSI-TRAC4810 Rubber Tracks, Parts & Attachments | Heavy Iron Supply Co.",Shop OEM-spec rubber tracks and undercarriage for the ASV POSI-TRAC4810.,generated_default,review,import_seo_via_matrixify_or_generate-model-seo-csv
asv-posi-trachd4500,/pages/fitment/asv-posi-trachd4500,"ASV POSI-TRACHD4500 Rubber Tracks, Parts & Attachments | Heavy Iron Supply Co.",Shop OEM-spec rubber tracks and undercarriage for the ASV POSI-TRACHD4500.,generated_default,review,import_seo_via_matrixify_or_generate-model-seo-csv
asv-pt-50,/pages/fitment/asv-pt-50,"ASV PT-50 Rubber Tracks, Parts & Attachments | Heavy Iron Supply Co.",Shop OEM-spec rubber tracks and undercarriage for the ASV PT-50.,generated_default,review,import_seo_via_matrixify_or_generate-model-seo-csv
asv-pt-60,/pages/fitment/asv-pt-60,"ASV PT-60 Rubber Tracks, Parts & Attachments | Heavy Iron Supply Co.",Shop OEM-spec rubber tracks and undercarriage for the ASV PT-60.,generated_default,review,import_seo_via_matrixify_or_generate-model-seo-csv
asv-pt-80,/pages/fitment/asv-pt-80,"ASV PT-80 Rubber Tracks, Parts & Attachments | Heavy Iron Supply Co.",Shop OEM-spec rubber tracks and undercarriage for the ASV PT-80.,generated_default,review,import_seo_via_matrixify_or_generate-model-seo-csv
asv-pt-100,/pages/fitment/asv-pt-100,"ASV PT100 Rubber Tracks, Parts & Attachments | Heavy Iron Supply Co.",Shop OEM-spec rubber tracks and undercarriage for the ASV PT100.,generated_default,review,import_seo_via_matrixify_or_generate-model-seo-csv
asv-rc-50,/pages/fitment/asv-rc-50,"ASV RC-50 Rubber Tracks, Parts & Attachments | Heavy Iron Supply Co.",Shop OEM-spec rubber tracks and undercarriage for the ASV RC-50.,generated_default,review,import_seo_via_matrixify_or_generate-model-seo-csv
asv-rc-60,/pages/fitment/asv-rc-60,"ASV RC-60 Rubber Tracks, Parts & Attachments | Heavy Iron Supply Co.",Shop OEM-spec rubber tracks and undercarriage for the ASV RC-60.,generated_default,review,import_seo_via_matrixify_or_generate-model-seo-csv
asv-rc100,/pages/fitment/asv-rc100,"ASV RC100 Rubber Tracks, Parts & Attachments | Heavy Iron Supply Co.",Shop OEM-spec rubber tracks and undercarriage for the ASV RC100.,generated_default,review,import_seo_via_matrixify_or_generate-model-seo-csv
asv-rc85,/pages/fitment/asv-rc85,"ASV RC85 Rubber Tracks, Parts & Attachments | Heavy Iron Supply Co.",Shop OEM-spec rubber tracks and undercarriage for the ASV RC85.,generated_default,review,import_seo_via_matrixify_or_generate-model-seo-csv
asv-rcv,/pages/fitment/asv-rcv,"ASV RCV Rubber Tracks, Parts & Attachments | Heavy Iron Supply Co.",Shop OEM-spec rubber tracks and undercarriage for the ASV RCV.,generated_default,review,import_seo_via_matrixify_or_generate-model-seo-csv
asv-rcv-85,/pages/fitment/asv-rcv-85,"ASV RCV85 Rubber Tracks, Parts & Attachments | Heavy Iron Supply Co.",Shop OEM-spec rubber tracks and undercarriage for the ASV RCV85.,generated_default,review,import_seo_via_matrixify_or_generate-model-seo-csv
asv-rt-120f,/pages/fitment/asv-rt-120f,"ASV RT-120F Rubber Tracks, Parts & Attachments | Heavy Iron Supply Co.",Shop OEM-spec rubber tracks and undercarriage for the ASV RT-120F.,generated_default,review,import_seo_via_matrixify_or_generate-model-seo-csv
asv-rt-135f,/pages/fitment/asv-rt-135f,"ASV RT-135F Rubber Tracks, Parts & Attachments | Heavy Iron Supply Co.",Shop OEM-spec rubber tracks and undercarriage for the ASV RT-135F.,generated_default,review,import_seo_via_matrixify_or_generate-model-seo-csv
asv-rt25,/pages/fitment/asv-rt25,"ASV RT-25 Rubber Tracks, Parts & Attachments | Heavy Iron Supply Co.",Shop OEM-spec rubber tracks and undercarriage for the ASV RT-25.,generated_default,review,import_seo_via_matrixify_or_generate-model-seo-csv
asv-rt30,/pages/fitment/asv-rt30,"ASV RT-30 Rubber Tracks, Parts & Attachments | Heavy Iron Supply Co.",Shop OEM-spec rubber tracks and undercarriage for the ASV RT-30.,generated_default,review,import_seo_via_matrixify_or_generate-model-seo-csv
asv-rt40,/pages/fitment/asv-rt40,"ASV RT-40 Rubber Tracks, Parts & Attachments | Heavy Iron Supply Co.",Shop OEM-spec rubber tracks and undercarriage for the ASV RT-40.,generated_default,review,import_seo_via_matrixify_or_generate-model-seo-csv
asv-rt-50,/pages/fitment/asv-rt-50,"ASV RT-50 Rubber Tracks, Parts & Attachments | Heavy Iron Supply Co.",Shop OEM-spec rubber tracks and undercarriage for the ASV RT-50.,generated_default,review,import_seo_via_matrixify_or_generate-model-seo-csv
asv-rt-60,/pages/fitment/asv-rt-60,"ASV RT-60 Rubber Tracks, Parts & Attachments | Heavy Iron Supply Co.",Shop OEM-spec rubber tracks and undercarriage for the ASV RT-60.,generated_default,review,import_seo_via_matrixify_or_generate-model-seo-csv
asv-rt-65,/pages/fitment/asv-rt-65,"ASV RT-65 Rubber Tracks, Parts & Attachments | Heavy Iron Supply Co.",Shop OEM-spec rubber tracks and undercarriage for the ASV RT-65.,generated_default,review,import_seo_via_matrixify_or_generate-model-seo-csv
asv-rt-75,/pages/fitment/asv-rt-75,"ASV RT-75 Rubber Tracks, Parts & Attachments | Heavy Iron Supply Co.",Shop OEM-spec rubber tracks and undercarriage for the ASV RT-75.,generated_default,review,import_seo_via_matrixify_or_generate-model-seo-csv
asv-rt-75hd,/pages/fitment/asv-rt-75hd,"ASV RT-75 HD Rubber Tracks, Parts & Attachments | Heavy Iron Supply Co.",Shop OEM-spec rubber tracks and undercarriage for the ASV RT-75 HD.,generated_default,review,import_seo_via_matrixify_or_generate-model-seo-csv
asv-sc-50,/pages/fitment/asv-sc-50,"ASV SC-50 Rubber Tracks, Parts & Attachments | Heavy Iron Supply Co.",Shop OEM-spec rubber tracks and undercarriage for the ASV SC-50.,generated_default,review,import_seo_via_matrixify_or_generate-model-seo-csv
asv-sr-80,/pages/fitment/asv-sr-80,"ASV SR80 Rubber Tracks, Parts & Attachments | Heavy Iron Supply Co.",Shop OEM-spec rubber tracks and undercarriage for the ASV SR80.,generated_default,review,import_seo_via_matrixify_or_generate-model-seo-csv
asv-vt-70,/pages/fitment/asv-vt-70,"ASV VT-70 Rubber Tracks, Parts & Attachments | Heavy Iron Supply Co.",Shop OEM-spec rubber tracks and undercarriage for the ASV VT-70.,generated_default,review,import_seo_via_matrixify_or_generate-model-seo-csv
bobcat-220,/pages/fitment/bobcat-220,"Bobcat 220 Rubber Tracks, Parts & Attachments | Heavy Iron Supply Co.",Shop OEM-spec rubber tracks and undercarriage for the Bobcat 220.,generated_default,review,import_seo_via_matrixify_or_generate-model-seo-csv
bobcat-225,/pages/fitment/bobcat-225,"Bobcat 225 Rubber Tracks, Parts & Attachments | Heavy Iron Supply Co.",Shop OEM-spec rubber tracks and undercarriage for the Bobcat 225.,generated_default,review,import_seo_via_matrixify_or_generate-model-seo-csv
bobcat-231,/pages/fitment/bobcat-231,"Bobcat 231 Rubber Tracks, Parts & Attachments | Heavy Iron Supply Co.",Shop OEM-spec rubber tracks and undercarriage for the Bobcat 231.,generated_default,review,import_seo_via_matrixify_or_generate-model-seo-csv
bobcat-320,/pages/fitment/bobcat-320,"Bobcat 320 Rubber Tracks, Parts & Attachments | Heavy Iron Supply Co.",Shop OEM-spec rubber tracks and undercarriage for the Bobcat 320.,generated_default,review,import_seo_via_matrixify_or_generate-model-seo-csv
bobcat-320d,/pages/fitment/bobcat-320d,"Bobcat 320D Rubber Tracks, Parts & Attachments | Heavy Iron Supply Co.",Shop OEM-spec rubber tracks and undercarriage for the Bobcat 320D.,generated_default,review,import_seo_via_matrixify_or_generate-model-seo-csv
bobcat-320e,/pages/fitment/bobcat-320e,"Bobcat 320E Rubber Tracks, Parts & Attachments | Heavy Iron Supply Co.",Shop OEM-spec rubber tracks and undercarriage for the Bobcat 320E.,generated_default,review,import_seo_via_matrixify_or_generate-model-seo-csv
bobcat-321,/pages/fitment/bobcat-321,"Bobcat 321 Rubber Tracks, Parts & Attachments | Heavy Iron Supply Co.",Shop OEM-spec rubber tracks and undercarriage for the Bobcat 321.,generated_default,review,import_seo_via_matrixify_or_generate-model-seo-csv
bobcat-322,/pages/fitment/bobcat-322,"Bobcat 322 Rubber Tracks, Parts & Attachments | Heavy Iron Supply Co.",Shop OEM-spec rubber tracks and undercarriage for the Bobcat 322.,generated_default,review,import_seo_via_matrixify_or_generate-model-seo-csv
bobcat-323,/pages/fitment/bobcat-323,"Bobcat 323 Rubber Tracks, Parts & Attachments | Heavy Iron Supply Co.",Shop OEM-spec rubber tracks and undercarriage for the Bobcat 323.,generated_default,review,import_seo_via_matrixify_or_generate-model-seo-csv
bobcat-324,/pages/fitment/bobcat-324,"Bobcat 324 Rubber Tracks, Parts & Attachments | Heavy Iron Supply Co.",Shop OEM-spec rubber tracks and undercarriage for the Bobcat 324.,generated_default,review,import_seo_via_matrixify_or_generate-model-seo-csv
bobcat-325,/pages/fitment/bobcat-325,"Bobcat 325 Rubber Tracks, Parts & Attachments | Heavy Iron Supply Co.",Shop OEM-spec rubber tracks and undercarriage for the Bobcat 325.,generated_default,review,import_seo_via_matrixify_or_generate-model-seo-csv
bobcat-328,/pages/fitment/bobcat-328,"Bobcat 328 Rubber Tracks, Parts & Attachments | Heavy Iron Supply Co.",Shop OEM-spec rubber tracks and undercarriage for the Bobcat 328.,generated_default,review,import_seo_via_matrixify_or_generate-model-seo-csv
bobcat-329,/pages/fitment/bobcat-329,"Bobcat 329 Rubber Tracks, Parts & Attachments | Heavy Iron Supply Co.",Shop OEM-spec rubber tracks and undercarriage for the Bobcat 329.,generated_default,review,import_seo_via_matrixify_or_generate-model-seo-csv
bobcat-331,/pages/fitment/bobcat-331,"Bobcat 331 Rubber Tracks, Parts & Attachments | Heavy Iron Supply Co.",Shop OEM-spec rubber tracks and undercarriage for the Bobcat 331.,generated_default,review,import_seo_via_matrixify_or_generate-model-seo-csv
bobcat-331e,/pages/fitment/bobcat-331e,"Bobcat 331E Rubber Tracks, Parts & Attachments | Heavy Iron Supply Co.",Shop OEM-spec rubber tracks and undercarriage for the Bobcat 331E.,generated_default,review,import_seo_via_matrixify_or_generate-model-seo-csv
bobcat-334,/pages/fitment/bobcat-334,"Bobcat 334 Rubber Tracks, Parts & Attachments | Heavy Iron Supply Co.",Shop OEM-spec rubber tracks and undercarriage for the Bobcat 334.,generated_default,review,import_seo_via_matrixify_or_generate-model-seo-csv
bobcat-337,/pages/fitment/bobcat-337,"Bobcat 337 Rubber Tracks, Parts & Attachments | Heavy Iron Supply Co.",Shop OEM-spec rubber tracks and undercarriage for the Bobcat 337.,generated_default,review,import_seo_via_matrixify_or_generate-model-seo-csv
bobcat-341,/pages/fitment/bobcat-341,"Bobcat 341 Rubber Tracks, Parts & Attachments | Heavy Iron Supply Co.",Shop OEM-spec rubber tracks and undercarriage for the Bobcat 341.,generated_default,review,import_seo_via_matrixify_or_generate-model-seo-csv
bobcat-418,/pages/fitment/bobcat-418,"Bobcat 418 Rubber Tracks, Parts & Attachments | Heavy Iron Supply Co.",Shop OEM-spec rubber tracks and undercarriage for the Bobcat 418.,generated_default,review,import_seo_via_matrixify_or_generate-model-seo-csv
bobcat-425,/pages/fitment/bobcat-425,"Bobcat 425 Rubber Tracks, Parts & Attachments | Heavy Iron Supply Co.",Shop OEM-spec rubber tracks and undercarriage for the Bobcat 425.,generated_default,review,import_seo_via_matrixify_or_generate-model-seo-csv
bobcat-428,/pages/fitment/bobcat-428,"Bobcat 428 Rubber Tracks, Parts & Attachments | Heavy Iron Supply Co.",Shop OEM-spec rubber tracks and undercarriage for the Bobcat 428.,generated_default,review,import_seo_via_matrixify_or_generate-model-seo-csv
bobcat-430,/pages/fitment/bobcat-430,"Bobcat 430 Rubber Tracks, Parts & Attachments | Heavy Iron Supply Co.",Shop OEM-spec rubber tracks and undercarriage for the Bobcat 430.,generated_default,review,import_seo_via_matrixify_or_generate-model-seo-csv
bobcat-435,/pages/fitment/bobcat-435,"Bobcat 435 Rubber Tracks, Parts & Attachments | Heavy Iron Supply Co.",Shop OEM-spec rubber tracks and undercarriage for the Bobcat 435.,generated_default,review,import_seo_via_matrixify_or_generate-model-seo-csv
bobcat-442,/pages/fitment/bobcat-442,"Bobcat 442 Rubber Tracks, Parts & Attachments | Heavy Iron Supply Co.",Shop OEM-spec rubber tracks and undercarriage for the Bobcat 442.,generated_default,review,import_seo_via_matrixify_or_generate-model-seo-csv
bobcat-864,/pages/fitment/bobcat-864,"Bobcat 864 Rubber Tracks, Parts & Attachments | Heavy Iron Supply Co.",Shop OEM-spec rubber tracks and undercarriage for the Bobcat 864.,generated_default,review,import_seo_via_matrixify_or_generate-model-seo-csv
bobcat-cx27b,/pages/fitment/bobcat-cx27b,"Bobcat CX27B Rubber Tracks, Parts & Attachments | Heavy Iron Supply Co.",Shop OEM-spec rubber tracks and undercarriage for the Bobcat CX27B.,generated_default,review,import_seo_via_matrixify_or_generate-model-seo-csv
bobcat-e08,/pages/fitment/bobcat-e08,"Bobcat E08 Rubber Tracks, Parts & Attachments | Heavy Iron Supply Co.",Shop OEM-spec rubber tracks and undercarriage for the Bobcat E08.,generated_default,review,import_seo_via_matrixify_or_generate-model-seo-csv
bobcat-e10,/pages/fitment/bobcat-e10,"Bobcat E10 Rubber Tracks, Parts & Attachments | Heavy Iron Supply Co.",Shop OEM-spec rubber tracks and undercarriage for the Bobcat E10.,generated_default,review,import_seo_via_matrixify_or_generate-model-seo-csv
bobcat-e20,/pages/fitment/bobcat-e20,"Bobcat E20 Rubber Tracks, Parts & Attachments | Heavy Iron Supply Co.",Shop OEM-spec rubber tracks and undercarriage for the Bobcat E20.,generated_default,review,import_seo_via_matrixify_or_generate-model-seo-csv
bobcat-e25,/pages/fitment/bobcat-e25,"Bobcat E25 Rubber Tracks, Parts & Attachments | Heavy Iron Supply Co.",Shop OEM-spec rubber tracks and undercarriage for the Bobcat E25.,generated_default,review,import_seo_via_matrixify_or_generate-model-seo-csv
bobcat-e26,/pages/fitment/bobcat-e26,"Bobcat E26 Rubber Tracks, Parts & Attachments | Heavy Iron Supply Co.",Shop OEM-spec rubber tracks and undercarriage for the Bobcat E26.,generated_default,review,import_seo_via_matrixify_or_generate-model-seo-csv
bobcat-e27,/pages/fitment/bobcat-e27,"Bobcat E27 Rubber Tracks, Parts & Attachments | Heavy Iron Supply Co.",Shop OEM-spec rubber tracks and undercarriage for the Bobcat E27.,generated_default,review,import_seo_via_matrixify_or_generate-model-seo-csv
bobcat-e27z,/pages/fitment/bobcat-e27z,"Bobcat E27Z Rubber Tracks, Parts & Attachments | Heavy Iron Supply Co.",Shop OEM-spec rubber tracks and undercarriage for the Bobcat E27Z.,generated_default,review,import_seo_via_matrixify_or_generate-model-seo-csv
bobcat-e32,/pages/fitment/bobcat-e32,"Bobcat E32 Rubber Tracks, Parts & Attachments | Heavy Iron Supply Co.",Shop OEM-spec rubber tracks and undercarriage for the Bobcat E32.,generated_default,review,import_seo_via_matrixify_or_generate-model-seo-csv
bobcat-e32i,/pages/fitment/bobcat-e32i,"Bobcat E32I Rubber Tracks, Parts & Attachments | Heavy Iron Supply Co.",Shop OEM-spec rubber tracks and undercarriage for the Bobcat E32I.,generated_default,review,import_seo_via_matrixify_or_generate-model-seo-csv
bobcat-e34,/pages/fitment/bobcat-e34,"Bobcat E34 Rubber Tracks, Parts & Attachments | Heavy Iron Supply Co.",Shop OEM-spec rubber tracks and undercarriage for the Bobcat E34.,generated_default,review,import_seo_via_matrixify_or_generate-model-seo-csv
bobcat-e35,/pages/fitment/bobcat-e35,"Bobcat E35 Rubber Tracks, Parts & Attachments | Heavy Iron Supply Co.",Shop OEM-spec rubber tracks and undercarriage for the Bobcat E35.,generated_default,review,import_seo_via_matrixify_or_generate-model-seo-csv
bobcat-e35i,/pages/fitment/bobcat-e35i,"Bobcat E35I Rubber Tracks, Parts & Attachments | Heavy Iron Supply Co.",Shop OEM-spec rubber tracks and undercarriage for the Bobcat E35I.,generated_default,review,import_seo_via_matrixify_or_generate-model-seo-csv
bobcat-e35z,/pages/fitment/bobcat-e35z,"Bobcat E35Z Rubber Tracks, Parts & Attachments | Heavy Iron Supply Co.",Shop OEM-spec rubber tracks and undercarriage for the Bobcat E35Z.,generated_default,review,import_seo_via_matrixify_or_generate-model-seo-csv
bobcat-e37,/pages/fitment/bobcat-e37,"Bobcat E37 Rubber Tracks, Parts & Attachments | Heavy Iron Supply Co.",Shop OEM-spec rubber tracks and undercarriage for the Bobcat E37.,generated_default,review,import_seo_via_matrixify_or_generate-model-seo-csv
bobcat-e42,/pages/fitment/bobcat-e42,"Bobcat E42 Rubber Tracks, Parts & Attachments | Heavy Iron Supply Co.",Shop OEM-spec rubber tracks and undercarriage for the Bobcat E42.,generated_default,review,import_seo_via_matrixify_or_generate-model-seo-csv
bobcat-e45,/pages/fitment/bobcat-e45,"Bobcat E45 Rubber Tracks, Parts & Attachments | Heavy Iron Supply Co.",Shop OEM-spec rubber tracks and undercarriage for the Bobcat E45.,generated_default,review,import_seo_via_matrixify_or_generate-model-seo-csv
bobcat-e50,/pages/fitment/bobcat-e50,"Bobcat E50 Rubber Tracks, Parts & Attachments | Heavy Iron Supply Co.",Shop OEM-spec rubber tracks and undercarriage for the Bobcat E50.,generated_default,review,import_seo_via_matrixify_or_generate-model-seo-csv
bobcat-e55,/pages/fitment/bobcat-e55,"Bobcat E55 Rubber Tracks, Parts & Attachments | Heavy Iron Supply Co.",Shop OEM-spec rubber tracks and undercarriage for the Bobcat E55.,generated_default,review,import_seo_via_matrixify_or_generate-model-seo-csv
bobcat-e55z,/pages/fitment/bobcat-e55z,"Bobcat E55Z Rubber Tracks, Parts & Attachments | Heavy Iron Supply Co.",Shop OEM-spec rubber tracks and undercarriage for the Bobcat E55Z.,generated_default,review,import_seo_via_matrixify_or_generate-model-seo-csv
bobcat-e60,/pages/fitment/bobcat-e60,"Bobcat E60 Rubber Tracks, Parts & Attachments | Heavy Iron Supply Co.",Shop OEM-spec rubber tracks and undercarriage for the Bobcat E60.,generated_default,review,import_seo_via_matrixify_or_generate-model-seo-csv
bobcat-e62,/pages/fitment/bobcat-e62,"Bobcat E62 Rubber Tracks, Parts & Attachments | Heavy Iron Supply Co.",Shop OEM-spec rubber tracks and undercarriage for the Bobcat E62.,generated_default,review,import_seo_via_matrixify_or_generate-model-seo-csv
bobcat-e63,/pages/fitment/bobcat-e63,"Bobcat E63 Rubber Tracks, Parts & Attachments | Heavy Iron Supply Co.",Shop OEM-spec rubber tracks and undercarriage for the Bobcat E63.,generated_default,review,import_seo_via_matrixify_or_generate-model-seo-csv
bobcat-e80,/pages/fitment/bobcat-e80,"Bobcat E80 Rubber Tracks, Parts & Attachments | Heavy Iron Supply Co.",Shop OEM-spec rubber tracks and undercarriage for the Bobcat E80.,generated_default,review,import_seo_via_matrixify_or_generate-model-seo-csv
bobcat-e85,/pages/fitment/bobcat-e85,"Bobcat E85 Rubber Tracks, Parts & Attachments | Heavy Iron Supply Co.",Shop OEM-spec rubber tracks and undercarriage for the Bobcat E85.,generated_default,review,import_seo_via_matrixify_or_generate-model-seo-csv
bobcat-mt100,/pages/fitment/bobcat-mt100,"Bobcat MT100 Rubber Tracks, Parts & Attachments | Heavy Iron Supply Co.",Shop OEM-spec rubber tracks and undercarriage for the Bobcat MT100.,generated_default,review,import_seo_via_matrixify_or_generate-model-seo-csv
bobcat-mt50,/pages/fitment/bobcat-mt50,"Bobcat MT50 Rubber Tracks, Parts & Attachments | Heavy Iron Supply Co.",Shop OEM-spec rubber tracks and undercarriage for the Bobcat MT50.,generated_default,review,import_seo_via_matrixify_or_generate-model-seo-csv
bobcat-mt52,/pages/fitment/bobcat-mt52,"Bobcat MT52 Rubber Tracks, Parts & Attachments | Heavy Iron Supply Co.",Shop OEM-spec rubber tracks and undercarriage for the Bobcat MT52.,generated_default,review,import_seo_via_matrixify_or_generate-model-seo-csv
bobcat-mt55,/pages/fitment/bobcat-mt55,"Bobcat MT55 Rubber Tracks, Parts & Attachments | Heavy Iron Supply Co.",Shop OEM-spec rubber tracks and undercarriage for the Bobcat MT55.,generated_default,review,import_seo_via_matrixify_or_generate-model-seo-csv
bobcat-mt85,/pages/fitment/bobcat-mt85,"Bobcat MT85 Rubber Tracks, Parts & Attachments | Heavy Iron Supply Co.",Shop OEM-spec rubber tracks and undercarriage for the Bobcat MT85.,generated_default,review,import_seo_via_matrixify_or_generate-model-seo-csv
bobcat-t110,/pages/fitment/bobcat-t110,"Bobcat T110 Rubber Tracks, Parts & Attachments | Heavy Iron Supply Co.",Shop OEM-spec rubber tracks and undercarriage for the Bobcat T110.,generated_default,review,import_seo_via_matrixify_or_generate-model-seo-csv
bobcat-t140,/pages/fitment/bobcat-t140,"Bobcat T140 Rubber Tracks, Parts & Attachments | Heavy Iron Supply Co.",Shop OEM-spec rubber tracks and undercarriage for the Bobcat T140.,generated_default,review,import_seo_via_matrixify_or_generate-model-seo-csv
bobcat-t180,/pages/fitment/bobcat-t180,"Bobcat T180 Rubber Tracks, Parts & Attachments | Heavy Iron Supply Co.",Shop OEM-spec rubber tracks and undercarriage for the Bobcat T180.,generated_default,review,import_seo_via_matrixify_or_generate-model-seo-csv
bobcat-t190,/pages/fitment/bobcat-t190,"Bobcat T190 Rubber Tracks, Parts & Attachments | Heavy Iron Supply Co.",Shop OEM-spec rubber tracks and undercarriage for the Bobcat T190.,generated_default,review,import_seo_via_matrixify_or_generate-model-seo-csv
bobcat-t200,/pages/fitment/bobcat-t200,"Bobcat T200 Rubber Tracks, Parts & Attachments | Heavy Iron Supply Co.",Shop OEM-spec rubber tracks and undercarriage for the Bobcat T200.,generated_default,review,import_seo_via_matrixify_or_generate-model-seo-csv
bobcat-t250,/pages/fitment/bobcat-t250,"Bobcat T250 Rubber Tracks, Parts & Attachments | Heavy Iron Supply Co.",Shop OEM-spec rubber tracks and undercarriage for the Bobcat T250.,generated_default,review,import_seo_via_matrixify_or_generate-model-seo-csv
bobcat-t300,/pages/fitment/bobcat-t300,"Bobcat T300 Rubber Tracks, Parts & Attachments | Heavy Iron Supply Co.",Shop OEM-spec rubber tracks and undercarriage for the Bobcat T300.,generated_default,review,import_seo_via_matrixify_or_generate-model-seo-csv
bobcat-t320,/pages/fitment/bobcat-t320,"Bobcat T320 Rubber Tracks, Parts & Attachments | Heavy Iron Supply Co.",Shop OEM-spec rubber tracks and undercarriage for the Bobcat T320.,generated_default,review,import_seo_via_matrixify_or_generate-model-seo-csv
bobcat-t450,/pages/fitment/bobcat-t450,"Bobcat T450 Rubber Tracks, Parts & Attachments | Heavy Iron Supply Co.",Shop OEM-spec rubber tracks and undercarriage for the Bobcat T450.,generated_default,review,import_seo_via_matrixify_or_generate-model-seo-csv
bobcat-t550,/pages/fitment/bobcat-t550,"Bobcat T550 Rubber Tracks, Parts & Attachments | Heavy Iron Supply Co.",Shop OEM-spec rubber tracks and undercarriage for the Bobcat T550.,generated_default,review,import_seo_via_matrixify_or_generate-model-seo-csv
bobcat-t590,/pages/fitment/bobcat-t590,"Bobcat T590 Rubber Tracks, Parts & Attachments | Heavy Iron Supply Co.",Shop OEM-spec rubber tracks and undercarriage for the Bobcat T590.,generated_default,review,import_seo_via_matrixify_or_generate-model-seo-csv
bobcat-t595,/pages/fitment/bobcat-t595,"Bobcat T595 Rubber Tracks, Parts & Attachments | Heavy Iron Supply Co.",Shop OEM-spec rubber tracks and undercarriage for the Bobcat T595.,generated_default,review,import_seo_via_matrixify_or_generate-model-seo-csv
bobcat-t62,/pages/fitment/bobcat-t62,"Bobcat T62 Rubber Tracks, Parts & Attachments | Heavy Iron Supply Co.",Shop OEM-spec rubber tracks and undercarriage for the Bobcat T62.,generated_default,review,import_seo_via_matrixify_or_generate-model-seo-csv
bobcat-t630,/pages/fitment/bobcat-t630,"Bobcat T630 Rubber Tracks, Parts & Attachments | Heavy Iron Supply Co.",Shop OEM-spec rubber tracks and undercarriage for the Bobcat T630.,generated_default,review,import_seo_via_matrixify_or_generate-model-seo-csv
bobcat-t64,/pages/fitment/bobcat-t64,"Bobcat T64 Rubber Tracks, Parts & Attachments | Heavy Iron Supply Co.",Shop OEM-spec rubber tracks and undercarriage for the Bobcat T64.,generated_default,review,import_seo_via_matrixify_or_generate-model-seo-csv
bobcat-t650,/pages/fitment/bobcat-t650,"Bobcat T650 Rubber Tracks, Parts & Attachments | Heavy Iron Supply Co.",Shop OEM-spec rubber tracks and undercarriage for the Bobcat T650.,generated_default,review,import_seo_via_matrixify_or_generate-model-seo-csv
bobcat-t66,/pages/fitment/bobcat-t66,"Bobcat T66 Rubber Tracks, Parts & Attachments | Heavy Iron Supply Co.",Shop OEM-spec rubber tracks and undercarriage for the Bobcat T66.,generated_default,review,import_seo_via_matrixify_or_generate-model-seo-csv
bobcat-t730,/pages/fitment/bobcat-t730,"Bobcat T730 Rubber Tracks, Parts & Attachments | Heavy Iron Supply Co.",Shop OEM-spec rubber tracks and undercarriage for the Bobcat T730.,generated_default,review,import_seo_via_matrixify_or_generate-model-seo-csv
bobcat-t740,/pages/fitment/bobcat-t740,"Bobcat T740 Rubber Tracks, Parts & Attachments | Heavy Iron Supply Co.",Shop OEM-spec rubber tracks and undercarriage for the Bobcat T740.,generated_default,review,import_seo_via_matrixify_or_generate-model-seo-csv
bobcat-t750,/pages/fitment/bobcat-t750,"Bobcat T750 Rubber Tracks, Parts & Attachments | Heavy Iron Supply Co.",Shop OEM-spec rubber tracks and undercarriage for the Bobcat T750.,generated_default,review,import_seo_via_matrixify_or_generate-model-seo-csv
bobcat-t76,/pages/fitment/bobcat-t76,"Bobcat T76 Rubber Tracks, Parts & Attachments | Heavy Iron Supply Co.",Shop OEM-spec rubber tracks and undercarriage for the Bobcat T76.,generated_default,review,import_seo_via_matrixify_or_generate-model-seo-csv
bobcat-t770,/pages/fitment/bobcat-t770,"Bobcat T770 Rubber Tracks, Parts & Attachments | Heavy Iron Supply Co.",Shop OEM-spec rubber tracks and undercarriage for the Bobcat T770.,generated_default,review,import_seo_via_matrixify_or_generate-model-seo-csv
bobcat-t830,/pages/fitment/bobcat-t830,"Bobcat T830 Rubber Tracks, Parts & Attachments | Heavy Iron Supply Co.",Shop OEM-spec rubber tracks and undercarriage for the Bobcat T830.,generated_default,review,import_seo_via_matrixify_or_generate-model-seo-csv
bobcat-t86,/pages/fitment/bobcat-t86,"Bobcat T86 Rubber Tracks, Parts & Attachments | Heavy Iron Supply Co.",Shop OEM-spec rubber tracks and undercarriage for the Bobcat T86.,generated_default,review,import_seo_via_matrixify_or_generate-model-seo-csv
bobcat-t864,/pages/fitment/bobcat-t864,"Bobcat T864 Rubber Tracks, Parts & Attachments | Heavy Iron Supply Co.",Shop OEM-spec rubber tracks and undercarriage for the Bobcat T864.,generated_default,review,import_seo_via_matrixify_or_generate-model-seo-csv
bobcat-t870,/pages/fitment/bobcat-t870,"Bobcat T870 Rubber Tracks, Parts & Attachments | Heavy Iron Supply Co.",Shop OEM-spec rubber tracks and undercarriage for the Bobcat T870.,generated_default,review,import_seo_via_matrixify_or_generate-model-seo-csv
boxer-118,/pages/fitment/boxer-118,"Boxer 118 Rubber Tracks, Parts & Attachments | Heavy Iron Supply Co.",Shop OEM-spec rubber tracks and undercarriage for the Boxer 118.,generated_default,review,import_seo_via_matrixify_or_generate-model-seo-csv
boxer-320,/pages/fitment/boxer-320,"Boxer 320 Rubber Tracks, Parts & Attachments | Heavy Iron Supply Co.",Shop OEM-spec rubber tracks and undercarriage for the Boxer 320.,generated_default,review,import_seo_via_matrixify_or_generate-model-seo-csv
boxer-322d,/pages/fitment/boxer-322d,"Boxer 322D Rubber Tracks, Parts & Attachments | Heavy Iron Supply Co.",Shop OEM-spec rubber tracks and undercarriage for the Boxer 322D.,generated_default,review,import_seo_via_matrixify_or_generate-model-seo-csv
boxer-400,/pages/fitment/boxer-400,"Boxer 400 Rubber Tracks, Parts & Attachments | Heavy Iron Supply Co.",Shop OEM-spec rubber tracks and undercarriage for the Boxer 400.,generated_default,review,import_seo_via_matrixify_or_generate-model-seo-csv
boxer-427,/pages/fitment/boxer-427,"Boxer 427 Rubber Tracks, Parts & Attachments | Heavy Iron Supply Co.",Shop OEM-spec rubber tracks and undercarriage for the Boxer 427.,generated_default,review,import_seo_via_matrixify_or_generate-model-seo-csv
boxer-526dx,/pages/fitment/boxer-526dx,"Boxer 526DX Rubber Tracks, Parts & Attachments | Heavy Iron Supply Co.",Shop OEM-spec rubber tracks and undercarriage for the Boxer 526DX.,generated_default,review,import_seo_via_matrixify_or_generate-model-seo-csv
boxer-530dx,/pages/fitment/boxer-530dx,"Boxer 530DX Rubber Tracks, Parts & Attachments | Heavy Iron Supply Co.",Shop OEM-spec rubber tracks and undercarriage for the Boxer 530DX.,generated_default,review,import_seo_via_matrixify_or_generate-model-seo-csv
boxer-532dx,/pages/fitment/boxer-532dx,"Boxer 532DX Rubber Tracks, Parts & Attachments | Heavy Iron Supply Co.",Shop OEM-spec rubber tracks and undercarriage for the Boxer 532DX.,generated_default,review,import_seo_via_matrixify_or_generate-model-seo-csv
boxer-brute-trx,/pages/fitment/boxer-brute-trx,"Boxer BRUTE TRX Rubber Tracks, Parts & Attachments | Heavy Iron Supply Co.",Shop OEM-spec rubber tracks and undercarriage for the Boxer BRUTE TRX.,generated_default,review,import_seo_via_matrixify_or_generate-model-seo-csv
case-15,/pages/fitment/case-15,"Case 15 Rubber Tracks, Parts & Attachments | Heavy Iron Supply Co.",Shop OEM-spec rubber tracks and undercarriage for the Case 15.,generated_default,review,import_seo_via_matrixify_or_generate-model-seo-csv
case-15maxi,/pages/fitment/case-15maxi,"Case 15MAXI Rubber Tracks, Parts & Attachments | Heavy Iron Supply Co.",Shop OEM-spec rubber tracks and undercarriage for the Case 15MAXI.,generated_default,review,import_seo_via_matrixify_or_generate-model-seo-csv
case-16,/pages/fitment/case-16,"Case 16 Rubber Tracks, Parts & Attachments | Heavy Iron Supply Co.",Shop OEM-spec rubber tracks and undercarriage for the Case 16.,generated_default,review,import_seo_via_matrixify_or_generate-model-seo-csv
case-16maxi,/pages/fitment/case-16maxi,"Case 16MAXI Rubber Tracks, Parts & Attachments | Heavy Iron Supply Co.",Shop OEM-spec rubber tracks and undercarriage for the Case 16MAXI.,generated_default,review,import_seo_via_matrixify_or_generate-model-seo-csv
case-16rtn,/pages/fitment/case-16rtn,"Case 16RTN Rubber Tracks, Parts & Attachments | Heavy Iron Supply Co.",Shop OEM-spec rubber tracks and undercarriage for the Case 16RTN.,generated_default,review,import_seo_via_matrixify_or_generate-model-seo-csv
case-420ct,/pages/fitment/case-420ct,"Case 420CT Rubber Tracks, Parts & Attachments | Heavy Iron Supply Co.",Shop OEM-spec rubber tracks and undercarriage for the Case 420CT.,generated_default,review,import_seo_via_matrixify_or_generate-model-seo-csv
case-440ct,/pages/fitment/case-440ct,"Case 440CT Rubber Tracks, Parts & Attachments | Heavy Iron Supply Co.",Shop OEM-spec rubber tracks and undercarriage for the Case 440CT.,generated_default,review,import_seo_via_matrixify_or_generate-model-seo-csv
case-445ct,/pages/fitment/case-445ct,"Case 445CT Rubber Tracks, Parts & Attachments | Heavy Iron Supply Co.",Shop OEM-spec rubber tracks and undercarriage for the Case 445CT.,generated_default,review,import_seo_via_matrixify_or_generate-model-seo-csv
case-450ct,/pages/fitment/case-450ct,"Case 450CT Rubber Tracks, Parts & Attachments | Heavy Iron Supply Co.",Shop OEM-spec rubber tracks and undercarriage for the Case 450CT.,generated_default,review,import_seo_via_matrixify_or_generate-model-seo-csv
case-6030,/pages/fitment/case-6030,"Case 6030 Rubber Tracks, Parts & Attachments | Heavy Iron Supply Co.",Shop OEM-spec rubber tracks and undercarriage for the Case 6030.,generated_default,review,import_seo_via_matrixify_or_generate-model-seo-csv
case-ck16,/pages/fitment/case-ck16,"Case CK16 Rubber Tracks, Parts & Attachments | Heavy Iron Supply Co.",Shop OEM-spec rubber tracks and undercarriage for the Case CK16.,generated_default,review,import_seo_via_matrixify_or_generate-model-seo-csv
case-ck28,/pages/fitment/case-ck28,"Case CK28 Rubber Tracks, Parts & Attachments | Heavy Iron Supply Co.",Shop OEM-spec rubber tracks and undercarriage for the Case CK28.,generated_default,review,import_seo_via_matrixify_or_generate-model-seo-csv
case-ck32,/pages/fitment/case-ck32,"Case CK32 Rubber Tracks, Parts & Attachments | Heavy Iron Supply Co.",Shop OEM-spec rubber tracks and undercarriage for the Case CK32.,generated_default,review,import_seo_via_matrixify_or_generate-model-seo-csv
case-ck50,/pages/fitment/case-ck50,"Case CK50 Rubber Tracks, Parts & Attachments | Heavy Iron Supply Co.",Shop OEM-spec rubber tracks and undercarriage for the Case CK50.,generated_default,review,import_seo_via_matrixify_or_generate-model-seo-csv
case-ck52,/pages/fitment/case-ck52,"Case CK52 Rubber Tracks, Parts & Attachments | Heavy Iron Supply Co.",Shop OEM-spec rubber tracks and undercarriage for the Case CK52.,generated_default,review,import_seo_via_matrixify_or_generate-model-seo-csv
case-ck62,/pages/fitment/case-ck62,"Case CK62 Rubber Tracks, Parts & Attachments | Heavy Iron Supply Co.",Shop OEM-spec rubber tracks and undercarriage for the Case CK62.,generated_default,review,import_seo_via_matrixify_or_generate-model-seo-csv
case-cx14,/pages/fitment/case-cx14,"Case CX14 Rubber Tracks, Parts & Attachments | Heavy Iron Supply Co.",Shop OEM-spec rubber tracks and undercarriage for the Case CX14.,generated_default,review,import_seo_via_matrixify_or_generate-model-seo-csv
case-cx14-zts,/pages/fitment/case-cx14-zts,"Case CX14-ZTS Rubber Tracks, Parts & Attachments | Heavy Iron Supply Co.",Shop OEM-spec rubber tracks and undercarriage for the Case CX14-ZTS.,generated_default,review,import_seo_via_matrixify_or_generate-model-seo-csv
case-cx15,/pages/fitment/case-cx15,"Case CX15 Rubber Tracks, Parts & Attachments | Heavy Iron Supply Co.",Shop OEM-spec rubber tracks and undercarriage for the Case CX15.,generated_default,review,import_seo_via_matrixify_or_generate-model-seo-csv
case-cx15stc,/pages/fitment/case-cx15stc,"Case CX15STC Rubber Tracks, Parts & Attachments | Heavy Iron Supply Co.",Shop OEM-spec rubber tracks and undercarriage for the Case CX15STC.,generated_default,review,import_seo_via_matrixify_or_generate-model-seo-csv
case-cx15str,/pages/fitment/case-cx15str,"Case CX15STR Rubber Tracks, Parts & Attachments | Heavy Iron Supply Co.",Shop OEM-spec rubber tracks and undercarriage for the Case CX15STR.,generated_default,review,import_seo_via_matrixify_or_generate-model-seo-csv
case-cx16,/pages/fitment/case-cx16,"Case CX16 Rubber Tracks, Parts & Attachments | Heavy Iron Supply Co.",Shop OEM-spec rubber tracks and undercarriage for the Case CX16.,generated_default,review,import_seo_via_matrixify_or_generate-model-seo-csv
case-cx16-2001,/pages/fitment/case-cx16-2001,"Case CX16-2001 Rubber Tracks, Parts & Attachments | Heavy Iron Supply Co.",Shop OEM-spec rubber tracks and undercarriage for the Case CX16-2001.,generated_default,review,import_seo_via_matrixify_or_generate-model-seo-csv
case-cx16b,/pages/fitment/case-cx16b,"Case CX16B Rubber Tracks, Parts & Attachments | Heavy Iron Supply Co.",Shop OEM-spec rubber tracks and undercarriage for the Case CX16B.,generated_default,review,import_seo_via_matrixify_or_generate-model-seo-csv
case-cx17b,/pages/fitment/case-cx17b,"Case CX17B Rubber Tracks, Parts & Attachments | Heavy Iron Supply Co.",Shop OEM-spec rubber tracks and undercarriage for the Case CX17B.,generated_default,review,import_seo_via_matrixify_or_generate-model-seo-csv
case-cx17c,/pages/fitment/case-cx17c,"Case CX17C Rubber Tracks, Parts & Attachments | Heavy Iron Supply Co.",Shop OEM-spec rubber tracks and undercarriage for the Case CX17C.,generated_default,review,import_seo_via_matrixify_or_generate-model-seo-csv
case-cx18b,/pages/fitment/case-cx18b,"Case CX18B Rubber Tracks, Parts & Attachments | Heavy Iron Supply Co.",Shop OEM-spec rubber tracks and undercarriage for the Case CX18B.,generated_default,review,import_seo_via_matrixify_or_generate-model-seo-csv
case-cx20b,/pages/fitment/case-cx20b,"Case CX20B Rubber Tracks, Parts & Attachments | Heavy Iron Supply Co.",Shop OEM-spec rubber tracks and undercarriage for the Case CX20B.,generated_default,review,import_seo_via_matrixify_or_generate-model-seo-csv
case-cx22b,/pages/fitment/case-cx22b,"Case CX22B Rubber Tracks, Parts & Attachments | Heavy Iron Supply Co.",Shop OEM-spec rubber tracks and undercarriage for the Case CX22B.,generated_default,review,import_seo_via_matrixify_or_generate-model-seo-csv
case-cx25,/pages/fitment/case-cx25,"Case CX25 Rubber Tracks, Parts & Attachments | Heavy Iron Supply Co.",Shop OEM-spec rubber tracks and undercarriage for the Case CX25.,generated_default,review,import_seo_via_matrixify_or_generate-model-seo-csv
case-cx26,/pages/fitment/case-cx26,"Case CX26 Rubber Tracks, Parts & Attachments | Heavy Iron Supply Co.",Shop OEM-spec rubber tracks and undercarriage for the Case CX26.,generated_default,review,import_seo_via_matrixify_or_generate-model-seo-csv
case-cx26c,/pages/fitment/case-cx26c,"Case CX26C Rubber Tracks, Parts & Attachments | Heavy Iron Supply Co.",Shop OEM-spec rubber tracks and undercarriage for the Case CX26C.,generated_default,review,import_seo_via_matrixify_or_generate-model-seo-csv
case-cx27b,/pages/fitment/case-cx27b,"Case CX27B Rubber Tracks, Parts & Attachments | Heavy Iron Supply Co.",Shop OEM-spec rubber tracks and undercarriage for the Case CX27B.,generated_default,review,import_seo_via_matrixify_or_generate-model-seo-csv
case-cx28,/pages/fitment/case-cx28,"Case CX28 Rubber Tracks, Parts & Attachments | Heavy Iron Supply Co.",Shop OEM-spec rubber tracks and undercarriage for the Case CX28.,generated_default,review,import_seo_via_matrixify_or_generate-model-seo-csv
case-cx30,/pages/fitment/case-cx30,"Case CX30 Rubber Tracks, Parts & Attachments | Heavy Iron Supply Co.",Shop OEM-spec rubber tracks and undercarriage for the Case CX30.,generated_default,review,import_seo_via_matrixify_or_generate-model-seo-csv
case-cx30c,/pages/fitment/case-cx30c,"Case CX30C Rubber Tracks, Parts & Attachments | Heavy Iron Supply Co.",Shop OEM-spec rubber tracks and undercarriage for the Case CX30C.,generated_default,review,import_seo_via_matrixify_or_generate-model-seo-csv
case-cx33c,/pages/fitment/case-cx33c,"Case CX33C Rubber Tracks, Parts & Attachments | Heavy Iron Supply Co.",Shop OEM-spec rubber tracks and undercarriage for the Case CX33C.,generated_default,review,import_seo_via_matrixify_or_generate-model-seo-csv
case-cx35,/pages/fitment/case-cx35,"Case CX35 Rubber Tracks, Parts & Attachments | Heavy Iron Supply Co.",Shop OEM-spec rubber tracks and undercarriage for the Case CX35.,generated_default,review,import_seo_via_matrixify_or_generate-model-seo-csv
case-cx36,/pages/fitment/case-cx36,"Case CX36 Rubber Tracks, Parts & Attachments | Heavy Iron Supply Co.",Shop OEM-spec rubber tracks and undercarriage for the Case CX36.,generated_default,review,import_seo_via_matrixify_or_generate-model-seo-csv
case-cx36b,/pages/fitment/case-cx36b,"Case CX36B Rubber Tracks, Parts & Attachments | Heavy Iron Supply Co.",Shop OEM-spec rubber tracks and undercarriage for the Case CX36B.,generated_default,review,import_seo_via_matrixify_or_generate-model-seo-csv
case-cx37c,/pages/fitment/case-cx37c,"Case CX37C Rubber Tracks, Parts & Attachments | Heavy Iron Supply Co.",Shop OEM-spec rubber tracks and undercarriage for the Case CX37C.,generated_default,review,import_seo_via_matrixify_or_generate-model-seo-csv
case-cx39b,/pages/fitment/case-cx39b,"Case CX39B Rubber Tracks, Parts & Attachments | Heavy Iron Supply Co.",Shop OEM-spec rubber tracks and undercarriage for the Case CX39B.,generated_default,review,import_seo_via_matrixify_or_generate-model-seo-csv
case-cx47,/pages/fitment/case-cx47,"Case CX47 Rubber Tracks, Parts & Attachments | Heavy Iron Supply Co.",Shop OEM-spec rubber tracks and undercarriage for the Case CX47.,generated_default,review,import_seo_via_matrixify_or_generate-model-seo-csv
case-cx50,/pages/fitment/case-cx50,"Case CX50 Rubber Tracks, Parts & Attachments | Heavy Iron Supply Co.",Shop OEM-spec rubber tracks and undercarriage for the Case CX50.,generated_default,review,import_seo_via_matrixify_or_generate-model-seo-csv
case-cx50b,/pages/fitment/case-cx50b,"Case CX50B Rubber Tracks, Parts & Attachments | Heavy Iron Supply Co.",Shop OEM-spec rubber tracks and undercarriage for the Case CX50B.,generated_default,review,import_seo_via_matrixify_or_generate-model-seo-csv
case-cx55b,/pages/fitment/case-cx55b,"Case CX55B Rubber Tracks, Parts & Attachments | Heavy Iron Supply Co.",Shop OEM-spec rubber tracks and undercarriage for the Case CX55B.,generated_default,review,import_seo_via_matrixify_or_generate-model-seo-csv
case-cx55b-msr,/pages/fitment/case-cx55b-msr,"Case CX55BMSR Rubber Tracks, Parts & Attachments | Heavy Iron Supply Co.",Shop OEM-spec rubber tracks and undercarriage for the Case CX55BMSR.,generated_default,review,import_seo_via_matrixify_or_generate-model-seo-csv
case-cx57,/pages/fitment/case-cx57,"Case CX57 Rubber Tracks, Parts & Attachments | Heavy Iron Supply Co.",Shop OEM-spec rubber tracks and undercarriage for the Case CX57.,generated_default,review,import_seo_via_matrixify_or_generate-model-seo-csv
case-cx57c,/pages/fitment/case-cx57c,"Case CX57C Rubber Tracks, Parts & Attachments | Heavy Iron Supply Co.",Shop OEM-spec rubber tracks and undercarriage for the Case CX57C.,generated_default,review,import_seo_via_matrixify_or_generate-model-seo-csv
case-cx60c,/pages/fitment/case-cx60c,"Case CX60C Rubber Tracks, Parts & Attachments | Heavy Iron Supply Co.",Shop OEM-spec rubber tracks and undercarriage for the Case CX60C.,generated_default,review,import_seo_via_matrixify_or_generate-model-seo-csv
case-cx65b,/pages/fitment/case-cx65b,"Case CX65B Rubber Tracks, Parts & Attachments | Heavy Iron Supply Co.",Shop OEM-spec rubber tracks and undercarriage for the Case CX65B.,generated_default,review,import_seo_via_matrixify_or_generate-model-seo-csv
case-cx75sr,/pages/fitment/case-cx75sr,"Case CX75SR Rubber Tracks, Parts & Attachments | Heavy Iron Supply Co.",Shop OEM-spec rubber tracks and undercarriage for the Case CX75SR.,generated_default,review,import_seo_via_matrixify_or_generate-model-seo-csv
case-cx80c,/pages/fitment/case-cx80c,"Case CX80C Rubber Tracks, Parts & Attachments | Heavy Iron Supply Co.",Shop OEM-spec rubber tracks and undercarriage for the Case CX80C.,generated_default,review,import_seo_via_matrixify_or_generate-model-seo-csv
case-tr270,/pages/fitment/case-tr270,"Case TR270 Rubber Tracks, Parts & Attachments | Heavy Iron Supply Co.",Shop OEM-spec rubber tracks and undercarriage for the Case TR270.,generated_default,review,import_seo_via_matrixify_or_generate-model-seo-csv
case-tr270b,/pages/fitment/case-tr270b,"Case TR270B Rubber Tracks, Parts & Attachments | Heavy Iron Supply Co.",Shop OEM-spec rubber tracks and undercarriage for the Case TR270B.,generated_default,review,import_seo_via_matrixify_or_generate-model-seo-csv
case-tr310,/pages/fitment/case-tr310,"Case TR310 Rubber Tracks, Parts & Attachments | Heavy Iron Supply Co.",Shop OEM-spec rubber tracks and undercarriage for the Case TR310.,generated_default,review,import_seo_via_matrixify_or_generate-model-seo-csv
case-tr310b,/pages/fitment/case-tr310b,"Case TR310B Rubber Tracks, Parts & Attachments | Heavy Iron Supply Co.",Shop OEM-spec rubber tracks and undercarriage for the Case TR310B.,generated_default,review,import_seo_via_matrixify_or_generate-model-seo-csv
case-tr320,/pages/fitment/case-tr320,"Case TR320 Rubber Tracks, Parts & Attachments | Heavy Iron Supply Co.",Shop OEM-spec rubber tracks and undercarriage for the Case TR320.,generated_default,review,import_seo_via_matrixify_or_generate-model-seo-csv
case-tr320b,/pages/fitment/case-tr320b,"Case TR320B Rubber Tracks, Parts & Attachments | Heavy Iron Supply Co.",Shop OEM-spec rubber tracks and undercarriage for the Case TR320B.,generated_default,review,import_seo_via_matrixify_or_generate-model-seo-csv
case-tr340,/pages/fitment/case-tr340,"Case TR340 Rubber Tracks, Parts & Attachments | Heavy Iron Supply Co.",Shop OEM-spec rubber tracks and undercarriage for the Case TR340.,generated_default,review,import_seo_via_matrixify_or_generate-model-seo-csv
case-tr340b,/pages/fitment/case-tr340b,"Case TR340B Rubber Tracks, Parts & Attachments | Heavy Iron Supply Co.",Shop OEM-spec rubber tracks and undercarriage for the Case TR340B.,generated_default,review,import_seo_via_matrixify_or_generate-model-seo-csv
case-tv370,/pages/fitment/case-tv370,"Case TV370 Rubber Tracks, Parts & Attachments | Heavy Iron Supply Co.",Shop OEM-spec rubber tracks and undercarriage for the Case TV370.,generated_default,review,import_seo_via_matrixify_or_generate-model-seo-csv
case-tv370b,/pages/fitment/case-tv370b,"Case TV370B Rubber Tracks, Parts & Attachments | Heavy Iron Supply Co.",Shop OEM-spec rubber tracks and undercarriage for the Case TV370B.,generated_default,review,import_seo_via_matrixify_or_generate-model-seo-csv
case-tv380,/pages/fitment/case-tv380,"Case TV380 Rubber Tracks, Parts & Attachments | Heavy Iron Supply Co.",Shop OEM-spec rubber tracks and undercarriage for the Case TV380.,generated_default,review,import_seo_via_matrixify_or_generate-model-seo-csv
case-tv450,/pages/fitment/case-tv450,"Case TV450 Rubber Tracks, Parts & Attachments | Heavy Iron Supply Co.",Shop OEM-spec rubber tracks and undercarriage for the Case TV450.,generated_default,review,import_seo_via_matrixify_or_generate-model-seo-csv
case-tv450b,/pages/fitment/case-tv450b,"Case TV450B Rubber Tracks, Parts & Attachments | Heavy Iron Supply Co.",Shop OEM-spec rubber tracks and undercarriage for the Case TV450B.,generated_default,review,import_seo_via_matrixify_or_generate-model-seo-csv
case-tv620b,/pages/fitment/case-tv620b,"Case TV620B Rubber Tracks, Parts & Attachments | Heavy Iron Supply Co.",Shop OEM-spec rubber tracks and undercarriage for the Case TV620B.,generated_default,review,import_seo_via_matrixify_or_generate-model-seo-csv
caterpillar-239d,/pages/fitment/caterpillar-239d,"CAT 239D Rubber Tracks, Parts & Attachments | Heavy Iron Supply Co.",Shop OEM-spec rubber tracks and undercarriage for the CAT 239D.,generated_default,review,import_seo_via_matrixify_or_generate-model-seo-csv
caterpillar-239d3,/pages/fitment/caterpillar-239d3,"CAT 239D3 Rubber Tracks, Parts & Attachments | Heavy Iron Supply Co.",Shop OEM-spec rubber tracks and undercarriage for the CAT 239D3.,generated_default,review,import_seo_via_matrixify_or_generate-model-seo-csv
caterpillar-247,/pages/fitment/caterpillar-247,"CAT 247 Rubber Tracks, Parts & Attachments | Heavy Iron Supply Co.",Shop OEM-spec rubber tracks and undercarriage for the CAT 247.,generated_default,review,import_seo_via_matrixify_or_generate-model-seo-csv
caterpillar-247b,/pages/fitment/caterpillar-247b,"CAT 247B Rubber Tracks, Parts & Attachments | Heavy Iron Supply Co.",Shop OEM-spec rubber tracks and undercarriage for the CAT 247B.,generated_default,review,import_seo_via_matrixify_or_generate-model-seo-csv
caterpillar-247b2,/pages/fitment/caterpillar-247b2,"CAT 247B2 Rubber Tracks, Parts & Attachments | Heavy Iron Supply Co.",Shop OEM-spec rubber tracks and undercarriage for the CAT 247B2.,generated_default,review,import_seo_via_matrixify_or_generate-model-seo-csv
caterpillar-247b3,/pages/fitment/caterpillar-247b3,"CAT 247B3 Rubber Tracks, Parts & Attachments | Heavy Iron Supply Co.",Shop OEM-spec rubber tracks and undercarriage for the CAT 247B3.,generated_default,review,import_seo_via_matrixify_or_generate-model-seo-csv
caterpillar-2493,/pages/fitment/caterpillar-2493,"CAT 2493 Rubber Tracks, Parts & Attachments | Heavy Iron Supply Co.",Shop OEM-spec rubber tracks and undercarriage for the CAT 2493.,generated_default,review,import_seo_via_matrixify_or_generate-model-seo-csv
caterpillar-249d,/pages/fitment/caterpillar-249d,"CAT 249D Rubber Tracks, Parts & Attachments | Heavy Iron Supply Co.",Shop OEM-spec rubber tracks and undercarriage for the CAT 249D.,generated_default,review,import_seo_via_matrixify_or_generate-model-seo-csv
caterpillar-249d3,/pages/fitment/caterpillar-249d3,"CAT 249D3 Rubber Tracks, Parts & Attachments | Heavy Iron Supply Co.",Shop OEM-spec rubber tracks and undercarriage for the CAT 249D3.,generated_default,review,import_seo_via_matrixify_or_generate-model-seo-csv
caterpillar-255,/pages/fitment/caterpillar-255,"CAT 255 Rubber Tracks, Parts & Attachments | Heavy Iron Supply Co.",Shop OEM-spec rubber tracks and undercarriage for the CAT 255.,generated_default,review,import_seo_via_matrixify_or_generate-model-seo-csv
caterpillar-257,/pages/fitment/caterpillar-257,"CAT 257 Rubber Tracks, Parts & Attachments | Heavy Iron Supply Co.",Shop OEM-spec rubber tracks and undercarriage for the CAT 257.,generated_default,review,import_seo_via_matrixify_or_generate-model-seo-csv
caterpillar-257b,/pages/fitment/caterpillar-257b,"CAT 257B Rubber Tracks, Parts & Attachments | Heavy Iron Supply Co.",Shop OEM-spec rubber tracks and undercarriage for the CAT 257B.,generated_default,review,import_seo_via_matrixify_or_generate-model-seo-csv
caterpillar-257b2,/pages/fitment/caterpillar-257b2,"CAT 257B2 Rubber Tracks, Parts & Attachments | Heavy Iron Supply Co.",Shop OEM-spec rubber tracks and undercarriage for the CAT 257B2.,generated_default,review,import_seo_via_matrixify_or_generate-model-seo-csv
caterpillar-257b3,/pages/fitment/caterpillar-257b3,"CAT 257B3 Rubber Tracks, Parts & Attachments | Heavy Iron Supply Co.",Shop OEM-spec rubber tracks and undercarriage for the CAT 257B3.,generated_default,review,import_seo_via_matrixify_or_generate-model-seo-csv
caterpillar-257d,/pages/fitment/caterpillar-257d,"CAT 257D Rubber Tracks, Parts & Attachments | Heavy Iron Supply Co.",Shop OEM-spec rubber tracks and undercarriage for the CAT 257D.,generated_default,review,import_seo_via_matrixify_or_generate-model-seo-csv
caterpillar-259b,/pages/fitment/caterpillar-259b,"CAT 259B Rubber Tracks, Parts & Attachments | Heavy Iron Supply Co.",Shop OEM-spec rubber tracks and undercarriage for the CAT 259B.,generated_default,review,import_seo_via_matrixify_or_generate-model-seo-csv
caterpillar-259b3,/pages/fitment/caterpillar-259b3,"CAT 259B3 Rubber Tracks, Parts & Attachments | Heavy Iron Supply Co.",Shop OEM-spec rubber tracks and undercarriage for the CAT 259B3.,generated_default,review,import_seo_via_matrixify_or_generate-model-seo-csv
caterpillar-259d,/pages/fitment/caterpillar-259d,"CAT 259D Rubber Tracks, Parts & Attachments | Heavy Iron Supply Co.",Shop OEM-spec rubber tracks and undercarriage for the CAT 259D.,generated_default,review,import_seo_via_matrixify_or_generate-model-seo-csv
caterpillar-259d3,/pages/fitment/caterpillar-259d3,"CAT 259D3 Rubber Tracks, Parts & Attachments | Heavy Iron Supply Co.",Shop OEM-spec rubber tracks and undercarriage for the CAT 259D3.,generated_default,review,import_seo_via_matrixify_or_generate-model-seo-csv
caterpillar-265,/pages/fitment/caterpillar-265,"CAT 265 Rubber Tracks, Parts & Attachments | Heavy Iron Supply Co.",Shop OEM-spec rubber tracks and undercarriage for the CAT 265.,generated_default,review,import_seo_via_matrixify_or_generate-model-seo-csv
caterpillar-267b,/pages/fitment/caterpillar-267b,"CAT 267B Rubber Tracks, Parts & Attachments | Heavy Iron Supply Co.",Shop OEM-spec rubber tracks and undercarriage for the CAT 267B.,generated_default,review,import_seo_via_matrixify_or_generate-model-seo-csv
caterpillar-277,/pages/fitment/caterpillar-277,"CAT 277 Rubber Tracks, Parts & Attachments | Heavy Iron Supply Co.",Shop OEM-spec rubber tracks and undercarriage for the CAT 277.,generated_default,review,import_seo_via_matrixify_or_generate-model-seo-csv
caterpillar-277b,/pages/fitment/caterpillar-277b,"CAT 277B Rubber Tracks, Parts & Attachments | Heavy Iron Supply Co.",Shop OEM-spec rubber tracks and undercarriage for the CAT 277B.,generated_default,review,import_seo_via_matrixify_or_generate-model-seo-csv
caterpillar-277c,/pages/fitment/caterpillar-277c,"CAT 277C Rubber Tracks, Parts & Attachments | Heavy Iron Supply Co.",Shop OEM-spec rubber tracks and undercarriage for the CAT 277C.,generated_default,review,import_seo_via_matrixify_or_generate-model-seo-csv
caterpillar-279c,/pages/fitment/caterpillar-279c,"CAT 279C Rubber Tracks, Parts & Attachments | Heavy Iron Supply Co.",Shop OEM-spec rubber tracks and undercarriage for the CAT 279C.,generated_default,review,import_seo_via_matrixify_or_generate-model-seo-csv
caterpillar-279c2,/pages/fitment/caterpillar-279c2,"CAT 279C2 Rubber Tracks, Parts & Attachments | Heavy Iron Supply Co.",Shop OEM-spec rubber tracks and undercarriage for the CAT 279C2.,generated_default,review,import_seo_via_matrixify_or_generate-model-seo-csv
caterpillar-279d,/pages/fitment/caterpillar-279d,"CAT 279D Rubber Tracks, Parts & Attachments | Heavy Iron Supply Co.",Shop OEM-spec rubber tracks and undercarriage for the CAT 279D.,generated_default,review,import_seo_via_matrixify_or_generate-model-seo-csv
caterpillar-279d3,/pages/fitment/caterpillar-279d3,"CAT 279D3 Rubber Tracks, Parts & Attachments | Heavy Iron Supply Co.",Shop OEM-spec rubber tracks and undercarriage for the CAT 279D3.,generated_default,review,import_seo_via_matrixify_or_generate-model-seo-csv
caterpillar-287,/pages/fitment/caterpillar-287,"CAT 287 Rubber Tracks, Parts & Attachments | Heavy Iron Supply Co.",Shop OEM-spec rubber tracks and undercarriage for the CAT 287.,generated_default,review,import_seo_via_matrixify_or_generate-model-seo-csv
caterpillar-287b,/pages/fitment/caterpillar-287b,"CAT 287B Rubber Tracks, Parts & Attachments | Heavy Iron Supply Co.",Shop OEM-spec rubber tracks and undercarriage for the CAT 287B.,generated_default,review,import_seo_via_matrixify_or_generate-model-seo-csv
caterpillar-287c,/pages/fitment/caterpillar-287c,"CAT 287C Rubber Tracks, Parts & Attachments | Heavy Iron Supply Co.",Shop OEM-spec rubber tracks and undercarriage for the CAT 287C.,generated_default,review,import_seo_via_matrixify_or_generate-model-seo-csv
caterpillar-287c2,/pages/fitment/caterpillar-287c2,"CAT 287C2 Rubber Tracks, Parts & Attachments | Heavy Iron Supply Co.",Shop OEM-spec rubber tracks and undercarriage for the CAT 287C2.,generated_default,review,import_seo_via_matrixify_or_generate-model-seo-csv
caterpillar-287d,/pages/fitment/caterpillar-287d,"CAT 287D Rubber Tracks, Parts & Attachments | Heavy Iron Supply Co.",Shop OEM-spec rubber tracks and undercarriage for the CAT 287D.,generated_default,review,import_seo_via_matrixify_or_generate-model-seo-csv
caterpillar-289c,/pages/fitment/caterpillar-289c,"CAT 289C Rubber Tracks, Parts & Attachments | Heavy Iron Supply Co.",Shop OEM-spec rubber tracks and undercarriage for the CAT 289C.,generated_default,review,import_seo_via_matrixify_or_generate-model-seo-csv
caterpillar-289c2,/pages/fitment/caterpillar-289c2,"CAT 289C2 Rubber Tracks, Parts & Attachments | Heavy Iron Supply Co.",Shop OEM-spec rubber tracks and undercarriage for the CAT 289C2.,generated_default,review,import_seo_via_matrixify_or_generate-model-seo-csv
caterpillar-289d,/pages/fitment/caterpillar-289d,"CAT 289D Rubber Tracks, Parts & Attachments | Heavy Iron Supply Co.",Shop OEM-spec rubber tracks and undercarriage for the CAT 289D.,generated_default,review,import_seo_via_matrixify_or_generate-model-seo-csv
caterpillar-289d2,/pages/fitment/caterpillar-289d2,"CAT 289D2 Rubber Tracks, Parts & Attachments | Heavy Iron Supply Co.",Shop OEM-spec rubber tracks and undercarriage for the CAT 289D2.,generated_default,review,import_seo_via_matrixify_or_generate-model-seo-csv
caterpillar-289d3,/pages/fitment/caterpillar-289d3,"CAT 289D3 Rubber Tracks, Parts & Attachments | Heavy Iron Supply Co.",Shop OEM-spec rubber tracks and undercarriage for the CAT 289D3.,generated_default,review,import_seo_via_matrixify_or_generate-model-seo-csv
caterpillar-297c,/pages/fitment/caterpillar-297c,"CAT 297C Rubber Tracks, Parts & Attachments | Heavy Iron Supply Co.",Shop OEM-spec rubber tracks and undercarriage for the CAT 297C.,generated_default,review,import_seo_via_matrixify_or_generate-model-seo-csv
caterpillar-297d2,/pages/fitment/caterpillar-297d2,"CAT 297D2 Rubber Tracks, Parts & Attachments | Heavy Iron Supply Co.",Shop OEM-spec rubber tracks and undercarriage for the CAT 297D2.,generated_default,review,import_seo_via_matrixify_or_generate-model-seo-csv
caterpillar-297d2-xhp,/pages/fitment/caterpillar-297d2-xhp,"CAT 297D2-XHP Rubber Tracks, Parts & Attachments | Heavy Iron Supply Co.",Shop OEM-spec rubber tracks and undercarriage for the CAT 297D2-XHP.,generated_default,review,import_seo_via_matrixify_or_generate-model-seo-csv
caterpillar-299c,/pages/fitment/caterpillar-299c,"CAT 299C Rubber Tracks, Parts & Attachments | Heavy Iron Supply Co.",Shop OEM-spec rubber tracks and undercarriage for the CAT 299C.,generated_default,review,import_seo_via_matrixify_or_generate-model-seo-csv
caterpillar-299d,/pages/fitment/caterpillar-299d,"CAT 299D Rubber Tracks, Parts & Attachments | Heavy Iron Supply Co.",Shop OEM-spec rubber tracks and undercarriage for the CAT 299D.,generated_default,review,import_seo_via_matrixify_or_generate-model-seo-csv
caterpillar-299d-xhp,/pages/fitment/caterpillar-299d-xhp,"CAT 299D XHP Rubber Tracks, Parts & Attachments | Heavy Iron Supply Co.",Shop OEM-spec rubber tracks and undercarriage for the CAT 299D XHP.,generated_default,review,import_seo_via_matrixify_or_generate-model-seo-csv
caterpillar-299d2,/pages/fitment/caterpillar-299d2,"CAT 299D2 Rubber Tracks, Parts & Attachments | Heavy Iron Supply Co.",Shop OEM-spec rubber tracks and undercarriage for the CAT 299D2.,generated_default,review,import_seo_via_matrixify_or_generate-model-seo-csv
caterpillar-299d3,/pages/fitment/caterpillar-299d3,"CAT 299D3 Rubber Tracks, Parts & Attachments | Heavy Iron Supply Co.",Shop OEM-spec rubber tracks and undercarriage for the CAT 299D3.,generated_default,review,import_seo_via_matrixify_or_generate-model-seo-csv
caterpillar-300-9d,/pages/fitment/caterpillar-300-9d,"CAT 300.9D Rubber Tracks, Parts & Attachments | Heavy Iron Supply Co.",Shop OEM-spec rubber tracks and undercarriage for the CAT 300.9D.,generated_default,review,import_seo_via_matrixify_or_generate-model-seo-csv
caterpillar-301-5,/pages/fitment/caterpillar-301-5,"CAT 301.5 Rubber Tracks, Parts & Attachments | Heavy Iron Supply Co.",Shop OEM-spec rubber tracks and undercarriage for the CAT 301.5.,generated_default,review,import_seo_via_matrixify_or_generate-model-seo-csv
caterpillar-301-7d,/pages/fitment/caterpillar-301-7d,"CAT 301.7D Rubber Tracks, Parts & Attachments | Heavy Iron Supply Co.",Shop OEM-spec rubber tracks and undercarriage for the CAT 301.7D.,generated_default,review,import_seo_via_matrixify_or_generate-model-seo-csv
caterpillar-301-6,/pages/fitment/caterpillar-301-6,"CAT 3016 Rubber Tracks, Parts & Attachments | Heavy Iron Supply Co.",Shop OEM-spec rubber tracks and undercarriage for the CAT 3016.,generated_default,review,import_seo_via_matrixify_or_generate-model-seo-csv
caterpillar-301-6c,/pages/fitment/caterpillar-301-6c,"CAT 3016C Rubber Tracks, Parts & Attachments | Heavy Iron Supply Co.",Shop OEM-spec rubber tracks and undercarriage for the CAT 3016C.,generated_default,review,import_seo_via_matrixify_or_generate-model-seo-csv
caterpillar-301-8c,/pages/fitment/caterpillar-301-8c,"CAT 3018C Rubber Tracks, Parts & Attachments | Heavy Iron Supply Co.",Shop OEM-spec rubber tracks and undercarriage for the CAT 3018C.,generated_default,review,import_seo_via_matrixify_or_generate-model-seo-csv
caterpillar-302-5,/pages/fitment/caterpillar-302-5,"CAT 302.5 Rubber Tracks, Parts & Attachments | Heavy Iron Supply Co.",Shop OEM-spec rubber tracks and undercarriage for the CAT 302.5.,generated_default,review,import_seo_via_matrixify_or_generate-model-seo-csv
caterpillar-302-5c,/pages/fitment/caterpillar-302-5c,"CAT 302.5C Rubber Tracks, Parts & Attachments | Heavy Iron Supply Co.",Shop OEM-spec rubber tracks and undercarriage for the CAT 302.5C.,generated_default,review,import_seo_via_matrixify_or_generate-model-seo-csv
caterpillar-303cr,/pages/fitment/caterpillar-303cr,"CAT 303 CR Rubber Tracks, Parts & Attachments | Heavy Iron Supply Co.",Shop OEM-spec rubber tracks and undercarriage for the CAT 303 CR.,generated_default,review,import_seo_via_matrixify_or_generate-model-seo-csv
caterpillar-303-5,/pages/fitment/caterpillar-303-5,"CAT 303.5 Rubber Tracks, Parts & Attachments | Heavy Iron Supply Co.",Shop OEM-spec rubber tracks and undercarriage for the CAT 303.5.,generated_default,review,import_seo_via_matrixify_or_generate-model-seo-csv
caterpillar-303-5cr,/pages/fitment/caterpillar-303-5cr,"CAT 303.5 CR Rubber Tracks, Parts & Attachments | Heavy Iron Supply Co.",Shop OEM-spec rubber tracks and undercarriage for the CAT 303.5 CR.,generated_default,review,import_seo_via_matrixify_or_generate-model-seo-csv
caterpillar-303-5c-cr,/pages/fitment/caterpillar-303-5c-cr,"CAT 303.5C CR Rubber Tracks, Parts & Attachments | Heavy Iron Supply Co.",Shop OEM-spec rubber tracks and undercarriage for the CAT 303.5C CR.,generated_default,review,import_seo_via_matrixify_or_generate-model-seo-csv
caterpillar-303-5d,/pages/fitment/caterpillar-303-5d,"CAT 303.5D Rubber Tracks, Parts & Attachments | Heavy Iron Supply Co.",Shop OEM-spec rubber tracks and undercarriage for the CAT 303.5D.,generated_default,review,import_seo_via_matrixify_or_generate-model-seo-csv
caterpillar-303-5d-cr,/pages/fitment/caterpillar-303-5d-cr,"CAT 303.5D CR Rubber Tracks, Parts & Attachments | Heavy Iron Supply Co.",Shop OEM-spec rubber tracks and undercarriage for the CAT 303.5D CR.,generated_default,review,import_seo_via_matrixify_or_generate-model-seo-csv
caterpillar-303-5e-cr,/pages/fitment/caterpillar-303-5e-cr,"CAT 303.5E CR Rubber Tracks, Parts & Attachments | Heavy Iron Supply Co.",Shop OEM-spec rubber tracks and undercarriage for the CAT 303.5E CR.,generated_default,review,import_seo_via_matrixify_or_generate-model-seo-csv
caterpillar-303ccr,/pages/fitment/caterpillar-303ccr,"CAT 303C CR Rubber Tracks, Parts & Attachments | Heavy Iron Supply Co.",Shop OEM-spec rubber tracks and undercarriage for the CAT 303C CR.,generated_default,review,import_seo_via_matrixify_or_generate-model-seo-csv
caterpillar-303e,/pages/fitment/caterpillar-303e,"CAT 303E Rubber Tracks, Parts & Attachments | Heavy Iron Supply Co.",Shop OEM-spec rubber tracks and undercarriage for the CAT 303E.,generated_default,review,import_seo_via_matrixify_or_generate-model-seo-csv
caterpillar-303ecr,/pages/fitment/caterpillar-303ecr,"CAT 303ECR Rubber Tracks, Parts & Attachments | Heavy Iron Supply Co.",Shop OEM-spec rubber tracks and undercarriage for the CAT 303ECR.,generated_default,review,import_seo_via_matrixify_or_generate-model-seo-csv
caterpillar-304,/pages/fitment/caterpillar-304,"CAT 304 Rubber Tracks, Parts & Attachments | Heavy Iron Supply Co.",Shop OEM-spec rubber tracks and undercarriage for the CAT 304.,generated_default,review,import_seo_via_matrixify_or_generate-model-seo-csv
caterpillar-304-5,/pages/fitment/caterpillar-304-5,"CAT 304.5 Rubber Tracks, Parts & Attachments | Heavy Iron Supply Co.",Shop OEM-spec rubber tracks and undercarriage for the CAT 304.5.,generated_default,review,import_seo_via_matrixify_or_generate-model-seo-csv
caterpillar-304-5e2,/pages/fitment/caterpillar-304-5e2,"CAT 304.5E2 Rubber Tracks, Parts & Attachments | Heavy Iron Supply Co.",Shop OEM-spec rubber tracks and undercarriage for the CAT 304.5E2.,generated_default,review,import_seo_via_matrixify_or_generate-model-seo-csv
caterpillar-304c,/pages/fitment/caterpillar-304c,"CAT 304C Rubber Tracks, Parts & Attachments | Heavy Iron Supply Co.",Shop OEM-spec rubber tracks and undercarriage for the CAT 304C.,generated_default,review,import_seo_via_matrixify_or_generate-model-seo-csv
caterpillar-304ccr,/pages/fitment/caterpillar-304ccr,"CAT 304C CR Rubber Tracks, Parts & Attachments | Heavy Iron Supply Co.",Shop OEM-spec rubber tracks and undercarriage for the CAT 304C CR.,generated_default,review,import_seo_via_matrixify_or_generate-model-seo-csv
caterpillar-304cr,/pages/fitment/caterpillar-304cr,"CAT 304CR Rubber Tracks, Parts & Attachments | Heavy Iron Supply Co.",Shop OEM-spec rubber tracks and undercarriage for the CAT 304CR.,generated_default,review,import_seo_via_matrixify_or_generate-model-seo-csv
caterpillar-304d,/pages/fitment/caterpillar-304d,"CAT 304D Rubber Tracks, Parts & Attachments | Heavy Iron Supply Co.",Shop OEM-spec rubber tracks and undercarriage for the CAT 304D.,generated_default,review,import_seo_via_matrixify_or_generate-model-seo-csv
caterpillar-304d-cr,/pages/fitment/caterpillar-304d-cr,"CAT 304D CR Rubber Tracks, Parts & Attachments | Heavy Iron Supply Co.",Shop OEM-spec rubber tracks and undercarriage for the CAT 304D CR.,generated_default,review,import_seo_via_matrixify_or_generate-model-seo-csv
caterpillar-304e,/pages/fitment/caterpillar-304e,"CAT 304E Rubber Tracks, Parts & Attachments | Heavy Iron Supply Co.",Shop OEM-spec rubber tracks and undercarriage for the CAT 304E.,generated_default,review,import_seo_via_matrixify_or_generate-model-seo-csv
caterpillar-304e-cr,/pages/fitment/caterpillar-304e-cr,"CAT 304E CR Rubber Tracks, Parts & Attachments | Heavy Iron Supply Co.",Shop OEM-spec rubber tracks and undercarriage for the CAT 304E CR.,generated_default,review,import_seo_via_matrixify_or_generate-model-seo-csv
caterpillar-304e2,/pages/fitment/caterpillar-304e2,"CAT 304E2 Rubber Tracks, Parts & Attachments | Heavy Iron Supply Co.",Shop OEM-spec rubber tracks and undercarriage for the CAT 304E2.,generated_default,review,import_seo_via_matrixify_or_generate-model-seo-csv
caterpillar-305cr,/pages/fitment/caterpillar-305cr,"CAT 305 CR Rubber Tracks, Parts & Attachments | Heavy Iron Supply Co.",Shop OEM-spec rubber tracks and undercarriage for the CAT 305 CR.,generated_default,review,import_seo_via_matrixify_or_generate-model-seo-csv
caterpillar-305-5,/pages/fitment/caterpillar-305-5,"CAT 305.5 Rubber Tracks, Parts & Attachments | Heavy Iron Supply Co.",Shop OEM-spec rubber tracks and undercarriage for the CAT 305.5.,generated_default,review,import_seo_via_matrixify_or_generate-model-seo-csv
caterpillar-305-5d-cr,/pages/fitment/caterpillar-305-5d-cr,"CAT 305.5D CR Rubber Tracks, Parts & Attachments | Heavy Iron Supply Co.",Shop OEM-spec rubber tracks and undercarriage for the CAT 305.5D CR.,generated_default,review,import_seo_via_matrixify_or_generate-model-seo-csv
caterpillar-305-5e,/pages/fitment/caterpillar-305-5e,"CAT 305.5E Rubber Tracks, Parts & Attachments | Heavy Iron Supply Co.",Shop OEM-spec rubber tracks and undercarriage for the CAT 305.5E.,generated_default,review,import_seo_via_matrixify_or_generate-model-seo-csv
caterpillar-305-5e-cr,/pages/fitment/caterpillar-305-5e-cr,"CAT 305.5E CR Rubber Tracks, Parts & Attachments | Heavy Iron Supply Co.",Shop OEM-spec rubber tracks and undercarriage for the CAT 305.5E CR.,generated_default,review,import_seo_via_matrixify_or_generate-model-seo-csv
caterpillar-305-5e2,/pages/fitment/caterpillar-305-5e2,"CAT 305.5E2 Rubber Tracks, Parts & Attachments | Heavy Iron Supply Co.",Shop OEM-spec rubber tracks and undercarriage for the CAT 305.5E2.,generated_default,review,import_seo_via_matrixify_or_generate-model-seo-csv
caterpillar-305-5e2-cr,/pages/fitment/caterpillar-305-5e2-cr,"CAT 305.5E2 CR Rubber Tracks, Parts & Attachments | Heavy Iron Supply Co.",Shop OEM-spec rubber tracks and undercarriage for the CAT 305.5E2 CR.,generated_default,review,import_seo_via_matrixify_or_generate-model-seo-csv
caterpillar-305c,/pages/fitment/caterpillar-305c,"CAT 305C Rubber Tracks, Parts & Attachments | Heavy Iron Supply Co.",Shop OEM-spec rubber tracks and undercarriage for the CAT 305C.,generated_default,review,import_seo_via_matrixify_or_generate-model-seo-csv
caterpillar-305c-cr,/pages/fitment/caterpillar-305c-cr,"CAT 305C CR Rubber Tracks, Parts & Attachments | Heavy Iron Supply Co.",Shop OEM-spec rubber tracks and undercarriage for the CAT 305C CR.,generated_default,review,import_seo_via_matrixify_or_generate-model-seo-csv
caterpillar-305d,/pages/fitment/caterpillar-305d,"CAT 305D Rubber Tracks, Parts & Attachments | Heavy Iron Supply Co.",Shop OEM-spec rubber tracks and undercarriage for the CAT 305D.,generated_default,review,import_seo_via_matrixify_or_generate-model-seo-csv
caterpillar-305dcr,/pages/fitment/caterpillar-305dcr,"CAT 305DCR Rubber Tracks, Parts & Attachments | Heavy Iron Supply Co.",Shop OEM-spec rubber tracks and undercarriage for the CAT 305DCR.,generated_default,review,import_seo_via_matrixify_or_generate-model-seo-csv
caterpillar-305e,/pages/fitment/caterpillar-305e,"CAT 305E Rubber Tracks, Parts & Attachments | Heavy Iron Supply Co.",Shop OEM-spec rubber tracks and undercarriage for the CAT 305E.,generated_default,review,import_seo_via_matrixify_or_generate-model-seo-csv
caterpillar-305e-cr,/pages/fitment/caterpillar-305e-cr,"CAT 305E CR Rubber Tracks, Parts & Attachments | Heavy Iron Supply Co.",Shop OEM-spec rubber tracks and undercarriage for the CAT 305E CR.,generated_default,review,import_seo_via_matrixify_or_generate-model-seo-csv
caterpillar-305e2,/pages/fitment/caterpillar-305e2,"CAT 305E2 Rubber Tracks, Parts & Attachments | Heavy Iron Supply Co.",Shop OEM-spec rubber tracks and undercarriage for the CAT 305E2.,generated_default,review,import_seo_via_matrixify_or_generate-model-seo-csv
caterpillar-305e2-cr,/pages/fitment/caterpillar-305e2-cr,"CAT 305E2 CR Rubber Tracks, Parts & Attachments | Heavy Iron Supply Co.",Shop OEM-spec rubber tracks and undercarriage for the CAT 305E2 CR.,generated_default,review,import_seo_via_matrixify_or_generate-model-seo-csv
caterpillar-306,/pages/fitment/caterpillar-306,"CAT 306 Rubber Tracks, Parts & Attachments | Heavy Iron Supply Co.",Shop OEM-spec rubber tracks and undercarriage for the CAT 306.,generated_default,review,import_seo_via_matrixify_or_generate-model-seo-csv
caterpillar-306-cr,/pages/fitment/caterpillar-306-cr,"CAT 306 CR Rubber Tracks, Parts & Attachments | Heavy Iron Supply Co.",Shop OEM-spec rubber tracks and undercarriage for the CAT 306 CR.,generated_default,review,import_seo_via_matrixify_or_generate-model-seo-csv
caterpillar-308cr,/pages/fitment/caterpillar-308cr,"CAT 308 CR Rubber Tracks, Parts & Attachments | Heavy Iron Supply Co.",Shop OEM-spec rubber tracks and undercarriage for the CAT 308 CR.,generated_default,review,import_seo_via_matrixify_or_generate-model-seo-csv
caterpillar-308b,/pages/fitment/caterpillar-308b,"CAT 308B Rubber Tracks, Parts & Attachments | Heavy Iron Supply Co.",Shop OEM-spec rubber tracks and undercarriage for the CAT 308B.,generated_default,review,import_seo_via_matrixify_or_generate-model-seo-csv
caterpillar-308ccr,/pages/fitment/caterpillar-308ccr,"CAT 308C CR Rubber Tracks, Parts & Attachments | Heavy Iron Supply Co.",Shop OEM-spec rubber tracks and undercarriage for the CAT 308C CR.,generated_default,review,import_seo_via_matrixify_or_generate-model-seo-csv
caterpillar-308c-sr,/pages/fitment/caterpillar-308c-sr,"CAT 308C SR Rubber Tracks, Parts & Attachments | Heavy Iron Supply Co.",Shop OEM-spec rubber tracks and undercarriage for the CAT 308C SR.,generated_default,review,import_seo_via_matrixify_or_generate-model-seo-csv
caterpillar-308d-cr,/pages/fitment/caterpillar-308d-cr,"CAT 308DCR Rubber Tracks, Parts & Attachments | Heavy Iron Supply Co.",Shop OEM-spec rubber tracks and undercarriage for the CAT 308DCR.,generated_default,review,import_seo_via_matrixify_or_generate-model-seo-csv
caterpillar-308e,/pages/fitment/caterpillar-308e,"CAT 308E Rubber Tracks, Parts & Attachments | Heavy Iron Supply Co.",Shop OEM-spec rubber tracks and undercarriage for the CAT 308E.,generated_default,review,import_seo_via_matrixify_or_generate-model-seo-csv
caterpillar-308e-cr,/pages/fitment/caterpillar-308e-cr,"CAT 308E CR Rubber Tracks, Parts & Attachments | Heavy Iron Supply Co.",Shop OEM-spec rubber tracks and undercarriage for the CAT 308E CR.,generated_default,review,import_seo_via_matrixify_or_generate-model-seo-csv
caterpillar-308e2-cr,/pages/fitment/caterpillar-308e2-cr,"CAT 308E2 CR Rubber Tracks, Parts & Attachments | Heavy Iron Supply Co.",Shop OEM-spec rubber tracks and undercarriage for the CAT 308E2 CR.,generated_default,review,import_seo_via_matrixify_or_generate-model-seo-csv
caterpillar-mm15t,/pages/fitment/caterpillar-mm15t,"CAT MM15T Rubber Tracks, Parts & Attachments | Heavy Iron Supply Co.",Shop OEM-spec rubber tracks and undercarriage for the CAT MM15T.,generated_default,review,import_seo_via_matrixify_or_generate-model-seo-csv
cormidi-c85,/pages/fitment/cormidi-c85,"Cormidi C85 Rubber Tracks, Parts & Attachments | Heavy Iron Supply Co.",Shop OEM-spec rubber tracks and undercarriage for the Cormidi C85.,generated_default,review,import_seo_via_matrixify_or_generate-model-seo-csv
daewoo-ah-30,/pages/fitment/daewoo-ah-30,"Daewoo AH30 Rubber Tracks, Parts & Attachments | Heavy Iron Supply Co.",Shop OEM-spec rubber tracks and undercarriage for the Daewoo AH30.,generated_default,review,import_seo_via_matrixify_or_generate-model-seo-csv
daewoo-sl-035,/pages/fitment/daewoo-sl-035,"Daewoo SL035 Rubber Tracks, Parts & Attachments | Heavy Iron Supply Co.",Shop OEM-spec rubber tracks and undercarriage for the Daewoo SL035.,generated_default,review,import_seo_via_matrixify_or_generate-model-seo-csv
daewoo-solar-018vt,/pages/fitment/daewoo-solar-018vt,"Daewoo SOLAR-018VT Rubber Tracks, Parts & Attachments | Heavy Iron Supply Co.",Shop OEM-spec rubber tracks and undercarriage for the Daewoo SOLAR-018VT.,generated_default,review,import_seo_via_matrixify_or_generate-model-seo-csv
daewoo-solar-007,/pages/fitment/daewoo-solar-007,"Daewoo SOLAR007 Rubber Tracks, Parts & Attachments | Heavy Iron Supply Co.",Shop OEM-spec rubber tracks and undercarriage for the Daewoo SOLAR007.,generated_default,review,import_seo_via_matrixify_or_generate-model-seo-csv
daewoo-solar-010,/pages/fitment/daewoo-solar-010,"Daewoo SOLAR010 Rubber Tracks, Parts & Attachments | Heavy Iron Supply Co.",Shop OEM-spec rubber tracks and undercarriage for the Daewoo SOLAR010.,generated_default,review,import_seo_via_matrixify_or_generate-model-seo-csv
daewoo-solar-030,/pages/fitment/daewoo-solar-030,"Daewoo SOLAR030 Rubber Tracks, Parts & Attachments | Heavy Iron Supply Co.",Shop OEM-spec rubber tracks and undercarriage for the Daewoo SOLAR030.,generated_default,review,import_seo_via_matrixify_or_generate-model-seo-csv
daewoo-solar-035,/pages/fitment/daewoo-solar-035,"Daewoo SOLAR035 Rubber Tracks, Parts & Attachments | Heavy Iron Supply Co.",Shop OEM-spec rubber tracks and undercarriage for the Daewoo SOLAR035.,generated_default,review,import_seo_via_matrixify_or_generate-model-seo-csv
daewoo-solar-10,/pages/fitment/daewoo-solar-10,"Daewoo SOLAR10 Rubber Tracks, Parts & Attachments | Heavy Iron Supply Co.",Shop OEM-spec rubber tracks and undercarriage for the Daewoo SOLAR10.,generated_default,review,import_seo_via_matrixify_or_generate-model-seo-csv
daewoo-solar-25,/pages/fitment/daewoo-solar-25,"Daewoo SOLAR25 Rubber Tracks, Parts & Attachments | Heavy Iron Supply Co.",Shop OEM-spec rubber tracks and undercarriage for the Daewoo SOLAR25.,generated_default,review,import_seo_via_matrixify_or_generate-model-seo-csv
daewoo-solar-35,/pages/fitment/daewoo-solar-35,"Daewoo SOLAR35 Rubber Tracks, Parts & Attachments | Heavy Iron Supply Co.",Shop OEM-spec rubber tracks and undercarriage for the Daewoo SOLAR35.,generated_default,review,import_seo_via_matrixify_or_generate-model-seo-csv
daewoo-solar-55,/pages/fitment/daewoo-solar-55,"Daewoo SOLAR55 Rubber Tracks, Parts & Attachments | Heavy Iron Supply Co.",Shop OEM-spec rubber tracks and undercarriage for the Daewoo SOLAR55.,generated_default,review,import_seo_via_matrixify_or_generate-model-seo-csv
daewoo-solar-55-3,/pages/fitment/daewoo-solar-55-3,"Daewoo SOLAR553 Rubber Tracks, Parts & Attachments | Heavy Iron Supply Co.",Shop OEM-spec rubber tracks and undercarriage for the Daewoo SOLAR553.,generated_default,review,import_seo_via_matrixify_or_generate-model-seo-csv
daewoo-solar-55-5,/pages/fitment/daewoo-solar-55-5,"Daewoo SOLAR555 Rubber Tracks, Parts & Attachments | Heavy Iron Supply Co.",Shop OEM-spec rubber tracks and undercarriage for the Daewoo SOLAR555.,generated_default,review,import_seo_via_matrixify_or_generate-model-seo-csv
daewoo-solar-55-v,/pages/fitment/daewoo-solar-55-v,"Daewoo SOLAR55V Rubber Tracks, Parts & Attachments | Heavy Iron Supply Co.",Shop OEM-spec rubber tracks and undercarriage for the Daewoo SOLAR55V.,generated_default,review,import_seo_via_matrixify_or_generate-model-seo-csv
ditch-witch-ht-25-trencher,/pages/fitment/ditch-witch-ht-25-trencher,"Ditch Witch HT 25 Rubber Tracks, Parts & Attachments | Heavy Iron Supply Co.",Shop OEM-spec rubber tracks and undercarriage for the Ditch Witch HT 25.,generated_default,review,import_seo_via_matrixify_or_generate-model-seo-csv
ditch-witch-ht-25k-saw-machine,/pages/fitment/ditch-witch-ht-25k-saw-machine,"Ditch Witch HT 25K Rubber Tracks, Parts & Attachments | Heavy Iron Supply Co.",Shop OEM-spec rubber tracks and undercarriage for the Ditch Witch HT 25K.,generated_default,review,import_seo_via_matrixify_or_generate-model-seo-csv
ditch-witch-jt-1200-drilling-machine,/pages/fitment/ditch-witch-jt-1200-drilling-machine,"Ditch Witch JT 1200 Rubber Tracks, Parts & Attachments | Heavy Iron Supply Co.",Shop OEM-spec rubber tracks and undercarriage for the Ditch Witch JT 1200.,generated_default,review,import_seo_via_matrixify_or_generate-model-seo-csv
ditch-witch-jt-1220-mach-1-drilling-machine,/pages/fitment/ditch-witch-jt-1220-mach-1-drilling-machine,"Ditch Witch JT 1220 Rubber Tracks, Parts & Attachments | Heavy Iron Supply Co.",Shop OEM-spec rubber tracks and undercarriage for the Ditch Witch JT 1220.,generated_default,review,import_seo_via_matrixify_or_generate-model-seo-csv
ditch-witch-jt-1720-drilling-machine,/pages/fitment/ditch-witch-jt-1720-drilling-machine,"Ditch Witch JT 1720 Rubber Tracks, Parts & Attachments | Heavy Iron Supply Co.",Shop OEM-spec rubber tracks and undercarriage for the Ditch Witch JT 1720.,generated_default,review,import_seo_via_matrixify_or_generate-model-seo-csv
ditch-witch-jt-20-drilling-machine,/pages/fitment/ditch-witch-jt-20-drilling-machine,"Ditch Witch JT 20 Rubber Tracks, Parts & Attachments | Heavy Iron Supply Co.",Shop OEM-spec rubber tracks and undercarriage for the Ditch Witch JT 20.,generated_default,review,import_seo_via_matrixify_or_generate-model-seo-csv
ditch-witch-jt-2020-mach-1,/pages/fitment/ditch-witch-jt-2020-mach-1,"Ditch Witch JT 2020 Rubber Tracks, Parts & Attachments | Heavy Iron Supply Co.",Shop OEM-spec rubber tracks and undercarriage for the Ditch Witch JT 2020.,generated_default,review,import_seo_via_matrixify_or_generate-model-seo-csv
ditch-witch-jt-2320-drilling-machine,/pages/fitment/ditch-witch-jt-2320-drilling-machine,"Ditch Witch JT 2320 Rubber Tracks, Parts & Attachments | Heavy Iron Supply Co.",Shop OEM-spec rubber tracks and undercarriage for the Ditch Witch JT 2320.,generated_default,review,import_seo_via_matrixify_or_generate-model-seo-csv
ditch-witch-jt-2321-drilling-machine,/pages/fitment/ditch-witch-jt-2321-drilling-machine,"Ditch Witch JT 2321 Rubber Tracks, Parts & Attachments | Heavy Iron Supply Co.",Shop OEM-spec rubber tracks and undercarriage for the Ditch Witch JT 2321.,generated_default,review,import_seo_via_matrixify_or_generate-model-seo-csv
ditch-witch-jt-2511-drilling-machine,/pages/fitment/ditch-witch-jt-2511-drilling-machine,"Ditch Witch JT 2511 Rubber Tracks, Parts & Attachments | Heavy Iron Supply Co.",Shop OEM-spec rubber tracks and undercarriage for the Ditch Witch JT 2511.,generated_default,review,import_seo_via_matrixify_or_generate-model-seo-csv
ditch-witch-jt-30-drilling-machine,/pages/fitment/ditch-witch-jt-30-drilling-machine,"Ditch Witch JT 30 Rubber Tracks, Parts & Attachments | Heavy Iron Supply Co.",Shop OEM-spec rubber tracks and undercarriage for the Ditch Witch JT 30.,generated_default,review,import_seo_via_matrixify_or_generate-model-seo-csv
ditch-witch-jt-40-drilling-machine,/pages/fitment/ditch-witch-jt-40-drilling-machine,"Ditch Witch JT 40 Rubber Tracks, Parts & Attachments | Heavy Iron Supply Co.",Shop OEM-spec rubber tracks and undercarriage for the Ditch Witch JT 40.,generated_default,review,import_seo_via_matrixify_or_generate-model-seo-csv
ditch-witch-jt-5,/pages/fitment/ditch-witch-jt-5,"Ditch Witch JT 5 Rubber Tracks, Parts & Attachments | Heavy Iron Supply Co.",Shop OEM-spec rubber tracks and undercarriage for the Ditch Witch JT 5.,generated_default,review,import_seo_via_matrixify_or_generate-model-seo-csv
ditch-witch-jt-520,/pages/fitment/ditch-witch-jt-520,"Ditch Witch JT 520 Rubber Tracks, Parts & Attachments | Heavy Iron Supply Co.",Shop OEM-spec rubber tracks and undercarriage for the Ditch Witch JT 520.,generated_default,review,import_seo_via_matrixify_or_generate-model-seo-csv
ditch-witch-jt-2520-drilling-machine,/pages/fitment/ditch-witch-jt-2520-drilling-machine,"Ditch Witch JT2520 Rubber Tracks, Parts & Attachments | Heavy Iron Supply Co.",Shop OEM-spec rubber tracks and undercarriage for the Ditch Witch JT2520.,generated_default,review,import_seo_via_matrixify_or_generate-model-seo-csv
ditch-witch-jt-2720-mach-1-drilling-machine,/pages/fitment/ditch-witch-jt-2720-mach-1-drilling-machine,"Ditch Witch JT2720 Rubber Tracks, Parts & Attachments | Heavy Iron Supply Co.",Shop OEM-spec rubber tracks and undercarriage for the Ditch Witch JT2720.,generated_default,review,import_seo_via_matrixify_or_generate-model-seo-csv
ditch-witch-jt-860-drilling-machine,/pages/fitment/ditch-witch-jt-860-drilling-machine,"Ditch Witch JT860 Rubber Tracks, Parts & Attachments | Heavy Iron Supply Co.",Shop OEM-spec rubber tracks and undercarriage for the Ditch Witch JT860.,generated_default,review,import_seo_via_matrixify_or_generate-model-seo-csv
ditch-witch-jt-922,/pages/fitment/ditch-witch-jt-922,"Ditch Witch JT922 Rubber Tracks, Parts & Attachments | Heavy Iron Supply Co.",Shop OEM-spec rubber tracks and undercarriage for the Ditch Witch JT922.,generated_default,review,import_seo_via_matrixify_or_generate-model-seo-csv
ditch-witch-mx27,/pages/fitment/ditch-witch-mx27,"Ditch Witch MX 27 Rubber Tracks, Parts & Attachments | Heavy Iron Supply Co.",Shop OEM-spec rubber tracks and undercarriage for the Ditch Witch MX 27.,generated_default,review,import_seo_via_matrixify_or_generate-model-seo-csv
ditch-witch-mx272,/pages/fitment/ditch-witch-mx272,"Ditch Witch MX 272 Rubber Tracks, Parts & Attachments | Heavy Iron Supply Co.",Shop OEM-spec rubber tracks and undercarriage for the Ditch Witch MX 272.,generated_default,review,import_seo_via_matrixify_or_generate-model-seo-csv
ditch-witch-mx35,/pages/fitment/ditch-witch-mx35,"Ditch Witch MX 35 Rubber Tracks, Parts & Attachments | Heavy Iron Supply Co.",Shop OEM-spec rubber tracks and undercarriage for the Ditch Witch MX 35.,generated_default,review,import_seo_via_matrixify_or_generate-model-seo-csv
ditch-witch-mx352,/pages/fitment/ditch-witch-mx352,"Ditch Witch MX-352 Rubber Tracks, Parts & Attachments | Heavy Iron Supply Co.",Shop OEM-spec rubber tracks and undercarriage for the Ditch Witch MX-352.,generated_default,review,import_seo_via_matrixify_or_generate-model-seo-csv
ditch-witch-mx182,/pages/fitment/ditch-witch-mx182,"Ditch Witch MX182 Rubber Tracks, Parts & Attachments | Heavy Iron Supply Co.",Shop OEM-spec rubber tracks and undercarriage for the Ditch Witch MX182.,generated_default,review,import_seo_via_matrixify_or_generate-model-seo-csv
ditch-witch-sk1050,/pages/fitment/ditch-witch-sk1050,"Ditch Witch SK1050 Rubber Tracks, Parts & Attachments | Heavy Iron Supply Co.",Shop OEM-spec rubber tracks and undercarriage for the Ditch Witch SK1050.,generated_default,review,import_seo_via_matrixify_or_generate-model-seo-csv
ditch-witch-sk-1550,/pages/fitment/ditch-witch-sk-1550,"Ditch Witch SK1550 Rubber Tracks, Parts & Attachments | Heavy Iron Supply Co.",Shop OEM-spec rubber tracks and undercarriage for the Ditch Witch SK1550.,generated_default,review,import_seo_via_matrixify_or_generate-model-seo-csv
ditch-witch-sk500,/pages/fitment/ditch-witch-sk500,"Ditch Witch SK500 Rubber Tracks, Parts & Attachments | Heavy Iron Supply Co.",Shop OEM-spec rubber tracks and undercarriage for the Ditch Witch SK500.,generated_default,review,import_seo_via_matrixify_or_generate-model-seo-csv
ditch-witch-sk-600,/pages/fitment/ditch-witch-sk-600,"Ditch Witch SK600 Rubber Tracks, Parts & Attachments | Heavy Iron Supply Co.",Shop OEM-spec rubber tracks and undercarriage for the Ditch Witch SK600.,generated_default,review,import_seo_via_matrixify_or_generate-model-seo-csv
ditch-witch-sk-650,/pages/fitment/ditch-witch-sk-650,"Ditch Witch SK650 Rubber Tracks, Parts & Attachments | Heavy Iron Supply Co.",Shop OEM-spec rubber tracks and undercarriage for the Ditch Witch SK650.,generated_default,review,import_seo_via_matrixify_or_generate-model-seo-csv
ditch-witch-sk750,/pages/fitment/ditch-witch-sk750,"Ditch Witch SK750 Rubber Tracks, Parts & Attachments | Heavy Iron Supply Co.",Shop OEM-spec rubber tracks and undercarriage for the Ditch Witch SK750.,generated_default,review,import_seo_via_matrixify_or_generate-model-seo-csv
ditch-witch-sk752,/pages/fitment/ditch-witch-sk752,"Ditch Witch SK752 Rubber Tracks, Parts & Attachments | Heavy Iron Supply Co.",Shop OEM-spec rubber tracks and undercarriage for the Ditch Witch SK752.,generated_default,review,import_seo_via_matrixify_or_generate-model-seo-csv
ditch-witch-sk755,/pages/fitment/ditch-witch-sk755,"Ditch Witch SK755 Rubber Tracks, Parts & Attachments | Heavy Iron Supply Co.",Shop OEM-spec rubber tracks and undercarriage for the Ditch Witch SK755.,generated_default,review,import_seo_via_matrixify_or_generate-model-seo-csv
ditch-witch-sk800,/pages/fitment/ditch-witch-sk800,"Ditch Witch SK800 Rubber Tracks, Parts & Attachments | Heavy Iron Supply Co.",Shop OEM-spec rubber tracks and undercarriage for the Ditch Witch SK800.,generated_default,review,import_seo_via_matrixify_or_generate-model-seo-csv
ditch-witch-sk850,/pages/fitment/ditch-witch-sk850,"Ditch Witch SK850 Rubber Tracks, Parts & Attachments | Heavy Iron Supply Co.",Shop OEM-spec rubber tracks and undercarriage for the Ditch Witch SK850.,generated_default,review,import_seo_via_matrixify_or_generate-model-seo-csv
ditch-witch-sk900,/pages/fitment/ditch-witch-sk900,"Ditch Witch SK900 Rubber Tracks, Parts & Attachments | Heavy Iron Supply Co.",Shop OEM-spec rubber tracks and undercarriage for the Ditch Witch SK900.,generated_default,review,import_seo_via_matrixify_or_generate-model-seo-csv
doosan-dx27z,/pages/fitment/doosan-dx27z,"Doosan DX27Z Rubber Tracks, Parts & Attachments | Heavy Iron Supply Co.",Shop OEM-spec rubber tracks and undercarriage for the Doosan DX27Z.,generated_default,review,import_seo_via_matrixify_or_generate-model-seo-csv
doosan-dx30z,/pages/fitment/doosan-dx30z,"Doosan DX30Z Rubber Tracks, Parts & Attachments | Heavy Iron Supply Co.",Shop OEM-spec rubber tracks and undercarriage for the Doosan DX30Z.,generated_default,review,import_seo_via_matrixify_or_generate-model-seo-csv
doosan-dx35,/pages/fitment/doosan-dx35,"Doosan DX35 Rubber Tracks, Parts & Attachments | Heavy Iron Supply Co.",Shop OEM-spec rubber tracks and undercarriage for the Doosan DX35.,generated_default,review,import_seo_via_matrixify_or_generate-model-seo-csv
doosan-dx35-z7,/pages/fitment/doosan-dx35-z7,"Doosan DX35-Z7 Rubber Tracks, Parts & Attachments | Heavy Iron Supply Co.",Shop OEM-spec rubber tracks and undercarriage for the Doosan DX35-Z7.,generated_default,review,import_seo_via_matrixify_or_generate-model-seo-csv
doosan-dx35-5,/pages/fitment/doosan-dx35-5,"Doosan DX355 Rubber Tracks, Parts & Attachments | Heavy Iron Supply Co.",Shop OEM-spec rubber tracks and undercarriage for the Doosan DX355.,generated_default,review,import_seo_via_matrixify_or_generate-model-seo-csv
doosan-dx35z,/pages/fitment/doosan-dx35z,"Doosan DX35Z Rubber Tracks, Parts & Attachments | Heavy Iron Supply Co.",Shop OEM-spec rubber tracks and undercarriage for the Doosan DX35Z.,generated_default,review,import_seo_via_matrixify_or_generate-model-seo-csv
doosan-dx50k-5,/pages/fitment/doosan-dx50k-5,"Doosan DX50K5 Rubber Tracks, Parts & Attachments | Heavy Iron Supply Co.",Shop OEM-spec rubber tracks and undercarriage for the Doosan DX50K5.,generated_default,review,import_seo_via_matrixify_or_generate-model-seo-csv
doosan-dx55,/pages/fitment/doosan-dx55,"Doosan DX55 Rubber Tracks, Parts & Attachments | Heavy Iron Supply Co.",Shop OEM-spec rubber tracks and undercarriage for the Doosan DX55.,generated_default,review,import_seo_via_matrixify_or_generate-model-seo-csv
doosan-dx-55z,/pages/fitment/doosan-dx-55z,"Doosan DX55Z Rubber Tracks, Parts & Attachments | Heavy Iron Supply Co.",Shop OEM-spec rubber tracks and undercarriage for the Doosan DX55Z.,generated_default,review,import_seo_via_matrixify_or_generate-model-seo-csv
doosan-dx60r,/pages/fitment/doosan-dx60r,"Doosan DX60R Rubber Tracks, Parts & Attachments | Heavy Iron Supply Co.",Shop OEM-spec rubber tracks and undercarriage for the Doosan DX60R.,generated_default,review,import_seo_via_matrixify_or_generate-model-seo-csv
doosan-dx62r-3,/pages/fitment/doosan-dx62r-3,"Doosan DX62R3 Rubber Tracks, Parts & Attachments | Heavy Iron Supply Co.",Shop OEM-spec rubber tracks and undercarriage for the Doosan DX62R3.,generated_default,review,import_seo_via_matrixify_or_generate-model-seo-csv
doosan-dx63-3,/pages/fitment/doosan-dx63-3,"Doosan DX633 Rubber Tracks, Parts & Attachments | Heavy Iron Supply Co.",Shop OEM-spec rubber tracks and undercarriage for the Doosan DX633.,generated_default,review,import_seo_via_matrixify_or_generate-model-seo-csv
doosan-dx80r,/pages/fitment/doosan-dx80r,"Doosan DX80R Rubber Tracks, Parts & Attachments | Heavy Iron Supply Co.",Shop OEM-spec rubber tracks and undercarriage for the Doosan DX80R.,generated_default,review,import_seo_via_matrixify_or_generate-model-seo-csv
doosan-dx85r,/pages/fitment/doosan-dx85r,"Doosan DX85R Rubber Tracks, Parts & Attachments | Heavy Iron Supply Co.",Shop OEM-spec rubber tracks and undercarriage for the Doosan DX85R.,generated_default,review,import_seo_via_matrixify_or_generate-model-seo-csv
doosan-dx85r-3,/pages/fitment/doosan-dx85r-3,"Doosan DX85R3 Rubber Tracks, Parts & Attachments | Heavy Iron Supply Co.",Shop OEM-spec rubber tracks and undercarriage for the Doosan DX85R3.,generated_default,review,import_seo_via_matrixify_or_generate-model-seo-csv
doosan-s55,/pages/fitment/doosan-s55,"Doosan S55 Rubber Tracks, Parts & Attachments | Heavy Iron Supply Co.",Shop OEM-spec rubber tracks and undercarriage for the Doosan S55.,generated_default,review,import_seo_via_matrixify_or_generate-model-seo-csv
gehl-303,/pages/fitment/gehl-303,"Gehl 303 Rubber Tracks, Parts & Attachments | Heavy Iron Supply Co.",Shop OEM-spec rubber tracks and undercarriage for the Gehl 303.,generated_default,review,import_seo_via_matrixify_or_generate-model-seo-csv
gehl-502,/pages/fitment/gehl-502,"Gehl 502 Rubber Tracks, Parts & Attachments | Heavy Iron Supply Co.",Shop OEM-spec rubber tracks and undercarriage for the Gehl 502.,generated_default,review,import_seo_via_matrixify_or_generate-model-seo-csv
gehl-503z,/pages/fitment/gehl-503z,"Gehl 503Z Rubber Tracks, Parts & Attachments | Heavy Iron Supply Co.",Shop OEM-spec rubber tracks and undercarriage for the Gehl 503Z.,generated_default,review,import_seo_via_matrixify_or_generate-model-seo-csv
gehl-603,/pages/fitment/gehl-603,"Gehl 603 Rubber Tracks, Parts & Attachments | Heavy Iron Supply Co.",Shop OEM-spec rubber tracks and undercarriage for the Gehl 603.,generated_default,review,import_seo_via_matrixify_or_generate-model-seo-csv
gehl-ctl135,/pages/fitment/gehl-ctl135,"Gehl CTL135 Rubber Tracks, Parts & Attachments | Heavy Iron Supply Co.",Shop OEM-spec rubber tracks and undercarriage for the Gehl CTL135.,generated_default,review,import_seo_via_matrixify_or_generate-model-seo-csv
gehl-ctl165,/pages/fitment/gehl-ctl165,"Gehl CTL165 Rubber Tracks, Parts & Attachments | Heavy Iron Supply Co.",Shop OEM-spec rubber tracks and undercarriage for the Gehl CTL165.,generated_default,review,import_seo_via_matrixify_or_generate-model-seo-csv
gehl-ctl55,/pages/fitment/gehl-ctl55,"Gehl CTL55 Rubber Tracks, Parts & Attachments | Heavy Iron Supply Co.",Shop OEM-spec rubber tracks and undercarriage for the Gehl CTL55.,generated_default,review,import_seo_via_matrixify_or_generate-model-seo-csv
gehl-ctl60,/pages/fitment/gehl-ctl60,"Gehl CTL60 Rubber Tracks, Parts & Attachments | Heavy Iron Supply Co.",Shop OEM-spec rubber tracks and undercarriage for the Gehl CTL60.,generated_default,review,import_seo_via_matrixify_or_generate-model-seo-csv
gehl-ctl65,/pages/fitment/gehl-ctl65,"Gehl CTL65 Rubber Tracks, Parts & Attachments | Heavy Iron Supply Co.",Shop OEM-spec rubber tracks and undercarriage for the Gehl CTL65.,generated_default,review,import_seo_via_matrixify_or_generate-model-seo-csv
gehl-ctl70,/pages/fitment/gehl-ctl70,"Gehl CTL70 Rubber Tracks, Parts & Attachments | Heavy Iron Supply Co.",Shop OEM-spec rubber tracks and undercarriage for the Gehl CTL70.,generated_default,review,import_seo_via_matrixify_or_generate-model-seo-csv
gehl-ctl75,/pages/fitment/gehl-ctl75,"Gehl CTL75 Rubber Tracks, Parts & Attachments | Heavy Iron Supply Co.",Shop OEM-spec rubber tracks and undercarriage for the Gehl CTL75.,generated_default,review,import_seo_via_matrixify_or_generate-model-seo-csv
gehl-ctl80,/pages/fitment/gehl-ctl80,"Gehl CTL80 Rubber Tracks, Parts & Attachments | Heavy Iron Supply Co.",Shop OEM-spec rubber tracks and undercarriage for the Gehl CTL80.,generated_default,review,import_seo_via_matrixify_or_generate-model-seo-csv
gehl-ctl85,/pages/fitment/gehl-ctl85,"Gehl CTL85 Rubber Tracks, Parts & Attachments | Heavy Iron Supply Co.",Shop OEM-spec rubber tracks and undercarriage for the Gehl CTL85.,generated_default,review,import_seo_via_matrixify_or_generate-model-seo-csv
gehl-ge303,/pages/fitment/gehl-ge303,"Gehl GE303 Rubber Tracks, Parts & Attachments | Heavy Iron Supply Co.",Shop OEM-spec rubber tracks and undercarriage for the Gehl GE303.,generated_default,review,import_seo_via_matrixify_or_generate-model-seo-csv
gehl-ge342,/pages/fitment/gehl-ge342,"Gehl GE342 Rubber Tracks, Parts & Attachments | Heavy Iron Supply Co.",Shop OEM-spec rubber tracks and undercarriage for the Gehl GE342.,generated_default,review,import_seo_via_matrixify_or_generate-model-seo-csv
gehl-ge362,/pages/fitment/gehl-ge362,"Gehl GE362 Rubber Tracks, Parts & Attachments | Heavy Iron Supply Co.",Shop OEM-spec rubber tracks and undercarriage for the Gehl GE362.,generated_default,review,import_seo_via_matrixify_or_generate-model-seo-csv
gehl-ge502,/pages/fitment/gehl-ge502,"Gehl GE502 Rubber Tracks, Parts & Attachments | Heavy Iron Supply Co.",Shop OEM-spec rubber tracks and undercarriage for the Gehl GE502.,generated_default,review,import_seo_via_matrixify_or_generate-model-seo-csv
gehl-ge503,/pages/fitment/gehl-ge503,"Gehl GE503 Rubber Tracks, Parts & Attachments | Heavy Iron Supply Co.",Shop OEM-spec rubber tracks and undercarriage for the Gehl GE503.,generated_default,review,import_seo_via_matrixify_or_generate-model-seo-csv
gehl-ge602,/pages/fitment/gehl-ge602,"Gehl GE602 Rubber Tracks, Parts & Attachments | Heavy Iron Supply Co.",Shop OEM-spec rubber tracks and undercarriage for the Gehl GE602.,generated_default,review,import_seo_via_matrixify_or_generate-model-seo-csv
gehl-mb28,/pages/fitment/gehl-mb28,"Gehl MB28 Rubber Tracks, Parts & Attachments | Heavy Iron Supply Co.",Shop OEM-spec rubber tracks and undercarriage for the Gehl MB28.,generated_default,review,import_seo_via_matrixify_or_generate-model-seo-csv
equipment-model-6awxkbkh,/pages/fitment/equipment-model-6awxkbkh,"Gehl RT105 Rubber Tracks, Parts & Attachments | Heavy Iron Supply Co.",Shop OEM-spec rubber tracks and undercarriage for the Gehl RT105.,generated_default,review,import_seo_via_matrixify_or_generate-model-seo-csv
gehl-rt135,/pages/fitment/gehl-rt135,"Gehl RT135 Rubber Tracks, Parts & Attachments | Heavy Iron Supply Co.",Shop OEM-spec rubber tracks and undercarriage for the Gehl RT135.,generated_default,review,import_seo_via_matrixify_or_generate-model-seo-csv
gehl-rt165,/pages/fitment/gehl-rt165,"Gehl RT165 Rubber Tracks, Parts & Attachments | Heavy Iron Supply Co.",Shop OEM-spec rubber tracks and undercarriage for the Gehl RT165.,generated_default,review,import_seo_via_matrixify_or_generate-model-seo-csv
gehl-rt210,/pages/fitment/gehl-rt210,"Gehl RT210 Rubber Tracks, Parts & Attachments | Heavy Iron Supply Co.",Shop OEM-spec rubber tracks and undercarriage for the Gehl RT210.,generated_default,review,import_seo_via_matrixify_or_generate-model-seo-csv
gehl-rt215,/pages/fitment/gehl-rt215,"Gehl RT215 Rubber Tracks, Parts & Attachments | Heavy Iron Supply Co.",Shop OEM-spec rubber tracks and undercarriage for the Gehl RT215.,generated_default,review,import_seo_via_matrixify_or_generate-model-seo-csv
gehl-rt250,/pages/fitment/gehl-rt250,"Gehl RT250 Rubber Tracks, Parts & Attachments | Heavy Iron Supply Co.",Shop OEM-spec rubber tracks and undercarriage for the Gehl RT250.,generated_default,review,import_seo_via_matrixify_or_generate-model-seo-csv
gehl-rt255,/pages/fitment/gehl-rt255,"Gehl RT255 Rubber Tracks, Parts & Attachments | Heavy Iron Supply Co.",Shop OEM-spec rubber tracks and undercarriage for the Gehl RT255.,generated_default,review,import_seo_via_matrixify_or_generate-model-seo-csv
gehl-vt210,/pages/fitment/gehl-vt210,"Gehl VT210 Rubber Tracks, Parts & Attachments | Heavy Iron Supply Co.",Shop OEM-spec rubber tracks and undercarriage for the Gehl VT210.,generated_default,review,import_seo_via_matrixify_or_generate-model-seo-csv
gehl-vt320,/pages/fitment/gehl-vt320,"Gehl VT320 Rubber Tracks, Parts & Attachments | Heavy Iron Supply Co.",Shop OEM-spec rubber tracks and undercarriage for the Gehl VT320.,generated_default,review,import_seo_via_matrixify_or_generate-model-seo-csv
hanix-h36b,/pages/fitment/hanix-h36b,"Hanix H36B Rubber Tracks, Parts & Attachments | Heavy Iron Supply Co.",Shop OEM-spec rubber tracks and undercarriage for the Hanix H36B.,generated_default,review,import_seo_via_matrixify_or_generate-model-seo-csv
hanix-h36c,/pages/fitment/hanix-h36c,"Hanix H36C Rubber Tracks, Parts & Attachments | Heavy Iron Supply Co.",Shop OEM-spec rubber tracks and undercarriage for the Hanix H36C.,generated_default,review,import_seo_via_matrixify_or_generate-model-seo-csv
hanix-h36cr,/pages/fitment/hanix-h36cr,"Hanix H36CR Rubber Tracks, Parts & Attachments | Heavy Iron Supply Co.",Shop OEM-spec rubber tracks and undercarriage for the Hanix H36CR.,generated_default,review,import_seo_via_matrixify_or_generate-model-seo-csv
hanix-h36r,/pages/fitment/hanix-h36r,"Hanix H36R Rubber Tracks, Parts & Attachments | Heavy Iron Supply Co.",Shop OEM-spec rubber tracks and undercarriage for the Hanix H36R.,generated_default,review,import_seo_via_matrixify_or_generate-model-seo-csv
hitachi-30u,/pages/fitment/hitachi-30u,"Hitachi 30U Rubber Tracks, Parts & Attachments | Heavy Iron Supply Co.",Shop OEM-spec rubber tracks and undercarriage for the Hitachi 30U.,generated_default,review,import_seo_via_matrixify_or_generate-model-seo-csv
hitachi-35u,/pages/fitment/hitachi-35u,"Hitachi 35U Rubber Tracks, Parts & Attachments | Heavy Iron Supply Co.",Shop OEM-spec rubber tracks and undercarriage for the Hitachi 35U.,generated_default,review,import_seo_via_matrixify_or_generate-model-seo-csv
hitachi-ex35u,/pages/fitment/hitachi-ex35u,"Hitachi EX-35-U Rubber Tracks, Parts & Attachments | Heavy Iron Supply Co.",Shop OEM-spec rubber tracks and undercarriage for the Hitachi EX-35-U.,generated_default,review,import_seo_via_matrixify_or_generate-model-seo-csv
hitachi-ex12,/pages/fitment/hitachi-ex12,"Hitachi EX12 Rubber Tracks, Parts & Attachments | Heavy Iron Supply Co.",Shop OEM-spec rubber tracks and undercarriage for the Hitachi EX12.,generated_default,review,import_seo_via_matrixify_or_generate-model-seo-csv
hitachi-ex12-1,/pages/fitment/hitachi-ex12-1,"Hitachi EX12-1 Rubber Tracks, Parts & Attachments | Heavy Iron Supply Co.",Shop OEM-spec rubber tracks and undercarriage for the Hitachi EX12-1.,generated_default,review,import_seo_via_matrixify_or_generate-model-seo-csv
hitachi-ex12-2,/pages/fitment/hitachi-ex12-2,"Hitachi EX12-2 Rubber Tracks, Parts & Attachments | Heavy Iron Supply Co.",Shop OEM-spec rubber tracks and undercarriage for the Hitachi EX12-2.,generated_default,review,import_seo_via_matrixify_or_generate-model-seo-csv
hitachi-ex15,/pages/fitment/hitachi-ex15,"Hitachi EX15 Rubber Tracks, Parts & Attachments | Heavy Iron Supply Co.",Shop OEM-spec rubber tracks and undercarriage for the Hitachi EX15.,generated_default,review,import_seo_via_matrixify_or_generate-model-seo-csv
hitachi-ex15-1,/pages/fitment/hitachi-ex15-1,"Hitachi EX15-1 Rubber Tracks, Parts & Attachments | Heavy Iron Supply Co.",Shop OEM-spec rubber tracks and undercarriage for the Hitachi EX15-1.,generated_default,review,import_seo_via_matrixify_or_generate-model-seo-csv
hitachi-ex15-2,/pages/fitment/hitachi-ex15-2,"Hitachi EX15-2 Rubber Tracks, Parts & Attachments | Heavy Iron Supply Co.",Shop OEM-spec rubber tracks and undercarriage for the Hitachi EX15-2.,generated_default,review,import_seo_via_matrixify_or_generate-model-seo-csv
hitachi-ex15u,/pages/fitment/hitachi-ex15u,"Hitachi EX15U Rubber Tracks, Parts & Attachments | Heavy Iron Supply Co.",Shop OEM-spec rubber tracks and undercarriage for the Hitachi EX15U.,generated_default,review,import_seo_via_matrixify_or_generate-model-seo-csv
hitachi-ex16,/pages/fitment/hitachi-ex16,"Hitachi EX16 Rubber Tracks, Parts & Attachments | Heavy Iron Supply Co.",Shop OEM-spec rubber tracks and undercarriage for the Hitachi EX16.,generated_default,review,import_seo_via_matrixify_or_generate-model-seo-csv
hitachi-ex17,/pages/fitment/hitachi-ex17,"Hitachi EX17 Rubber Tracks, Parts & Attachments | Heavy Iron Supply Co.",Shop OEM-spec rubber tracks and undercarriage for the Hitachi EX17.,generated_default,review,import_seo_via_matrixify_or_generate-model-seo-csv
hitachi-ex35,/pages/fitment/hitachi-ex35,"Hitachi EX35 Rubber Tracks, Parts & Attachments | Heavy Iron Supply Co.",Shop OEM-spec rubber tracks and undercarriage for the Hitachi EX35.,generated_default,review,import_seo_via_matrixify_or_generate-model-seo-csv
hitachi-ex35-1,/pages/fitment/hitachi-ex35-1,"Hitachi EX351 Rubber Tracks, Parts & Attachments | Heavy Iron Supply Co.",Shop OEM-spec rubber tracks and undercarriage for the Hitachi EX351.,generated_default,review,import_seo_via_matrixify_or_generate-model-seo-csv
hitachi-ex36u,/pages/fitment/hitachi-ex36u,"Hitachi EX36U Rubber Tracks, Parts & Attachments | Heavy Iron Supply Co.",Shop OEM-spec rubber tracks and undercarriage for the Hitachi EX36U.,generated_default,review,import_seo_via_matrixify_or_generate-model-seo-csv
hitachi-ex40ur,/pages/fitment/hitachi-ex40ur,"Hitachi EX40UR Rubber Tracks, Parts & Attachments | Heavy Iron Supply Co.",Shop OEM-spec rubber tracks and undercarriage for the Hitachi EX40UR.,generated_default,review,import_seo_via_matrixify_or_generate-model-seo-csv
hitachi-ex40ur-3,/pages/fitment/hitachi-ex40ur-3,"Hitachi EX40UR-3 Rubber Tracks, Parts & Attachments | Heavy Iron Supply Co.",Shop OEM-spec rubber tracks and undercarriage for the Hitachi EX40UR-3.,generated_default,review,import_seo_via_matrixify_or_generate-model-seo-csv
hitachi-ex50u,/pages/fitment/hitachi-ex50u,"Hitachi EX50U Rubber Tracks, Parts & Attachments | Heavy Iron Supply Co.",Shop OEM-spec rubber tracks and undercarriage for the Hitachi EX50U.,generated_default,review,import_seo_via_matrixify_or_generate-model-seo-csv
hitachi-ex58mu,/pages/fitment/hitachi-ex58mu,"Hitachi EX58MU Rubber Tracks, Parts & Attachments | Heavy Iron Supply Co.",Shop OEM-spec rubber tracks and undercarriage for the Hitachi EX58MU.,generated_default,review,import_seo_via_matrixify_or_generate-model-seo-csv
hitachi-sh15-2,/pages/fitment/hitachi-sh15-2,"Hitachi SH15-2 Rubber Tracks, Parts & Attachments | Heavy Iron Supply Co.",Shop OEM-spec rubber tracks and undercarriage for the Hitachi SH15-2.,generated_default,review,import_seo_via_matrixify_or_generate-model-seo-csv
hitachi-ue35,/pages/fitment/hitachi-ue35,"Hitachi UE35 Rubber Tracks, Parts & Attachments | Heavy Iron Supply Co.",Shop OEM-spec rubber tracks and undercarriage for the Hitachi UE35.,generated_default,review,import_seo_via_matrixify_or_generate-model-seo-csv
hitachi-zx14-3,/pages/fitment/hitachi-zx14-3,"Hitachi ZX14-3 Rubber Tracks, Parts & Attachments | Heavy Iron Supply Co.",Shop OEM-spec rubber tracks and undercarriage for the Hitachi ZX14-3.,generated_default,review,import_seo_via_matrixify_or_generate-model-seo-csv
hitachi-zx17u,/pages/fitment/hitachi-zx17u,"Hitachi ZX17U Rubber Tracks, Parts & Attachments | Heavy Iron Supply Co.",Shop OEM-spec rubber tracks and undercarriage for the Hitachi ZX17U.,generated_default,review,import_seo_via_matrixify_or_generate-model-seo-csv
hitachi-zx17u-2,/pages/fitment/hitachi-zx17u-2,"Hitachi ZX17U-2 Rubber Tracks, Parts & Attachments | Heavy Iron Supply Co.",Shop OEM-spec rubber tracks and undercarriage for the Hitachi ZX17U-2.,generated_default,review,import_seo_via_matrixify_or_generate-model-seo-csv
hitachi-zx27u-3,/pages/fitment/hitachi-zx27u-3,"Hitachi ZX27U3 Rubber Tracks, Parts & Attachments | Heavy Iron Supply Co.",Shop OEM-spec rubber tracks and undercarriage for the Hitachi ZX27U3.,generated_default,review,import_seo_via_matrixify_or_generate-model-seo-csv
hitachi-zx30u,/pages/fitment/hitachi-zx30u,"Hitachi ZX30U Rubber Tracks, Parts & Attachments | Heavy Iron Supply Co.",Shop OEM-spec rubber tracks and undercarriage for the Hitachi ZX30U.,generated_default,review,import_seo_via_matrixify_or_generate-model-seo-csv
hitachi-zx30u-2,/pages/fitment/hitachi-zx30u-2,"Hitachi ZX30U-2 Rubber Tracks, Parts & Attachments | Heavy Iron Supply Co.",Shop OEM-spec rubber tracks and undercarriage for the Hitachi ZX30U-2.,generated_default,review,import_seo_via_matrixify_or_generate-model-seo-csv
hitachi-zx30-u5,/pages/fitment/hitachi-zx30-u5,"Hitachi ZX30U-5 Rubber Tracks, Parts & Attachments | Heavy Iron Supply Co.",Shop OEM-spec rubber tracks and undercarriage for the Hitachi ZX30U-5.,generated_default,review,import_seo_via_matrixify_or_generate-model-seo-csv
hitachi-zx33u,/pages/fitment/hitachi-zx33u,"Hitachi ZX33U Rubber Tracks, Parts & Attachments | Heavy Iron Supply Co.",Shop OEM-spec rubber tracks and undercarriage for the Hitachi ZX33U.,generated_default,review,import_seo_via_matrixify_or_generate-model-seo-csv
hitachi-zx35-u5n,/pages/fitment/hitachi-zx35-u5n,"Hitachi ZX35-U5N Rubber Tracks, Parts & Attachments | Heavy Iron Supply Co.",Shop OEM-spec rubber tracks and undercarriage for the Hitachi ZX35-U5N.,generated_default,review,import_seo_via_matrixify_or_generate-model-seo-csv
hitachi-zx35u,/pages/fitment/hitachi-zx35u,"Hitachi ZX35U Rubber Tracks, Parts & Attachments | Heavy Iron Supply Co.",Shop OEM-spec rubber tracks and undercarriage for the Hitachi ZX35U.,generated_default,review,import_seo_via_matrixify_or_generate-model-seo-csv
hitachi-zx35u-2,/pages/fitment/hitachi-zx35u-2,"Hitachi ZX35U-2 Rubber Tracks, Parts & Attachments | Heavy Iron Supply Co.",Shop OEM-spec rubber tracks and undercarriage for the Hitachi ZX35U-2.,generated_default,review,import_seo_via_matrixify_or_generate-model-seo-csv
hitachi-zx35u-3,/pages/fitment/hitachi-zx35u-3,"Hitachi ZX35U-3 Rubber Tracks, Parts & Attachments | Heavy Iron Supply Co.",Shop OEM-spec rubber tracks and undercarriage for the Hitachi ZX35U-3.,generated_default,review,import_seo_via_matrixify_or_generate-model-seo-csv
hitachi-zx40u-2,/pages/fitment/hitachi-zx40u-2,"Hitachi ZX40U2 Rubber Tracks, Parts & Attachments | Heavy Iron Supply Co.",Shop OEM-spec rubber tracks and undercarriage for the Hitachi ZX40U2.,generated_default,review,import_seo_via_matrixify_or_generate-model-seo-csv
hitachi-zx50u-5,/pages/fitment/hitachi-zx50u-5,"Hitachi ZX50U-5 Rubber Tracks, Parts & Attachments | Heavy Iron Supply Co.",Shop OEM-spec rubber tracks and undercarriage for the Hitachi ZX50U-5.,generated_default,review,import_seo_via_matrixify_or_generate-model-seo-csv
hitachi-zx50u-2,/pages/fitment/hitachi-zx50u-2,"Hitachi ZX50U2 Rubber Tracks, Parts & Attachments | Heavy Iron Supply Co.",Shop OEM-spec rubber tracks and undercarriage for the Hitachi ZX50U2.,generated_default,review,import_seo_via_matrixify_or_generate-model-seo-csv
hitachi-zx50u-3,/pages/fitment/hitachi-zx50u-3,"Hitachi ZX50U3 Rubber Tracks, Parts & Attachments | Heavy Iron Supply Co.",Shop OEM-spec rubber tracks and undercarriage for the Hitachi ZX50U3.,generated_default,review,import_seo_via_matrixify_or_generate-model-seo-csv
hitachi-zx60usb-3,/pages/fitment/hitachi-zx60usb-3,"Hitachi ZX60USB3 Rubber Tracks, Parts & Attachments | Heavy Iron Supply Co.",Shop OEM-spec rubber tracks and undercarriage for the Hitachi ZX60USB3.,generated_default,review,import_seo_via_matrixify_or_generate-model-seo-csv
hitachi-zx60usb-5,/pages/fitment/hitachi-zx60usb-5,"Hitachi ZX60USB5 Rubber Tracks, Parts & Attachments | Heavy Iron Supply Co.",Shop OEM-spec rubber tracks and undercarriage for the Hitachi ZX60USB5.,generated_default,review,import_seo_via_matrixify_or_generate-model-seo-csv
hyundai-r17z-9a,/pages/fitment/hyundai-r17z-9a,"Hyundai R17Z-9A Rubber Tracks, Parts & Attachments | Heavy Iron Supply Co.",Shop OEM-spec rubber tracks and undercarriage for the Hyundai R17Z-9A.,generated_default,review,import_seo_via_matrixify_or_generate-model-seo-csv
hyundai-r27z-9,/pages/fitment/hyundai-r27z-9,"Hyundai R27Z-9 Rubber Tracks, Parts & Attachments | Heavy Iron Supply Co.",Shop OEM-spec rubber tracks and undercarriage for the Hyundai R27Z-9.,generated_default,review,import_seo_via_matrixify_or_generate-model-seo-csv
hyundai-r35z-7,/pages/fitment/hyundai-r35z-7,"Hyundai R35Z-7 Rubber Tracks, Parts & Attachments | Heavy Iron Supply Co.",Shop OEM-spec rubber tracks and undercarriage for the Hyundai R35Z-7.,generated_default,review,import_seo_via_matrixify_or_generate-model-seo-csv
hyundai-r-35-z-9,/pages/fitment/hyundai-r-35-z-9,"Hyundai R35Z9 Rubber Tracks, Parts & Attachments | Heavy Iron Supply Co.",Shop OEM-spec rubber tracks and undercarriage for the Hyundai R35Z9.,generated_default,review,import_seo_via_matrixify_or_generate-model-seo-csv
hyundai-r55-9a,/pages/fitment/hyundai-r55-9a,"Hyundai R55-9A Rubber Tracks, Parts & Attachments | Heavy Iron Supply Co.",Shop OEM-spec rubber tracks and undercarriage for the Hyundai R55-9A.,generated_default,review,import_seo_via_matrixify_or_generate-model-seo-csv
hyundai-r55-3,/pages/fitment/hyundai-r55-3,"Hyundai R553 Rubber Tracks, Parts & Attachments | Heavy Iron Supply Co.",Shop OEM-spec rubber tracks and undercarriage for the Hyundai R553.,generated_default,review,import_seo_via_matrixify_or_generate-model-seo-csv
hyundai-r55-7,/pages/fitment/hyundai-r55-7,"Hyundai R557 Rubber Tracks, Parts & Attachments | Heavy Iron Supply Co.",Shop OEM-spec rubber tracks and undercarriage for the Hyundai R557.,generated_default,review,import_seo_via_matrixify_or_generate-model-seo-csv
hyundai-r55-9,/pages/fitment/hyundai-r55-9,"Hyundai R559 Rubber Tracks, Parts & Attachments | Heavy Iron Supply Co.",Shop OEM-spec rubber tracks and undercarriage for the Hyundai R559.,generated_default,review,import_seo_via_matrixify_or_generate-model-seo-csv
hyundai-r60cr-9,/pages/fitment/hyundai-r60cr-9,"Hyundai R60CR9 Rubber Tracks, Parts & Attachments | Heavy Iron Supply Co.",Shop OEM-spec rubber tracks and undercarriage for the Hyundai R60CR9.,generated_default,review,import_seo_via_matrixify_or_generate-model-seo-csv
hyundai-r60cr-9a,/pages/fitment/hyundai-r60cr-9a,"Hyundai R60CR9A Rubber Tracks, Parts & Attachments | Heavy Iron Supply Co.",Shop OEM-spec rubber tracks and undercarriage for the Hyundai R60CR9A.,generated_default,review,import_seo_via_matrixify_or_generate-model-seo-csv
hyundai-robex-27z-9,/pages/fitment/hyundai-robex-27z-9,"Hyundai ROBEX 27Z-9 Rubber Tracks, Parts & Attachments | Heavy Iron Supply Co.",Shop OEM-spec rubber tracks and undercarriage for the Hyundai ROBEX 27Z-9.,generated_default,review,import_seo_via_matrixify_or_generate-model-seo-csv
hyundai-robex-30,/pages/fitment/hyundai-robex-30,"Hyundai ROBEX 30 Rubber Tracks, Parts & Attachments | Heavy Iron Supply Co.",Shop OEM-spec rubber tracks and undercarriage for the Hyundai ROBEX 30.,generated_default,review,import_seo_via_matrixify_or_generate-model-seo-csv
hyundai-robex-35-5,/pages/fitment/hyundai-robex-35-5,"Hyundai ROBEX 35-5 Rubber Tracks, Parts & Attachments | Heavy Iron Supply Co.",Shop OEM-spec rubber tracks and undercarriage for the Hyundai ROBEX 35-5.,generated_default,review,import_seo_via_matrixify_or_generate-model-seo-csv
hyundai-robex-35-7,/pages/fitment/hyundai-robex-35-7,"Hyundai ROBEX 35-7 Rubber Tracks, Parts & Attachments | Heavy Iron Supply Co.",Shop OEM-spec rubber tracks and undercarriage for the Hyundai ROBEX 35-7.,generated_default,review,import_seo_via_matrixify_or_generate-model-seo-csv
hyundai-robex-36-7,/pages/fitment/hyundai-robex-36-7,"Hyundai ROBEX 36-7 Rubber Tracks, Parts & Attachments | Heavy Iron Supply Co.",Shop OEM-spec rubber tracks and undercarriage for the Hyundai ROBEX 36-7.,generated_default,review,import_seo_via_matrixify_or_generate-model-seo-csv
hyundai-robex-17z-9a,/pages/fitment/hyundai-robex-17z-9a,"Hyundai ROBEX-17Z-9A Rubber Tracks, Parts & Attachments | Heavy Iron Supply Co.",Shop OEM-spec rubber tracks and undercarriage for the Hyundai ROBEX-17Z-9A.,generated_default,review,import_seo_via_matrixify_or_generate-model-seo-csv
hyundai-robex-28-5,/pages/fitment/hyundai-robex-28-5,"Hyundai ROBEX285 Rubber Tracks, Parts & Attachments | Heavy Iron Supply Co.",Shop OEM-spec rubber tracks and undercarriage for the Hyundai ROBEX285.,generated_default,review,import_seo_via_matrixify_or_generate-model-seo-csv
hyundai-robex-30z-9ak,/pages/fitment/hyundai-robex-30z-9ak,"Hyundai ROBEX30Z9AK Rubber Tracks, Parts & Attachments | Heavy Iron Supply Co.",Shop OEM-spec rubber tracks and undercarriage for the Hyundai ROBEX30Z9AK.,generated_default,review,import_seo_via_matrixify_or_generate-model-seo-csv
hyundai-robex-35-9,/pages/fitment/hyundai-robex-35-9,"Hyundai ROBEX359 Rubber Tracks, Parts & Attachments | Heavy Iron Supply Co.",Shop OEM-spec rubber tracks and undercarriage for the Hyundai ROBEX359.,generated_default,review,import_seo_via_matrixify_or_generate-model-seo-csv
hyundai-robex-35z-7a,/pages/fitment/hyundai-robex-35z-7a,"Hyundai ROBEX35Z7A Rubber Tracks, Parts & Attachments | Heavy Iron Supply Co.",Shop OEM-spec rubber tracks and undercarriage for the Hyundai ROBEX35Z7A.,generated_default,review,import_seo_via_matrixify_or_generate-model-seo-csv
hyundai-robex35z9a,/pages/fitment/hyundai-robex35z9a,"Hyundai ROBEX35Z9A Rubber Tracks, Parts & Attachments | Heavy Iron Supply Co.",Shop OEM-spec rubber tracks and undercarriage for the Hyundai ROBEX35Z9A.,generated_default,review,import_seo_via_matrixify_or_generate-model-seo-csv
hyundai-robex-35z-9ak,/pages/fitment/hyundai-robex-35z-9ak,"Hyundai ROBEX35Z9AK Rubber Tracks, Parts & Attachments | Heavy Iron Supply Co.",Shop OEM-spec rubber tracks and undercarriage for the Hyundai ROBEX35Z9AK.,generated_default,review,import_seo_via_matrixify_or_generate-model-seo-csv
hyundai-robex-55-3,/pages/fitment/hyundai-robex-55-3,"Hyundai ROBEX553 Rubber Tracks, Parts & Attachments | Heavy Iron Supply Co.",Shop OEM-spec rubber tracks and undercarriage for the Hyundai ROBEX553.,generated_default,review,import_seo_via_matrixify_or_generate-model-seo-csv
hyundai-robex-55-7,/pages/fitment/hyundai-robex-55-7,"Hyundai ROBEX557 Rubber Tracks, Parts & Attachments | Heavy Iron Supply Co.",Shop OEM-spec rubber tracks and undercarriage for the Hyundai ROBEX557.,generated_default,review,import_seo_via_matrixify_or_generate-model-seo-csv
hyundai-robex-55-9,/pages/fitment/hyundai-robex-55-9,"Hyundai ROBEX559 Rubber Tracks, Parts & Attachments | Heavy Iron Supply Co.",Shop OEM-spec rubber tracks and undercarriage for the Hyundai ROBEX559.,generated_default,review,import_seo_via_matrixify_or_generate-model-seo-csv
hyundai-robex-55-9a,/pages/fitment/hyundai-robex-55-9a,"Hyundai ROBEX559A Rubber Tracks, Parts & Attachments | Heavy Iron Supply Co.",Shop OEM-spec rubber tracks and undercarriage for the Hyundai ROBEX559A.,generated_default,review,import_seo_via_matrixify_or_generate-model-seo-csv
hyundai-robex-60cr-9a,/pages/fitment/hyundai-robex-60cr-9a,"Hyundai ROBEX60CR9A Rubber Tracks, Parts & Attachments | Heavy Iron Supply Co.",Shop OEM-spec rubber tracks and undercarriage for the Hyundai ROBEX60CR9A.,generated_default,review,import_seo_via_matrixify_or_generate-model-seo-csv
hyundai-robex-75-7,/pages/fitment/hyundai-robex-75-7,"Hyundai ROBEX75-7 Rubber Tracks, Parts & Attachments | Heavy Iron Supply Co.",Shop OEM-spec rubber tracks and undercarriage for the Hyundai ROBEX75-7.,generated_default,review,import_seo_via_matrixify_or_generate-model-seo-csv
hyundai-robex-80-7,/pages/fitment/hyundai-robex-80-7,"Hyundai ROBEX807 Rubber Tracks, Parts & Attachments | Heavy Iron Supply Co.",Shop OEM-spec rubber tracks and undercarriage for the Hyundai ROBEX807.,generated_default,review,import_seo_via_matrixify_or_generate-model-seo-csv
hyundai-robex-80cr-9,/pages/fitment/hyundai-robex-80cr-9,"Hyundai ROBEX80CR9 Rubber Tracks, Parts & Attachments | Heavy Iron Supply Co.",Shop OEM-spec rubber tracks and undercarriage for the Hyundai ROBEX80CR9.,generated_default,review,import_seo_via_matrixify_or_generate-model-seo-csv
hyundai-robex-r60-cr-9,/pages/fitment/hyundai-robex-r60-cr-9,"Hyundai ROBEXR60CR9 Rubber Tracks, Parts & Attachments | Heavy Iron Supply Co.",Shop OEM-spec rubber tracks and undercarriage for the Hyundai ROBEXR60CR9.,generated_default,review,import_seo_via_matrixify_or_generate-model-seo-csv
ihi-17vx,/pages/fitment/ihi-17vx,"IHI 17VX Rubber Tracks, Parts & Attachments | Heavy Iron Supply Co.",Shop OEM-spec rubber tracks and undercarriage for the IHI 17VX.,generated_default,review,import_seo_via_matrixify_or_generate-model-seo-csv
ihi-18-j,/pages/fitment/ihi-18-j,"IHI 18-J Rubber Tracks, Parts & Attachments | Heavy Iron Supply Co.",Shop OEM-spec rubber tracks and undercarriage for the IHI 18-J.,generated_default,review,import_seo_via_matrixify_or_generate-model-seo-csv
ihi-18n,/pages/fitment/ihi-18n,"IHI 18N Rubber Tracks, Parts & Attachments | Heavy Iron Supply Co.",Shop OEM-spec rubber tracks and undercarriage for the IHI 18N.,generated_default,review,import_seo_via_matrixify_or_generate-model-seo-csv
ihi-18nxt,/pages/fitment/ihi-18nxt,"IHI 18NXT Rubber Tracks, Parts & Attachments | Heavy Iron Supply Co.",Shop OEM-spec rubber tracks and undercarriage for the IHI 18NXT.,generated_default,review,import_seo_via_matrixify_or_generate-model-seo-csv
ihi-25-nx,/pages/fitment/ihi-25-nx,"IHI 25NX Rubber Tracks, Parts & Attachments | Heavy Iron Supply Co.",Shop OEM-spec rubber tracks and undercarriage for the IHI 25NX.,generated_default,review,import_seo_via_matrixify_or_generate-model-seo-csv
ihi-28-n,/pages/fitment/ihi-28-n,"IHI 28N Rubber Tracks, Parts & Attachments | Heavy Iron Supply Co.",Shop OEM-spec rubber tracks and undercarriage for the IHI 28N.,generated_default,review,import_seo_via_matrixify_or_generate-model-seo-csv
ihi-28-n-2,/pages/fitment/ihi-28-n-2,"IHI 28N2 Rubber Tracks, Parts & Attachments | Heavy Iron Supply Co.",Shop OEM-spec rubber tracks and undercarriage for the IHI 28N2.,generated_default,review,import_seo_via_matrixify_or_generate-model-seo-csv
ihi-35n,/pages/fitment/ihi-35n,"IHI 35N Rubber Tracks, Parts & Attachments | Heavy Iron Supply Co.",Shop OEM-spec rubber tracks and undercarriage for the IHI 35N.,generated_default,review,import_seo_via_matrixify_or_generate-model-seo-csv
ihi-45v-4,/pages/fitment/ihi-45v-4,"IHI 45V4 Rubber Tracks, Parts & Attachments | Heavy Iron Supply Co.",Shop OEM-spec rubber tracks and undercarriage for the IHI 45V4.,generated_default,review,import_seo_via_matrixify_or_generate-model-seo-csv
ihi-50g,/pages/fitment/ihi-50g,"IHI 50G Rubber Tracks, Parts & Attachments | Heavy Iron Supply Co.",Shop OEM-spec rubber tracks and undercarriage for the IHI 50G.,generated_default,review,import_seo_via_matrixify_or_generate-model-seo-csv
ihi-50g-3,/pages/fitment/ihi-50g-3,"IHI 50G3 Rubber Tracks, Parts & Attachments | Heavy Iron Supply Co.",Shop OEM-spec rubber tracks and undercarriage for the IHI 50G3.,generated_default,review,import_seo_via_matrixify_or_generate-model-seo-csv
ihi-50gx,/pages/fitment/ihi-50gx,"IHI 50GX Rubber Tracks, Parts & Attachments | Heavy Iron Supply Co.",Shop OEM-spec rubber tracks and undercarriage for the IHI 50GX.,generated_default,review,import_seo_via_matrixify_or_generate-model-seo-csv
ihi-50j,/pages/fitment/ihi-50j,"IHI 50J Rubber Tracks, Parts & Attachments | Heavy Iron Supply Co.",Shop OEM-spec rubber tracks and undercarriage for the IHI 50J.,generated_default,review,import_seo_via_matrixify_or_generate-model-seo-csv
ihi-50jx,/pages/fitment/ihi-50jx,"IHI 50JX Rubber Tracks, Parts & Attachments | Heavy Iron Supply Co.",Shop OEM-spec rubber tracks and undercarriage for the IHI 50JX.,generated_default,review,import_seo_via_matrixify_or_generate-model-seo-csv
ihi-50ux,/pages/fitment/ihi-50ux,"IHI 50UX Rubber Tracks, Parts & Attachments | Heavy Iron Supply Co.",Shop OEM-spec rubber tracks and undercarriage for the IHI 50UX.,generated_default,review,import_seo_via_matrixify_or_generate-model-seo-csv
ihi-50z,/pages/fitment/ihi-50z,"IHI 50Z Rubber Tracks, Parts & Attachments | Heavy Iron Supply Co.",Shop OEM-spec rubber tracks and undercarriage for the IHI 50Z.,generated_default,review,import_seo_via_matrixify_or_generate-model-seo-csv
ihi-65nx,/pages/fitment/ihi-65nx,"IHI 65NX Rubber Tracks, Parts & Attachments | Heavy Iron Supply Co.",Shop OEM-spec rubber tracks and undercarriage for the IHI 65NX.,generated_default,review,import_seo_via_matrixify_or_generate-model-seo-csv
ihi-cl35,/pages/fitment/ihi-cl35,"IHI CL35 Rubber Tracks, Parts & Attachments | Heavy Iron Supply Co.",Shop OEM-spec rubber tracks and undercarriage for the IHI CL35.,generated_default,review,import_seo_via_matrixify_or_generate-model-seo-csv
ihi-cl45,/pages/fitment/ihi-cl45,"IHI CL45 Rubber Tracks, Parts & Attachments | Heavy Iron Supply Co.",Shop OEM-spec rubber tracks and undercarriage for the IHI CL45.,generated_default,review,import_seo_via_matrixify_or_generate-model-seo-csv
ihi-is-27,/pages/fitment/ihi-is-27,"IHI IS27 Rubber Tracks, Parts & Attachments | Heavy Iron Supply Co.",Shop OEM-spec rubber tracks and undercarriage for the IHI IS27.,generated_default,review,import_seo_via_matrixify_or_generate-model-seo-csv
ihi-is-27g,/pages/fitment/ihi-is-27g,"IHI IS27G Rubber Tracks, Parts & Attachments | Heavy Iron Supply Co.",Shop OEM-spec rubber tracks and undercarriage for the IHI IS27G.,generated_default,review,import_seo_via_matrixify_or_generate-model-seo-csv
ihi-is-27gx,/pages/fitment/ihi-is-27gx,"IHI IS27GX Rubber Tracks, Parts & Attachments | Heavy Iron Supply Co.",Shop OEM-spec rubber tracks and undercarriage for the IHI IS27GX.,generated_default,review,import_seo_via_matrixify_or_generate-model-seo-csv
ihi-is-28g,/pages/fitment/ihi-is-28g,"IHI IS28G Rubber Tracks, Parts & Attachments | Heavy Iron Supply Co.",Shop OEM-spec rubber tracks and undercarriage for the IHI IS28G.,generated_default,review,import_seo_via_matrixify_or_generate-model-seo-csv
ihi-is-28g3,/pages/fitment/ihi-is-28g3,"IHI IS28G3 Rubber Tracks, Parts & Attachments | Heavy Iron Supply Co.",Shop OEM-spec rubber tracks and undercarriage for the IHI IS28G3.,generated_default,review,import_seo_via_matrixify_or_generate-model-seo-csv
ihi-is-28gx,/pages/fitment/ihi-is-28gx,"IHI IS28GX Rubber Tracks, Parts & Attachments | Heavy Iron Supply Co.",Shop OEM-spec rubber tracks and undercarriage for the IHI IS28GX.,generated_default,review,import_seo_via_matrixify_or_generate-model-seo-csv
ihi-is-28j,/pages/fitment/ihi-is-28j,"IHI IS28J Rubber Tracks, Parts & Attachments | Heavy Iron Supply Co.",Shop OEM-spec rubber tracks and undercarriage for the IHI IS28J.,generated_default,review,import_seo_via_matrixify_or_generate-model-seo-csv
ihi-is-28lx,/pages/fitment/ihi-is-28lx,"IHI IS28LX Rubber Tracks, Parts & Attachments | Heavy Iron Supply Co.",Shop OEM-spec rubber tracks and undercarriage for the IHI IS28LX.,generated_default,review,import_seo_via_matrixify_or_generate-model-seo-csv
ihi-is-28px,/pages/fitment/ihi-is-28px,"IHI IS28PX Rubber Tracks, Parts & Attachments | Heavy Iron Supply Co.",Shop OEM-spec rubber tracks and undercarriage for the IHI IS28PX.,generated_default,review,import_seo_via_matrixify_or_generate-model-seo-csv
ihi-is-28ux,/pages/fitment/ihi-is-28ux,"IHI IS28UX Rubber Tracks, Parts & Attachments | Heavy Iron Supply Co.",Shop OEM-spec rubber tracks and undercarriage for the IHI IS28UX.,generated_default,review,import_seo_via_matrixify_or_generate-model-seo-csv
ihi-is-30g,/pages/fitment/ihi-is-30g,"IHI IS30G Rubber Tracks, Parts & Attachments | Heavy Iron Supply Co.",Shop OEM-spec rubber tracks and undercarriage for the IHI IS30G.,generated_default,review,import_seo_via_matrixify_or_generate-model-seo-csv
ihi-is-30gx,/pages/fitment/ihi-is-30gx,"IHI IS30GX Rubber Tracks, Parts & Attachments | Heavy Iron Supply Co.",Shop OEM-spec rubber tracks and undercarriage for the IHI IS30GX.,generated_default,review,import_seo_via_matrixify_or_generate-model-seo-csv
ihi-is-30j,/pages/fitment/ihi-is-30j,"IHI IS30J Rubber Tracks, Parts & Attachments | Heavy Iron Supply Co.",Shop OEM-spec rubber tracks and undercarriage for the IHI IS30J.,generated_default,review,import_seo_via_matrixify_or_generate-model-seo-csv
ihi-is-30jx,/pages/fitment/ihi-is-30jx,"IHI IS30JX Rubber Tracks, Parts & Attachments | Heavy Iron Supply Co.",Shop OEM-spec rubber tracks and undercarriage for the IHI IS30JX.,generated_default,review,import_seo_via_matrixify_or_generate-model-seo-csv
ihi-is-30nx,/pages/fitment/ihi-is-30nx,"IHI IS30NX Rubber Tracks, Parts & Attachments | Heavy Iron Supply Co.",Shop OEM-spec rubber tracks and undercarriage for the IHI IS30NX.,generated_default,review,import_seo_via_matrixify_or_generate-model-seo-csv
ihi-is-30uj,/pages/fitment/ihi-is-30uj,"IHI IS30UJ Rubber Tracks, Parts & Attachments | Heavy Iron Supply Co.",Shop OEM-spec rubber tracks and undercarriage for the IHI IS30UJ.,generated_default,review,import_seo_via_matrixify_or_generate-model-seo-csv
ihi-is-32j,/pages/fitment/ihi-is-32j,"IHI IS32J Rubber Tracks, Parts & Attachments | Heavy Iron Supply Co.",Shop OEM-spec rubber tracks and undercarriage for the IHI IS32J.,generated_default,review,import_seo_via_matrixify_or_generate-model-seo-csv
ihi-is-35g,/pages/fitment/ihi-is-35g,"IHI IS35G Rubber Tracks, Parts & Attachments | Heavy Iron Supply Co.",Shop OEM-spec rubber tracks and undercarriage for the IHI IS35G.,generated_default,review,import_seo_via_matrixify_or_generate-model-seo-csv
ihi-is-35gx,/pages/fitment/ihi-is-35gx,"IHI IS35GX Rubber Tracks, Parts & Attachments | Heavy Iron Supply Co.",Shop OEM-spec rubber tracks and undercarriage for the IHI IS35GX.,generated_default,review,import_seo_via_matrixify_or_generate-model-seo-csv
ihi-is-35j,/pages/fitment/ihi-is-35j,"IHI IS35J Rubber Tracks, Parts & Attachments | Heavy Iron Supply Co.",Shop OEM-spec rubber tracks and undercarriage for the IHI IS35J.,generated_default,review,import_seo_via_matrixify_or_generate-model-seo-csv
ihi-is-35nx,/pages/fitment/ihi-is-35nx,"IHI IS35NX Rubber Tracks, Parts & Attachments | Heavy Iron Supply Co.",Shop OEM-spec rubber tracks and undercarriage for the IHI IS35NX.,generated_default,review,import_seo_via_matrixify_or_generate-model-seo-csv
ihi-is-35uj,/pages/fitment/ihi-is-35uj,"IHI IS35UJ Rubber Tracks, Parts & Attachments | Heavy Iron Supply Co.",Shop OEM-spec rubber tracks and undercarriage for the IHI IS35UJ.,generated_default,review,import_seo_via_matrixify_or_generate-model-seo-csv
ihi-is-38uj,/pages/fitment/ihi-is-38uj,"IHI IS38UJ Rubber Tracks, Parts & Attachments | Heavy Iron Supply Co.",Shop OEM-spec rubber tracks and undercarriage for the IHI IS38UJ.,generated_default,review,import_seo_via_matrixify_or_generate-model-seo-csv
ihi-is-38ux,/pages/fitment/ihi-is-38ux,"IHI IS38UX Rubber Tracks, Parts & Attachments | Heavy Iron Supply Co.",Shop OEM-spec rubber tracks and undercarriage for the IHI IS38UX.,generated_default,review,import_seo_via_matrixify_or_generate-model-seo-csv
ihi-is-40g,/pages/fitment/ihi-is-40g,"IHI IS40G Rubber Tracks, Parts & Attachments | Heavy Iron Supply Co.",Shop OEM-spec rubber tracks and undercarriage for the IHI IS40G.,generated_default,review,import_seo_via_matrixify_or_generate-model-seo-csv
ihi-is-40gx,/pages/fitment/ihi-is-40gx,"IHI IS40GX Rubber Tracks, Parts & Attachments | Heavy Iron Supply Co.",Shop OEM-spec rubber tracks and undercarriage for the IHI IS40GX.,generated_default,review,import_seo_via_matrixify_or_generate-model-seo-csv
ihi-is-40gx-2,/pages/fitment/ihi-is-40gx-2,"IHI IS40GX2 Rubber Tracks, Parts & Attachments | Heavy Iron Supply Co.",Shop OEM-spec rubber tracks and undercarriage for the IHI IS40GX2.,generated_default,review,import_seo_via_matrixify_or_generate-model-seo-csv
ihi-is-40gx-3,/pages/fitment/ihi-is-40gx-3,"IHI IS40GX3 Rubber Tracks, Parts & Attachments | Heavy Iron Supply Co.",Shop OEM-spec rubber tracks and undercarriage for the IHI IS40GX3.,generated_default,review,import_seo_via_matrixify_or_generate-model-seo-csv
ihi-is-40j,/pages/fitment/ihi-is-40j,"IHI IS40J Rubber Tracks, Parts & Attachments | Heavy Iron Supply Co.",Shop OEM-spec rubber tracks and undercarriage for the IHI IS40J.,generated_default,review,import_seo_via_matrixify_or_generate-model-seo-csv
ihi-is-40jx,/pages/fitment/ihi-is-40jx,"IHI IS40JX Rubber Tracks, Parts & Attachments | Heavy Iron Supply Co.",Shop OEM-spec rubber tracks and undercarriage for the IHI IS40JX.,generated_default,review,import_seo_via_matrixify_or_generate-model-seo-csv
ihi-is-40nx,/pages/fitment/ihi-is-40nx,"IHI IS40NX Rubber Tracks, Parts & Attachments | Heavy Iron Supply Co.",Shop OEM-spec rubber tracks and undercarriage for the IHI IS40NX.,generated_default,review,import_seo_via_matrixify_or_generate-model-seo-csv
ihi-is-45j,/pages/fitment/ihi-is-45j,"IHI IS45J Rubber Tracks, Parts & Attachments | Heavy Iron Supply Co.",Shop OEM-spec rubber tracks and undercarriage for the IHI IS45J.,generated_default,review,import_seo_via_matrixify_or_generate-model-seo-csv
ihi-is-45nx,/pages/fitment/ihi-is-45nx,"IHI IS45NX Rubber Tracks, Parts & Attachments | Heavy Iron Supply Co.",Shop OEM-spec rubber tracks and undercarriage for the IHI IS45NX.,generated_default,review,import_seo_via_matrixify_or_generate-model-seo-csv
ihi-is-45uj,/pages/fitment/ihi-is-45uj,"IHI IS45UJ Rubber Tracks, Parts & Attachments | Heavy Iron Supply Co.",Shop OEM-spec rubber tracks and undercarriage for the IHI IS45UJ.,generated_default,review,import_seo_via_matrixify_or_generate-model-seo-csv
ihi-is-50g,/pages/fitment/ihi-is-50g,"IHI IS50G Rubber Tracks, Parts & Attachments | Heavy Iron Supply Co.",Shop OEM-spec rubber tracks and undercarriage for the IHI IS50G.,generated_default,review,import_seo_via_matrixify_or_generate-model-seo-csv
ihi-is-50g3,/pages/fitment/ihi-is-50g3,"IHI IS50G3 Rubber Tracks, Parts & Attachments | Heavy Iron Supply Co.",Shop OEM-spec rubber tracks and undercarriage for the IHI IS50G3.,generated_default,review,import_seo_via_matrixify_or_generate-model-seo-csv
ihi-is-50gx,/pages/fitment/ihi-is-50gx,"IHI IS50GX Rubber Tracks, Parts & Attachments | Heavy Iron Supply Co.",Shop OEM-spec rubber tracks and undercarriage for the IHI IS50GX.,generated_default,review,import_seo_via_matrixify_or_generate-model-seo-csv
ihi-is-50uj,/pages/fitment/ihi-is-50uj,"IHI IS50UJ Rubber Tracks, Parts & Attachments | Heavy Iron Supply Co.",Shop OEM-spec rubber tracks and undercarriage for the IHI IS50UJ.,generated_default,review,import_seo_via_matrixify_or_generate-model-seo-csv
ihi-is-50ux,/pages/fitment/ihi-is-50ux,"IHI IS50UX Rubber Tracks, Parts & Attachments | Heavy Iron Supply Co.",Shop OEM-spec rubber tracks and undercarriage for the IHI IS50UX.,generated_default,review,import_seo_via_matrixify_or_generate-model-seo-csv
ihi-is-50z,/pages/fitment/ihi-is-50z,"IHI IS50Z Rubber Tracks, Parts & Attachments | Heavy Iron Supply Co.",Shop OEM-spec rubber tracks and undercarriage for the IHI IS50Z.,generated_default,review,import_seo_via_matrixify_or_generate-model-seo-csv
ihi-is-55,/pages/fitment/ihi-is-55,"IHI IS55 Rubber Tracks, Parts & Attachments | Heavy Iron Supply Co.",Shop OEM-spec rubber tracks and undercarriage for the IHI IS55.,generated_default,review,import_seo_via_matrixify_or_generate-model-seo-csv
ihi-is-55g,/pages/fitment/ihi-is-55g,"IHI IS55G Rubber Tracks, Parts & Attachments | Heavy Iron Supply Co.",Shop OEM-spec rubber tracks and undercarriage for the IHI IS55G.,generated_default,review,import_seo_via_matrixify_or_generate-model-seo-csv
ihi-is-55g-3,/pages/fitment/ihi-is-55g-3,"IHI IS55G3 Rubber Tracks, Parts & Attachments | Heavy Iron Supply Co.",Shop OEM-spec rubber tracks and undercarriage for the IHI IS55G3.,generated_default,review,import_seo_via_matrixify_or_generate-model-seo-csv
ihi-is-55j,/pages/fitment/ihi-is-55j,"IHI IS55J Rubber Tracks, Parts & Attachments | Heavy Iron Supply Co.",Shop OEM-spec rubber tracks and undercarriage for the IHI IS55J.,generated_default,review,import_seo_via_matrixify_or_generate-model-seo-csv
ihi-is-55lx,/pages/fitment/ihi-is-55lx,"IHI IS55LX Rubber Tracks, Parts & Attachments | Heavy Iron Supply Co.",Shop OEM-spec rubber tracks and undercarriage for the IHI IS55LX.,generated_default,review,import_seo_via_matrixify_or_generate-model-seo-csv
ihi-is-55n,/pages/fitment/ihi-is-55n,"IHI IS55N Rubber Tracks, Parts & Attachments | Heavy Iron Supply Co.",Shop OEM-spec rubber tracks and undercarriage for the IHI IS55N.,generated_default,review,import_seo_via_matrixify_or_generate-model-seo-csv
ihi-is-55u-1,/pages/fitment/ihi-is-55u-1,"IHI IS55U1 Rubber Tracks, Parts & Attachments | Heavy Iron Supply Co.",Shop OEM-spec rubber tracks and undercarriage for the IHI IS55U1.,generated_default,review,import_seo_via_matrixify_or_generate-model-seo-csv
ihi-is-55u-2,/pages/fitment/ihi-is-55u-2,"IHI IS55U2 Rubber Tracks, Parts & Attachments | Heavy Iron Supply Co.",Shop OEM-spec rubber tracks and undercarriage for the IHI IS55U2.,generated_default,review,import_seo_via_matrixify_or_generate-model-seo-csv
ihi-is-55uj,/pages/fitment/ihi-is-55uj,"IHI IS55UJ Rubber Tracks, Parts & Attachments | Heavy Iron Supply Co.",Shop OEM-spec rubber tracks and undercarriage for the IHI IS55UJ.,generated_default,review,import_seo_via_matrixify_or_generate-model-seo-csv
ihi-is-55ux,/pages/fitment/ihi-is-55ux,"IHI IS55UX Rubber Tracks, Parts & Attachments | Heavy Iron Supply Co.",Shop OEM-spec rubber tracks and undercarriage for the IHI IS55UX.,generated_default,review,import_seo_via_matrixify_or_generate-model-seo-csv
jcb-150t,/pages/fitment/jcb-150t,"JCB 150T Rubber Tracks, Parts & Attachments | Heavy Iron Supply Co.",Shop OEM-spec rubber tracks and undercarriage for the JCB 150T.,generated_default,review,import_seo_via_matrixify_or_generate-model-seo-csv
jcb-16c-1,/pages/fitment/jcb-16c-1,"JCB 16C-1 Rubber Tracks, Parts & Attachments | Heavy Iron Supply Co.",Shop OEM-spec rubber tracks and undercarriage for the JCB 16C-1.,generated_default,review,import_seo_via_matrixify_or_generate-model-seo-csv
jcb-180t,/pages/fitment/jcb-180t,"JCB 180T Rubber Tracks, Parts & Attachments | Heavy Iron Supply Co.",Shop OEM-spec rubber tracks and undercarriage for the JCB 180T.,generated_default,review,import_seo_via_matrixify_or_generate-model-seo-csv
jcb-18z-1,/pages/fitment/jcb-18z-1,"JCB 18Z-1 Rubber Tracks, Parts & Attachments | Heavy Iron Supply Co.",Shop OEM-spec rubber tracks and undercarriage for the JCB 18Z-1.,generated_default,review,import_seo_via_matrixify_or_generate-model-seo-csv
jcb-190t,/pages/fitment/jcb-190t,"JCB 190T Rubber Tracks, Parts & Attachments | Heavy Iron Supply Co.",Shop OEM-spec rubber tracks and undercarriage for the JCB 190T.,generated_default,review,import_seo_via_matrixify_or_generate-model-seo-csv
jcb-190t-eco,/pages/fitment/jcb-190t-eco,"JCB 190T-ECO Rubber Tracks, Parts & Attachments | Heavy Iron Supply Co.",Shop OEM-spec rubber tracks and undercarriage for the JCB 190T-ECO.,generated_default,review,import_seo_via_matrixify_or_generate-model-seo-csv
jcb-19c-1,/pages/fitment/jcb-19c-1,"JCB 19C-1 Rubber Tracks, Parts & Attachments | Heavy Iron Supply Co.",Shop OEM-spec rubber tracks and undercarriage for the JCB 19C-1.,generated_default,review,import_seo_via_matrixify_or_generate-model-seo-csv
jcb-205t,/pages/fitment/jcb-205t,"JCB 205T Rubber Tracks, Parts & Attachments | Heavy Iron Supply Co.",Shop OEM-spec rubber tracks and undercarriage for the JCB 205T.,generated_default,review,import_seo_via_matrixify_or_generate-model-seo-csv
jcb-205t-eco,/pages/fitment/jcb-205t-eco,"JCB 205T-ECO Rubber Tracks, Parts & Attachments | Heavy Iron Supply Co.",Shop OEM-spec rubber tracks and undercarriage for the JCB 205T-ECO.,generated_default,review,import_seo_via_matrixify_or_generate-model-seo-csv
jcb-210t,/pages/fitment/jcb-210t,"JCB 210T Rubber Tracks, Parts & Attachments | Heavy Iron Supply Co.",Shop OEM-spec rubber tracks and undercarriage for the JCB 210T.,generated_default,review,import_seo_via_matrixify_or_generate-model-seo-csv
jcb-215t,/pages/fitment/jcb-215t,"JCB 215T Rubber Tracks, Parts & Attachments | Heavy Iron Supply Co.",Shop OEM-spec rubber tracks and undercarriage for the JCB 215T.,generated_default,review,import_seo_via_matrixify_or_generate-model-seo-csv
jcb-225t,/pages/fitment/jcb-225t,"JCB 225T Rubber Tracks, Parts & Attachments | Heavy Iron Supply Co.",Shop OEM-spec rubber tracks and undercarriage for the JCB 225T.,generated_default,review,import_seo_via_matrixify_or_generate-model-seo-csv
jcb-225t-eco,/pages/fitment/jcb-225t-eco,"JCB 225T-ECO Rubber Tracks, Parts & Attachments | Heavy Iron Supply Co.",Shop OEM-spec rubber tracks and undercarriage for the JCB 225T-ECO.,generated_default,review,import_seo_via_matrixify_or_generate-model-seo-csv
jcb-250-t-tracks,/pages/fitment/jcb-250-t-tracks,"JCB 250T Rubber Tracks, Parts & Attachments | Heavy Iron Supply Co.",Shop OEM-spec rubber tracks and undercarriage for the JCB 250T.,generated_default,review,import_seo_via_matrixify_or_generate-model-seo-csv
jcb-260t,/pages/fitment/jcb-260t,"JCB 260T Rubber Tracks, Parts & Attachments | Heavy Iron Supply Co.",Shop OEM-spec rubber tracks and undercarriage for the JCB 260T.,generated_default,review,import_seo_via_matrixify_or_generate-model-seo-csv
jcb-260t-eco,/pages/fitment/jcb-260t-eco,"JCB 260T-ECO Rubber Tracks, Parts & Attachments | Heavy Iron Supply Co.",Shop OEM-spec rubber tracks and undercarriage for the JCB 260T-ECO.,generated_default,review,import_seo_via_matrixify_or_generate-model-seo-csv
jcb-270t,/pages/fitment/jcb-270t,"JCB 270T Rubber Tracks, Parts & Attachments | Heavy Iron Supply Co.",Shop OEM-spec rubber tracks and undercarriage for the JCB 270T.,generated_default,review,import_seo_via_matrixify_or_generate-model-seo-csv
jcb-2ts,/pages/fitment/jcb-2ts,"JCB 2TS Rubber Tracks, Parts & Attachments | Heavy Iron Supply Co.",Shop OEM-spec rubber tracks and undercarriage for the JCB 2TS.,generated_default,review,import_seo_via_matrixify_or_generate-model-seo-csv
jcb-2-ts-7-t-tracks,/pages/fitment/jcb-2-ts-7-t-tracks,"JCB 2TS-7T Rubber Tracks, Parts & Attachments | Heavy Iron Supply Co.",Shop OEM-spec rubber tracks and undercarriage for the JCB 2TS-7T.,generated_default,review,import_seo_via_matrixify_or_generate-model-seo-csv
jcb-300t,/pages/fitment/jcb-300t,"JCB 300T Rubber Tracks, Parts & Attachments | Heavy Iron Supply Co.",Shop OEM-spec rubber tracks and undercarriage for the JCB 300T.,generated_default,review,import_seo_via_matrixify_or_generate-model-seo-csv
jcb-300t-eco,/pages/fitment/jcb-300t-eco,"JCB 300T-ECO Rubber Tracks, Parts & Attachments | Heavy Iron Supply Co.",Shop OEM-spec rubber tracks and undercarriage for the JCB 300T-ECO.,generated_default,review,import_seo_via_matrixify_or_generate-model-seo-csv
jcb-320t,/pages/fitment/jcb-320t,"JCB 320T Rubber Tracks, Parts & Attachments | Heavy Iron Supply Co.",Shop OEM-spec rubber tracks and undercarriage for the JCB 320T.,generated_default,review,import_seo_via_matrixify_or_generate-model-seo-csv
jcb-320t-eco,/pages/fitment/jcb-320t-eco,"JCB 320T-ECO Rubber Tracks, Parts & Attachments | Heavy Iron Supply Co.",Shop OEM-spec rubber tracks and undercarriage for the JCB 320T-ECO.,generated_default,review,import_seo_via_matrixify_or_generate-model-seo-csv
jcb-35z-1,/pages/fitment/jcb-35z-1,"JCB 35Z 1 Rubber Tracks, Parts & Attachments | Heavy Iron Supply Co.",Shop OEM-spec rubber tracks and undercarriage for the JCB 35Z 1.,generated_default,review,import_seo_via_matrixify_or_generate-model-seo-csv
jcb-3ts-8t,/pages/fitment/jcb-3ts-8t,"JCB 3TS-8T Rubber Tracks, Parts & Attachments | Heavy Iron Supply Co.",Shop OEM-spec rubber tracks and undercarriage for the JCB 3TS-8T.,generated_default,review,import_seo_via_matrixify_or_generate-model-seo-csv
jcb-45z-1,/pages/fitment/jcb-45z-1,"JCB 45Z 1 Rubber Tracks, Parts & Attachments | Heavy Iron Supply Co.",Shop OEM-spec rubber tracks and undercarriage for the JCB 45Z 1.,generated_default,review,import_seo_via_matrixify_or_generate-model-seo-csv
jcb-48z-1,/pages/fitment/jcb-48z-1,"JCB 48Z 1 Rubber Tracks, Parts & Attachments | Heavy Iron Supply Co.",Shop OEM-spec rubber tracks and undercarriage for the JCB 48Z 1.,generated_default,review,import_seo_via_matrixify_or_generate-model-seo-csv
jcb-55z-1,/pages/fitment/jcb-55z-1,"JCB 55Z 1 Rubber Tracks, Parts & Attachments | Heavy Iron Supply Co.",Shop OEM-spec rubber tracks and undercarriage for the JCB 55Z 1.,generated_default,review,import_seo_via_matrixify_or_generate-model-seo-csv
jcb-57c-1,/pages/fitment/jcb-57c-1,"JCB 57C 1 Rubber Tracks, Parts & Attachments | Heavy Iron Supply Co.",Shop OEM-spec rubber tracks and undercarriage for the JCB 57C 1.,generated_default,review,import_seo_via_matrixify_or_generate-model-seo-csv
jcb-57z-1,/pages/fitment/jcb-57z-1,"JCB 57Z 1 Rubber Tracks, Parts & Attachments | Heavy Iron Supply Co.",Shop OEM-spec rubber tracks and undercarriage for the JCB 57Z 1.,generated_default,review,import_seo_via_matrixify_or_generate-model-seo-csv
jcb-65r,/pages/fitment/jcb-65r,"JCB 65R Rubber Tracks, Parts & Attachments | Heavy Iron Supply Co.",Shop OEM-spec rubber tracks and undercarriage for the JCB 65R.,generated_default,review,import_seo_via_matrixify_or_generate-model-seo-csv
jcb-67c,/pages/fitment/jcb-67c,"JCB 67C Rubber Tracks, Parts & Attachments | Heavy Iron Supply Co.",Shop OEM-spec rubber tracks and undercarriage for the JCB 67C.,generated_default,review,import_seo_via_matrixify_or_generate-model-seo-csv
jcb-801,/pages/fitment/jcb-801,"JCB 801 Rubber Tracks, Parts & Attachments | Heavy Iron Supply Co.",Shop OEM-spec rubber tracks and undercarriage for the JCB 801.,generated_default,review,import_seo_via_matrixify_or_generate-model-seo-csv
jcb-8017,/pages/fitment/jcb-8017,"JCB 8017 Rubber Tracks, Parts & Attachments | Heavy Iron Supply Co.",Shop OEM-spec rubber tracks and undercarriage for the JCB 8017.,generated_default,review,import_seo_via_matrixify_or_generate-model-seo-csv
jcb-8018,/pages/fitment/jcb-8018,"JCB 8018 Rubber Tracks, Parts & Attachments | Heavy Iron Supply Co.",Shop OEM-spec rubber tracks and undercarriage for the JCB 8018.,generated_default,review,import_seo_via_matrixify_or_generate-model-seo-csv
jcb-801r,/pages/fitment/jcb-801r,"JCB 801R Rubber Tracks, Parts & Attachments | Heavy Iron Supply Co.",Shop OEM-spec rubber tracks and undercarriage for the JCB 801R.,generated_default,review,import_seo_via_matrixify_or_generate-model-seo-csv
jcb-802-plus,/pages/fitment/jcb-802-plus,"JCB 802 PLUS Rubber Tracks, Parts & Attachments | Heavy Iron Supply Co.",Shop OEM-spec rubber tracks and undercarriage for the JCB 802 PLUS.,generated_default,review,import_seo_via_matrixify_or_generate-model-seo-csv
jcb-802-super,/pages/fitment/jcb-802-super,"JCB 802 SUPER Rubber Tracks, Parts & Attachments | Heavy Iron Supply Co.",Shop OEM-spec rubber tracks and undercarriage for the JCB 802 SUPER.,generated_default,review,import_seo_via_matrixify_or_generate-model-seo-csv
jcb-802-7,/pages/fitment/jcb-802-7,"JCB 802.7 Rubber Tracks, Parts & Attachments | Heavy Iron Supply Co.",Shop OEM-spec rubber tracks and undercarriage for the JCB 802.7.,generated_default,review,import_seo_via_matrixify_or_generate-model-seo-csv
jcb-802-7-zts,/pages/fitment/jcb-802-7-zts,"JCB 802.7 ZTS Rubber Tracks, Parts & Attachments | Heavy Iron Supply Co.",Shop OEM-spec rubber tracks and undercarriage for the JCB 802.7 ZTS.,generated_default,review,import_seo_via_matrixify_or_generate-model-seo-csv
jcb-8025,/pages/fitment/jcb-8025,"JCB 8025 Rubber Tracks, Parts & Attachments | Heavy Iron Supply Co.",Shop OEM-spec rubber tracks and undercarriage for the JCB 8025.,generated_default,review,import_seo_via_matrixify_or_generate-model-seo-csv
jcb-8025zts,/pages/fitment/jcb-8025zts,"JCB 8025ZTS Rubber Tracks, Parts & Attachments | Heavy Iron Supply Co.",Shop OEM-spec rubber tracks and undercarriage for the JCB 8025ZTS.,generated_default,review,import_seo_via_matrixify_or_generate-model-seo-csv
jcb-8026,/pages/fitment/jcb-8026,"JCB 8026 Rubber Tracks, Parts & Attachments | Heavy Iron Supply Co.",Shop OEM-spec rubber tracks and undercarriage for the JCB 8026.,generated_default,review,import_seo_via_matrixify_or_generate-model-seo-csv
jcb-803,/pages/fitment/jcb-803,"JCB 803 Rubber Tracks, Parts & Attachments | Heavy Iron Supply Co.",Shop OEM-spec rubber tracks and undercarriage for the JCB 803.,generated_default,review,import_seo_via_matrixify_or_generate-model-seo-csv
jcb-803-magnum,/pages/fitment/jcb-803-magnum,"JCB 803 MAGNUM Rubber Tracks, Parts & Attachments | Heavy Iron Supply Co.",Shop OEM-spec rubber tracks and undercarriage for the JCB 803 MAGNUM.,generated_default,review,import_seo_via_matrixify_or_generate-model-seo-csv
jcb-803-plus,/pages/fitment/jcb-803-plus,"JCB 803 PLUS Rubber Tracks, Parts & Attachments | Heavy Iron Supply Co.",Shop OEM-spec rubber tracks and undercarriage for the JCB 803 PLUS.,generated_default,review,import_seo_via_matrixify_or_generate-model-seo-csv
jcb-803-super,/pages/fitment/jcb-803-super,"JCB 803 SUPER Rubber Tracks, Parts & Attachments | Heavy Iron Supply Co.",Shop OEM-spec rubber tracks and undercarriage for the JCB 803 SUPER.,generated_default,review,import_seo_via_matrixify_or_generate-model-seo-csv
jcb-8030zts,/pages/fitment/jcb-8030zts,"JCB 8030 ZTS Rubber Tracks, Parts & Attachments | Heavy Iron Supply Co.",Shop OEM-spec rubber tracks and undercarriage for the JCB 8030 ZTS.,generated_default,review,import_seo_via_matrixify_or_generate-model-seo-csv
jcb-8032,/pages/fitment/jcb-8032,"JCB 8032 Rubber Tracks, Parts & Attachments | Heavy Iron Supply Co.",Shop OEM-spec rubber tracks and undercarriage for the JCB 8032.,generated_default,review,import_seo_via_matrixify_or_generate-model-seo-csv
jcb-803-2-zts,/pages/fitment/jcb-803-2-zts,"JCB 8032ZTS Rubber Tracks, Parts & Attachments | Heavy Iron Supply Co.",Shop OEM-spec rubber tracks and undercarriage for the JCB 8032ZTS.,generated_default,review,import_seo_via_matrixify_or_generate-model-seo-csv
jcb-8035,/pages/fitment/jcb-8035,"JCB 8035 Rubber Tracks, Parts & Attachments | Heavy Iron Supply Co.",Shop OEM-spec rubber tracks and undercarriage for the JCB 8035.,generated_default,review,import_seo_via_matrixify_or_generate-model-seo-csv
jcb-8035zts,/pages/fitment/jcb-8035zts,"JCB 8035 ZTS Rubber Tracks, Parts & Attachments | Heavy Iron Supply Co.",Shop OEM-spec rubber tracks and undercarriage for the JCB 8035 ZTS.,generated_default,review,import_seo_via_matrixify_or_generate-model-seo-csv
jcb-8035z,/pages/fitment/jcb-8035z,"JCB 8035Z Rubber Tracks, Parts & Attachments | Heavy Iron Supply Co.",Shop OEM-spec rubber tracks and undercarriage for the JCB 8035Z.,generated_default,review,import_seo_via_matrixify_or_generate-model-seo-csv
jcb-803e,/pages/fitment/jcb-803e,"JCB 803E Rubber Tracks, Parts & Attachments | Heavy Iron Supply Co.",Shop OEM-spec rubber tracks and undercarriage for the JCB 803E.,generated_default,review,import_seo_via_matrixify_or_generate-model-seo-csv
jcb-804,/pages/fitment/jcb-804,"JCB 804 Rubber Tracks, Parts & Attachments | Heavy Iron Supply Co.",Shop OEM-spec rubber tracks and undercarriage for the JCB 804.,generated_default,review,import_seo_via_matrixify_or_generate-model-seo-csv
jcb-8045,/pages/fitment/jcb-8045,"JCB 8045 Rubber Tracks, Parts & Attachments | Heavy Iron Supply Co.",Shop OEM-spec rubber tracks and undercarriage for the JCB 8045.,generated_default,review,import_seo_via_matrixify_or_generate-model-seo-csv
jcb-8045zts,/pages/fitment/jcb-8045zts,"JCB 8045ZTS Rubber Tracks, Parts & Attachments | Heavy Iron Supply Co.",Shop OEM-spec rubber tracks and undercarriage for the JCB 8045ZTS.,generated_default,review,import_seo_via_matrixify_or_generate-model-seo-csv
jcb-805,/pages/fitment/jcb-805,"JCB 805 Rubber Tracks, Parts & Attachments | Heavy Iron Supply Co.",Shop OEM-spec rubber tracks and undercarriage for the JCB 805.,generated_default,review,import_seo_via_matrixify_or_generate-model-seo-csv
jcb-8050zts,/pages/fitment/jcb-8050zts,"JCB 8050 ZTS Rubber Tracks, Parts & Attachments | Heavy Iron Supply Co.",Shop OEM-spec rubber tracks and undercarriage for the JCB 8050 ZTS.,generated_default,review,import_seo_via_matrixify_or_generate-model-seo-csv
jcb-805-2,/pages/fitment/jcb-805-2,"JCB 8052 Rubber Tracks, Parts & Attachments | Heavy Iron Supply Co.",Shop OEM-spec rubber tracks and undercarriage for the JCB 8052.,generated_default,review,import_seo_via_matrixify_or_generate-model-seo-csv
jcb-8055,/pages/fitment/jcb-8055,"JCB 8055 Rubber Tracks, Parts & Attachments | Heavy Iron Supply Co.",Shop OEM-spec rubber tracks and undercarriage for the JCB 8055.,generated_default,review,import_seo_via_matrixify_or_generate-model-seo-csv
jcb-8055rts,/pages/fitment/jcb-8055rts,"JCB 8055RTS Rubber Tracks, Parts & Attachments | Heavy Iron Supply Co.",Shop OEM-spec rubber tracks and undercarriage for the JCB 8055RTS.,generated_default,review,import_seo_via_matrixify_or_generate-model-seo-csv
jcb-8055z,/pages/fitment/jcb-8055z,"JCB 8055Z Rubber Tracks, Parts & Attachments | Heavy Iron Supply Co.",Shop OEM-spec rubber tracks and undercarriage for the JCB 8055Z.,generated_default,review,import_seo_via_matrixify_or_generate-model-seo-csv
jcb-8055zts,/pages/fitment/jcb-8055zts,"JCB 8055ZTS Rubber Tracks, Parts & Attachments | Heavy Iron Supply Co.",Shop OEM-spec rubber tracks and undercarriage for the JCB 8055ZTS.,generated_default,review,import_seo_via_matrixify_or_generate-model-seo-csv
jcb-806,/pages/fitment/jcb-806,"JCB 806 Rubber Tracks, Parts & Attachments | Heavy Iron Supply Co.",Shop OEM-spec rubber tracks and undercarriage for the JCB 806.,generated_default,review,import_seo_via_matrixify_or_generate-model-seo-csv
jcb-8060,/pages/fitment/jcb-8060,"JCB 8060 Rubber Tracks, Parts & Attachments | Heavy Iron Supply Co.",Shop OEM-spec rubber tracks and undercarriage for the JCB 8060.,generated_default,review,import_seo_via_matrixify_or_generate-model-seo-csv
jcb-8065,/pages/fitment/jcb-8065,"JCB 8065 Rubber Tracks, Parts & Attachments | Heavy Iron Supply Co.",Shop OEM-spec rubber tracks and undercarriage for the JCB 8065.,generated_default,review,import_seo_via_matrixify_or_generate-model-seo-csv
jcb-8065rts,/pages/fitment/jcb-8065rts,"JCB 8065RTS Rubber Tracks, Parts & Attachments | Heavy Iron Supply Co.",Shop OEM-spec rubber tracks and undercarriage for the JCB 8065RTS.,generated_default,review,import_seo_via_matrixify_or_generate-model-seo-csv
jcb-8080,/pages/fitment/jcb-8080,"JCB 8080 Rubber Tracks, Parts & Attachments | Heavy Iron Supply Co.",Shop OEM-spec rubber tracks and undercarriage for the JCB 8080.,generated_default,review,import_seo_via_matrixify_or_generate-model-seo-csv
jcb-8080zts,/pages/fitment/jcb-8080zts,"JCB 8080 ZTS Rubber Tracks, Parts & Attachments | Heavy Iron Supply Co.",Shop OEM-spec rubber tracks and undercarriage for the JCB 8080 ZTS.,generated_default,review,import_seo_via_matrixify_or_generate-model-seo-csv
jcb-8085zts,/pages/fitment/jcb-8085zts,"JCB 8085ZTS Rubber Tracks, Parts & Attachments | Heavy Iron Supply Co.",Shop OEM-spec rubber tracks and undercarriage for the JCB 8085ZTS.,generated_default,review,import_seo_via_matrixify_or_generate-model-seo-csv
jcb-85z-1,/pages/fitment/jcb-85z-1,"JCB 85Z-1 Rubber Tracks, Parts & Attachments | Heavy Iron Supply Co.",Shop OEM-spec rubber tracks and undercarriage for the JCB 85Z-1.,generated_default,review,import_seo_via_matrixify_or_generate-model-seo-csv
jcb-86c-1,/pages/fitment/jcb-86c-1,"JCB 86C-1 Rubber Tracks, Parts & Attachments | Heavy Iron Supply Co.",Shop OEM-spec rubber tracks and undercarriage for the JCB 86C-1.,generated_default,review,import_seo_via_matrixify_or_generate-model-seo-csv
jcb-90z-1,/pages/fitment/jcb-90z-1,"JCB 90Z 1 Rubber Tracks, Parts & Attachments | Heavy Iron Supply Co.",Shop OEM-spec rubber tracks and undercarriage for the JCB 90Z 1.,generated_default,review,import_seo_via_matrixify_or_generate-model-seo-csv
jcb-jz-70,/pages/fitment/jcb-jz-70,"JCB JZ 70 Rubber Tracks, Parts & Attachments | Heavy Iron Supply Co.",Shop OEM-spec rubber tracks and undercarriage for the JCB JZ 70.,generated_default,review,import_seo_via_matrixify_or_generate-model-seo-csv
john-deere-17d,/pages/fitment/john-deere-17d,"John Deere 17D Rubber Tracks, Parts & Attachments | Heavy Iron Supply Co.",Shop OEM-spec rubber tracks and undercarriage for the John Deere 17D.,generated_default,review,import_seo_via_matrixify_or_generate-model-seo-csv
john-deere-17g,/pages/fitment/john-deere-17g,"John Deere 17G Rubber Tracks, Parts & Attachments | Heavy Iron Supply Co.",Shop OEM-spec rubber tracks and undercarriage for the John Deere 17G.,generated_default,review,import_seo_via_matrixify_or_generate-model-seo-csv
john-deere-17p,/pages/fitment/john-deere-17p,"John Deere 17P Rubber Tracks, Parts & Attachments | Heavy Iron Supply Co.",Shop OEM-spec rubber tracks and undercarriage for the John Deere 17P.,generated_default,review,import_seo_via_matrixify_or_generate-model-seo-csv
john-deere-17zts,/pages/fitment/john-deere-17zts,"John Deere 17ZTS Rubber Tracks, Parts & Attachments | Heavy Iron Supply Co.",Shop OEM-spec rubber tracks and undercarriage for the John Deere 17ZTS.,generated_default,review,import_seo_via_matrixify_or_generate-model-seo-csv
john-deere-26g,/pages/fitment/john-deere-26g,"John Deere 26G Rubber Tracks, Parts & Attachments | Heavy Iron Supply Co.",Shop OEM-spec rubber tracks and undercarriage for the John Deere 26G.,generated_default,review,import_seo_via_matrixify_or_generate-model-seo-csv
john-deere-27d,/pages/fitment/john-deere-27d,"John Deere 27D Rubber Tracks, Parts & Attachments | Heavy Iron Supply Co.",Shop OEM-spec rubber tracks and undercarriage for the John Deere 27D.,generated_default,review,import_seo_via_matrixify_or_generate-model-seo-csv
john-deere-27zts,/pages/fitment/john-deere-27zts,"John Deere 27ZTS Rubber Tracks, Parts & Attachments | Heavy Iron Supply Co.",Shop OEM-spec rubber tracks and undercarriage for the John Deere 27ZTS.,generated_default,review,import_seo_via_matrixify_or_generate-model-seo-csv
john-deere-30g,/pages/fitment/john-deere-30g,"John Deere 30G Rubber Tracks, Parts & Attachments | Heavy Iron Supply Co.",Shop OEM-spec rubber tracks and undercarriage for the John Deere 30G.,generated_default,review,import_seo_via_matrixify_or_generate-model-seo-csv
john-deere-317g,/pages/fitment/john-deere-317g,"John Deere 317G Rubber Tracks, Parts & Attachments | Heavy Iron Supply Co.",Shop OEM-spec rubber tracks and undercarriage for the John Deere 317G.,generated_default,review,import_seo_via_matrixify_or_generate-model-seo-csv
john-deere-319d,/pages/fitment/john-deere-319d,"John Deere 319D Rubber Tracks, Parts & Attachments | Heavy Iron Supply Co.",Shop OEM-spec rubber tracks and undercarriage for the John Deere 319D.,generated_default,review,import_seo_via_matrixify_or_generate-model-seo-csv
john-deere-319e,/pages/fitment/john-deere-319e,"John Deere 319E Rubber Tracks, Parts & Attachments | Heavy Iron Supply Co.",Shop OEM-spec rubber tracks and undercarriage for the John Deere 319E.,generated_default,review,import_seo_via_matrixify_or_generate-model-seo-csv
john-deere-323d,/pages/fitment/john-deere-323d,"John Deere 323D Rubber Tracks, Parts & Attachments | Heavy Iron Supply Co.",Shop OEM-spec rubber tracks and undercarriage for the John Deere 323D.,generated_default,review,import_seo_via_matrixify_or_generate-model-seo-csv
john-deere-323e,/pages/fitment/john-deere-323e,"John Deere 323E Rubber Tracks, Parts & Attachments | Heavy Iron Supply Co.",Shop OEM-spec rubber tracks and undercarriage for the John Deere 323E.,generated_default,review,import_seo_via_matrixify_or_generate-model-seo-csv
john-deere-325g,/pages/fitment/john-deere-325g,"John Deere 325G Rubber Tracks, Parts & Attachments | Heavy Iron Supply Co.",Shop OEM-spec rubber tracks and undercarriage for the John Deere 325G.,generated_default,review,import_seo_via_matrixify_or_generate-model-seo-csv
john-deere-329d,/pages/fitment/john-deere-329d,"John Deere 329D Rubber Tracks, Parts & Attachments | Heavy Iron Supply Co.",Shop OEM-spec rubber tracks and undercarriage for the John Deere 329D.,generated_default,review,import_seo_via_matrixify_or_generate-model-seo-csv
john-deere-329e,/pages/fitment/john-deere-329e,"John Deere 329E Rubber Tracks, Parts & Attachments | Heavy Iron Supply Co.",Shop OEM-spec rubber tracks and undercarriage for the John Deere 329E.,generated_default,review,import_seo_via_matrixify_or_generate-model-seo-csv
john-deere-331g,/pages/fitment/john-deere-331g,"John Deere 331G Rubber Tracks, Parts & Attachments | Heavy Iron Supply Co.",Shop OEM-spec rubber tracks and undercarriage for the John Deere 331G.,generated_default,review,import_seo_via_matrixify_or_generate-model-seo-csv
john-deere-331p,/pages/fitment/john-deere-331p,"John Deere 331P Rubber Tracks, Parts & Attachments | Heavy Iron Supply Co.",Shop OEM-spec rubber tracks and undercarriage for the John Deere 331P.,generated_default,review,import_seo_via_matrixify_or_generate-model-seo-csv
john-deere-333d,/pages/fitment/john-deere-333d,"John Deere 333D Rubber Tracks, Parts & Attachments | Heavy Iron Supply Co.",Shop OEM-spec rubber tracks and undercarriage for the John Deere 333D.,generated_default,review,import_seo_via_matrixify_or_generate-model-seo-csv
john-deere-333e,/pages/fitment/john-deere-333e,"John Deere 333E Rubber Tracks, Parts & Attachments | Heavy Iron Supply Co.",Shop OEM-spec rubber tracks and undercarriage for the John Deere 333E.,generated_default,review,import_seo_via_matrixify_or_generate-model-seo-csv
john-deere-333g,/pages/fitment/john-deere-333g,"John Deere 333G Rubber Tracks, Parts & Attachments | Heavy Iron Supply Co.",Shop OEM-spec rubber tracks and undercarriage for the John Deere 333G.,generated_default,review,import_seo_via_matrixify_or_generate-model-seo-csv
john-deere-333p,/pages/fitment/john-deere-333p,"John Deere 333P Rubber Tracks, Parts & Attachments | Heavy Iron Supply Co.",Shop OEM-spec rubber tracks and undercarriage for the John Deere 333P.,generated_default,review,import_seo_via_matrixify_or_generate-model-seo-csv
john-deere-335p,/pages/fitment/john-deere-335p,"John Deere 335P Rubber Tracks, Parts & Attachments | Heavy Iron Supply Co.",Shop OEM-spec rubber tracks and undercarriage for the John Deere 335P.,generated_default,review,import_seo_via_matrixify_or_generate-model-seo-csv
john-deere-35czts,/pages/fitment/john-deere-35czts,"John Deere 35CZTS Rubber Tracks, Parts & Attachments | Heavy Iron Supply Co.",Shop OEM-spec rubber tracks and undercarriage for the John Deere 35CZTS.,generated_default,review,import_seo_via_matrixify_or_generate-model-seo-csv
john-deere-35d,/pages/fitment/john-deere-35d,"John Deere 35D Rubber Tracks, Parts & Attachments | Heavy Iron Supply Co.",Shop OEM-spec rubber tracks and undercarriage for the John Deere 35D.,generated_default,review,import_seo_via_matrixify_or_generate-model-seo-csv
john-deere-35g,/pages/fitment/john-deere-35g,"John Deere 35G Rubber Tracks, Parts & Attachments | Heavy Iron Supply Co.",Shop OEM-spec rubber tracks and undercarriage for the John Deere 35G.,generated_default,review,import_seo_via_matrixify_or_generate-model-seo-csv
john-deere-35p,/pages/fitment/john-deere-35p,"John Deere 35P Rubber Tracks, Parts & Attachments | Heavy Iron Supply Co.",Shop OEM-spec rubber tracks and undercarriage for the John Deere 35P.,generated_default,review,import_seo_via_matrixify_or_generate-model-seo-csv
john-deere-35zts,/pages/fitment/john-deere-35zts,"John Deere 35ZTS Rubber Tracks, Parts & Attachments | Heavy Iron Supply Co.",Shop OEM-spec rubber tracks and undercarriage for the John Deere 35ZTS.,generated_default,review,import_seo_via_matrixify_or_generate-model-seo-csv
john-deere-50d,/pages/fitment/john-deere-50d,"John Deere 50D Rubber Tracks, Parts & Attachments | Heavy Iron Supply Co.",Shop OEM-spec rubber tracks and undercarriage for the John Deere 50D.,generated_default,review,import_seo_via_matrixify_or_generate-model-seo-csv
john-deere-50g,/pages/fitment/john-deere-50g,"John Deere 50G Rubber Tracks, Parts & Attachments | Heavy Iron Supply Co.",Shop OEM-spec rubber tracks and undercarriage for the John Deere 50G.,generated_default,review,import_seo_via_matrixify_or_generate-model-seo-csv
john-deere-50p,/pages/fitment/john-deere-50p,"John Deere 50P Rubber Tracks, Parts & Attachments | Heavy Iron Supply Co.",Shop OEM-spec rubber tracks and undercarriage for the John Deere 50P.,generated_default,review,import_seo_via_matrixify_or_generate-model-seo-csv
john-deere-50zts,/pages/fitment/john-deere-50zts,"John Deere 50ZTS Rubber Tracks, Parts & Attachments | Heavy Iron Supply Co.",Shop OEM-spec rubber tracks and undercarriage for the John Deere 50ZTS.,generated_default,review,import_seo_via_matrixify_or_generate-model-seo-csv
john-deere-60d,/pages/fitment/john-deere-60d,"John Deere 60D Rubber Tracks, Parts & Attachments | Heavy Iron Supply Co.",Shop OEM-spec rubber tracks and undercarriage for the John Deere 60D.,generated_default,review,import_seo_via_matrixify_or_generate-model-seo-csv
john-deere-60g,/pages/fitment/john-deere-60g,"John Deere 60G Rubber Tracks, Parts & Attachments | Heavy Iron Supply Co.",Shop OEM-spec rubber tracks and undercarriage for the John Deere 60G.,generated_default,review,import_seo_via_matrixify_or_generate-model-seo-csv
john-deere-75c,/pages/fitment/john-deere-75c,"John Deere 75C Rubber Tracks, Parts & Attachments | Heavy Iron Supply Co.",Shop OEM-spec rubber tracks and undercarriage for the John Deere 75C.,generated_default,review,import_seo_via_matrixify_or_generate-model-seo-csv
john-deere-75d,/pages/fitment/john-deere-75d,"John Deere 75D Rubber Tracks, Parts & Attachments | Heavy Iron Supply Co.",Shop OEM-spec rubber tracks and undercarriage for the John Deere 75D.,generated_default,review,import_seo_via_matrixify_or_generate-model-seo-csv
john-deere-75g,/pages/fitment/john-deere-75g,"John Deere 75G Rubber Tracks, Parts & Attachments | Heavy Iron Supply Co.",Shop OEM-spec rubber tracks and undercarriage for the John Deere 75G.,generated_default,review,import_seo_via_matrixify_or_generate-model-seo-csv
john-deere-85g,/pages/fitment/john-deere-85g,"John Deere 85G Rubber Tracks, Parts & Attachments | Heavy Iron Supply Co.",Shop OEM-spec rubber tracks and undercarriage for the John Deere 85G.,generated_default,review,import_seo_via_matrixify_or_generate-model-seo-csv
john-deere-ct322,/pages/fitment/john-deere-ct322,"John Deere CT322 Rubber Tracks, Parts & Attachments | Heavy Iron Supply Co.",Shop OEM-spec rubber tracks and undercarriage for the John Deere CT322.,generated_default,review,import_seo_via_matrixify_or_generate-model-seo-csv
john-deere-ct332,/pages/fitment/john-deere-ct332,"John Deere CT332 Rubber Tracks, Parts & Attachments | Heavy Iron Supply Co.",Shop OEM-spec rubber tracks and undercarriage for the John Deere CT332.,generated_default,review,import_seo_via_matrixify_or_generate-model-seo-csv
kioti-tl750,/pages/fitment/kioti-tl750,"Kioti TL750 Rubber Tracks, Parts & Attachments | Heavy Iron Supply Co.",Shop OEM-spec rubber tracks and undercarriage for the Kioti TL750.,generated_default,review,import_seo_via_matrixify_or_generate-model-seo-csv
kobelco-115,/pages/fitment/kobelco-115,"Kobelco 115 Rubber Tracks, Parts & Attachments | Heavy Iron Supply Co.",Shop OEM-spec rubber tracks and undercarriage for the Kobelco 115.,generated_default,review,import_seo_via_matrixify_or_generate-model-seo-csv
kobelco-sk024,/pages/fitment/kobelco-sk024,"Kobelco SK 024 Rubber Tracks, Parts & Attachments | Heavy Iron Supply Co.",Shop OEM-spec rubber tracks and undercarriage for the Kobelco SK 024.,generated_default,review,import_seo_via_matrixify_or_generate-model-seo-csv
kobelco-sk025,/pages/fitment/kobelco-sk025,"Kobelco SK 025 Rubber Tracks, Parts & Attachments | Heavy Iron Supply Co.",Shop OEM-spec rubber tracks and undercarriage for the Kobelco SK 025.,generated_default,review,import_seo_via_matrixify_or_generate-model-seo-csv
kobelco-sk025-2,/pages/fitment/kobelco-sk025-2,"Kobelco SK 0252 Rubber Tracks, Parts & Attachments | Heavy Iron Supply Co.",Shop OEM-spec rubber tracks and undercarriage for the Kobelco SK 0252.,generated_default,review,import_seo_via_matrixify_or_generate-model-seo-csv
kobelco-sk025sr,/pages/fitment/kobelco-sk025sr,"Kobelco SK 025SR Rubber Tracks, Parts & Attachments | Heavy Iron Supply Co.",Shop OEM-spec rubber tracks and undercarriage for the Kobelco SK 025SR.,generated_default,review,import_seo_via_matrixify_or_generate-model-seo-csv
kobelco-sk20sr,/pages/fitment/kobelco-sk20sr,"Kobelco SK 20SR Rubber Tracks, Parts & Attachments | Heavy Iron Supply Co.",Shop OEM-spec rubber tracks and undercarriage for the Kobelco SK 20SR.,generated_default,review,import_seo_via_matrixify_or_generate-model-seo-csv
kobelco-sk013,/pages/fitment/kobelco-sk013,"Kobelco SK013 Rubber Tracks, Parts & Attachments | Heavy Iron Supply Co.",Shop OEM-spec rubber tracks and undercarriage for the Kobelco SK013.,generated_default,review,import_seo_via_matrixify_or_generate-model-seo-csv
kobelco-sk013-1,/pages/fitment/kobelco-sk013-1,"Kobelco SK013-1 Rubber Tracks, Parts & Attachments | Heavy Iron Supply Co.",Shop OEM-spec rubber tracks and undercarriage for the Kobelco SK013-1.,generated_default,review,import_seo_via_matrixify_or_generate-model-seo-csv
kobelco-sk014-1,/pages/fitment/kobelco-sk014-1,"Kobelco SK014-1 Rubber Tracks, Parts & Attachments | Heavy Iron Supply Co.",Shop OEM-spec rubber tracks and undercarriage for the Kobelco SK014-1.,generated_default,review,import_seo_via_matrixify_or_generate-model-seo-csv
kobelco-sk015,/pages/fitment/kobelco-sk015,"Kobelco SK015 Rubber Tracks, Parts & Attachments | Heavy Iron Supply Co.",Shop OEM-spec rubber tracks and undercarriage for the Kobelco SK015.,generated_default,review,import_seo_via_matrixify_or_generate-model-seo-csv
kobelco-sk015-1,/pages/fitment/kobelco-sk015-1,"Kobelco SK015-1 Rubber Tracks, Parts & Attachments | Heavy Iron Supply Co.",Shop OEM-spec rubber tracks and undercarriage for the Kobelco SK015-1.,generated_default,review,import_seo_via_matrixify_or_generate-model-seo-csv
kobelco-sk035,/pages/fitment/kobelco-sk035,"Kobelco SK035 Rubber Tracks, Parts & Attachments | Heavy Iron Supply Co.",Shop OEM-spec rubber tracks and undercarriage for the Kobelco SK035.,generated_default,review,import_seo_via_matrixify_or_generate-model-seo-csv
kobelco-sk45sr-2,/pages/fitment/kobelco-sk45sr-2,"Kobelco SK45SR2 Rubber Tracks, Parts & Attachments | Heavy Iron Supply Co.",Shop OEM-spec rubber tracks and undercarriage for the Kobelco SK45SR2.,generated_default,review,import_seo_via_matrixify_or_generate-model-seo-csv
kobelco-sk55sr-5,/pages/fitment/kobelco-sk55sr-5,"Kobelco SK55SR5 Rubber Tracks, Parts & Attachments | Heavy Iron Supply Co.",Shop OEM-spec rubber tracks and undercarriage for the Kobelco SK55SR5.,generated_default,review,import_seo_via_matrixify_or_generate-model-seo-csv
kobelco-sk55srx-6e,/pages/fitment/kobelco-sk55srx-6e,"Kobelco SK55SRX6E Rubber Tracks, Parts & Attachments | Heavy Iron Supply Co.",Shop OEM-spec rubber tracks and undercarriage for the Kobelco SK55SRX6E.,generated_default,review,import_seo_via_matrixify_or_generate-model-seo-csv
kobelco-sk55srx-7,/pages/fitment/kobelco-sk55srx-7,"Kobelco SK55SRX7 Rubber Tracks, Parts & Attachments | Heavy Iron Supply Co.",Shop OEM-spec rubber tracks and undercarriage for the Kobelco SK55SRX7.,generated_default,review,import_seo_via_matrixify_or_generate-model-seo-csv
kobelco-sk70sr-2,/pages/fitment/kobelco-sk70sr-2,"Kobelco SK70SR-2 Rubber Tracks, Parts & Attachments | Heavy Iron Supply Co.",Shop OEM-spec rubber tracks and undercarriage for the Kobelco SK70SR-2.,generated_default,review,import_seo_via_matrixify_or_generate-model-seo-csv
kobelco-sk80cs,/pages/fitment/kobelco-sk80cs,"Kobelco SK80CS Rubber Tracks, Parts & Attachments | Heavy Iron Supply Co.",Shop OEM-spec rubber tracks and undercarriage for the Kobelco SK80CS.,generated_default,review,import_seo_via_matrixify_or_generate-model-seo-csv
kobelco-sk80msr,/pages/fitment/kobelco-sk80msr,"Kobelco SK80MSR Rubber Tracks, Parts & Attachments | Heavy Iron Supply Co.",Shop OEM-spec rubber tracks and undercarriage for the Kobelco SK80MSR.,generated_default,review,import_seo_via_matrixify_or_generate-model-seo-csv
kobelco-sk85cs,/pages/fitment/kobelco-sk85cs,"Kobelco SK85CS Rubber Tracks, Parts & Attachments | Heavy Iron Supply Co.",Shop OEM-spec rubber tracks and undercarriage for the Kobelco SK85CS.,generated_default,review,import_seo_via_matrixify_or_generate-model-seo-csv
komatsu-ck20,/pages/fitment/komatsu-ck20,"Komatsu CK20 Rubber Tracks, Parts & Attachments | Heavy Iron Supply Co.",Shop OEM-spec rubber tracks and undercarriage for the Komatsu CK20.,generated_default,review,import_seo_via_matrixify_or_generate-model-seo-csv
komatsu-ck-20-1,/pages/fitment/komatsu-ck-20-1,"Komatsu CK201 Rubber Tracks, Parts & Attachments | Heavy Iron Supply Co.",Shop OEM-spec rubber tracks and undercarriage for the Komatsu CK201.,generated_default,review,import_seo_via_matrixify_or_generate-model-seo-csv
komatsu-ck25,/pages/fitment/komatsu-ck25,"Komatsu CK25 Rubber Tracks, Parts & Attachments | Heavy Iron Supply Co.",Shop OEM-spec rubber tracks and undercarriage for the Komatsu CK25.,generated_default,review,import_seo_via_matrixify_or_generate-model-seo-csv
komatsu-ck-25-1,/pages/fitment/komatsu-ck-25-1,"Komatsu CK251 Rubber Tracks, Parts & Attachments | Heavy Iron Supply Co.",Shop OEM-spec rubber tracks and undercarriage for the Komatsu CK251.,generated_default,review,import_seo_via_matrixify_or_generate-model-seo-csv
komatsu-ck30-1,/pages/fitment/komatsu-ck30-1,"Komatsu CK30-1 Rubber Tracks, Parts & Attachments | Heavy Iron Supply Co.",Shop OEM-spec rubber tracks and undercarriage for the Komatsu CK30-1.,generated_default,review,import_seo_via_matrixify_or_generate-model-seo-csv
komatsu-ck35,/pages/fitment/komatsu-ck35,"Komatsu CK35 Rubber Tracks, Parts & Attachments | Heavy Iron Supply Co.",Shop OEM-spec rubber tracks and undercarriage for the Komatsu CK35.,generated_default,review,import_seo_via_matrixify_or_generate-model-seo-csv
komatsu-ck35-1,/pages/fitment/komatsu-ck35-1,"Komatsu CK35-1 Rubber Tracks, Parts & Attachments | Heavy Iron Supply Co.",Shop OEM-spec rubber tracks and undercarriage for the Komatsu CK35-1.,generated_default,review,import_seo_via_matrixify_or_generate-model-seo-csv
komatsu-pc30mr-5,/pages/fitment/komatsu-pc30mr-5,"Komatsu PC-30-MR-5 Rubber Tracks, Parts & Attachments | Heavy Iron Supply Co.",Shop OEM-spec rubber tracks and undercarriage for the Komatsu PC-30-MR-5.,generated_default,review,import_seo_via_matrixify_or_generate-model-seo-csv
komatsu-pc35mr-5,/pages/fitment/komatsu-pc35mr-5,"Komatsu PC-35-MR-5 Rubber Tracks, Parts & Attachments | Heavy Iron Supply Co.",Shop OEM-spec rubber tracks and undercarriage for the Komatsu PC-35-MR-5.,generated_default,review,import_seo_via_matrixify_or_generate-model-seo-csv
komatsu-pc05,/pages/fitment/komatsu-pc05,"Komatsu PC05 Rubber Tracks, Parts & Attachments | Heavy Iron Supply Co.",Shop OEM-spec rubber tracks and undercarriage for the Komatsu PC05.,generated_default,review,import_seo_via_matrixify_or_generate-model-seo-csv
komatsu-pc05-7,/pages/fitment/komatsu-pc05-7,"Komatsu PC05-7 Rubber Tracks, Parts & Attachments | Heavy Iron Supply Co.",Shop OEM-spec rubber tracks and undercarriage for the Komatsu PC05-7.,generated_default,review,import_seo_via_matrixify_or_generate-model-seo-csv
komatsu-pc05avancer,/pages/fitment/komatsu-pc05avancer,"Komatsu PC05AVANCER Rubber Tracks, Parts & Attachments | Heavy Iron Supply Co.",Shop OEM-spec rubber tracks and undercarriage for the Komatsu PC05AVANCER.,generated_default,review,import_seo_via_matrixify_or_generate-model-seo-csv
komatsu-pc07,/pages/fitment/komatsu-pc07,"Komatsu PC07 Rubber Tracks, Parts & Attachments | Heavy Iron Supply Co.",Shop OEM-spec rubber tracks and undercarriage for the Komatsu PC07.,generated_default,review,import_seo_via_matrixify_or_generate-model-seo-csv
komatsu-pc07-1,/pages/fitment/komatsu-pc07-1,"Komatsu PC07-1 Rubber Tracks, Parts & Attachments | Heavy Iron Supply Co.",Shop OEM-spec rubber tracks and undercarriage for the Komatsu PC07-1.,generated_default,review,import_seo_via_matrixify_or_generate-model-seo-csv
komatsu-pc07-2,/pages/fitment/komatsu-pc07-2,"Komatsu PC07-2 Rubber Tracks, Parts & Attachments | Heavy Iron Supply Co.",Shop OEM-spec rubber tracks and undercarriage for the Komatsu PC07-2.,generated_default,review,import_seo_via_matrixify_or_generate-model-seo-csv
komatsu-pc07-6,/pages/fitment/komatsu-pc07-6,"Komatsu PC07-6 Rubber Tracks, Parts & Attachments | Heavy Iron Supply Co.",Shop OEM-spec rubber tracks and undercarriage for the Komatsu PC07-6.,generated_default,review,import_seo_via_matrixify_or_generate-model-seo-csv
komatsu-pc07-7,/pages/fitment/komatsu-pc07-7,"Komatsu PC07-7 Rubber Tracks, Parts & Attachments | Heavy Iron Supply Co.",Shop OEM-spec rubber tracks and undercarriage for the Komatsu PC07-7.,generated_default,review,import_seo_via_matrixify_or_generate-model-seo-csv
komatsu-pc07avancer,/pages/fitment/komatsu-pc07avancer,"Komatsu PC07AVANCER Rubber Tracks, Parts & Attachments | Heavy Iron Supply Co.",Shop OEM-spec rubber tracks and undercarriage for the Komatsu PC07AVANCER.,generated_default,review,import_seo_via_matrixify_or_generate-model-seo-csv
komatsu-pc07r,/pages/fitment/komatsu-pc07r,"Komatsu PC07R Rubber Tracks, Parts & Attachments | Heavy Iron Supply Co.",Shop OEM-spec rubber tracks and undercarriage for the Komatsu PC07R.,generated_default,review,import_seo_via_matrixify_or_generate-model-seo-csv
komatsu-pc12r-8,/pages/fitment/komatsu-pc12r-8,"Komatsu PC12R-8 Rubber Tracks, Parts & Attachments | Heavy Iron Supply Co.",Shop OEM-spec rubber tracks and undercarriage for the Komatsu PC12R-8.,generated_default,review,import_seo_via_matrixify_or_generate-model-seo-csv
komatsu-pc12rutility,/pages/fitment/komatsu-pc12rutility,"Komatsu PC12RUTILITY Rubber Tracks, Parts & Attachments | Heavy Iron Supply Co.",Shop OEM-spec rubber tracks and undercarriage for the Komatsu PC12RUTILITY.,generated_default,review,import_seo_via_matrixify_or_generate-model-seo-csv
komatsu-pc14r-2,/pages/fitment/komatsu-pc14r-2,"Komatsu PC14R-2 Rubber Tracks, Parts & Attachments | Heavy Iron Supply Co.",Shop OEM-spec rubber tracks and undercarriage for the Komatsu PC14R-2.,generated_default,review,import_seo_via_matrixify_or_generate-model-seo-csv
komatsu-pc15r,/pages/fitment/komatsu-pc15r,"Komatsu PC15R Rubber Tracks, Parts & Attachments | Heavy Iron Supply Co.",Shop OEM-spec rubber tracks and undercarriage for the Komatsu PC15R.,generated_default,review,import_seo_via_matrixify_or_generate-model-seo-csv
komatsu-pc15r-8,/pages/fitment/komatsu-pc15r-8,"Komatsu PC15R-8 Rubber Tracks, Parts & Attachments | Heavy Iron Supply Co.",Shop OEM-spec rubber tracks and undercarriage for the Komatsu PC15R-8.,generated_default,review,import_seo_via_matrixify_or_generate-model-seo-csv
komatsu-pc15rhs,/pages/fitment/komatsu-pc15rhs,"Komatsu PC15RHS Rubber Tracks, Parts & Attachments | Heavy Iron Supply Co.",Shop OEM-spec rubber tracks and undercarriage for the Komatsu PC15RHS.,generated_default,review,import_seo_via_matrixify_or_generate-model-seo-csv
komatsu-pc16r-2,/pages/fitment/komatsu-pc16r-2,"Komatsu PC16R-2 Rubber Tracks, Parts & Attachments | Heavy Iron Supply Co.",Shop OEM-spec rubber tracks and undercarriage for the Komatsu PC16R-2.,generated_default,review,import_seo_via_matrixify_or_generate-model-seo-csv
komatsu-pc18mr-2,/pages/fitment/komatsu-pc18mr-2,"Komatsu PC18MR-2 Rubber Tracks, Parts & Attachments | Heavy Iron Supply Co.",Shop OEM-spec rubber tracks and undercarriage for the Komatsu PC18MR-2.,generated_default,review,import_seo_via_matrixify_or_generate-model-seo-csv
komatsu-pc18mr-3,/pages/fitment/komatsu-pc18mr-3,"Komatsu PC18MR-3 Rubber Tracks, Parts & Attachments | Heavy Iron Supply Co.",Shop OEM-spec rubber tracks and undercarriage for the Komatsu PC18MR-3.,generated_default,review,import_seo_via_matrixify_or_generate-model-seo-csv
komatsu-pc20,/pages/fitment/komatsu-pc20,"Komatsu PC20 Rubber Tracks, Parts & Attachments | Heavy Iron Supply Co.",Shop OEM-spec rubber tracks and undercarriage for the Komatsu PC20.,generated_default,review,import_seo_via_matrixify_or_generate-model-seo-csv
komatsu-pc20-2,/pages/fitment/komatsu-pc20-2,"Komatsu PC202 Rubber Tracks, Parts & Attachments | Heavy Iron Supply Co.",Shop OEM-spec rubber tracks and undercarriage for the Komatsu PC202.,generated_default,review,import_seo_via_matrixify_or_generate-model-seo-csv
komatsu-pc20-6,/pages/fitment/komatsu-pc20-6,"Komatsu PC206 Rubber Tracks, Parts & Attachments | Heavy Iron Supply Co.",Shop OEM-spec rubber tracks and undercarriage for the Komatsu PC206.,generated_default,review,import_seo_via_matrixify_or_generate-model-seo-csv
komatsu-pc20-7,/pages/fitment/komatsu-pc20-7,"Komatsu PC207 Rubber Tracks, Parts & Attachments | Heavy Iron Supply Co.",Shop OEM-spec rubber tracks and undercarriage for the Komatsu PC207.,generated_default,review,import_seo_via_matrixify_or_generate-model-seo-csv
komatsu-pc20-mr-2,/pages/fitment/komatsu-pc20-mr-2,"Komatsu PC20MR2 Rubber Tracks, Parts & Attachments | Heavy Iron Supply Co.",Shop OEM-spec rubber tracks and undercarriage for the Komatsu PC20MR2.,generated_default,review,import_seo_via_matrixify_or_generate-model-seo-csv
komatsu-pc22mr-3,/pages/fitment/komatsu-pc22mr-3,"Komatsu PC22MR3 Rubber Tracks, Parts & Attachments | Heavy Iron Supply Co.",Shop OEM-spec rubber tracks and undercarriage for the Komatsu PC22MR3.,generated_default,review,import_seo_via_matrixify_or_generate-model-seo-csv
komatsu-pc25,/pages/fitment/komatsu-pc25,"Komatsu PC25 Rubber Tracks, Parts & Attachments | Heavy Iron Supply Co.",Shop OEM-spec rubber tracks and undercarriage for the Komatsu PC25.,generated_default,review,import_seo_via_matrixify_or_generate-model-seo-csv
komatsu-pc25-1,/pages/fitment/komatsu-pc25-1,"Komatsu PC251 Rubber Tracks, Parts & Attachments | Heavy Iron Supply Co.",Shop OEM-spec rubber tracks and undercarriage for the Komatsu PC251.,generated_default,review,import_seo_via_matrixify_or_generate-model-seo-csv
komatsu-pc25-7,/pages/fitment/komatsu-pc25-7,"Komatsu PC257 Rubber Tracks, Parts & Attachments | Heavy Iron Supply Co.",Shop OEM-spec rubber tracks and undercarriage for the Komatsu PC257.,generated_default,review,import_seo_via_matrixify_or_generate-model-seo-csv
komatsu-pc25r-8,/pages/fitment/komatsu-pc25r-8,"Komatsu PC25R8 Rubber Tracks, Parts & Attachments | Heavy Iron Supply Co.",Shop OEM-spec rubber tracks and undercarriage for the Komatsu PC25R8.,generated_default,review,import_seo_via_matrixify_or_generate-model-seo-csv
komatsu-pc26mr,/pages/fitment/komatsu-pc26mr,"Komatsu PC26MR Rubber Tracks, Parts & Attachments | Heavy Iron Supply Co.",Shop OEM-spec rubber tracks and undercarriage for the Komatsu PC26MR.,generated_default,review,import_seo_via_matrixify_or_generate-model-seo-csv
komatsu-pc26mr-3,/pages/fitment/komatsu-pc26mr-3,"Komatsu PC26MR3 Rubber Tracks, Parts & Attachments | Heavy Iron Supply Co.",Shop OEM-spec rubber tracks and undercarriage for the Komatsu PC26MR3.,generated_default,review,import_seo_via_matrixify_or_generate-model-seo-csv
komatsu-pc27mr,/pages/fitment/komatsu-pc27mr,"Komatsu PC27MR Rubber Tracks, Parts & Attachments | Heavy Iron Supply Co.",Shop OEM-spec rubber tracks and undercarriage for the Komatsu PC27MR.,generated_default,review,import_seo_via_matrixify_or_generate-model-seo-csv
komatsu-pc27mr-1,/pages/fitment/komatsu-pc27mr-1,"Komatsu PC27MR1 Rubber Tracks, Parts & Attachments | Heavy Iron Supply Co.",Shop OEM-spec rubber tracks and undercarriage for the Komatsu PC27MR1.,generated_default,review,import_seo_via_matrixify_or_generate-model-seo-csv
komatsu-pc27mr-2,/pages/fitment/komatsu-pc27mr-2,"Komatsu PC27MR2 Rubber Tracks, Parts & Attachments | Heavy Iron Supply Co.",Shop OEM-spec rubber tracks and undercarriage for the Komatsu PC27MR2.,generated_default,review,import_seo_via_matrixify_or_generate-model-seo-csv
komatsu-pc27mr-3,/pages/fitment/komatsu-pc27mr-3,"Komatsu PC27MR3 Rubber Tracks, Parts & Attachments | Heavy Iron Supply Co.",Shop OEM-spec rubber tracks and undercarriage for the Komatsu PC27MR3.,generated_default,review,import_seo_via_matrixify_or_generate-model-seo-csv
komatsu-pc27r-8,/pages/fitment/komatsu-pc27r-8,"Komatsu PC27R8 Rubber Tracks, Parts & Attachments | Heavy Iron Supply Co.",Shop OEM-spec rubber tracks and undercarriage for the Komatsu PC27R8.,generated_default,review,import_seo_via_matrixify_or_generate-model-seo-csv
komatsu-pc28,/pages/fitment/komatsu-pc28,"Komatsu PC28 Rubber Tracks, Parts & Attachments | Heavy Iron Supply Co.",Shop OEM-spec rubber tracks and undercarriage for the Komatsu PC28.,generated_default,review,import_seo_via_matrixify_or_generate-model-seo-csv
komatsu-pc28uu,/pages/fitment/komatsu-pc28uu,"Komatsu PC28UU Rubber Tracks, Parts & Attachments | Heavy Iron Supply Co.",Shop OEM-spec rubber tracks and undercarriage for the Komatsu PC28UU.,generated_default,review,import_seo_via_matrixify_or_generate-model-seo-csv
komatsu-pc28uu-1,/pages/fitment/komatsu-pc28uu-1,"Komatsu PC28UU1 Rubber Tracks, Parts & Attachments | Heavy Iron Supply Co.",Shop OEM-spec rubber tracks and undercarriage for the Komatsu PC28UU1.,generated_default,review,import_seo_via_matrixify_or_generate-model-seo-csv
komatsu-pc28uu-2,/pages/fitment/komatsu-pc28uu-2,"Komatsu PC28UU2 Rubber Tracks, Parts & Attachments | Heavy Iron Supply Co.",Shop OEM-spec rubber tracks and undercarriage for the Komatsu PC28UU2.,generated_default,review,import_seo_via_matrixify_or_generate-model-seo-csv
komatsu-pc28uu-3,/pages/fitment/komatsu-pc28uu-3,"Komatsu PC28UU3 Rubber Tracks, Parts & Attachments | Heavy Iron Supply Co.",Shop OEM-spec rubber tracks and undercarriage for the Komatsu PC28UU3.,generated_default,review,import_seo_via_matrixify_or_generate-model-seo-csv
komatsu-pc30,/pages/fitment/komatsu-pc30,"Komatsu PC30 Rubber Tracks, Parts & Attachments | Heavy Iron Supply Co.",Shop OEM-spec rubber tracks and undercarriage for the Komatsu PC30.,generated_default,review,import_seo_via_matrixify_or_generate-model-seo-csv
komatsu-pc30-6,/pages/fitment/komatsu-pc30-6,"Komatsu PC306 Rubber Tracks, Parts & Attachments | Heavy Iron Supply Co.",Shop OEM-spec rubber tracks and undercarriage for the Komatsu PC306.,generated_default,review,import_seo_via_matrixify_or_generate-model-seo-csv
komatsu-pc30-7,/pages/fitment/komatsu-pc30-7,"Komatsu PC307 Rubber Tracks, Parts & Attachments | Heavy Iron Supply Co.",Shop OEM-spec rubber tracks and undercarriage for the Komatsu PC307.,generated_default,review,import_seo_via_matrixify_or_generate-model-seo-csv
komatsu-pc30mr,/pages/fitment/komatsu-pc30mr,"Komatsu PC30MR Rubber Tracks, Parts & Attachments | Heavy Iron Supply Co.",Shop OEM-spec rubber tracks and undercarriage for the Komatsu PC30MR.,generated_default,review,import_seo_via_matrixify_or_generate-model-seo-csv
komatsu-pc30mr-1,/pages/fitment/komatsu-pc30mr-1,"Komatsu PC30MR-1 Rubber Tracks, Parts & Attachments | Heavy Iron Supply Co.",Shop OEM-spec rubber tracks and undercarriage for the Komatsu PC30MR-1.,generated_default,review,import_seo_via_matrixify_or_generate-model-seo-csv
komatsu-pc30mr-2,/pages/fitment/komatsu-pc30mr-2,"Komatsu PC30MR2 Rubber Tracks, Parts & Attachments | Heavy Iron Supply Co.",Shop OEM-spec rubber tracks and undercarriage for the Komatsu PC30MR2.,generated_default,review,import_seo_via_matrixify_or_generate-model-seo-csv
komatsu-pc30mr-3,/pages/fitment/komatsu-pc30mr-3,"Komatsu PC30MR3 Rubber Tracks, Parts & Attachments | Heavy Iron Supply Co.",Shop OEM-spec rubber tracks and undercarriage for the Komatsu PC30MR3.,generated_default,review,import_seo_via_matrixify_or_generate-model-seo-csv
komatsu-pc30r-8,/pages/fitment/komatsu-pc30r-8,"Komatsu PC30R8 Rubber Tracks, Parts & Attachments | Heavy Iron Supply Co.",Shop OEM-spec rubber tracks and undercarriage for the Komatsu PC30R8.,generated_default,review,import_seo_via_matrixify_or_generate-model-seo-csv
komatsu-pc-35mr,/pages/fitment/komatsu-pc-35mr,"Komatsu PC35MR Rubber Tracks, Parts & Attachments | Heavy Iron Supply Co.",Shop OEM-spec rubber tracks and undercarriage for the Komatsu PC35MR.,generated_default,review,import_seo_via_matrixify_or_generate-model-seo-csv
komatsu-pc35mr-1,/pages/fitment/komatsu-pc35mr-1,"Komatsu PC35MR1 Rubber Tracks, Parts & Attachments | Heavy Iron Supply Co.",Shop OEM-spec rubber tracks and undercarriage for the Komatsu PC35MR1.,generated_default,review,import_seo_via_matrixify_or_generate-model-seo-csv
komatsu-pc35mr-2,/pages/fitment/komatsu-pc35mr-2,"Komatsu PC35MR2 Rubber Tracks, Parts & Attachments | Heavy Iron Supply Co.",Shop OEM-spec rubber tracks and undercarriage for the Komatsu PC35MR2.,generated_default,review,import_seo_via_matrixify_or_generate-model-seo-csv
komatsu-pc35mr-3,/pages/fitment/komatsu-pc35mr-3,"Komatsu PC35MR3 Rubber Tracks, Parts & Attachments | Heavy Iron Supply Co.",Shop OEM-spec rubber tracks and undercarriage for the Komatsu PC35MR3.,generated_default,review,import_seo_via_matrixify_or_generate-model-seo-csv
komatsu-pc35r,/pages/fitment/komatsu-pc35r,"Komatsu PC35R Rubber Tracks, Parts & Attachments | Heavy Iron Supply Co.",Shop OEM-spec rubber tracks and undercarriage for the Komatsu PC35R.,generated_default,review,import_seo_via_matrixify_or_generate-model-seo-csv
komatsu-pc35r-8,/pages/fitment/komatsu-pc35r-8,"Komatsu PC35R8 Rubber Tracks, Parts & Attachments | Heavy Iron Supply Co.",Shop OEM-spec rubber tracks and undercarriage for the Komatsu PC35R8.,generated_default,review,import_seo_via_matrixify_or_generate-model-seo-csv
komatsu-pc40mr-3,/pages/fitment/komatsu-pc40mr-3,"Komatsu PC40MR3 Rubber Tracks, Parts & Attachments | Heavy Iron Supply Co.",Shop OEM-spec rubber tracks and undercarriage for the Komatsu PC40MR3.,generated_default,review,import_seo_via_matrixify_or_generate-model-seo-csv
komatsu-pc-45mr,/pages/fitment/komatsu-pc-45mr,"Komatsu PC45MR Rubber Tracks, Parts & Attachments | Heavy Iron Supply Co.",Shop OEM-spec rubber tracks and undercarriage for the Komatsu PC45MR.,generated_default,review,import_seo_via_matrixify_or_generate-model-seo-csv
komatsu-pc-45mr-1,/pages/fitment/komatsu-pc-45mr-1,"Komatsu PC45MR1 Rubber Tracks, Parts & Attachments | Heavy Iron Supply Co.",Shop OEM-spec rubber tracks and undercarriage for the Komatsu PC45MR1.,generated_default,review,import_seo_via_matrixify_or_generate-model-seo-csv
komatsu-pc-45mr-2,/pages/fitment/komatsu-pc-45mr-2,"Komatsu PC45MR2 Rubber Tracks, Parts & Attachments | Heavy Iron Supply Co.",Shop OEM-spec rubber tracks and undercarriage for the Komatsu PC45MR2.,generated_default,review,import_seo_via_matrixify_or_generate-model-seo-csv
komatsu-pc45mr-3,/pages/fitment/komatsu-pc45mr-3,"Komatsu PC45MR3 Rubber Tracks, Parts & Attachments | Heavy Iron Supply Co.",Shop OEM-spec rubber tracks and undercarriage for the Komatsu PC45MR3.,generated_default,review,import_seo_via_matrixify_or_generate-model-seo-csv
komatsu-pc45mr-5,/pages/fitment/komatsu-pc45mr-5,"Komatsu PC45MR5 Rubber Tracks, Parts & Attachments | Heavy Iron Supply Co.",Shop OEM-spec rubber tracks and undercarriage for the Komatsu PC45MR5.,generated_default,review,import_seo_via_matrixify_or_generate-model-seo-csv
komatsu-pc50fr-2,/pages/fitment/komatsu-pc50fr-2,"Komatsu PC50FR2 Rubber Tracks, Parts & Attachments | Heavy Iron Supply Co.",Shop OEM-spec rubber tracks and undercarriage for the Komatsu PC50FR2.,generated_default,review,import_seo_via_matrixify_or_generate-model-seo-csv
komatsu-pc-50m-2,/pages/fitment/komatsu-pc-50m-2,"Komatsu PC50M2 Rubber Tracks, Parts & Attachments | Heavy Iron Supply Co.",Shop OEM-spec rubber tracks and undercarriage for the Komatsu PC50M2.,generated_default,review,import_seo_via_matrixify_or_generate-model-seo-csv
komatsu-pc-50mr,/pages/fitment/komatsu-pc-50mr,"Komatsu PC50MR Rubber Tracks, Parts & Attachments | Heavy Iron Supply Co.",Shop OEM-spec rubber tracks and undercarriage for the Komatsu PC50MR.,generated_default,review,import_seo_via_matrixify_or_generate-model-seo-csv
komatsu-pc50mr-2,/pages/fitment/komatsu-pc50mr-2,"Komatsu PC50MR2 Rubber Tracks, Parts & Attachments | Heavy Iron Supply Co.",Shop OEM-spec rubber tracks and undercarriage for the Komatsu PC50MR2.,generated_default,review,import_seo_via_matrixify_or_generate-model-seo-csv
komatsu-pc-50uu-1,/pages/fitment/komatsu-pc-50uu-1,"Komatsu PC50UU1 Rubber Tracks, Parts & Attachments | Heavy Iron Supply Co.",Shop OEM-spec rubber tracks and undercarriage for the Komatsu PC50UU1.,generated_default,review,import_seo_via_matrixify_or_generate-model-seo-csv
komatsu-pc55mr-2,/pages/fitment/komatsu-pc55mr-2,"Komatsu PC55MR2 Rubber Tracks, Parts & Attachments | Heavy Iron Supply Co.",Shop OEM-spec rubber tracks and undercarriage for the Komatsu PC55MR2.,generated_default,review,import_seo_via_matrixify_or_generate-model-seo-csv
komatsu-pc55mr-3,/pages/fitment/komatsu-pc55mr-3,"Komatsu PC55MR3 Rubber Tracks, Parts & Attachments | Heavy Iron Supply Co.",Shop OEM-spec rubber tracks and undercarriage for the Komatsu PC55MR3.,generated_default,review,import_seo_via_matrixify_or_generate-model-seo-csv
komatsu-pc55mr-4,/pages/fitment/komatsu-pc55mr-4,"Komatsu PC55MR4 Rubber Tracks, Parts & Attachments | Heavy Iron Supply Co.",Shop OEM-spec rubber tracks and undercarriage for the Komatsu PC55MR4.,generated_default,review,import_seo_via_matrixify_or_generate-model-seo-csv
komatsu-pc55mr-5,/pages/fitment/komatsu-pc55mr-5,"Komatsu PC55MR5 Rubber Tracks, Parts & Attachments | Heavy Iron Supply Co.",Shop OEM-spec rubber tracks and undercarriage for the Komatsu PC55MR5.,generated_default,review,import_seo_via_matrixify_or_generate-model-seo-csv
komatsu-pc-58uu-3,/pages/fitment/komatsu-pc-58uu-3,"Komatsu PC58UU3 Rubber Tracks, Parts & Attachments | Heavy Iron Supply Co.",Shop OEM-spec rubber tracks and undercarriage for the Komatsu PC58UU3.,generated_default,review,import_seo_via_matrixify_or_generate-model-seo-csv
komatsu-pc-58uu-x,/pages/fitment/komatsu-pc-58uu-x,"Komatsu PC58UUX Rubber Tracks, Parts & Attachments | Heavy Iron Supply Co.",Shop OEM-spec rubber tracks and undercarriage for the Komatsu PC58UUX.,generated_default,review,import_seo_via_matrixify_or_generate-model-seo-csv
komatsu-pc-60,/pages/fitment/komatsu-pc-60,"Komatsu PC60 Rubber Tracks, Parts & Attachments | Heavy Iron Supply Co.",Shop OEM-spec rubber tracks and undercarriage for the Komatsu PC60.,generated_default,review,import_seo_via_matrixify_or_generate-model-seo-csv
komatsu-pc-60-5,/pages/fitment/komatsu-pc-60-5,"Komatsu PC605 Rubber Tracks, Parts & Attachments | Heavy Iron Supply Co.",Shop OEM-spec rubber tracks and undercarriage for the Komatsu PC605.,generated_default,review,import_seo_via_matrixify_or_generate-model-seo-csv
komatsu-pc-78mr-6,/pages/fitment/komatsu-pc-78mr-6,"Komatsu PC78MR6 Rubber Tracks, Parts & Attachments | Heavy Iron Supply Co.",Shop OEM-spec rubber tracks and undercarriage for the Komatsu PC78MR6.,generated_default,review,import_seo_via_matrixify_or_generate-model-seo-csv
komatsu-pc-78n,/pages/fitment/komatsu-pc-78n,"Komatsu PC78N Rubber Tracks, Parts & Attachments | Heavy Iron Supply Co.",Shop OEM-spec rubber tracks and undercarriage for the Komatsu PC78N.,generated_default,review,import_seo_via_matrixify_or_generate-model-seo-csv
komatsu-pc-80mr,/pages/fitment/komatsu-pc-80mr,"Komatsu PC80MR Rubber Tracks, Parts & Attachments | Heavy Iron Supply Co.",Shop OEM-spec rubber tracks and undercarriage for the Komatsu PC80MR.,generated_default,review,import_seo_via_matrixify_or_generate-model-seo-csv
komatsu-pc-88mr,/pages/fitment/komatsu-pc-88mr,"Komatsu PC88MR Rubber Tracks, Parts & Attachments | Heavy Iron Supply Co.",Shop OEM-spec rubber tracks and undercarriage for the Komatsu PC88MR.,generated_default,review,import_seo_via_matrixify_or_generate-model-seo-csv
komatsu-pc-88mr-10,/pages/fitment/komatsu-pc-88mr-10,"Komatsu PC88MR10 Rubber Tracks, Parts & Attachments | Heavy Iron Supply Co.",Shop OEM-spec rubber tracks and undercarriage for the Komatsu PC88MR10.,generated_default,review,import_seo_via_matrixify_or_generate-model-seo-csv
komatsu-pc-88mr-6,/pages/fitment/komatsu-pc-88mr-6,"Komatsu PC88MR6 Rubber Tracks, Parts & Attachments | Heavy Iron Supply Co.",Shop OEM-spec rubber tracks and undercarriage for the Komatsu PC88MR6.,generated_default,review,import_seo_via_matrixify_or_generate-model-seo-csv
komatsu-pc-88mr-8,/pages/fitment/komatsu-pc-88mr-8,"Komatsu PC88MR8 Rubber Tracks, Parts & Attachments | Heavy Iron Supply Co.",Shop OEM-spec rubber tracks and undercarriage for the Komatsu PC88MR8.,generated_default,review,import_seo_via_matrixify_or_generate-model-seo-csv
kubota-k-008,/pages/fitment/kubota-k-008,"Kubota K008 Rubber Tracks, Parts & Attachments | Heavy Iron Supply Co.",Shop OEM-spec rubber tracks and undercarriage for the Kubota K008.,generated_default,review,import_seo_via_matrixify_or_generate-model-seo-csv
kubota-k-008-2,/pages/fitment/kubota-k-008-2,"Kubota K008-2 Rubber Tracks, Parts & Attachments | Heavy Iron Supply Co.",Shop OEM-spec rubber tracks and undercarriage for the Kubota K008-2.,generated_default,review,import_seo_via_matrixify_or_generate-model-seo-csv
kubota-k-008-3,/pages/fitment/kubota-k-008-3,"Kubota K008-3 Rubber Tracks, Parts & Attachments | Heavy Iron Supply Co.",Shop OEM-spec rubber tracks and undercarriage for the Kubota K008-3.,generated_default,review,import_seo_via_matrixify_or_generate-model-seo-csv
kubota-k-008dh,/pages/fitment/kubota-k-008dh,"Kubota K008DH Rubber Tracks, Parts & Attachments | Heavy Iron Supply Co.",Shop OEM-spec rubber tracks and undercarriage for the Kubota K008DH.,generated_default,review,import_seo_via_matrixify_or_generate-model-seo-csv
kubota-k-028,/pages/fitment/kubota-k-028,"Kubota K028 Rubber Tracks, Parts & Attachments | Heavy Iron Supply Co.",Shop OEM-spec rubber tracks and undercarriage for the Kubota K028.,generated_default,review,import_seo_via_matrixify_or_generate-model-seo-csv
kubota-k-030,/pages/fitment/kubota-k-030,"Kubota K030 Rubber Tracks, Parts & Attachments | Heavy Iron Supply Co.",Shop OEM-spec rubber tracks and undercarriage for the Kubota K030.,generated_default,review,import_seo_via_matrixify_or_generate-model-seo-csv
kubota-k-030-3,/pages/fitment/kubota-k-030-3,"Kubota K030-3 Rubber Tracks, Parts & Attachments | Heavy Iron Supply Co.",Shop OEM-spec rubber tracks and undercarriage for the Kubota K030-3.,generated_default,review,import_seo_via_matrixify_or_generate-model-seo-csv
kubota-k-035,/pages/fitment/kubota-k-035,"Kubota K035 Rubber Tracks, Parts & Attachments | Heavy Iron Supply Co.",Shop OEM-spec rubber tracks and undercarriage for the Kubota K035.,generated_default,review,import_seo_via_matrixify_or_generate-model-seo-csv
kubota-k-035-3,/pages/fitment/kubota-k-035-3,"Kubota K035-3 Rubber Tracks, Parts & Attachments | Heavy Iron Supply Co.",Shop OEM-spec rubber tracks and undercarriage for the Kubota K035-3.,generated_default,review,import_seo_via_matrixify_or_generate-model-seo-csv
kubota-k-038,/pages/fitment/kubota-k-038,"Kubota K038 Rubber Tracks, Parts & Attachments | Heavy Iron Supply Co.",Shop OEM-spec rubber tracks and undercarriage for the Kubota K038.,generated_default,review,import_seo_via_matrixify_or_generate-model-seo-csv
kubota-k-040,/pages/fitment/kubota-k-040,"Kubota K040 Rubber Tracks, Parts & Attachments | Heavy Iron Supply Co.",Shop OEM-spec rubber tracks and undercarriage for the Kubota K040.,generated_default,review,import_seo_via_matrixify_or_generate-model-seo-csv
kubota-k-045,/pages/fitment/kubota-k-045,"Kubota K045 Rubber Tracks, Parts & Attachments | Heavy Iron Supply Co.",Shop OEM-spec rubber tracks and undercarriage for the Kubota K045.,generated_default,review,import_seo_via_matrixify_or_generate-model-seo-csv
kubota-kh040,/pages/fitment/kubota-kh040,"Kubota KH040 Rubber Tracks, Parts & Attachments | Heavy Iron Supply Co.",Shop OEM-spec rubber tracks and undercarriage for the Kubota KH040.,generated_default,review,import_seo_via_matrixify_or_generate-model-seo-csv
kubota-kh055,/pages/fitment/kubota-kh055,"Kubota KH055 Rubber Tracks, Parts & Attachments | Heavy Iron Supply Co.",Shop OEM-spec rubber tracks and undercarriage for the Kubota KH055.,generated_default,review,import_seo_via_matrixify_or_generate-model-seo-csv
kubota-kh-90,/pages/fitment/kubota-kh-90,"Kubota KH90 Rubber Tracks, Parts & Attachments | Heavy Iron Supply Co.",Shop OEM-spec rubber tracks and undercarriage for the Kubota KH90.,generated_default,review,import_seo_via_matrixify_or_generate-model-seo-csv
kubota-kh-91,/pages/fitment/kubota-kh-91,"Kubota KH91 Rubber Tracks, Parts & Attachments | Heavy Iron Supply Co.",Shop OEM-spec rubber tracks and undercarriage for the Kubota KH91.,generated_default,review,import_seo_via_matrixify_or_generate-model-seo-csv
kubota-kx040-5,/pages/fitment/kubota-kx040-5,"Kubota KX-040-5 Rubber Tracks, Parts & Attachments | Heavy Iron Supply Co.",Shop OEM-spec rubber tracks and undercarriage for the Kubota KX-040-5.,generated_default,review,import_seo_via_matrixify_or_generate-model-seo-csv
kubota-kx018-4,/pages/fitment/kubota-kx018-4,"Kubota KX018-4 Rubber Tracks, Parts & Attachments | Heavy Iron Supply Co.",Shop OEM-spec rubber tracks and undercarriage for the Kubota KX018-4.,generated_default,review,import_seo_via_matrixify_or_generate-model-seo-csv
kubota-kx-027,/pages/fitment/kubota-kx-027,"Kubota KX027 Rubber Tracks, Parts & Attachments | Heavy Iron Supply Co.",Shop OEM-spec rubber tracks and undercarriage for the Kubota KX027.,generated_default,review,import_seo_via_matrixify_or_generate-model-seo-csv
kubota-kx030-4,/pages/fitment/kubota-kx030-4,"Kubota KX030-4 Rubber Tracks, Parts & Attachments | Heavy Iron Supply Co.",Shop OEM-spec rubber tracks and undercarriage for the Kubota KX030-4.,generated_default,review,import_seo_via_matrixify_or_generate-model-seo-csv
kubota-kx033-4,/pages/fitment/kubota-kx033-4,"Kubota KX033-4 Rubber Tracks, Parts & Attachments | Heavy Iron Supply Co.",Shop OEM-spec rubber tracks and undercarriage for the Kubota KX033-4.,generated_default,review,import_seo_via_matrixify_or_generate-model-seo-csv
kubota-kx035,/pages/fitment/kubota-kx035,"Kubota KX035 Rubber Tracks, Parts & Attachments | Heavy Iron Supply Co.",Shop OEM-spec rubber tracks and undercarriage for the Kubota KX035.,generated_default,review,import_seo_via_matrixify_or_generate-model-seo-csv
kubota-kx040,/pages/fitment/kubota-kx040,"Kubota KX040 Rubber Tracks, Parts & Attachments | Heavy Iron Supply Co.",Shop OEM-spec rubber tracks and undercarriage for the Kubota KX040.,generated_default,review,import_seo_via_matrixify_or_generate-model-seo-csv
kubota-kx040-4,/pages/fitment/kubota-kx040-4,"Kubota KX040-4 Rubber Tracks, Parts & Attachments | Heavy Iron Supply Co.",Shop OEM-spec rubber tracks and undercarriage for the Kubota KX040-4.,generated_default,review,import_seo_via_matrixify_or_generate-model-seo-csv
kubota-kx041,/pages/fitment/kubota-kx041,"Kubota KX041 Rubber Tracks, Parts & Attachments | Heavy Iron Supply Co.",Shop OEM-spec rubber tracks and undercarriage for the Kubota KX041.,generated_default,review,import_seo_via_matrixify_or_generate-model-seo-csv
kubota-kx-045,/pages/fitment/kubota-kx-045,"Kubota KX045 Rubber Tracks, Parts & Attachments | Heavy Iron Supply Co.",Shop OEM-spec rubber tracks and undercarriage for the Kubota KX045.,generated_default,review,import_seo_via_matrixify_or_generate-model-seo-csv
kubota-kx057-4,/pages/fitment/kubota-kx057-4,"Kubota KX057-4 Rubber Tracks, Parts & Attachments | Heavy Iron Supply Co.",Shop OEM-spec rubber tracks and undercarriage for the Kubota KX057-4.,generated_default,review,import_seo_via_matrixify_or_generate-model-seo-csv
kubota-kx057-5,/pages/fitment/kubota-kx057-5,"Kubota KX057-5 Rubber Tracks, Parts & Attachments | Heavy Iron Supply Co.",Shop OEM-spec rubber tracks and undercarriage for the Kubota KX057-5.,generated_default,review,import_seo_via_matrixify_or_generate-model-seo-csv
kubota-kx080,/pages/fitment/kubota-kx080,"Kubota KX080 Rubber Tracks, Parts & Attachments | Heavy Iron Supply Co.",Shop OEM-spec rubber tracks and undercarriage for the Kubota KX080.,generated_default,review,import_seo_via_matrixify_or_generate-model-seo-csv
kubota-kx080-3,/pages/fitment/kubota-kx080-3,"Kubota KX080-3 Rubber Tracks, Parts & Attachments | Heavy Iron Supply Co.",Shop OEM-spec rubber tracks and undercarriage for the Kubota KX080-3.,generated_default,review,import_seo_via_matrixify_or_generate-model-seo-csv
kubota-kx080-4,/pages/fitment/kubota-kx080-4,"Kubota KX080-4 Rubber Tracks, Parts & Attachments | Heavy Iron Supply Co.",Shop OEM-spec rubber tracks and undercarriage for the Kubota KX080-4.,generated_default,review,import_seo_via_matrixify_or_generate-model-seo-csv
kubota-kx080-4s,/pages/fitment/kubota-kx080-4s,"Kubota KX080-4S Rubber Tracks, Parts & Attachments | Heavy Iron Supply Co.",Shop OEM-spec rubber tracks and undercarriage for the Kubota KX080-4S.,generated_default,review,import_seo_via_matrixify_or_generate-model-seo-csv
kubota-kx-101,/pages/fitment/kubota-kx-101,"Kubota KX101 Rubber Tracks, Parts & Attachments | Heavy Iron Supply Co.",Shop OEM-spec rubber tracks and undercarriage for the Kubota KX101.,generated_default,review,import_seo_via_matrixify_or_generate-model-seo-csv
kubota-kx-101-3,/pages/fitment/kubota-kx-101-3,"Kubota KX101-3 Rubber Tracks, Parts & Attachments | Heavy Iron Supply Co.",Shop OEM-spec rubber tracks and undercarriage for the Kubota KX101-3.,generated_default,review,import_seo_via_matrixify_or_generate-model-seo-csv
kubota-kx121-2,/pages/fitment/kubota-kx121-2,"Kubota KX121-2 Rubber Tracks, Parts & Attachments | Heavy Iron Supply Co.",Shop OEM-spec rubber tracks and undercarriage for the Kubota KX121-2.,generated_default,review,import_seo_via_matrixify_or_generate-model-seo-csv
kubota-kx-121-2s,/pages/fitment/kubota-kx-121-2s,"Kubota KX121-2S Rubber Tracks, Parts & Attachments | Heavy Iron Supply Co.",Shop OEM-spec rubber tracks and undercarriage for the Kubota KX121-2S.,generated_default,review,import_seo_via_matrixify_or_generate-model-seo-csv
kubota-kx121-3,/pages/fitment/kubota-kx121-3,"Kubota KX121-3 Rubber Tracks, Parts & Attachments | Heavy Iron Supply Co.",Shop OEM-spec rubber tracks and undercarriage for the Kubota KX121-3.,generated_default,review,import_seo_via_matrixify_or_generate-model-seo-csv
kubota-kx161-2,/pages/fitment/kubota-kx161-2,"Kubota KX161-2 Rubber Tracks, Parts & Attachments | Heavy Iron Supply Co.",Shop OEM-spec rubber tracks and undercarriage for the Kubota KX161-2.,generated_default,review,import_seo_via_matrixify_or_generate-model-seo-csv
kubota-kx-161-2s,/pages/fitment/kubota-kx-161-2s,"Kubota KX161-2S Rubber Tracks, Parts & Attachments | Heavy Iron Supply Co.",Shop OEM-spec rubber tracks and undercarriage for the Kubota KX161-2S.,generated_default,review,import_seo_via_matrixify_or_generate-model-seo-csv
kubota-kx161-3,/pages/fitment/kubota-kx161-3,"Kubota KX161-3 Rubber Tracks, Parts & Attachments | Heavy Iron Supply Co.",Shop OEM-spec rubber tracks and undercarriage for the Kubota KX161-3.,generated_default,review,import_seo_via_matrixify_or_generate-model-seo-csv
kubota-kx41-3,/pages/fitment/kubota-kx41-3,"Kubota KX41-3 Rubber Tracks, Parts & Attachments | Heavy Iron Supply Co.",Shop OEM-spec rubber tracks and undercarriage for the Kubota KX41-3.,generated_default,review,import_seo_via_matrixify_or_generate-model-seo-csv
kubota-kx41-3v,/pages/fitment/kubota-kx41-3v,"Kubota KX41-3V Rubber Tracks, Parts & Attachments | Heavy Iron Supply Co.",Shop OEM-spec rubber tracks and undercarriage for the Kubota KX41-3V.,generated_default,review,import_seo_via_matrixify_or_generate-model-seo-csv
kubota-kx-61-2,/pages/fitment/kubota-kx-61-2,"Kubota KX61-2 Rubber Tracks, Parts & Attachments | Heavy Iron Supply Co.",Shop OEM-spec rubber tracks and undercarriage for the Kubota KX61-2.,generated_default,review,import_seo_via_matrixify_or_generate-model-seo-csv
kubota-kx-61-2s,/pages/fitment/kubota-kx-61-2s,"Kubota KX61-2S Rubber Tracks, Parts & Attachments | Heavy Iron Supply Co.",Shop OEM-spec rubber tracks and undercarriage for the Kubota KX61-2S.,generated_default,review,import_seo_via_matrixify_or_generate-model-seo-csv
kubota-kx-61-3,/pages/fitment/kubota-kx-61-3,"Kubota KX61-3 Rubber Tracks, Parts & Attachments | Heavy Iron Supply Co.",Shop OEM-spec rubber tracks and undercarriage for the Kubota KX61-3.,generated_default,review,import_seo_via_matrixify_or_generate-model-seo-csv
kubota-kx71,/pages/fitment/kubota-kx71,"Kubota KX71 Rubber Tracks, Parts & Attachments | Heavy Iron Supply Co.",Shop OEM-spec rubber tracks and undercarriage for the Kubota KX71.,generated_default,review,import_seo_via_matrixify_or_generate-model-seo-csv
kubota-kx-71-2,/pages/fitment/kubota-kx-71-2,"Kubota KX71-2 Rubber Tracks, Parts & Attachments | Heavy Iron Supply Co.",Shop OEM-spec rubber tracks and undercarriage for the Kubota KX71-2.,generated_default,review,import_seo_via_matrixify_or_generate-model-seo-csv
kubota-kx71-3,/pages/fitment/kubota-kx71-3,"Kubota KX71-3 Rubber Tracks, Parts & Attachments | Heavy Iron Supply Co.",Shop OEM-spec rubber tracks and undercarriage for the Kubota KX71-3.,generated_default,review,import_seo_via_matrixify_or_generate-model-seo-csv
kubota-kx71-3s,/pages/fitment/kubota-kx71-3s,"Kubota KX71-3S Rubber Tracks, Parts & Attachments | Heavy Iron Supply Co.",Shop OEM-spec rubber tracks and undercarriage for the Kubota KX71-3S.,generated_default,review,import_seo_via_matrixify_or_generate-model-seo-csv
kubota-kx91,/pages/fitment/kubota-kx91,"Kubota KX91 Rubber Tracks, Parts & Attachments | Heavy Iron Supply Co.",Shop OEM-spec rubber tracks and undercarriage for the Kubota KX91.,generated_default,review,import_seo_via_matrixify_or_generate-model-seo-csv
kubota-kx91-2,/pages/fitment/kubota-kx91-2,"Kubota KX91-2 Rubber Tracks, Parts & Attachments | Heavy Iron Supply Co.",Shop OEM-spec rubber tracks and undercarriage for the Kubota KX91-2.,generated_default,review,import_seo_via_matrixify_or_generate-model-seo-csv
kubota-kx-91-2s,/pages/fitment/kubota-kx-91-2s,"Kubota KX91-2S Rubber Tracks, Parts & Attachments | Heavy Iron Supply Co.",Shop OEM-spec rubber tracks and undercarriage for the Kubota KX91-2S.,generated_default,review,import_seo_via_matrixify_or_generate-model-seo-csv
kubota-kx91-3,/pages/fitment/kubota-kx91-3,"Kubota KX91-3 Rubber Tracks, Parts & Attachments | Heavy Iron Supply Co.",Shop OEM-spec rubber tracks and undercarriage for the Kubota KX91-3.,generated_default,review,import_seo_via_matrixify_or_generate-model-seo-csv
kubota-rx141,/pages/fitment/kubota-rx141,"Kubota RX141 Rubber Tracks, Parts & Attachments | Heavy Iron Supply Co.",Shop OEM-spec rubber tracks and undercarriage for the Kubota RX141.,generated_default,review,import_seo_via_matrixify_or_generate-model-seo-csv
kubota-scl1000,/pages/fitment/kubota-scl1000,"Kubota SCL1000 Rubber Tracks, Parts & Attachments | Heavy Iron Supply Co.",Shop OEM-spec rubber tracks and undercarriage for the Kubota SCL1000.,generated_default,review,import_seo_via_matrixify_or_generate-model-seo-csv
kubota-svl65,/pages/fitment/kubota-svl65,"Kubota SVL65 Rubber Tracks, Parts & Attachments | Heavy Iron Supply Co.",Shop OEM-spec rubber tracks and undercarriage for the Kubota SVL65.,generated_default,review,import_seo_via_matrixify_or_generate-model-seo-csv
kubota-svl65-2,/pages/fitment/kubota-svl65-2,"Kubota SVL65-2 Rubber Tracks, Parts & Attachments | Heavy Iron Supply Co.",Shop OEM-spec rubber tracks and undercarriage for the Kubota SVL65-2.,generated_default,review,import_seo_via_matrixify_or_generate-model-seo-csv
kubota-svl75,/pages/fitment/kubota-svl75,"Kubota SVL75 Rubber Tracks, Parts & Attachments | Heavy Iron Supply Co.",Shop OEM-spec rubber tracks and undercarriage for the Kubota SVL75.,generated_default,review,import_seo_via_matrixify_or_generate-model-seo-csv
kubota-svl75-2,/pages/fitment/kubota-svl75-2,"Kubota SVL75-2 Rubber Tracks, Parts & Attachments | Heavy Iron Supply Co.",Shop OEM-spec rubber tracks and undercarriage for the Kubota SVL75-2.,generated_default,review,import_seo_via_matrixify_or_generate-model-seo-csv
kubota-svl75-3,/pages/fitment/kubota-svl75-3,"Kubota SVL75-3 Rubber Tracks, Parts & Attachments | Heavy Iron Supply Co.",Shop OEM-spec rubber tracks and undercarriage for the Kubota SVL75-3.,generated_default,review,import_seo_via_matrixify_or_generate-model-seo-csv
kubota-svl75c,/pages/fitment/kubota-svl75c,"Kubota SVL75C Rubber Tracks, Parts & Attachments | Heavy Iron Supply Co.",Shop OEM-spec rubber tracks and undercarriage for the Kubota SVL75C.,generated_default,review,import_seo_via_matrixify_or_generate-model-seo-csv
kubota-svl90-2,/pages/fitment/kubota-svl90-2,"Kubota SVL90-2 Rubber Tracks, Parts & Attachments | Heavy Iron Supply Co.",Shop OEM-spec rubber tracks and undercarriage for the Kubota SVL90-2.,generated_default,review,import_seo_via_matrixify_or_generate-model-seo-csv
kubota-svl95-2,/pages/fitment/kubota-svl95-2,"Kubota SVL95-2 Rubber Tracks, Parts & Attachments | Heavy Iron Supply Co.",Shop OEM-spec rubber tracks and undercarriage for the Kubota SVL95-2.,generated_default,review,import_seo_via_matrixify_or_generate-model-seo-csv
kubota-svl95-2s,/pages/fitment/kubota-svl95-2s,"Kubota SVL95-2S Rubber Tracks, Parts & Attachments | Heavy Iron Supply Co.",Shop OEM-spec rubber tracks and undercarriage for the Kubota SVL95-2S.,generated_default,review,import_seo_via_matrixify_or_generate-model-seo-csv
kubota-svl97-2,/pages/fitment/kubota-svl97-2,"Kubota SVL97-2 Rubber Tracks, Parts & Attachments | Heavy Iron Supply Co.",Shop OEM-spec rubber tracks and undercarriage for the Kubota SVL97-2.,generated_default,review,import_seo_via_matrixify_or_generate-model-seo-csv
kubota-svl97-3,/pages/fitment/kubota-svl97-3,"Kubota SVL97-3 Rubber Tracks, Parts & Attachments | Heavy Iron Supply Co.",Shop OEM-spec rubber tracks and undercarriage for the Kubota SVL97-3.,generated_default,review,import_seo_via_matrixify_or_generate-model-seo-csv
kubota-u-15-3,/pages/fitment/kubota-u-15-3,"Kubota U-15-3 Rubber Tracks, Parts & Attachments | Heavy Iron Supply Co.",Shop OEM-spec rubber tracks and undercarriage for the Kubota U-15-3.,generated_default,review,import_seo_via_matrixify_or_generate-model-seo-csv
kubota-u15,/pages/fitment/kubota-u15,"Kubota U15 Rubber Tracks, Parts & Attachments | Heavy Iron Supply Co.",Shop OEM-spec rubber tracks and undercarriage for the Kubota U15.,generated_default,review,import_seo_via_matrixify_or_generate-model-seo-csv
kubota-u17,/pages/fitment/kubota-u17,"Kubota U17 Rubber Tracks, Parts & Attachments | Heavy Iron Supply Co.",Shop OEM-spec rubber tracks and undercarriage for the Kubota U17.,generated_default,review,import_seo_via_matrixify_or_generate-model-seo-csv
kubota-u-17-3,/pages/fitment/kubota-u-17-3,"Kubota U17-3 Rubber Tracks, Parts & Attachments | Heavy Iron Supply Co.",Shop OEM-spec rubber tracks and undercarriage for the Kubota U17-3.,generated_default,review,import_seo_via_matrixify_or_generate-model-seo-csv
kubota-u25,/pages/fitment/kubota-u25,"Kubota U25 Rubber Tracks, Parts & Attachments | Heavy Iron Supply Co.",Shop OEM-spec rubber tracks and undercarriage for the Kubota U25.,generated_default,review,import_seo_via_matrixify_or_generate-model-seo-csv
kubota-u-25-3,/pages/fitment/kubota-u-25-3,"Kubota U25-3 Rubber Tracks, Parts & Attachments | Heavy Iron Supply Co.",Shop OEM-spec rubber tracks and undercarriage for the Kubota U25-3.,generated_default,review,import_seo_via_matrixify_or_generate-model-seo-csv
kubota-u27-4,/pages/fitment/kubota-u27-4,"Kubota U27-4 Rubber Tracks, Parts & Attachments | Heavy Iron Supply Co.",Shop OEM-spec rubber tracks and undercarriage for the Kubota U27-4.,generated_default,review,import_seo_via_matrixify_or_generate-model-seo-csv
kubota-u-30,/pages/fitment/kubota-u-30,"Kubota U30 Rubber Tracks, Parts & Attachments | Heavy Iron Supply Co.",Shop OEM-spec rubber tracks and undercarriage for the Kubota U30.,generated_default,review,import_seo_via_matrixify_or_generate-model-seo-csv
kubota-u-30-1,/pages/fitment/kubota-u-30-1,"Kubota U30-1 Rubber Tracks, Parts & Attachments | Heavy Iron Supply Co.",Shop OEM-spec rubber tracks and undercarriage for the Kubota U30-1.,generated_default,review,import_seo_via_matrixify_or_generate-model-seo-csv
kubota-u-30-2,/pages/fitment/kubota-u-30-2,"Kubota U30-2 Rubber Tracks, Parts & Attachments | Heavy Iron Supply Co.",Shop OEM-spec rubber tracks and undercarriage for the Kubota U30-2.,generated_default,review,import_seo_via_matrixify_or_generate-model-seo-csv
kubota-u-30-3,/pages/fitment/kubota-u-30-3,"Kubota U30-3 Rubber Tracks, Parts & Attachments | Heavy Iron Supply Co.",Shop OEM-spec rubber tracks and undercarriage for the Kubota U30-3.,generated_default,review,import_seo_via_matrixify_or_generate-model-seo-csv
kubota-u35,/pages/fitment/kubota-u35,"Kubota U35 Rubber Tracks, Parts & Attachments | Heavy Iron Supply Co.",Shop OEM-spec rubber tracks and undercarriage for the Kubota U35.,generated_default,review,import_seo_via_matrixify_or_generate-model-seo-csv
kubota-u-35-3,/pages/fitment/kubota-u-35-3,"Kubota U35-3 Rubber Tracks, Parts & Attachments | Heavy Iron Supply Co.",Shop OEM-spec rubber tracks and undercarriage for the Kubota U35-3.,generated_default,review,import_seo_via_matrixify_or_generate-model-seo-csv
kubota-u-35-4,/pages/fitment/kubota-u-35-4,"Kubota U35-4 Rubber Tracks, Parts & Attachments | Heavy Iron Supply Co.",Shop OEM-spec rubber tracks and undercarriage for the Kubota U35-4.,generated_default,review,import_seo_via_matrixify_or_generate-model-seo-csv
kubota-u-35s,/pages/fitment/kubota-u-35s,"Kubota U35S Rubber Tracks, Parts & Attachments | Heavy Iron Supply Co.",Shop OEM-spec rubber tracks and undercarriage for the Kubota U35S.,generated_default,review,import_seo_via_matrixify_or_generate-model-seo-csv
kubota-u-45,/pages/fitment/kubota-u-45,"Kubota U45 Rubber Tracks, Parts & Attachments | Heavy Iron Supply Co.",Shop OEM-spec rubber tracks and undercarriage for the Kubota U45.,generated_default,review,import_seo_via_matrixify_or_generate-model-seo-csv
kubota-u-45-3,/pages/fitment/kubota-u-45-3,"Kubota U45-3 Rubber Tracks, Parts & Attachments | Heavy Iron Supply Co.",Shop OEM-spec rubber tracks and undercarriage for the Kubota U45-3.,generated_default,review,import_seo_via_matrixify_or_generate-model-seo-csv
kubota-u45s,/pages/fitment/kubota-u45s,"Kubota U45S Rubber Tracks, Parts & Attachments | Heavy Iron Supply Co.",Shop OEM-spec rubber tracks and undercarriage for the Kubota U45S.,generated_default,review,import_seo_via_matrixify_or_generate-model-seo-csv
kubota-u45st,/pages/fitment/kubota-u45st,"Kubota U45ST Rubber Tracks, Parts & Attachments | Heavy Iron Supply Co.",Shop OEM-spec rubber tracks and undercarriage for the Kubota U45ST.,generated_default,review,import_seo_via_matrixify_or_generate-model-seo-csv
kubota-u-48-4,/pages/fitment/kubota-u-48-4,"Kubota U48-4 Rubber Tracks, Parts & Attachments | Heavy Iron Supply Co.",Shop OEM-spec rubber tracks and undercarriage for the Kubota U48-4.,generated_default,review,import_seo_via_matrixify_or_generate-model-seo-csv
kubota-u48-5,/pages/fitment/kubota-u48-5,"Kubota U48-5 Rubber Tracks, Parts & Attachments | Heavy Iron Supply Co.",Shop OEM-spec rubber tracks and undercarriage for the Kubota U48-5.,generated_default,review,import_seo_via_matrixify_or_generate-model-seo-csv
kubota-u55,/pages/fitment/kubota-u55,"Kubota U55 Rubber Tracks, Parts & Attachments | Heavy Iron Supply Co.",Shop OEM-spec rubber tracks and undercarriage for the Kubota U55.,generated_default,review,import_seo_via_matrixify_or_generate-model-seo-csv
kubota-u55-4,/pages/fitment/kubota-u55-4,"Kubota U55-4 Rubber Tracks, Parts & Attachments | Heavy Iron Supply Co.",Shop OEM-spec rubber tracks and undercarriage for the Kubota U55-4.,generated_default,review,import_seo_via_matrixify_or_generate-model-seo-csv
manitou-3200vt,/pages/fitment/manitou-3200vt,"Manitou 3200VT Rubber Tracks, Parts & Attachments | Heavy Iron Supply Co.",Shop OEM-spec rubber tracks and undercarriage for the Manitou 3200VT.,generated_default,review,import_seo_via_matrixify_or_generate-model-seo-csv
manitou-mx65,/pages/fitment/manitou-mx65,"Manitou MX65 Rubber Tracks, Parts & Attachments | Heavy Iron Supply Co.",Shop OEM-spec rubber tracks and undercarriage for the Manitou MX65.,generated_default,review,import_seo_via_matrixify_or_generate-model-seo-csv
mustang-1350r,/pages/fitment/mustang-1350r,"Mustang 1350R Rubber Tracks, Parts & Attachments | Heavy Iron Supply Co.",Shop OEM-spec rubber tracks and undercarriage for the Mustang 1350R.,generated_default,review,import_seo_via_matrixify_or_generate-model-seo-csv
mustang-1650-rt,/pages/fitment/mustang-1650-rt,"Mustang 1650RT Rubber Tracks, Parts & Attachments | Heavy Iron Supply Co.",Shop OEM-spec rubber tracks and undercarriage for the Mustang 1650RT.,generated_default,review,import_seo_via_matrixify_or_generate-model-seo-csv
mustang-1750-rt,/pages/fitment/mustang-1750-rt,"Mustang 1750 RT Rubber Tracks, Parts & Attachments | Heavy Iron Supply Co.",Shop OEM-spec rubber tracks and undercarriage for the Mustang 1750 RT.,generated_default,review,import_seo_via_matrixify_or_generate-model-seo-csv
mustang-2100rt,/pages/fitment/mustang-2100rt,"Mustang 2100RT Rubber Tracks, Parts & Attachments | Heavy Iron Supply Co.",Shop OEM-spec rubber tracks and undercarriage for the Mustang 2100RT.,generated_default,review,import_seo_via_matrixify_or_generate-model-seo-csv
mustang-2150rt,/pages/fitment/mustang-2150rt,"Mustang 2150RT Rubber Tracks, Parts & Attachments | Heavy Iron Supply Co.",Shop OEM-spec rubber tracks and undercarriage for the Mustang 2150RT.,generated_default,review,import_seo_via_matrixify_or_generate-model-seo-csv
mustang-2500rt,/pages/fitment/mustang-2500rt,"Mustang 2500RT Rubber Tracks, Parts & Attachments | Heavy Iron Supply Co.",Shop OEM-spec rubber tracks and undercarriage for the Mustang 2500RT.,generated_default,review,import_seo_via_matrixify_or_generate-model-seo-csv
mustang-me5002,/pages/fitment/mustang-me5002,"Mustang ME5002 Rubber Tracks, Parts & Attachments | Heavy Iron Supply Co.",Shop OEM-spec rubber tracks and undercarriage for the Mustang ME5002.,generated_default,review,import_seo_via_matrixify_or_generate-model-seo-csv
mustang-me6002,/pages/fitment/mustang-me6002,"Mustang ME6002 Rubber Tracks, Parts & Attachments | Heavy Iron Supply Co.",Shop OEM-spec rubber tracks and undercarriage for the Mustang ME6002.,generated_default,review,import_seo_via_matrixify_or_generate-model-seo-csv
mustang-me6003,/pages/fitment/mustang-me6003,"Mustang ME6003 Rubber Tracks, Parts & Attachments | Heavy Iron Supply Co.",Shop OEM-spec rubber tracks and undercarriage for the Mustang ME6003.,generated_default,review,import_seo_via_matrixify_or_generate-model-seo-csv
mustang-me6502,/pages/fitment/mustang-me6502,"Mustang ME6502 Rubber Tracks, Parts & Attachments | Heavy Iron Supply Co.",Shop OEM-spec rubber tracks and undercarriage for the Mustang ME6502.,generated_default,review,import_seo_via_matrixify_or_generate-model-seo-csv
mustang-mtl16,/pages/fitment/mustang-mtl16,"Mustang MTL16 Rubber Tracks, Parts & Attachments | Heavy Iron Supply Co.",Shop OEM-spec rubber tracks and undercarriage for the Mustang MTL16.,generated_default,review,import_seo_via_matrixify_or_generate-model-seo-csv
mustang-mtl20,/pages/fitment/mustang-mtl20,"Mustang MTL20 Rubber Tracks, Parts & Attachments | Heavy Iron Supply Co.",Shop OEM-spec rubber tracks and undercarriage for the Mustang MTL20.,generated_default,review,import_seo_via_matrixify_or_generate-model-seo-csv
mustang-mtl25,/pages/fitment/mustang-mtl25,"Mustang MTL25 Rubber Tracks, Parts & Attachments | Heavy Iron Supply Co.",Shop OEM-spec rubber tracks and undercarriage for the Mustang MTL25.,generated_default,review,import_seo_via_matrixify_or_generate-model-seo-csv
mustang-mtl316,/pages/fitment/mustang-mtl316,"Mustang MTL316 Rubber Tracks, Parts & Attachments | Heavy Iron Supply Co.",Shop OEM-spec rubber tracks and undercarriage for the Mustang MTL316.,generated_default,review,import_seo_via_matrixify_or_generate-model-seo-csv
mustang-mtl320,/pages/fitment/mustang-mtl320,"Mustang MTL320 Rubber Tracks, Parts & Attachments | Heavy Iron Supply Co.",Shop OEM-spec rubber tracks and undercarriage for the Mustang MTL320.,generated_default,review,import_seo_via_matrixify_or_generate-model-seo-csv
mustang-mtl325,/pages/fitment/mustang-mtl325,"Mustang MTL325 Rubber Tracks, Parts & Attachments | Heavy Iron Supply Co.",Shop OEM-spec rubber tracks and undercarriage for the Mustang MTL325.,generated_default,review,import_seo_via_matrixify_or_generate-model-seo-csv
mustang-rt2100,/pages/fitment/mustang-rt2100,"Mustang RT2100 Rubber Tracks, Parts & Attachments | Heavy Iron Supply Co.",Shop OEM-spec rubber tracks and undercarriage for the Mustang RT2100.,generated_default,review,import_seo_via_matrixify_or_generate-model-seo-csv
mustang-rt2500,/pages/fitment/mustang-rt2500,"Mustang RT2500 Rubber Tracks, Parts & Attachments | Heavy Iron Supply Co.",Shop OEM-spec rubber tracks and undercarriage for the Mustang RT2500.,generated_default,review,import_seo_via_matrixify_or_generate-model-seo-csv
new-holland-c175,/pages/fitment/new-holland-c175,"New Holland C175 Rubber Tracks, Parts & Attachments | Heavy Iron Supply Co.",Shop OEM-spec rubber tracks and undercarriage for the New Holland C175.,generated_default,review,import_seo_via_matrixify_or_generate-model-seo-csv
new-holland-c180,/pages/fitment/new-holland-c180,"New Holland C180 Rubber Tracks, Parts & Attachments | Heavy Iron Supply Co.",Shop OEM-spec rubber tracks and undercarriage for the New Holland C180.,generated_default,review,import_seo_via_matrixify_or_generate-model-seo-csv
new-holland-c185,/pages/fitment/new-holland-c185,"New Holland C185 Rubber Tracks, Parts & Attachments | Heavy Iron Supply Co.",Shop OEM-spec rubber tracks and undercarriage for the New Holland C185.,generated_default,review,import_seo_via_matrixify_or_generate-model-seo-csv
new-holland-c190,/pages/fitment/new-holland-c190,"New Holland C190 Rubber Tracks, Parts & Attachments | Heavy Iron Supply Co.",Shop OEM-spec rubber tracks and undercarriage for the New Holland C190.,generated_default,review,import_seo_via_matrixify_or_generate-model-seo-csv
new-holland-c227,/pages/fitment/new-holland-c227,"New Holland C227 Rubber Tracks, Parts & Attachments | Heavy Iron Supply Co.",Shop OEM-spec rubber tracks and undercarriage for the New Holland C227.,generated_default,review,import_seo_via_matrixify_or_generate-model-seo-csv
new-holland-c232,/pages/fitment/new-holland-c232,"New Holland C232 Rubber Tracks, Parts & Attachments | Heavy Iron Supply Co.",Shop OEM-spec rubber tracks and undercarriage for the New Holland C232.,generated_default,review,import_seo_via_matrixify_or_generate-model-seo-csv
new-holland-c234,/pages/fitment/new-holland-c234,"New Holland C234 Rubber Tracks, Parts & Attachments | Heavy Iron Supply Co.",Shop OEM-spec rubber tracks and undercarriage for the New Holland C234.,generated_default,review,import_seo_via_matrixify_or_generate-model-seo-csv
new-holland-c237,/pages/fitment/new-holland-c237,"New Holland C237 Rubber Tracks, Parts & Attachments | Heavy Iron Supply Co.",Shop OEM-spec rubber tracks and undercarriage for the New Holland C237.,generated_default,review,import_seo_via_matrixify_or_generate-model-seo-csv
new-holland-c238,/pages/fitment/new-holland-c238,"New Holland C238 Rubber Tracks, Parts & Attachments | Heavy Iron Supply Co.",Shop OEM-spec rubber tracks and undercarriage for the New Holland C238.,generated_default,review,import_seo_via_matrixify_or_generate-model-seo-csv
new-holland-c245,/pages/fitment/new-holland-c245,"New Holland C245 Rubber Tracks, Parts & Attachments | Heavy Iron Supply Co.",Shop OEM-spec rubber tracks and undercarriage for the New Holland C245.,generated_default,review,import_seo_via_matrixify_or_generate-model-seo-csv
new-holland-c314,/pages/fitment/new-holland-c314,"New Holland C314 Rubber Tracks, Parts & Attachments | Heavy Iron Supply Co.",Shop OEM-spec rubber tracks and undercarriage for the New Holland C314.,generated_default,review,import_seo_via_matrixify_or_generate-model-seo-csv
new-holland-c327,/pages/fitment/new-holland-c327,"New Holland C327 Rubber Tracks, Parts & Attachments | Heavy Iron Supply Co.",Shop OEM-spec rubber tracks and undercarriage for the New Holland C327.,generated_default,review,import_seo_via_matrixify_or_generate-model-seo-csv
new-holland-c330,/pages/fitment/new-holland-c330,"New Holland C330 Rubber Tracks, Parts & Attachments | Heavy Iron Supply Co.",Shop OEM-spec rubber tracks and undercarriage for the New Holland C330.,generated_default,review,import_seo_via_matrixify_or_generate-model-seo-csv
new-holland-c332,/pages/fitment/new-holland-c332,"New Holland C332 Rubber Tracks, Parts & Attachments | Heavy Iron Supply Co.",Shop OEM-spec rubber tracks and undercarriage for the New Holland C332.,generated_default,review,import_seo_via_matrixify_or_generate-model-seo-csv
new-holland-c334,/pages/fitment/new-holland-c334,"New Holland C334 Rubber Tracks, Parts & Attachments | Heavy Iron Supply Co.",Shop OEM-spec rubber tracks and undercarriage for the New Holland C334.,generated_default,review,import_seo_via_matrixify_or_generate-model-seo-csv
new-holland-c337,/pages/fitment/new-holland-c337,"New Holland C337 Rubber Tracks, Parts & Attachments | Heavy Iron Supply Co.",Shop OEM-spec rubber tracks and undercarriage for the New Holland C337.,generated_default,review,import_seo_via_matrixify_or_generate-model-seo-csv
new-holland-c345,/pages/fitment/new-holland-c345,"New Holland C345 Rubber Tracks, Parts & Attachments | Heavy Iron Supply Co.",Shop OEM-spec rubber tracks and undercarriage for the New Holland C345.,generated_default,review,import_seo_via_matrixify_or_generate-model-seo-csv
new-holland-c362,/pages/fitment/new-holland-c362,"New Holland C362 Rubber Tracks, Parts & Attachments | Heavy Iron Supply Co.",Shop OEM-spec rubber tracks and undercarriage for the New Holland C362.,generated_default,review,import_seo_via_matrixify_or_generate-model-seo-csv
new-holland-e-35-2sr,/pages/fitment/new-holland-e-35-2sr,"New Holland E 35.2SR Rubber Tracks, Parts & Attachments | Heavy Iron Supply Co.",Shop OEM-spec rubber tracks and undercarriage for the New Holland E 35.2SR.,generated_default,review,import_seo_via_matrixify_or_generate-model-seo-csv
new-holland-e35sr,/pages/fitment/new-holland-e35sr,"New Holland E 35SR Rubber Tracks, Parts & Attachments | Heavy Iron Supply Co.",Shop OEM-spec rubber tracks and undercarriage for the New Holland E 35SR.,generated_default,review,import_seo_via_matrixify_or_generate-model-seo-csv
new-holland-e-70bsr,/pages/fitment/new-holland-e-70bsr,"New Holland E-70BSR Rubber Tracks, Parts & Attachments | Heavy Iron Supply Co.",Shop OEM-spec rubber tracks and undercarriage for the New Holland E-70BSR.,generated_default,review,import_seo_via_matrixify_or_generate-model-seo-csv
new-holland-e-70sr,/pages/fitment/new-holland-e-70sr,"New Holland E-70SR Rubber Tracks, Parts & Attachments | Heavy Iron Supply Co.",Shop OEM-spec rubber tracks and undercarriage for the New Holland E-70SR.,generated_default,review,import_seo_via_matrixify_or_generate-model-seo-csv
new-holland-e-80,/pages/fitment/new-holland-e-80,"New Holland E-80 Rubber Tracks, Parts & Attachments | Heavy Iron Supply Co.",Shop OEM-spec rubber tracks and undercarriage for the New Holland E-80.,generated_default,review,import_seo_via_matrixify_or_generate-model-seo-csv
new-holland-e-80bmsr,/pages/fitment/new-holland-e-80bmsr,"New Holland E-80BMSR Rubber Tracks, Parts & Attachments | Heavy Iron Supply Co.",Shop OEM-spec rubber tracks and undercarriage for the New Holland E-80BMSR.,generated_default,review,import_seo_via_matrixify_or_generate-model-seo-csv
new-holland-e-80cs,/pages/fitment/new-holland-e-80cs,"New Holland E-80CS Rubber Tracks, Parts & Attachments | Heavy Iron Supply Co.",Shop OEM-spec rubber tracks and undercarriage for the New Holland E-80CS.,generated_default,review,import_seo_via_matrixify_or_generate-model-seo-csv
new-holland-e-80msr,/pages/fitment/new-holland-e-80msr,"New Holland E-80MSR Rubber Tracks, Parts & Attachments | Heavy Iron Supply Co.",Shop OEM-spec rubber tracks and undercarriage for the New Holland E-80MSR.,generated_default,review,import_seo_via_matrixify_or_generate-model-seo-csv
new-holland-e16,/pages/fitment/new-holland-e16,"New Holland E16 Rubber Tracks, Parts & Attachments | Heavy Iron Supply Co.",Shop OEM-spec rubber tracks and undercarriage for the New Holland E16.,generated_default,review,import_seo_via_matrixify_or_generate-model-seo-csv
new-holland-e17,/pages/fitment/new-holland-e17,"New Holland E17 Rubber Tracks, Parts & Attachments | Heavy Iron Supply Co.",Shop OEM-spec rubber tracks and undercarriage for the New Holland E17.,generated_default,review,import_seo_via_matrixify_or_generate-model-seo-csv
new-holland-e17c,/pages/fitment/new-holland-e17c,"New Holland E17C Rubber Tracks, Parts & Attachments | Heavy Iron Supply Co.",Shop OEM-spec rubber tracks and undercarriage for the New Holland E17C.,generated_default,review,import_seo_via_matrixify_or_generate-model-seo-csv
new-holland-e18,/pages/fitment/new-holland-e18,"New Holland E18 Rubber Tracks, Parts & Attachments | Heavy Iron Supply Co.",Shop OEM-spec rubber tracks and undercarriage for the New Holland E18.,generated_default,review,import_seo_via_matrixify_or_generate-model-seo-csv
new-holland-e18c,/pages/fitment/new-holland-e18c,"New Holland E18C Rubber Tracks, Parts & Attachments | Heavy Iron Supply Co.",Shop OEM-spec rubber tracks and undercarriage for the New Holland E18C.,generated_default,review,import_seo_via_matrixify_or_generate-model-seo-csv
new-holland-e18sr,/pages/fitment/new-holland-e18sr,"New Holland E18SR Rubber Tracks, Parts & Attachments | Heavy Iron Supply Co.",Shop OEM-spec rubber tracks and undercarriage for the New Holland E18SR.,generated_default,review,import_seo_via_matrixify_or_generate-model-seo-csv
new-holland-e20-2sr,/pages/fitment/new-holland-e20-2sr,"New Holland E20 2SR Rubber Tracks, Parts & Attachments | Heavy Iron Supply Co.",Shop OEM-spec rubber tracks and undercarriage for the New Holland E20 2SR.,generated_default,review,import_seo_via_matrixify_or_generate-model-seo-csv
new-holland-e20sr,/pages/fitment/new-holland-e20sr,"New Holland E20SR Rubber Tracks, Parts & Attachments | Heavy Iron Supply Co.",Shop OEM-spec rubber tracks and undercarriage for the New Holland E20SR.,generated_default,review,import_seo_via_matrixify_or_generate-model-seo-csv
new-holland-e22-2sr,/pages/fitment/new-holland-e22-2sr,"New Holland E22 2SR Rubber Tracks, Parts & Attachments | Heavy Iron Supply Co.",Shop OEM-spec rubber tracks and undercarriage for the New Holland E22 2SR.,generated_default,review,import_seo_via_matrixify_or_generate-model-seo-csv
new-holland-e25sr,/pages/fitment/new-holland-e25sr,"New Holland E25SR Rubber Tracks, Parts & Attachments | Heavy Iron Supply Co.",Shop OEM-spec rubber tracks and undercarriage for the New Holland E25SR.,generated_default,review,import_seo_via_matrixify_or_generate-model-seo-csv
new-holland-e26bsr,/pages/fitment/new-holland-e26bsr,"New Holland E26BSR Rubber Tracks, Parts & Attachments | Heavy Iron Supply Co.",Shop OEM-spec rubber tracks and undercarriage for the New Holland E26BSR.,generated_default,review,import_seo_via_matrixify_or_generate-model-seo-csv
new-holland-e26c,/pages/fitment/new-holland-e26c,"New Holland E26C Rubber Tracks, Parts & Attachments | Heavy Iron Supply Co.",Shop OEM-spec rubber tracks and undercarriage for the New Holland E26C.,generated_default,review,import_seo_via_matrixify_or_generate-model-seo-csv
new-holland-e27,/pages/fitment/new-holland-e27,"New Holland E27 Rubber Tracks, Parts & Attachments | Heavy Iron Supply Co.",Shop OEM-spec rubber tracks and undercarriage for the New Holland E27.,generated_default,review,import_seo_via_matrixify_or_generate-model-seo-csv
new-holland-e27-2sr,/pages/fitment/new-holland-e27-2sr,"New Holland E27 2SR Rubber Tracks, Parts & Attachments | Heavy Iron Supply Co.",Shop OEM-spec rubber tracks and undercarriage for the New Holland E27 2SR.,generated_default,review,import_seo_via_matrixify_or_generate-model-seo-csv
new-holland-e-29-b-sr,/pages/fitment/new-holland-e-29-b-sr,"New Holland E29BSR Rubber Tracks, Parts & Attachments | Heavy Iron Supply Co.",Shop OEM-spec rubber tracks and undercarriage for the New Holland E29BSR.,generated_default,review,import_seo_via_matrixify_or_generate-model-seo-csv
new-holland-e30c,/pages/fitment/new-holland-e30c,"New Holland E30C Rubber Tracks, Parts & Attachments | Heavy Iron Supply Co.",Shop OEM-spec rubber tracks and undercarriage for the New Holland E30C.,generated_default,review,import_seo_via_matrixify_or_generate-model-seo-csv
new-holland-e33c,/pages/fitment/new-holland-e33c,"New Holland E33C Rubber Tracks, Parts & Attachments | Heavy Iron Supply Co.",Shop OEM-spec rubber tracks and undercarriage for the New Holland E33C.,generated_default,review,import_seo_via_matrixify_or_generate-model-seo-csv
new-holland-e35,/pages/fitment/new-holland-e35,"New Holland E35 Rubber Tracks, Parts & Attachments | Heavy Iron Supply Co.",Shop OEM-spec rubber tracks and undercarriage for the New Holland E35.,generated_default,review,import_seo_via_matrixify_or_generate-model-seo-csv
new-holland-e-35-2c,/pages/fitment/new-holland-e-35-2c,"New Holland E352C Rubber Tracks, Parts & Attachments | Heavy Iron Supply Co.",Shop OEM-spec rubber tracks and undercarriage for the New Holland E352C.,generated_default,review,import_seo_via_matrixify_or_generate-model-seo-csv
new-holland-e37c,/pages/fitment/new-holland-e37c,"New Holland E37C Rubber Tracks, Parts & Attachments | Heavy Iron Supply Co.",Shop OEM-spec rubber tracks and undercarriage for the New Holland E37C.,generated_default,review,import_seo_via_matrixify_or_generate-model-seo-csv
new-holland-e-40-2sr,/pages/fitment/new-holland-e-40-2sr,"New Holland E40 2SR Rubber Tracks, Parts & Attachments | Heavy Iron Supply Co.",Shop OEM-spec rubber tracks and undercarriage for the New Holland E40 2SR.,generated_default,review,import_seo_via_matrixify_or_generate-model-seo-csv
new-holland-e-40sr,/pages/fitment/new-holland-e-40sr,"New Holland E40SR Rubber Tracks, Parts & Attachments | Heavy Iron Supply Co.",Shop OEM-spec rubber tracks and undercarriage for the New Holland E40SR.,generated_default,review,import_seo_via_matrixify_or_generate-model-seo-csv
new-holland-e-45-2sr,/pages/fitment/new-holland-e-45-2sr,"New Holland E45 2SR Rubber Tracks, Parts & Attachments | Heavy Iron Supply Co.",Shop OEM-spec rubber tracks and undercarriage for the New Holland E45 2SR.,generated_default,review,import_seo_via_matrixify_or_generate-model-seo-csv
new-holland-e455r,/pages/fitment/new-holland-e455r,"New Holland E455R Rubber Tracks, Parts & Attachments | Heavy Iron Supply Co.",Shop OEM-spec rubber tracks and undercarriage for the New Holland E455R.,generated_default,review,import_seo_via_matrixify_or_generate-model-seo-csv
new-holland-e-45sr,/pages/fitment/new-holland-e-45sr,"New Holland E45SR Rubber Tracks, Parts & Attachments | Heavy Iron Supply Co.",Shop OEM-spec rubber tracks and undercarriage for the New Holland E45SR.,generated_default,review,import_seo_via_matrixify_or_generate-model-seo-csv
new-holland-e50,/pages/fitment/new-holland-e50,"New Holland E50 Rubber Tracks, Parts & Attachments | Heavy Iron Supply Co.",Shop OEM-spec rubber tracks and undercarriage for the New Holland E50.,generated_default,review,import_seo_via_matrixify_or_generate-model-seo-csv
new-holland-e-50-2sr,/pages/fitment/new-holland-e-50-2sr,"New Holland E50 2SR Rubber Tracks, Parts & Attachments | Heavy Iron Supply Co.",Shop OEM-spec rubber tracks and undercarriage for the New Holland E50 2SR.,generated_default,review,import_seo_via_matrixify_or_generate-model-seo-csv
new-holland-e-50b,/pages/fitment/new-holland-e-50b,"New Holland E50B Rubber Tracks, Parts & Attachments | Heavy Iron Supply Co.",Shop OEM-spec rubber tracks and undercarriage for the New Holland E50B.,generated_default,review,import_seo_via_matrixify_or_generate-model-seo-csv
new-holland-e50sr,/pages/fitment/new-holland-e50sr,"New Holland E50SR Rubber Tracks, Parts & Attachments | Heavy Iron Supply Co.",Shop OEM-spec rubber tracks and undercarriage for the New Holland E50SR.,generated_default,review,import_seo_via_matrixify_or_generate-model-seo-csv
new-holland-e55bx,/pages/fitment/new-holland-e55bx,"New Holland E55BX Rubber Tracks, Parts & Attachments | Heavy Iron Supply Co.",Shop OEM-spec rubber tracks and undercarriage for the New Holland E55BX.,generated_default,review,import_seo_via_matrixify_or_generate-model-seo-csv
new-holland-e57c,/pages/fitment/new-holland-e57c,"New Holland E57C Rubber Tracks, Parts & Attachments | Heavy Iron Supply Co.",Shop OEM-spec rubber tracks and undercarriage for the New Holland E57C.,generated_default,review,import_seo_via_matrixify_or_generate-model-seo-csv
new-holland-ec25,/pages/fitment/new-holland-ec25,"New Holland EC25 Rubber Tracks, Parts & Attachments | Heavy Iron Supply Co.",Shop OEM-spec rubber tracks and undercarriage for the New Holland EC25.,generated_default,review,import_seo_via_matrixify_or_generate-model-seo-csv
new-holland-ec-25sr,/pages/fitment/new-holland-ec-25sr,"New Holland EC25SR Rubber Tracks, Parts & Attachments | Heavy Iron Supply Co.",Shop OEM-spec rubber tracks and undercarriage for the New Holland EC25SR.,generated_default,review,import_seo_via_matrixify_or_generate-model-seo-csv
new-holland-ec35,/pages/fitment/new-holland-ec35,"New Holland EC35 Rubber Tracks, Parts & Attachments | Heavy Iron Supply Co.",Shop OEM-spec rubber tracks and undercarriage for the New Holland EC35.,generated_default,review,import_seo_via_matrixify_or_generate-model-seo-csv
new-holland-ec-35sr,/pages/fitment/new-holland-ec-35sr,"New Holland EC35SR Rubber Tracks, Parts & Attachments | Heavy Iron Supply Co.",Shop OEM-spec rubber tracks and undercarriage for the New Holland EC35SR.,generated_default,review,import_seo_via_matrixify_or_generate-model-seo-csv
new-holland-ec45,/pages/fitment/new-holland-ec45,"New Holland EC45 Rubber Tracks, Parts & Attachments | Heavy Iron Supply Co.",Shop OEM-spec rubber tracks and undercarriage for the New Holland EC45.,generated_default,review,import_seo_via_matrixify_or_generate-model-seo-csv
new-holland-ec-45sr,/pages/fitment/new-holland-ec-45sr,"New Holland EC45SR Rubber Tracks, Parts & Attachments | Heavy Iron Supply Co.",Shop OEM-spec rubber tracks and undercarriage for the New Holland EC45SR.,generated_default,review,import_seo_via_matrixify_or_generate-model-seo-csv
new-holland-ec60,/pages/fitment/new-holland-ec60,"New Holland EC60 Rubber Tracks, Parts & Attachments | Heavy Iron Supply Co.",Shop OEM-spec rubber tracks and undercarriage for the New Holland EC60.,generated_default,review,import_seo_via_matrixify_or_generate-model-seo-csv
new-holland-eh-35b,/pages/fitment/new-holland-eh-35b,"New Holland EH 35B Rubber Tracks, Parts & Attachments | Heavy Iron Supply Co.",Shop OEM-spec rubber tracks and undercarriage for the New Holland EH 35B.,generated_default,review,import_seo_via_matrixify_or_generate-model-seo-csv
new-holland-eh-15b,/pages/fitment/new-holland-eh-15b,"New Holland EH15B Rubber Tracks, Parts & Attachments | Heavy Iron Supply Co.",Shop OEM-spec rubber tracks and undercarriage for the New Holland EH15B.,generated_default,review,import_seo_via_matrixify_or_generate-model-seo-csv
new-holland-eh16,/pages/fitment/new-holland-eh16,"New Holland EH16 Rubber Tracks, Parts & Attachments | Heavy Iron Supply Co.",Shop OEM-spec rubber tracks and undercarriage for the New Holland EH16.,generated_default,review,import_seo_via_matrixify_or_generate-model-seo-csv
new-holland-eh18,/pages/fitment/new-holland-eh18,"New Holland EH18 Rubber Tracks, Parts & Attachments | Heavy Iron Supply Co.",Shop OEM-spec rubber tracks and undercarriage for the New Holland EH18.,generated_default,review,import_seo_via_matrixify_or_generate-model-seo-csv
new-holland-eh25,/pages/fitment/new-holland-eh25,"New Holland EH25 Rubber Tracks, Parts & Attachments | Heavy Iron Supply Co.",Shop OEM-spec rubber tracks and undercarriage for the New Holland EH25.,generated_default,review,import_seo_via_matrixify_or_generate-model-seo-csv
new-holland-eh-27b,/pages/fitment/new-holland-eh-27b,"New Holland EH27B Rubber Tracks, Parts & Attachments | Heavy Iron Supply Co.",Shop OEM-spec rubber tracks and undercarriage for the New Holland EH27B.,generated_default,review,import_seo_via_matrixify_or_generate-model-seo-csv
new-holland-eh-30b,/pages/fitment/new-holland-eh-30b,"New Holland EH30.B Rubber Tracks, Parts & Attachments | Heavy Iron Supply Co.",Shop OEM-spec rubber tracks and undercarriage for the New Holland EH30.B.,generated_default,review,import_seo_via_matrixify_or_generate-model-seo-csv
new-holland-eh35,/pages/fitment/new-holland-eh35,"New Holland EH35 Rubber Tracks, Parts & Attachments | Heavy Iron Supply Co.",Shop OEM-spec rubber tracks and undercarriage for the New Holland EH35.,generated_default,review,import_seo_via_matrixify_or_generate-model-seo-csv
new-holland-eh45,/pages/fitment/new-holland-eh45,"New Holland EH45 Rubber Tracks, Parts & Attachments | Heavy Iron Supply Co.",Shop OEM-spec rubber tracks and undercarriage for the New Holland EH45.,generated_default,review,import_seo_via_matrixify_or_generate-model-seo-csv
new-holland-eh-50b,/pages/fitment/new-holland-eh-50b,"New Holland EH50B Rubber Tracks, Parts & Attachments | Heavy Iron Supply Co.",Shop OEM-spec rubber tracks and undercarriage for the New Holland EH50B.,generated_default,review,import_seo_via_matrixify_or_generate-model-seo-csv
new-holland-lt175b,/pages/fitment/new-holland-lt175b,"New Holland LT175B Rubber Tracks, Parts & Attachments | Heavy Iron Supply Co.",Shop OEM-spec rubber tracks and undercarriage for the New Holland LT175B.,generated_default,review,import_seo_via_matrixify_or_generate-model-seo-csv
new-holland-lt185,/pages/fitment/new-holland-lt185,"New Holland LT185 Rubber Tracks, Parts & Attachments | Heavy Iron Supply Co.",Shop OEM-spec rubber tracks and undercarriage for the New Holland LT185.,generated_default,review,import_seo_via_matrixify_or_generate-model-seo-csv
new-holland-lt185b,/pages/fitment/new-holland-lt185b,"New Holland LT185B Rubber Tracks, Parts & Attachments | Heavy Iron Supply Co.",Shop OEM-spec rubber tracks and undercarriage for the New Holland LT185B.,generated_default,review,import_seo_via_matrixify_or_generate-model-seo-csv
new-holland-lt190,/pages/fitment/new-holland-lt190,"New Holland LT190 Rubber Tracks, Parts & Attachments | Heavy Iron Supply Co.",Shop OEM-spec rubber tracks and undercarriage for the New Holland LT190.,generated_default,review,import_seo_via_matrixify_or_generate-model-seo-csv
new-holland-lt190b,/pages/fitment/new-holland-lt190b,"New Holland LT190B Rubber Tracks, Parts & Attachments | Heavy Iron Supply Co.",Shop OEM-spec rubber tracks and undercarriage for the New Holland LT190B.,generated_default,review,import_seo_via_matrixify_or_generate-model-seo-csv
sany-sy18c,/pages/fitment/sany-sy18c,"Sany SY18C Rubber Tracks, Parts & Attachments | Heavy Iron Supply Co.",Shop OEM-spec rubber tracks and undercarriage for the Sany SY18C.,generated_default,review,import_seo_via_matrixify_or_generate-model-seo-csv
sany-sy26c,/pages/fitment/sany-sy26c,"Sany SY26C Rubber Tracks, Parts & Attachments | Heavy Iron Supply Co.",Shop OEM-spec rubber tracks and undercarriage for the Sany SY26C.,generated_default,review,import_seo_via_matrixify_or_generate-model-seo-csv
sany-sy26u,/pages/fitment/sany-sy26u,"Sany SY26U Rubber Tracks, Parts & Attachments | Heavy Iron Supply Co.",Shop OEM-spec rubber tracks and undercarriage for the Sany SY26U.,generated_default,review,import_seo_via_matrixify_or_generate-model-seo-csv
sany-sy35c,/pages/fitment/sany-sy35c,"Sany SY35C Rubber Tracks, Parts & Attachments | Heavy Iron Supply Co.",Shop OEM-spec rubber tracks and undercarriage for the Sany SY35C.,generated_default,review,import_seo_via_matrixify_or_generate-model-seo-csv
sany-sy35u,/pages/fitment/sany-sy35u,"Sany SY35U Rubber Tracks, Parts & Attachments | Heavy Iron Supply Co.",Shop OEM-spec rubber tracks and undercarriage for the Sany SY35U.,generated_default,review,import_seo_via_matrixify_or_generate-model-seo-csv
sany-sy50u,/pages/fitment/sany-sy50u,"Sany SY50U Rubber Tracks, Parts & Attachments | Heavy Iron Supply Co.",Shop OEM-spec rubber tracks and undercarriage for the Sany SY50U.,generated_default,review,import_seo_via_matrixify_or_generate-model-seo-csv
sany-sy60c,/pages/fitment/sany-sy60c,"Sany SY60C Rubber Tracks, Parts & Attachments | Heavy Iron Supply Co.",Shop OEM-spec rubber tracks and undercarriage for the Sany SY60C.,generated_default,review,import_seo_via_matrixify_or_generate-model-seo-csv
sany-sy75c,/pages/fitment/sany-sy75c,"Sany SY75C Rubber Tracks, Parts & Attachments | Heavy Iron Supply Co.",Shop OEM-spec rubber tracks and undercarriage for the Sany SY75C.,generated_default,review,import_seo_via_matrixify_or_generate-model-seo-csv
sany-sy80u,/pages/fitment/sany-sy80u,"Sany SY80U Rubber Tracks, Parts & Attachments | Heavy Iron Supply Co.",Shop OEM-spec rubber tracks and undercarriage for the Sany SY80U.,generated_default,review,import_seo_via_matrixify_or_generate-model-seo-csv
takeuchi-tb020,/pages/fitment/takeuchi-tb020,"Takeuchi TB020 Rubber Tracks, Parts & Attachments | Heavy Iron Supply Co.",Shop OEM-spec rubber tracks and undercarriage for the Takeuchi TB020.,generated_default,review,import_seo_via_matrixify_or_generate-model-seo-csv
takeuchi-tb025,/pages/fitment/takeuchi-tb025,"Takeuchi TB025 Rubber Tracks, Parts & Attachments | Heavy Iron Supply Co.",Shop OEM-spec rubber tracks and undercarriage for the Takeuchi TB025.,generated_default,review,import_seo_via_matrixify_or_generate-model-seo-csv
takeuchi-tb035,/pages/fitment/takeuchi-tb035,"Takeuchi TB035 Rubber Tracks, Parts & Attachments | Heavy Iron Supply Co.",Shop OEM-spec rubber tracks and undercarriage for the Takeuchi TB035.,generated_default,review,import_seo_via_matrixify_or_generate-model-seo-csv
takeuchi-tb045,/pages/fitment/takeuchi-tb045,"Takeuchi TB045 Rubber Tracks, Parts & Attachments | Heavy Iron Supply Co.",Shop OEM-spec rubber tracks and undercarriage for the Takeuchi TB045.,generated_default,review,import_seo_via_matrixify_or_generate-model-seo-csv
takeuchi-tb053fr,/pages/fitment/takeuchi-tb053fr,"Takeuchi TB053FR Rubber Tracks, Parts & Attachments | Heavy Iron Supply Co.",Shop OEM-spec rubber tracks and undercarriage for the Takeuchi TB053FR.,generated_default,review,import_seo_via_matrixify_or_generate-model-seo-csv
takeuchi-tb07,/pages/fitment/takeuchi-tb07,"Takeuchi TB07 Rubber Tracks, Parts & Attachments | Heavy Iron Supply Co.",Shop OEM-spec rubber tracks and undercarriage for the Takeuchi TB07.,generated_default,review,import_seo_via_matrixify_or_generate-model-seo-csv
takeuchi-tb-070,/pages/fitment/takeuchi-tb-070,"Takeuchi TB070 Rubber Tracks, Parts & Attachments | Heavy Iron Supply Co.",Shop OEM-spec rubber tracks and undercarriage for the Takeuchi TB070.,generated_default,review,import_seo_via_matrixify_or_generate-model-seo-csv
takeuchi-tb-108,/pages/fitment/takeuchi-tb-108,"Takeuchi TB108 Rubber Tracks, Parts & Attachments | Heavy Iron Supply Co.",Shop OEM-spec rubber tracks and undercarriage for the Takeuchi TB108.,generated_default,review,import_seo_via_matrixify_or_generate-model-seo-csv
takeuchi-tb125,/pages/fitment/takeuchi-tb125,"Takeuchi TB125 Rubber Tracks, Parts & Attachments | Heavy Iron Supply Co.",Shop OEM-spec rubber tracks and undercarriage for the Takeuchi TB125.,generated_default,review,import_seo_via_matrixify_or_generate-model-seo-csv
takeuchi-tb135,/pages/fitment/takeuchi-tb135,"Takeuchi TB135 Rubber Tracks, Parts & Attachments | Heavy Iron Supply Co.",Shop OEM-spec rubber tracks and undercarriage for the Takeuchi TB135.,generated_default,review,import_seo_via_matrixify_or_generate-model-seo-csv
takeuchi-tb138,/pages/fitment/takeuchi-tb138,"Takeuchi TB138 Rubber Tracks, Parts & Attachments | Heavy Iron Supply Co.",Shop OEM-spec rubber tracks and undercarriage for the Takeuchi TB138.,generated_default,review,import_seo_via_matrixify_or_generate-model-seo-csv
takeuchi-tb138fr,/pages/fitment/takeuchi-tb138fr,"Takeuchi TB138FR Rubber Tracks, Parts & Attachments | Heavy Iron Supply Co.",Shop OEM-spec rubber tracks and undercarriage for the Takeuchi TB138FR.,generated_default,review,import_seo_via_matrixify_or_generate-model-seo-csv
takeuchi-tb145,/pages/fitment/takeuchi-tb145,"Takeuchi TB145 Rubber Tracks, Parts & Attachments | Heavy Iron Supply Co.",Shop OEM-spec rubber tracks and undercarriage for the Takeuchi TB145.,generated_default,review,import_seo_via_matrixify_or_generate-model-seo-csv
takeuchi-tb153fr,/pages/fitment/takeuchi-tb153fr,"Takeuchi TB153FR Rubber Tracks, Parts & Attachments | Heavy Iron Supply Co.",Shop OEM-spec rubber tracks and undercarriage for the Takeuchi TB153FR.,generated_default,review,import_seo_via_matrixify_or_generate-model-seo-csv
takeuchi-tb-15f,/pages/fitment/takeuchi-tb-15f,"Takeuchi TB15F Rubber Tracks, Parts & Attachments | Heavy Iron Supply Co.",Shop OEM-spec rubber tracks and undercarriage for the Takeuchi TB15F.,generated_default,review,import_seo_via_matrixify_or_generate-model-seo-csv
takeuchi-tb15fr,/pages/fitment/takeuchi-tb15fr,"Takeuchi TB15FR Rubber Tracks, Parts & Attachments | Heavy Iron Supply Co.",Shop OEM-spec rubber tracks and undercarriage for the Takeuchi TB15FR.,generated_default,review,import_seo_via_matrixify_or_generate-model-seo-csv
takeuchi-tb175,/pages/fitment/takeuchi-tb175,"Takeuchi TB175 Rubber Tracks, Parts & Attachments | Heavy Iron Supply Co.",Shop OEM-spec rubber tracks and undercarriage for the Takeuchi TB175.,generated_default,review,import_seo_via_matrixify_or_generate-model-seo-csv
takeuchi-tb180fr,/pages/fitment/takeuchi-tb180fr,"Takeuchi TB180FR Rubber Tracks, Parts & Attachments | Heavy Iron Supply Co.",Shop OEM-spec rubber tracks and undercarriage for the Takeuchi TB180FR.,generated_default,review,import_seo_via_matrixify_or_generate-model-seo-csv
takeuchi-tb225,/pages/fitment/takeuchi-tb225,"Takeuchi TB225 Rubber Tracks, Parts & Attachments | Heavy Iron Supply Co.",Shop OEM-spec rubber tracks and undercarriage for the Takeuchi TB225.,generated_default,review,import_seo_via_matrixify_or_generate-model-seo-csv
takeuchi-tb228,/pages/fitment/takeuchi-tb228,"Takeuchi TB228 Rubber Tracks, Parts & Attachments | Heavy Iron Supply Co.",Shop OEM-spec rubber tracks and undercarriage for the Takeuchi TB228.,generated_default,review,import_seo_via_matrixify_or_generate-model-seo-csv
takeuchi-tb230,/pages/fitment/takeuchi-tb230,"Takeuchi TB230 Rubber Tracks, Parts & Attachments | Heavy Iron Supply Co.",Shop OEM-spec rubber tracks and undercarriage for the Takeuchi TB230.,generated_default,review,import_seo_via_matrixify_or_generate-model-seo-csv
takeuchi-tb235,/pages/fitment/takeuchi-tb235,"Takeuchi TB235 Rubber Tracks, Parts & Attachments | Heavy Iron Supply Co.",Shop OEM-spec rubber tracks and undercarriage for the Takeuchi TB235.,generated_default,review,import_seo_via_matrixify_or_generate-model-seo-csv
takeuchi-tb235-2,/pages/fitment/takeuchi-tb235-2,"Takeuchi TB235-2 Rubber Tracks, Parts & Attachments | Heavy Iron Supply Co.",Shop OEM-spec rubber tracks and undercarriage for the Takeuchi TB235-2.,generated_default,review,import_seo_via_matrixify_or_generate-model-seo-csv
takeuchi-tb240,/pages/fitment/takeuchi-tb240,"Takeuchi TB240 Rubber Tracks, Parts & Attachments | Heavy Iron Supply Co.",Shop OEM-spec rubber tracks and undercarriage for the Takeuchi TB240.,generated_default,review,import_seo_via_matrixify_or_generate-model-seo-csv
takeuchi-tb245,/pages/fitment/takeuchi-tb245,"Takeuchi TB245 Rubber Tracks, Parts & Attachments | Heavy Iron Supply Co.",Shop OEM-spec rubber tracks and undercarriage for the Takeuchi TB245.,generated_default,review,import_seo_via_matrixify_or_generate-model-seo-csv
takeuchi-tb-249,/pages/fitment/takeuchi-tb-249,"Takeuchi TB249 Rubber Tracks, Parts & Attachments | Heavy Iron Supply Co.",Shop OEM-spec rubber tracks and undercarriage for the Takeuchi TB249.,generated_default,review,import_seo_via_matrixify_or_generate-model-seo-csv
takeuchi-tb250,/pages/fitment/takeuchi-tb250,"Takeuchi TB250 Rubber Tracks, Parts & Attachments | Heavy Iron Supply Co.",Shop OEM-spec rubber tracks and undercarriage for the Takeuchi TB250.,generated_default,review,import_seo_via_matrixify_or_generate-model-seo-csv
takeuchi-tb250-2,/pages/fitment/takeuchi-tb250-2,"Takeuchi TB250-2 Rubber Tracks, Parts & Attachments | Heavy Iron Supply Co.",Shop OEM-spec rubber tracks and undercarriage for the Takeuchi TB250-2.,generated_default,review,import_seo_via_matrixify_or_generate-model-seo-csv
takeuchi-tb257fr,/pages/fitment/takeuchi-tb257fr,"Takeuchi TB257FR Rubber Tracks, Parts & Attachments | Heavy Iron Supply Co.",Shop OEM-spec rubber tracks and undercarriage for the Takeuchi TB257FR.,generated_default,review,import_seo_via_matrixify_or_generate-model-seo-csv
takeuchi-tb260,/pages/fitment/takeuchi-tb260,"Takeuchi TB260 Rubber Tracks, Parts & Attachments | Heavy Iron Supply Co.",Shop OEM-spec rubber tracks and undercarriage for the Takeuchi TB260.,generated_default,review,import_seo_via_matrixify_or_generate-model-seo-csv
takeuchi-tb260r,/pages/fitment/takeuchi-tb260r,"Takeuchi TB260R Rubber Tracks, Parts & Attachments | Heavy Iron Supply Co.",Shop OEM-spec rubber tracks and undercarriage for the Takeuchi TB260R.,generated_default,review,import_seo_via_matrixify_or_generate-model-seo-csv
takeuchi-tb280fr,/pages/fitment/takeuchi-tb280fr,"Takeuchi TB280FR Rubber Tracks, Parts & Attachments | Heavy Iron Supply Co.",Shop OEM-spec rubber tracks and undercarriage for the Takeuchi TB280FR.,generated_default,review,import_seo_via_matrixify_or_generate-model-seo-csv
takeuchi-tb285,/pages/fitment/takeuchi-tb285,"Takeuchi TB285 Rubber Tracks, Parts & Attachments | Heavy Iron Supply Co.",Shop OEM-spec rubber tracks and undercarriage for the Takeuchi TB285.,generated_default,review,import_seo_via_matrixify_or_generate-model-seo-csv
takeuchi-tb290,/pages/fitment/takeuchi-tb290,"Takeuchi TB290 Rubber Tracks, Parts & Attachments | Heavy Iron Supply Co.",Shop OEM-spec rubber tracks and undercarriage for the Takeuchi TB290.,generated_default,review,import_seo_via_matrixify_or_generate-model-seo-csv
takeuchi-tb370,/pages/fitment/takeuchi-tb370,"Takeuchi TB370 Rubber Tracks, Parts & Attachments | Heavy Iron Supply Co.",Shop OEM-spec rubber tracks and undercarriage for the Takeuchi TB370.,generated_default,review,import_seo_via_matrixify_or_generate-model-seo-csv
takeuchi-tb38fr,/pages/fitment/takeuchi-tb38fr,"Takeuchi TB38FR Rubber Tracks, Parts & Attachments | Heavy Iron Supply Co.",Shop OEM-spec rubber tracks and undercarriage for the Takeuchi TB38FR.,generated_default,review,import_seo_via_matrixify_or_generate-model-seo-csv
takeuchi-tb-53fr,/pages/fitment/takeuchi-tb-53fr,"Takeuchi TB53FR Rubber Tracks, Parts & Attachments | Heavy Iron Supply Co.",Shop OEM-spec rubber tracks and undercarriage for the Takeuchi TB53FR.,generated_default,review,import_seo_via_matrixify_or_generate-model-seo-csv
takeuchi-tb80fr,/pages/fitment/takeuchi-tb80fr,"Takeuchi TB80FR Rubber Tracks, Parts & Attachments | Heavy Iron Supply Co.",Shop OEM-spec rubber tracks and undercarriage for the Takeuchi TB80FR.,generated_default,review,import_seo_via_matrixify_or_generate-model-seo-csv
takeuchi-tl10,/pages/fitment/takeuchi-tl10,"Takeuchi TL10 Rubber Tracks, Parts & Attachments | Heavy Iron Supply Co.",Shop OEM-spec rubber tracks and undercarriage for the Takeuchi TL10.,generated_default,review,import_seo_via_matrixify_or_generate-model-seo-csv
takeuchi-tl10v2,/pages/fitment/takeuchi-tl10v2,"Takeuchi TL10V2 Rubber Tracks, Parts & Attachments | Heavy Iron Supply Co.",Shop OEM-spec rubber tracks and undercarriage for the Takeuchi TL10V2.,generated_default,review,import_seo_via_matrixify_or_generate-model-seo-csv
takeuchi-tl12,/pages/fitment/takeuchi-tl12,"Takeuchi TL12 Rubber Tracks, Parts & Attachments | Heavy Iron Supply Co.",Shop OEM-spec rubber tracks and undercarriage for the Takeuchi TL12.,generated_default,review,import_seo_via_matrixify_or_generate-model-seo-csv
takeuchi-tl12r2,/pages/fitment/takeuchi-tl12r2,"Takeuchi TL12R2 Rubber Tracks, Parts & Attachments | Heavy Iron Supply Co.",Shop OEM-spec rubber tracks and undercarriage for the Takeuchi TL12R2.,generated_default,review,import_seo_via_matrixify_or_generate-model-seo-csv
takeuchi-tl12v2,/pages/fitment/takeuchi-tl12v2,"Takeuchi TL12V2 Rubber Tracks, Parts & Attachments | Heavy Iron Supply Co.",Shop OEM-spec rubber tracks and undercarriage for the Takeuchi TL12V2.,generated_default,review,import_seo_via_matrixify_or_generate-model-seo-csv
takeuchi-tl130,/pages/fitment/takeuchi-tl130,"Takeuchi TL130 Rubber Tracks, Parts & Attachments | Heavy Iron Supply Co.",Shop OEM-spec rubber tracks and undercarriage for the Takeuchi TL130.,generated_default,review,import_seo_via_matrixify_or_generate-model-seo-csv
takeuchi-tl140,/pages/fitment/takeuchi-tl140,"Takeuchi TL140 Rubber Tracks, Parts & Attachments | Heavy Iron Supply Co.",Shop OEM-spec rubber tracks and undercarriage for the Takeuchi TL140.,generated_default,review,import_seo_via_matrixify_or_generate-model-seo-csv
takeuchi-tl150,/pages/fitment/takeuchi-tl150,"Takeuchi TL150 Rubber Tracks, Parts & Attachments | Heavy Iron Supply Co.",Shop OEM-spec rubber tracks and undercarriage for the Takeuchi TL150.,generated_default,review,import_seo_via_matrixify_or_generate-model-seo-csv
takeuchi-tl230,/pages/fitment/takeuchi-tl230,"Takeuchi TL230 Rubber Tracks, Parts & Attachments | Heavy Iron Supply Co.",Shop OEM-spec rubber tracks and undercarriage for the Takeuchi TL230.,generated_default,review,import_seo_via_matrixify_or_generate-model-seo-csv
takeuchi-tl230-2,/pages/fitment/takeuchi-tl230-2,"Takeuchi TL230-2 Rubber Tracks, Parts & Attachments | Heavy Iron Supply Co.",Shop OEM-spec rubber tracks and undercarriage for the Takeuchi TL230-2.,generated_default,review,import_seo_via_matrixify_or_generate-model-seo-csv
takeuchi-tl240,/pages/fitment/takeuchi-tl240,"Takeuchi TL240 Rubber Tracks, Parts & Attachments | Heavy Iron Supply Co.",Shop OEM-spec rubber tracks and undercarriage for the Takeuchi TL240.,generated_default,review,import_seo_via_matrixify_or_generate-model-seo-csv
takeuchi-tl250,/pages/fitment/takeuchi-tl250,"Takeuchi TL250 Rubber Tracks, Parts & Attachments | Heavy Iron Supply Co.",Shop OEM-spec rubber tracks and undercarriage for the Takeuchi TL250.,generated_default,review,import_seo_via_matrixify_or_generate-model-seo-csv
takeuchi-tl26,/pages/fitment/takeuchi-tl26,"Takeuchi TL26 Rubber Tracks, Parts & Attachments | Heavy Iron Supply Co.",Shop OEM-spec rubber tracks and undercarriage for the Takeuchi TL26.,generated_default,review,import_seo_via_matrixify_or_generate-model-seo-csv
takeuchi-tl6r,/pages/fitment/takeuchi-tl6r,"Takeuchi TL6R Rubber Tracks, Parts & Attachments | Heavy Iron Supply Co.",Shop OEM-spec rubber tracks and undercarriage for the Takeuchi TL6R.,generated_default,review,import_seo_via_matrixify_or_generate-model-seo-csv
takeuchi-tl8,/pages/fitment/takeuchi-tl8,"Takeuchi TL8 Rubber Tracks, Parts & Attachments | Heavy Iron Supply Co.",Shop OEM-spec rubber tracks and undercarriage for the Takeuchi TL8.,generated_default,review,import_seo_via_matrixify_or_generate-model-seo-csv
takeuchi-tl8r2,/pages/fitment/takeuchi-tl8r2,"Takeuchi TL8R2 Rubber Tracks, Parts & Attachments | Heavy Iron Supply Co.",Shop OEM-spec rubber tracks and undercarriage for the Takeuchi TL8R2.,generated_default,review,import_seo_via_matrixify_or_generate-model-seo-csv
terex-am37r,/pages/fitment/terex-am37r,"Terex AM37R Rubber Tracks, Parts & Attachments | Heavy Iron Supply Co.",Shop OEM-spec rubber tracks and undercarriage for the Terex AM37R.,generated_default,review,import_seo_via_matrixify_or_generate-model-seo-csv
terex-hr18,/pages/fitment/terex-hr18,"Terex HR18 Rubber Tracks, Parts & Attachments | Heavy Iron Supply Co.",Shop OEM-spec rubber tracks and undercarriage for the Terex HR18.,generated_default,review,import_seo_via_matrixify_or_generate-model-seo-csv
terex-pt-100,/pages/fitment/terex-pt-100,"Terex PT-100 Rubber Tracks, Parts & Attachments | Heavy Iron Supply Co.",Shop OEM-spec rubber tracks and undercarriage for the Terex PT-100.,generated_default,review,import_seo_via_matrixify_or_generate-model-seo-csv
terex-pt-110f,/pages/fitment/terex-pt-110f,"Terex PT-110F Rubber Tracks, Parts & Attachments | Heavy Iron Supply Co.",Shop OEM-spec rubber tracks and undercarriage for the Terex PT-110F.,generated_default,review,import_seo_via_matrixify_or_generate-model-seo-csv
terex-pt30,/pages/fitment/terex-pt30,"Terex PT-30 Rubber Tracks, Parts & Attachments | Heavy Iron Supply Co.",Shop OEM-spec rubber tracks and undercarriage for the Terex PT-30.,generated_default,review,import_seo_via_matrixify_or_generate-model-seo-csv
terex-pt-50,/pages/fitment/terex-pt-50,"Terex PT-50 Rubber Tracks, Parts & Attachments | Heavy Iron Supply Co.",Shop OEM-spec rubber tracks and undercarriage for the Terex PT-50.,generated_default,review,import_seo_via_matrixify_or_generate-model-seo-csv
terex-pt-60,/pages/fitment/terex-pt-60,"Terex PT-60 Rubber Tracks, Parts & Attachments | Heavy Iron Supply Co.",Shop OEM-spec rubber tracks and undercarriage for the Terex PT-60.,generated_default,review,import_seo_via_matrixify_or_generate-model-seo-csv
terex-pt100f,/pages/fitment/terex-pt100f,"Terex PT100F Rubber Tracks, Parts & Attachments | Heavy Iron Supply Co.",Shop OEM-spec rubber tracks and undercarriage for the Terex PT100F.,generated_default,review,import_seo_via_matrixify_or_generate-model-seo-csv
terex-pt100g,/pages/fitment/terex-pt100g,"Terex PT100G Rubber Tracks, Parts & Attachments | Heavy Iron Supply Co.",Shop OEM-spec rubber tracks and undercarriage for the Terex PT100G.,generated_default,review,import_seo_via_matrixify_or_generate-model-seo-csv
terex-pt110,/pages/fitment/terex-pt110,"Terex PT110 Rubber Tracks, Parts & Attachments | Heavy Iron Supply Co.",Shop OEM-spec rubber tracks and undercarriage for the Terex PT110.,generated_default,review,import_seo_via_matrixify_or_generate-model-seo-csv
terex-pt-110-forestry,/pages/fitment/terex-pt-110-forestry,"Terex PT110FORESTRY Rubber Tracks, Parts & Attachments | Heavy Iron Supply Co.",Shop OEM-spec rubber tracks and undercarriage for the Terex PT110FORESTRY.,generated_default,review,import_seo_via_matrixify_or_generate-model-seo-csv
terex-pt-75,/pages/fitment/terex-pt-75,"Terex PT75 Rubber Tracks, Parts & Attachments | Heavy Iron Supply Co.",Shop OEM-spec rubber tracks and undercarriage for the Terex PT75.,generated_default,review,import_seo_via_matrixify_or_generate-model-seo-csv
terex-r190t,/pages/fitment/terex-r190t,"Terex R190T Rubber Tracks, Parts & Attachments | Heavy Iron Supply Co.",Shop OEM-spec rubber tracks and undercarriage for the Terex R190T.,generated_default,review,import_seo_via_matrixify_or_generate-model-seo-csv
terex-r265t,/pages/fitment/terex-r265t,"Terex R265T Rubber Tracks, Parts & Attachments | Heavy Iron Supply Co.",Shop OEM-spec rubber tracks and undercarriage for the Terex R265T.,generated_default,review,import_seo_via_matrixify_or_generate-model-seo-csv
terex-r350t,/pages/fitment/terex-r350t,"Terex R350T Rubber Tracks, Parts & Attachments | Heavy Iron Supply Co.",Shop OEM-spec rubber tracks and undercarriage for the Terex R350T.,generated_default,review,import_seo_via_matrixify_or_generate-model-seo-csv
terex-sr-80,/pages/fitment/terex-sr-80,"Terex SR-80 Rubber Tracks, Parts & Attachments | Heavy Iron Supply Co.",Shop OEM-spec rubber tracks and undercarriage for the Terex SR-80.,generated_default,review,import_seo_via_matrixify_or_generate-model-seo-csv
terex-st50,/pages/fitment/terex-st50,"Terex ST50 Rubber Tracks, Parts & Attachments | Heavy Iron Supply Co.",Shop OEM-spec rubber tracks and undercarriage for the Terex ST50.,generated_default,review,import_seo_via_matrixify_or_generate-model-seo-csv
terex-tc37,/pages/fitment/terex-tc37,"Terex TC-37 Rubber Tracks, Parts & Attachments | Heavy Iron Supply Co.",Shop OEM-spec rubber tracks and undercarriage for the Terex TC-37.,generated_default,review,import_seo_via_matrixify_or_generate-model-seo-csv
terex-tc20,/pages/fitment/terex-tc20,"Terex TC20 Rubber Tracks, Parts & Attachments | Heavy Iron Supply Co.",Shop OEM-spec rubber tracks and undercarriage for the Terex TC20.,generated_default,review,import_seo_via_matrixify_or_generate-model-seo-csv
terex-tc35-2,/pages/fitment/terex-tc35-2,"Terex TC35-2 Rubber Tracks, Parts & Attachments | Heavy Iron Supply Co.",Shop OEM-spec rubber tracks and undercarriage for the Terex TC35-2.,generated_default,review,import_seo_via_matrixify_or_generate-model-seo-csv
terex-tc60,/pages/fitment/terex-tc60,"Terex TC60 Rubber Tracks, Parts & Attachments | Heavy Iron Supply Co.",Shop OEM-spec rubber tracks and undercarriage for the Terex TC60.,generated_default,review,import_seo_via_matrixify_or_generate-model-seo-csv
vermeer-20x22,/pages/fitment/vermeer-20x22,"Vermeer 20X22 Rubber Tracks, Parts & Attachments | Heavy Iron Supply Co.",Shop OEM-spec rubber tracks and undercarriage for the Vermeer 20X22.,generated_default,review,import_seo_via_matrixify_or_generate-model-seo-csv
vermeer-ctx100,/pages/fitment/vermeer-ctx100,"Vermeer CTX100 Rubber Tracks, Parts & Attachments | Heavy Iron Supply Co.",Shop OEM-spec rubber tracks and undercarriage for the Vermeer CTX100.,generated_default,review,import_seo_via_matrixify_or_generate-model-seo-csv
vermeer-ctx160,/pages/fitment/vermeer-ctx160,"Vermeer CTX160 Rubber Tracks, Parts & Attachments | Heavy Iron Supply Co.",Shop OEM-spec rubber tracks and undercarriage for the Vermeer CTX160.,generated_default,review,import_seo_via_matrixify_or_generate-model-seo-csv
vermeer-d20x22,/pages/fitment/vermeer-d20x22,"Vermeer D20X22 Rubber Tracks, Parts & Attachments | Heavy Iron Supply Co.",Shop OEM-spec rubber tracks and undercarriage for the Vermeer D20X22.,generated_default,review,import_seo_via_matrixify_or_generate-model-seo-csv
vermeer-rtx450,/pages/fitment/vermeer-rtx450,"Vermeer RTX450 Rubber Tracks, Parts & Attachments | Heavy Iron Supply Co.",Shop OEM-spec rubber tracks and undercarriage for the Vermeer RTX450.,generated_default,review,import_seo_via_matrixify_or_generate-model-seo-csv
vermeer-s400tx,/pages/fitment/vermeer-s400tx,"Vermeer S400TX Rubber Tracks, Parts & Attachments | Heavy Iron Supply Co.",Shop OEM-spec rubber tracks and undercarriage for the Vermeer S400TX.,generated_default,review,import_seo_via_matrixify_or_generate-model-seo-csv
vermeer-s600tx,/pages/fitment/vermeer-s600tx,"Vermeer S600TX Rubber Tracks, Parts & Attachments | Heavy Iron Supply Co.",Shop OEM-spec rubber tracks and undercarriage for the Vermeer S600TX.,generated_default,review,import_seo_via_matrixify_or_generate-model-seo-csv
vermeer-s725tx,/pages/fitment/vermeer-s725tx,"Vermeer S725TX Rubber Tracks, Parts & Attachments | Heavy Iron Supply Co.",Shop OEM-spec rubber tracks and undercarriage for the Vermeer S725TX.,generated_default,review,import_seo_via_matrixify_or_generate-model-seo-csv
vermeer-s800tx,/pages/fitment/vermeer-s800tx,"Vermeer S800TX Rubber Tracks, Parts & Attachments | Heavy Iron Supply Co.",Shop OEM-spec rubber tracks and undercarriage for the Vermeer S800TX.,generated_default,review,import_seo_via_matrixify_or_generate-model-seo-csv
vermeer-s925tx,/pages/fitment/vermeer-s925tx,"Vermeer S925TX Rubber Tracks, Parts & Attachments | Heavy Iron Supply Co.",Shop OEM-spec rubber tracks and undercarriage for the Vermeer S925TX.,generated_default,review,import_seo_via_matrixify_or_generate-model-seo-csv
volvo-ec-20b-xtv,/pages/fitment/volvo-ec-20b-xtv,"Volvo EC 20B XTV Rubber Tracks, Parts & Attachments | Heavy Iron Supply Co.",Shop OEM-spec rubber tracks and undercarriage for the Volvo EC 20B XTV.,generated_default,review,import_seo_via_matrixify_or_generate-model-seo-csv
volvo-ec-20c,/pages/fitment/volvo-ec-20c,"Volvo EC-20C Rubber Tracks, Parts & Attachments | Heavy Iron Supply Co.",Shop OEM-spec rubber tracks and undercarriage for the Volvo EC-20C.,generated_default,review,import_seo_via_matrixify_or_generate-model-seo-csv
volvo-ec15,/pages/fitment/volvo-ec15,"Volvo EC15 Rubber Tracks, Parts & Attachments | Heavy Iron Supply Co.",Shop OEM-spec rubber tracks and undercarriage for the Volvo EC15.,generated_default,review,import_seo_via_matrixify_or_generate-model-seo-csv
volvo-ec15b,/pages/fitment/volvo-ec15b,"Volvo EC15B Rubber Tracks, Parts & Attachments | Heavy Iron Supply Co.",Shop OEM-spec rubber tracks and undercarriage for the Volvo EC15B.,generated_default,review,import_seo_via_matrixify_or_generate-model-seo-csv
volvo-ec15xr,/pages/fitment/volvo-ec15xr,"Volvo EC15XR Rubber Tracks, Parts & Attachments | Heavy Iron Supply Co.",Shop OEM-spec rubber tracks and undercarriage for the Volvo EC15XR.,generated_default,review,import_seo_via_matrixify_or_generate-model-seo-csv
volvo-ec20,/pages/fitment/volvo-ec20,"Volvo EC20 Rubber Tracks, Parts & Attachments | Heavy Iron Supply Co.",Shop OEM-spec rubber tracks and undercarriage for the Volvo EC20.,generated_default,review,import_seo_via_matrixify_or_generate-model-seo-csv
volvo-ec20b,/pages/fitment/volvo-ec20b,"Volvo EC20B Rubber Tracks, Parts & Attachments | Heavy Iron Supply Co.",Shop OEM-spec rubber tracks and undercarriage for the Volvo EC20B.,generated_default,review,import_seo_via_matrixify_or_generate-model-seo-csv
volvo-ec-20d,/pages/fitment/volvo-ec-20d,"Volvo EC20D Rubber Tracks, Parts & Attachments | Heavy Iron Supply Co.",Shop OEM-spec rubber tracks and undercarriage for the Volvo EC20D.,generated_default,review,import_seo_via_matrixify_or_generate-model-seo-csv
volvo-ec20e,/pages/fitment/volvo-ec20e,"Volvo EC20E Rubber Tracks, Parts & Attachments | Heavy Iron Supply Co.",Shop OEM-spec rubber tracks and undercarriage for the Volvo EC20E.,generated_default,review,import_seo_via_matrixify_or_generate-model-seo-csv
volvo-ec-20t,/pages/fitment/volvo-ec-20t,"Volvo EC20T Rubber Tracks, Parts & Attachments | Heavy Iron Supply Co.",Shop OEM-spec rubber tracks and undercarriage for the Volvo EC20T.,generated_default,review,import_seo_via_matrixify_or_generate-model-seo-csv
volvo-ec-20tb,/pages/fitment/volvo-ec-20tb,"Volvo EC20TB Rubber Tracks, Parts & Attachments | Heavy Iron Supply Co.",Shop OEM-spec rubber tracks and undercarriage for the Volvo EC20TB.,generated_default,review,import_seo_via_matrixify_or_generate-model-seo-csv
volvo-ec-20v,/pages/fitment/volvo-ec-20v,"Volvo EC20V Rubber Tracks, Parts & Attachments | Heavy Iron Supply Co.",Shop OEM-spec rubber tracks and undercarriage for the Volvo EC20V.,generated_default,review,import_seo_via_matrixify_or_generate-model-seo-csv
volvo-ec-20vb,/pages/fitment/volvo-ec-20vb,"Volvo EC20VB Rubber Tracks, Parts & Attachments | Heavy Iron Supply Co.",Shop OEM-spec rubber tracks and undercarriage for the Volvo EC20VB.,generated_default,review,import_seo_via_matrixify_or_generate-model-seo-csv
volvo-ec-20xt,/pages/fitment/volvo-ec-20xt,"Volvo EC20XT Rubber Tracks, Parts & Attachments | Heavy Iron Supply Co.",Shop OEM-spec rubber tracks and undercarriage for the Volvo EC20XT.,generated_default,review,import_seo_via_matrixify_or_generate-model-seo-csv
volvo-ec-20xtv,/pages/fitment/volvo-ec-20xtv,"Volvo EC20XTV Rubber Tracks, Parts & Attachments | Heavy Iron Supply Co.",Shop OEM-spec rubber tracks and undercarriage for the Volvo EC20XTV.,generated_default,review,import_seo_via_matrixify_or_generate-model-seo-csv
volvo-ec25,/pages/fitment/volvo-ec25,"Volvo EC25 Rubber Tracks, Parts & Attachments | Heavy Iron Supply Co.",Shop OEM-spec rubber tracks and undercarriage for the Volvo EC25.,generated_default,review,import_seo_via_matrixify_or_generate-model-seo-csv
volvo-ec-25x,/pages/fitment/volvo-ec-25x,"Volvo EC25X Rubber Tracks, Parts & Attachments | Heavy Iron Supply Co.",Shop OEM-spec rubber tracks and undercarriage for the Volvo EC25X.,generated_default,review,import_seo_via_matrixify_or_generate-model-seo-csv
volvo-ec-25xt,/pages/fitment/volvo-ec-25xt,"Volvo EC25XT Rubber Tracks, Parts & Attachments | Heavy Iron Supply Co.",Shop OEM-spec rubber tracks and undercarriage for the Volvo EC25XT.,generated_default,review,import_seo_via_matrixify_or_generate-model-seo-csv
volvo-ec27c,/pages/fitment/volvo-ec27c,"Volvo EC27C Rubber Tracks, Parts & Attachments | Heavy Iron Supply Co.",Shop OEM-spec rubber tracks and undercarriage for the Volvo EC27C.,generated_default,review,import_seo_via_matrixify_or_generate-model-seo-csv
volvo-ec27d,/pages/fitment/volvo-ec27d,"Volvo EC27D Rubber Tracks, Parts & Attachments | Heavy Iron Supply Co.",Shop OEM-spec rubber tracks and undercarriage for the Volvo EC27D.,generated_default,review,import_seo_via_matrixify_or_generate-model-seo-csv
volvo-ec30,/pages/fitment/volvo-ec30,"Volvo EC30 Rubber Tracks, Parts & Attachments | Heavy Iron Supply Co.",Shop OEM-spec rubber tracks and undercarriage for the Volvo EC30.,generated_default,review,import_seo_via_matrixify_or_generate-model-seo-csv
volvo-ec-30b,/pages/fitment/volvo-ec-30b,"Volvo EC30B Rubber Tracks, Parts & Attachments | Heavy Iron Supply Co.",Shop OEM-spec rubber tracks and undercarriage for the Volvo EC30B.,generated_default,review,import_seo_via_matrixify_or_generate-model-seo-csv
volvo-ec-30x,/pages/fitment/volvo-ec-30x,"Volvo EC30X Rubber Tracks, Parts & Attachments | Heavy Iron Supply Co.",Shop OEM-spec rubber tracks and undercarriage for the Volvo EC30X.,generated_default,review,import_seo_via_matrixify_or_generate-model-seo-csv
volvo-ec-35,/pages/fitment/volvo-ec-35,"Volvo EC35 Rubber Tracks, Parts & Attachments | Heavy Iron Supply Co.",Shop OEM-spec rubber tracks and undercarriage for the Volvo EC35.,generated_default,review,import_seo_via_matrixify_or_generate-model-seo-csv
volvo-ec35c,/pages/fitment/volvo-ec35c,"Volvo EC35C Rubber Tracks, Parts & Attachments | Heavy Iron Supply Co.",Shop OEM-spec rubber tracks and undercarriage for the Volvo EC35C.,generated_default,review,import_seo_via_matrixify_or_generate-model-seo-csv
volvo-ec35d,/pages/fitment/volvo-ec35d,"Volvo EC35D Rubber Tracks, Parts & Attachments | Heavy Iron Supply Co.",Shop OEM-spec rubber tracks and undercarriage for the Volvo EC35D.,generated_default,review,import_seo_via_matrixify_or_generate-model-seo-csv
volvo-ec55,/pages/fitment/volvo-ec55,"Volvo EC55 Rubber Tracks, Parts & Attachments | Heavy Iron Supply Co.",Shop OEM-spec rubber tracks and undercarriage for the Volvo EC55.,generated_default,review,import_seo_via_matrixify_or_generate-model-seo-csv
volvo-ec55b,/pages/fitment/volvo-ec55b,"Volvo EC55B Rubber Tracks, Parts & Attachments | Heavy Iron Supply Co.",Shop OEM-spec rubber tracks and undercarriage for the Volvo EC55B.,generated_default,review,import_seo_via_matrixify_or_generate-model-seo-csv
volvo-ec55c,/pages/fitment/volvo-ec55c,"Volvo EC55C Rubber Tracks, Parts & Attachments | Heavy Iron Supply Co.",Shop OEM-spec rubber tracks and undercarriage for the Volvo EC55C.,generated_default,review,import_seo_via_matrixify_or_generate-model-seo-csv
volvo-ec55d,/pages/fitment/volvo-ec55d,"Volvo EC55D Rubber Tracks, Parts & Attachments | Heavy Iron Supply Co.",Shop OEM-spec rubber tracks and undercarriage for the Volvo EC55D.,generated_default,review,import_seo_via_matrixify_or_generate-model-seo-csv
volvo-ecr25d,/pages/fitment/volvo-ecr25d,"Volvo ECR25D Rubber Tracks, Parts & Attachments | Heavy Iron Supply Co.",Shop OEM-spec rubber tracks and undercarriage for the Volvo ECR25D.,generated_default,review,import_seo_via_matrixify_or_generate-model-seo-csv
volvo-ecr28,/pages/fitment/volvo-ecr28,"Volvo ECR28 Rubber Tracks, Parts & Attachments | Heavy Iron Supply Co.",Shop OEM-spec rubber tracks and undercarriage for the Volvo ECR28.,generated_default,review,import_seo_via_matrixify_or_generate-model-seo-csv
volvo-ecr38,/pages/fitment/volvo-ecr38,"Volvo ECR38 Rubber Tracks, Parts & Attachments | Heavy Iron Supply Co.",Shop OEM-spec rubber tracks and undercarriage for the Volvo ECR38.,generated_default,review,import_seo_via_matrixify_or_generate-model-seo-csv
volvo-ecr40,/pages/fitment/volvo-ecr40,"Volvo ECR40 Rubber Tracks, Parts & Attachments | Heavy Iron Supply Co.",Shop OEM-spec rubber tracks and undercarriage for the Volvo ECR40.,generated_default,review,import_seo_via_matrixify_or_generate-model-seo-csv
volvo-ecr48,/pages/fitment/volvo-ecr48,"Volvo ECR48 Rubber Tracks, Parts & Attachments | Heavy Iron Supply Co.",Shop OEM-spec rubber tracks and undercarriage for the Volvo ECR48.,generated_default,review,import_seo_via_matrixify_or_generate-model-seo-csv
volvo-ecr48c,/pages/fitment/volvo-ecr48c,"Volvo ECR48C Rubber Tracks, Parts & Attachments | Heavy Iron Supply Co.",Shop OEM-spec rubber tracks and undercarriage for the Volvo ECR48C.,generated_default,review,import_seo_via_matrixify_or_generate-model-seo-csv
volvo-ecr50,/pages/fitment/volvo-ecr50,"Volvo ECR50 Rubber Tracks, Parts & Attachments | Heavy Iron Supply Co.",Shop OEM-spec rubber tracks and undercarriage for the Volvo ECR50.,generated_default,review,import_seo_via_matrixify_or_generate-model-seo-csv
volvo-ecr-50d,/pages/fitment/volvo-ecr-50d,"Volvo ECR50D Rubber Tracks, Parts & Attachments | Heavy Iron Supply Co.",Shop OEM-spec rubber tracks and undercarriage for the Volvo ECR50D.,generated_default,review,import_seo_via_matrixify_or_generate-model-seo-csv
volvo-ecr55d,/pages/fitment/volvo-ecr55d,"Volvo ECR55D Rubber Tracks, Parts & Attachments | Heavy Iron Supply Co.",Shop OEM-spec rubber tracks and undercarriage for the Volvo ECR55D.,generated_default,review,import_seo_via_matrixify_or_generate-model-seo-csv
volvo-ecr58,/pages/fitment/volvo-ecr58,"Volvo ECR58 Rubber Tracks, Parts & Attachments | Heavy Iron Supply Co.",Shop OEM-spec rubber tracks and undercarriage for the Volvo ECR58.,generated_default,review,import_seo_via_matrixify_or_generate-model-seo-csv
volvo-ecr58d,/pages/fitment/volvo-ecr58d,"Volvo ECR58D Rubber Tracks, Parts & Attachments | Heavy Iron Supply Co.",Shop OEM-spec rubber tracks and undercarriage for the Volvo ECR58D.,generated_default,review,import_seo_via_matrixify_or_generate-model-seo-csv
volvo-ecr88,/pages/fitment/volvo-ecr88,"Volvo ECR88 Rubber Tracks, Parts & Attachments | Heavy Iron Supply Co.",Shop OEM-spec rubber tracks and undercarriage for the Volvo ECR88.,generated_default,review,import_seo_via_matrixify_or_generate-model-seo-csv
volvo-ecr88d,/pages/fitment/volvo-ecr88d,"Volvo ECR88D Rubber Tracks, Parts & Attachments | Heavy Iron Supply Co.",Shop OEM-spec rubber tracks and undercarriage for the Volvo ECR88D.,generated_default,review,import_seo_via_matrixify_or_generate-model-seo-csv
volvo-mct110c,/pages/fitment/volvo-mct110c,"Volvo MCT110C Rubber Tracks, Parts & Attachments | Heavy Iron Supply Co.",Shop OEM-spec rubber tracks and undercarriage for the Volvo MCT110C.,generated_default,review,import_seo_via_matrixify_or_generate-model-seo-csv
volvo-mct125c,/pages/fitment/volvo-mct125c,"Volvo MCT125C Rubber Tracks, Parts & Attachments | Heavy Iron Supply Co.",Shop OEM-spec rubber tracks and undercarriage for the Volvo MCT125C.,generated_default,review,import_seo_via_matrixify_or_generate-model-seo-csv
volvo-mct135c,/pages/fitment/volvo-mct135c,"Volvo MCT135C Rubber Tracks, Parts & Attachments | Heavy Iron Supply Co.",Shop OEM-spec rubber tracks and undercarriage for the Volvo MCT135C.,generated_default,review,import_seo_via_matrixify_or_generate-model-seo-csv
volvo-mct145,/pages/fitment/volvo-mct145,"Volvo MCT145 Rubber Tracks, Parts & Attachments | Heavy Iron Supply Co.",Shop OEM-spec rubber tracks and undercarriage for the Volvo MCT145.,generated_default,review,import_seo_via_matrixify_or_generate-model-seo-csv
volvo-mct145c,/pages/fitment/volvo-mct145c,"Volvo MCT145C Rubber Tracks, Parts & Attachments | Heavy Iron Supply Co.",Shop OEM-spec rubber tracks and undercarriage for the Volvo MCT145C.,generated_default,review,import_seo_via_matrixify_or_generate-model-seo-csv
volvo-mct85c,/pages/fitment/volvo-mct85c,"Volvo MCT85C Rubber Tracks, Parts & Attachments | Heavy Iron Supply Co.",Shop OEM-spec rubber tracks and undercarriage for the Volvo MCT85C.,generated_default,review,import_seo_via_matrixify_or_generate-model-seo-csv
wacker-neuson-1101cp,/pages/fitment/wacker-neuson-1101cp,"Wacker Neuson 1101CP Rubber Tracks, Parts & Attachments | Heavy Iron Supply Co.",Shop OEM-spec rubber tracks and undercarriage for the Wacker Neuson 1101CP.,generated_default,review,import_seo_via_matrixify_or_generate-model-seo-csv
wacker-neuson-3503,/pages/fitment/wacker-neuson-3503,"Wacker Neuson 3503 Rubber Tracks, Parts & Attachments | Heavy Iron Supply Co.",Shop OEM-spec rubber tracks and undercarriage for the Wacker Neuson 3503.,generated_default,review,import_seo_via_matrixify_or_generate-model-seo-csv
wacker-neuson-5002,/pages/fitment/wacker-neuson-5002,"Wacker Neuson 5002 Rubber Tracks, Parts & Attachments | Heavy Iron Supply Co.",Shop OEM-spec rubber tracks and undercarriage for the Wacker Neuson 5002.,generated_default,review,import_seo_via_matrixify_or_generate-model-seo-csv
wacker-neuson-50z-3,/pages/fitment/wacker-neuson-50z-3,"Wacker Neuson 50Z3 Rubber Tracks, Parts & Attachments | Heavy Iron Supply Co.",Shop OEM-spec rubber tracks and undercarriage for the Wacker Neuson 50Z3.,generated_default,review,import_seo_via_matrixify_or_generate-model-seo-csv
wacker-neuson-6003,/pages/fitment/wacker-neuson-6003,"Wacker Neuson 6003 Rubber Tracks, Parts & Attachments | Heavy Iron Supply Co.",Shop OEM-spec rubber tracks and undercarriage for the Wacker Neuson 6003.,generated_default,review,import_seo_via_matrixify_or_generate-model-seo-csv
wacker-neuson-ez17,/pages/fitment/wacker-neuson-ez17,"Wacker Neuson EZ17 Rubber Tracks, Parts & Attachments | Heavy Iron Supply Co.",Shop OEM-spec rubber tracks and undercarriage for the Wacker Neuson EZ17.,generated_default,review,import_seo_via_matrixify_or_generate-model-seo-csv
wacker-neuson-ez38,/pages/fitment/wacker-neuson-ez38,"Wacker Neuson EZ38 Rubber Tracks, Parts & Attachments | Heavy Iron Supply Co.",Shop OEM-spec rubber tracks and undercarriage for the Wacker Neuson EZ38.,generated_default,review,import_seo_via_matrixify_or_generate-model-seo-csv
wacker-neuson-ez50,/pages/fitment/wacker-neuson-ez50,"Wacker Neuson EZ50 Rubber Tracks, Parts & Attachments | Heavy Iron Supply Co.",Shop OEM-spec rubber tracks and undercarriage for the Wacker Neuson EZ50.,generated_default,review,import_seo_via_matrixify_or_generate-model-seo-csv
wacker-neuson-ez53,/pages/fitment/wacker-neuson-ez53,"Wacker Neuson EZ53 Rubber Tracks, Parts & Attachments | Heavy Iron Supply Co.",Shop OEM-spec rubber tracks and undercarriage for the Wacker Neuson EZ53.,generated_default,review,import_seo_via_matrixify_or_generate-model-seo-csv
wacker-neuson-st28,/pages/fitment/wacker-neuson-st28,"Wacker Neuson ST28 Rubber Tracks, Parts & Attachments | Heavy Iron Supply Co.",Shop OEM-spec rubber tracks and undercarriage for the Wacker Neuson ST28.,generated_default,review,import_seo_via_matrixify_or_generate-model-seo-csv
wacker-neuson-st31,/pages/fitment/wacker-neuson-st31,"Wacker Neuson ST31 Rubber Tracks, Parts & Attachments | Heavy Iron Supply Co.",Shop OEM-spec rubber tracks and undercarriage for the Wacker Neuson ST31.,generated_default,review,import_seo_via_matrixify_or_generate-model-seo-csv
wacker-neuson-st35,/pages/fitment/wacker-neuson-st35,"Wacker Neuson ST35 Rubber Tracks, Parts & Attachments | Heavy Iron Supply Co.",Shop OEM-spec rubber tracks and undercarriage for the Wacker Neuson ST35.,generated_default,review,import_seo_via_matrixify_or_generate-model-seo-csv
wacker-neuson-st40,/pages/fitment/wacker-neuson-st40,"Wacker Neuson ST40 Rubber Tracks, Parts & Attachments | Heavy Iron Supply Co.",Shop OEM-spec rubber tracks and undercarriage for the Wacker Neuson ST40.,generated_default,review,import_seo_via_matrixify_or_generate-model-seo-csv
wacker-neuson-st45,/pages/fitment/wacker-neuson-st45,"Wacker Neuson ST45 Rubber Tracks, Parts & Attachments | Heavy Iron Supply Co.",Shop OEM-spec rubber tracks and undercarriage for the Wacker Neuson ST45.,generated_default,review,import_seo_via_matrixify_or_generate-model-seo-csv
wacker-neuson-st50,/pages/fitment/wacker-neuson-st50,"Wacker Neuson ST50 Rubber Tracks, Parts & Attachments | Heavy Iron Supply Co.",Shop OEM-spec rubber tracks and undercarriage for the Wacker Neuson ST50.,generated_default,review,import_seo_via_matrixify_or_generate-model-seo-csv
yanmar-b3-u,/pages/fitment/yanmar-b3-u,"Yanmar B3U Rubber Tracks, Parts & Attachments | Heavy Iron Supply Co.",Shop OEM-spec rubber tracks and undercarriage for the Yanmar B3U.,generated_default,review,import_seo_via_matrixify_or_generate-model-seo-csv
yanmar-t210,/pages/fitment/yanmar-t210,"Yanmar T-210 Rubber Tracks, Parts & Attachments | Heavy Iron Supply Co.",Shop OEM-spec rubber tracks and undercarriage for the Yanmar T-210.,generated_default,review,import_seo_via_matrixify_or_generate-model-seo-csv
yanmar-t175,/pages/fitment/yanmar-t175,"Yanmar T175 Rubber Tracks, Parts & Attachments | Heavy Iron Supply Co.",Shop OEM-spec rubber tracks and undercarriage for the Yanmar T175.,generated_default,review,import_seo_via_matrixify_or_generate-model-seo-csv
yanmar-vio-30-1-offset-type,/pages/fitment/yanmar-vio-30-1-offset-type,"Yanmar VIO 30-1 Rubber Tracks, Parts & Attachments | Heavy Iron Supply Co.",Shop OEM-spec rubber tracks and undercarriage for the Yanmar VIO 30-1.,generated_default,review,import_seo_via_matrixify_or_generate-model-seo-csv
yanmar-vio-30-2-offset-type,/pages/fitment/yanmar-vio-30-2-offset-type,"Yanmar VIO 30-2 Rubber Tracks, Parts & Attachments | Heavy Iron Supply Co.",Shop OEM-spec rubber tracks and undercarriage for the Yanmar VIO 30-2.,generated_default,review,import_seo_via_matrixify_or_generate-model-seo-csv
yanmar-vio-30-3s-offset-type,/pages/fitment/yanmar-vio-30-3s-offset-type,"Yanmar VIO 30-3S Rubber Tracks, Parts & Attachments | Heavy Iron Supply Co.",Shop OEM-spec rubber tracks and undercarriage for the Yanmar VIO 30-3S.,generated_default,review,import_seo_via_matrixify_or_generate-model-seo-csv
yanmar-vio-30v-offset-type,/pages/fitment/yanmar-vio-30v-offset-type,"Yanmar VIO 30V Rubber Tracks, Parts & Attachments | Heavy Iron Supply Co.",Shop OEM-spec rubber tracks and undercarriage for the Yanmar VIO 30V.,generated_default,review,import_seo_via_matrixify_or_generate-model-seo-csv
yanmar-vio-33-offset-type,/pages/fitment/yanmar-vio-33-offset-type,"Yanmar VIO 33 Rubber Tracks, Parts & Attachments | Heavy Iron Supply Co.",Shop OEM-spec rubber tracks and undercarriage for the Yanmar VIO 33.,generated_default,review,import_seo_via_matrixify_or_generate-model-seo-csv
yanmar-vio-35-offset-type,/pages/fitment/yanmar-vio-35-offset-type,"Yanmar VIO 35 Rubber Tracks, Parts & Attachments | Heavy Iron Supply Co.",Shop OEM-spec rubber tracks and undercarriage for the Yanmar VIO 35.,generated_default,review,import_seo_via_matrixify_or_generate-model-seo-csv
yanmar-vio-35-1-offset-type,/pages/fitment/yanmar-vio-35-1-offset-type,"Yanmar VIO 35-1 Rubber Tracks, Parts & Attachments | Heavy Iron Supply Co.",Shop OEM-spec rubber tracks and undercarriage for the Yanmar VIO 35-1.,generated_default,review,import_seo_via_matrixify_or_generate-model-seo-csv
yanmar-vio-35-2-offset-type,/pages/fitment/yanmar-vio-35-2-offset-type,"Yanmar VIO 35-2 Rubber Tracks, Parts & Attachments | Heavy Iron Supply Co.",Shop OEM-spec rubber tracks and undercarriage for the Yanmar VIO 35-2.,generated_default,review,import_seo_via_matrixify_or_generate-model-seo-csv
yanmar-vio-35-3-offset-type,/pages/fitment/yanmar-vio-35-3-offset-type,"Yanmar VIO 35-3 Rubber Tracks, Parts & Attachments | Heavy Iron Supply Co.",Shop OEM-spec rubber tracks and undercarriage for the Yanmar VIO 35-3.,generated_default,review,import_seo_via_matrixify_or_generate-model-seo-csv
yanmar-vio-35-5-offset-type,/pages/fitment/yanmar-vio-35-5-offset-type,"Yanmar VIO 35-5 Rubber Tracks, Parts & Attachments | Heavy Iron Supply Co.",Shop OEM-spec rubber tracks and undercarriage for the Yanmar VIO 35-5.,generated_default,review,import_seo_via_matrixify_or_generate-model-seo-csv
yanmar-vio-35cr-offset-type,/pages/fitment/yanmar-vio-35cr-offset-type,"Yanmar VIO 35CR Rubber Tracks, Parts & Attachments | Heavy Iron Supply Co.",Shop OEM-spec rubber tracks and undercarriage for the Yanmar VIO 35CR.,generated_default,review,import_seo_via_matrixify_or_generate-model-seo-csv
yanmar-vio-38-offset-type,/pages/fitment/yanmar-vio-38-offset-type,"Yanmar VIO 38 Rubber Tracks, Parts & Attachments | Heavy Iron Supply Co.",Shop OEM-spec rubber tracks and undercarriage for the Yanmar VIO 38.,generated_default,review,import_seo_via_matrixify_or_generate-model-seo-csv
yanmar-vio-40-offset-type,/pages/fitment/yanmar-vio-40-offset-type,"Yanmar VIO 40 Rubber Tracks, Parts & Attachments | Heavy Iron Supply Co.",Shop OEM-spec rubber tracks and undercarriage for the Yanmar VIO 40.,generated_default,review,import_seo_via_matrixify_or_generate-model-seo-csv
yanmar-vio-50-3-offset-type,/pages/fitment/yanmar-vio-50-3-offset-type,"Yanmar VIO 50-3 Rubber Tracks, Parts & Attachments | Heavy Iron Supply Co.",Shop OEM-spec rubber tracks and undercarriage for the Yanmar VIO 50-3.,generated_default,review,import_seo_via_matrixify_or_generate-model-seo-csv
yanmar-vio-55-cr-offset-type,/pages/fitment/yanmar-vio-55-cr-offset-type,"Yanmar VIO 55 CR Rubber Tracks, Parts & Attachments | Heavy Iron Supply Co.",Shop OEM-spec rubber tracks and undercarriage for the Yanmar VIO 55 CR.,generated_default,review,import_seo_via_matrixify_or_generate-model-seo-csv
yanmar-vio-57u-offset-type,/pages/fitment/yanmar-vio-57u-offset-type,"Yanmar VIO 57U Rubber Tracks, Parts & Attachments | Heavy Iron Supply Co.",Shop OEM-spec rubber tracks and undercarriage for the Yanmar VIO 57U.,generated_default,review,import_seo_via_matrixify_or_generate-model-seo-csv
yanmar-vio-45v-offset-type,/pages/fitment/yanmar-vio-45v-offset-type,"Yanmar VIO-45-V Rubber Tracks, Parts & Attachments | Heavy Iron Supply Co.",Shop OEM-spec rubber tracks and undercarriage for the Yanmar VIO-45-V.,generated_default,review,import_seo_via_matrixify_or_generate-model-seo-csv
yanmar-vio-50v-offset-type,/pages/fitment/yanmar-vio-50v-offset-type,"Yanmar VIO-50-V Rubber Tracks, Parts & Attachments | Heavy Iron Supply Co.",Shop OEM-spec rubber tracks and undercarriage for the Yanmar VIO-50-V.,generated_default,review,import_seo_via_matrixify_or_generate-model-seo-csv
yanmar-vio-27-2-offset-type,/pages/fitment/yanmar-vio-27-2-offset-type,"Yanmar VIO27-2 Rubber Tracks, Parts & Attachments | Heavy Iron Supply Co.",Shop OEM-spec rubber tracks and undercarriage for the Yanmar VIO27-2.,generated_default,review,import_seo_via_matrixify_or_generate-model-seo-csv
yanmar-vio-27-3-offset-type,/pages/fitment/yanmar-vio-27-3-offset-type,"Yanmar VIO27-3 Rubber Tracks, Parts & Attachments | Heavy Iron Supply Co.",Shop OEM-spec rubber tracks and undercarriage for the Yanmar VIO27-3.,generated_default,review,import_seo_via_matrixify_or_generate-model-seo-csv
yanmar-vio-27-5-offset-type,/pages/fitment/yanmar-vio-27-5-offset-type,"Yanmar VIO27-5 Rubber Tracks, Parts & Attachments | Heavy Iron Supply Co.",Shop OEM-spec rubber tracks and undercarriage for the Yanmar VIO27-5.,generated_default,review,import_seo_via_matrixify_or_generate-model-seo-csv
yanmar-vio-35-6a,/pages/fitment/yanmar-vio-35-6a,"Yanmar VIO35 6A Rubber Tracks, Parts & Attachments | Heavy Iron Supply Co.",Shop OEM-spec rubber tracks and undercarriage for the Yanmar VIO35 6A.,generated_default,review,import_seo_via_matrixify_or_generate-model-seo-csv
yanmar-vio-40-1-offset-type,/pages/fitment/yanmar-vio-40-1-offset-type,"Yanmar VIO40-1 Rubber Tracks, Parts & Attachments | Heavy Iron Supply Co.",Shop OEM-spec rubber tracks and undercarriage for the Yanmar VIO40-1.,generated_default,review,import_seo_via_matrixify_or_generate-model-seo-csv
yanmar-vio-40-2-offset-type,/pages/fitment/yanmar-vio-40-2-offset-type,"Yanmar VIO40-2 Rubber Tracks, Parts & Attachments | Heavy Iron Supply Co.",Shop OEM-spec rubber tracks and undercarriage for the Yanmar VIO40-2.,generated_default,review,import_seo_via_matrixify_or_generate-model-seo-csv
yanmar-vio-40v-offset-type,/pages/fitment/yanmar-vio-40v-offset-type,"Yanmar VIO40V Rubber Tracks, Parts & Attachments | Heavy Iron Supply Co.",Shop OEM-spec rubber tracks and undercarriage for the Yanmar VIO40V.,generated_default,review,import_seo_via_matrixify_or_generate-model-seo-csv
yanmar-vio-45-offset-type,/pages/fitment/yanmar-vio-45-offset-type,"Yanmar VIO45 Rubber Tracks, Parts & Attachments | Heavy Iron Supply Co.",Shop OEM-spec rubber tracks and undercarriage for the Yanmar VIO45.,generated_default,review,import_seo_via_matrixify_or_generate-model-seo-csv
yanmar-vio-45-5-offset-type,/pages/fitment/yanmar-vio-45-5-offset-type,"Yanmar VIO45-5 Rubber Tracks, Parts & Attachments | Heavy Iron Supply Co.",Shop OEM-spec rubber tracks and undercarriage for the Yanmar VIO45-5.,generated_default,review,import_seo_via_matrixify_or_generate-model-seo-csv
yanmar-vio45-6a,/pages/fitment/yanmar-vio45-6a,"Yanmar VIO456A Rubber Tracks, Parts & Attachments | Heavy Iron Supply Co.",Shop OEM-spec rubber tracks and undercarriage for the Yanmar VIO456A.,generated_default,review,import_seo_via_matrixify_or_generate-model-seo-csv
yanmar-vio-45-cr-offset-type,/pages/fitment/yanmar-vio-45-cr-offset-type,"Yanmar VIO45CR Rubber Tracks, Parts & Attachments | Heavy Iron Supply Co.",Shop OEM-spec rubber tracks and undercarriage for the Yanmar VIO45CR.,generated_default,review,import_seo_via_matrixify_or_generate-model-seo-csv
yanmar-vio-50-1-offset-type,/pages/fitment/yanmar-vio-50-1-offset-type,"Yanmar VIO50-1 Rubber Tracks, Parts & Attachments | Heavy Iron Supply Co.",Shop OEM-spec rubber tracks and undercarriage for the Yanmar VIO50-1.,generated_default,review,import_seo_via_matrixify_or_generate-model-seo-csv
yanmar-vio-50-2-offset-type,/pages/fitment/yanmar-vio-50-2-offset-type,"Yanmar VIO50-2 Rubber Tracks, Parts & Attachments | Heavy Iron Supply Co.",Shop OEM-spec rubber tracks and undercarriage for the Yanmar VIO50-2.,generated_default,review,import_seo_via_matrixify_or_generate-model-seo-csv
yanmar-vio-55-offset-type,/pages/fitment/yanmar-vio-55-offset-type,"Yanmar VIO55 Rubber Tracks, Parts & Attachments | Heavy Iron Supply Co.",Shop OEM-spec rubber tracks and undercarriage for the Yanmar VIO55.,generated_default,review,import_seo_via_matrixify_or_generate-model-seo-csv
yanmar-vio-55-5-offset-type,/pages/fitment/yanmar-vio-55-5-offset-type,"Yanmar VIO55 5 Rubber Tracks, Parts & Attachments | Heavy Iron Supply Co.",Shop OEM-spec rubber tracks and undercarriage for the Yanmar VIO55 5.,generated_default,review,import_seo_via_matrixify_or_generate-model-seo-csv
yanmar-vio-55-6a,/pages/fitment/yanmar-vio-55-6a,"Yanmar VIO55-6A Rubber Tracks, Parts & Attachments | Heavy Iron Supply Co.",Shop OEM-spec rubber tracks and undercarriage for the Yanmar VIO55-6A.,generated_default,review,import_seo_via_matrixify_or_generate-model-seo-csv
