Handle,Command,Field: primary_track_size,Field: hero_image,Field: track_products [list.product_reference],Field: uc_products [list.product_reference]
airman-ax12,MERGE,230x96x31,,t230x96x31nk,
airman-ax12-2,MERGE,230x96x31,,t230x96x31nk,
airman-ax15-2,MERGE,230x96x31,,t230x96x31nk,
airman-ax15u,MERGE,230x96x31,,t230x96x31nk,
airman-ax17u,MERGE,230x48x70,,"230x48x70-rubber-track-directional, bs2304870xd",
airman-ax30u-4,MERGE,300x52.5x86,,"bs30052586rsxd, tnt300525n86hd",
airman-ax35-1,MERGE,300x52.5Nx84,,300x52-5nx84-rubber-track-directional,
airman-ax35-2,MERGE,300x52.5Nx84,,300x52-5nx84-rubber-track-directional,
airman-ax35u,MERGE,300x52.5x86,,"bs30052586rsxd, tnt300525n86hd",
airman-ax35u-4,MERGE,300x52.5x86,,"bs30052586rsxd, tnt300525n86hd",
airman-ax36u,MERGE,300x52.5x86,,"bs30052586rsxd, tnt300525n86hd",
airman-ax36ucgl,MERGE,300x52.5x86,,"bs30052586rsxd, tnt300525n86hd",
airman-axc12,MERGE,230x96x31,,t230x96x31nk,
airman-axc15,MERGE,230x96x31,,t230x96x31nk,
asv-posi-trac2800,MERGE,457x101.6x56,,tnt457101656hdmb,
asv-posi-trac2810,MERGE,457x101.6x56,,tnt457101656hdmb,
asv-posi-trac4800,MERGE,457x101.6x56,,tnt457101656hdmb,heavy-duty-sprocket-tb43
asv-posi-trac4810,MERGE,457x101.6x56,,tnt457101656hdmb,heavy-duty-sprocket-tb43
asv-posi-trachd4500,MERGE,457x101.6x56,,tnt457101656hdmb,heavy-duty-sprocket-tb43
asv-pt-50,MERGE,381x100.5x42,,381x100-5x42-rubber-track-multi-bar,"bw2101grp, heavy-duty-sprocket-tb56"
asv-pt-60,MERGE,381x100.5x42,,381x100-5x42-rubber-track-multi-bar,"bw2101grp, heavy-duty-sprocket-tb56"
asv-pt-80,MERGE,457x101.6x51,,"639-1830, tnt457101651hdmb","bw10, heavy-duty-sprocket-tb39, sis39"
asv-pt-100,MERGE,457x101.6x51,,"639-1830, tnt457101651hdmb",
asv-rc-50,MERGE,381x100.5x42,,381x100-5x42-rubber-track-multi-bar,"bw2101grp, heavy-duty-sprocket-tb56"
asv-rc-60,MERGE,381x100.5x42,,381x100-5x42-rubber-track-multi-bar,"bw2101grp, heavy-duty-sprocket-tb56"
asv-rc100,MERGE,457x101.6x51,,"639-1830, tnt457101651hdmb",
asv-rc85,MERGE,457x101.6x51,,"639-1830, tnt457101651hdmb",
asv-rcv,MERGE,457x101.6x51,,"639-1830, tnt457101651hdmb",
asv-rcv-85,MERGE,457x101.6x51,,"639-1830, tnt457101651hdmb",
asv-rt-120f,MERGE,457x101.6x51,,"639-1830, tnt457101651hdmb",
asv-rt-135f,MERGE,457x101.6x51,,"639-1830, tnt457101651hdmb",
asv-rt25,MERGE,,https://cdn.shopify.com/s/files/1/0952/1977/7823/files/ASV-multi-terrain-loader-hero.webp?v=1773971451,,
asv-rt30,MERGE,,https://cdn.shopify.com/s/files/1/0952/1977/7823/files/ASV-multi-terrain-loader-hero.webp?v=1773971451,,
asv-rt40,MERGE,,https://cdn.shopify.com/s/files/1/0952/1977/7823/files/ASV-multi-terrain-loader-hero.webp?v=1773971451,,
asv-rt-50,MERGE,,https://cdn.shopify.com/s/files/1/0952/1977/7823/files/ASV-multi-terrain-loader-hero.webp?v=1773971451,381x100-5x42-rubber-track-multi-bar,
asv-rt-60,MERGE,381x100.5x42,,381x100-5x42-rubber-track-multi-bar,
asv-rt-65,MERGE,,https://cdn.shopify.com/s/files/1/0952/1977/7823/files/ASV-multi-terrain-loader-hero.webp?v=1773971451,381x100-5x42-rubber-track-multi-bar,
asv-rt-75,MERGE,,https://cdn.shopify.com/s/files/1/0952/1977/7823/files/ASV-multi-terrain-loader-hero.webp?v=1773971451,tnt457101651hdmb,
asv-rt-75hd,MERGE,457x101.6x51,,"639-1830, tnt457101651hdmb",
asv-sc-50,MERGE,381x100.5x42,,381x100-5x42-rubber-track-multi-bar,"bw2101grp, heavy-duty-sprocket-tb56"
asv-sr-80,MERGE,457x101.6x51,,"639-1830, tnt457101651hdmb",
asv-vt-70,MERGE,,,381x100-5x42-rubber-track-multi-bar,
bobcat-225,MERGE,300x52.5Nx74,,300x52-5nx74-rubber-track-directional,
bobcat-231,MERGE,300x52.5Nx80,,"300x52-5nx80-rubber-track-directional, bs300525n80xd, st101-35-57-300-41l",
bobcat-320,MERGE,230x72Kx45,,,heavy-duty-sprocket-sp6816203
bobcat-321,MERGE,,,,"heavy-duty-sprocket-sp6816203, heavy-duty-track-roller-tr7136983"
bobcat-323,MERGE,,,,"heavy-duty-sprocket-sp6816203, heavy-duty-track-roller-tr7136983"
bobcat-325,MERGE,300x52.5Nx74,https://tcykyktvdlsbscrsbjyt.supabase.co/storage/v1/object/public/machine-images/bobcat-325-hero.webp,"300x52-5nx74-rubber-track-directional, tnt3205472hd","bo101-300, heavy-duty-front-idler-fi7199074, heavy-duty-sprocket-sp6813372, heavy-duty-sprocket-v6587308v, heavy-duty-track-roller-tr6814886am, heavy-duty-track-roller-tr7019167"
bobcat-328,MERGE,300x52.5Nx74,https://tcykyktvdlsbscrsbjyt.supabase.co/storage/v1/object/public/machine-images/bobcat-328-hero.webp,300x52-5nx74-rubber-track-directional,
bobcat-329,MERGE,300x52.5Nx80,,"300x52-5nx80-rubber-track-directional, bs300525n80xd, st101-35-57-300-41l","bo101-300, heavy-duty-front-idler-fi7199074, heavy-duty-sprocket-sp6813372, heavy-duty-track-roller-tr6814886am, heavy-duty-track-roller-tr7019167"
bobcat-331,MERGE,300x52.5Nx80,,"300x52-5nx80-rubber-track-directional, bs300525n80xd, st101-35-57-300-41l","bo101-300, heavy-duty-front-idler-fi7199074, heavy-duty-sprocket-sp6813372, heavy-duty-track-roller-tr6814886am, heavy-duty-track-roller-tr7013575, heavy-duty-track-roller-tr7019167"
bobcat-331e,MERGE,300x52.5Nx80,,"300x52-5nx80-rubber-track-directional, bs300525n80xd","bo101-300, heavy-duty-front-idler-fi7199074, heavy-duty-sprocket-sp6813372, heavy-duty-track-roller-tr6814886am, heavy-duty-track-roller-tr7019167"
bobcat-334,MERGE,300x52.5Nx80,,"300x52-5nx80-rubber-track-directional, bs300525n80xd, st101-35-57-300-41l","bo101-300, heavy-duty-front-idler-fi7199074, heavy-duty-sprocket-sp6813372, heavy-duty-track-roller-tr6814886am, heavy-duty-track-roller-tr7013575, heavy-duty-track-roller-tr7019167"
bobcat-337,MERGE,400x72.5Kx74,,"400x72-5x74-rubber-track-directional, bs400725w74xd, ht135-53-80-400-39l, st135-53-80-400-39l","bo135-400, ct135-51-72-400, heavy-duty-front-idler-fi6815125, heavy-duty-sprocket-sp6816209, heavy-duty-track-roller-tr6814890, heavy-duty-track-roller-tr7013577, heavy-duty-track-roller-tr7013577s"
bobcat-341,MERGE,400x72.5Kx74,,"400x72-5x74-rubber-track-directional, bs400725w74xd, ht135-53-80-400-39l, st135-53-80-400-39l","bo135-400, ct135-51-72-400, heavy-duty-front-idler-fi6815125, heavy-duty-sprocket-sp6816209, heavy-duty-track-roller-tr6814890, heavy-duty-track-roller-tr7013577, heavy-duty-track-roller-tr7013577s"
bobcat-418,MERGE,180x72x39,,"180x72x39-rubber-tracks, bs1807239cxd, tnt1807239hd",
bobcat-425,MERGE,300x52.5Nx80,https://tcykyktvdlsbscrsbjyt.supabase.co/storage/v1/object/public/machine-images/bobcat-425-hero.webp,"300x52-5nx80-rubber-track-directional, bs300525n80xd, st101-35-57-300-41l","bo101-300, heavy-duty-front-idler-fi7199074, heavy-duty-sprocket-sp6813372, heavy-duty-track-roller-tr7019167"
bobcat-428,MERGE,300x52.5Nx80,https://tcykyktvdlsbscrsbjyt.supabase.co/storage/v1/object/public/machine-images/bobcat-428-hero.webp,"300x52-5nx80-rubber-track-directional, bs300525n80xd","bo101-300, heavy-duty-front-idler-fi7199074, heavy-duty-sprocket-sp6813372"
bobcat-435,MERGE,400x72.5Kx74,,"400x72-5x74-rubber-track-directional, bs400725w74xd, ht135-53-80-400-39l, st135-53-80-400-39l","bo135-400, ct135-51-72-400, heavy-duty-front-idler-fi6815125, heavy-duty-sprocket-sp6816209, heavy-duty-track-roller-tr7013577"
bobcat-442,MERGE,400x72.5Kx74,,450x71x86-rubber-track-directional,"bo135-400, ct135-51-72-400"
bobcat-864,MERGE,320x86x52,https://tcykyktvdlsbscrsbjyt.supabase.co/storage/v1/object/public/machine-images/bobcat-864-hero.webp,"320x86x52-rubber-tracks, 450x86x52-rubber-track-z-max, bs3208652bxd, bs3208652cxd, bs3208652mbxd, bs3208652vxd, bs4508652bxd, bs4508652cxd, bs4508652vxd, sd4508652bbe, tnt3208652hdbl, tnt3208652hdmb, tnt3208652hdz, tnt3208652hdzb, tnt3208652sdc, tnt32086t52hdbl, tnt32086t52hdc, tnt32086t52hdmb, tnt32086t52hdzb, tnt4508652hdbl, tnt4508652hdc, tnt4508652hdmb, tnt4508652hdz, tnt4508652sdc","heavy-duty-front-idler-fi6732902, heavy-duty-rear-idler-rr6732903, heavy-duty-sprocket-sp6715821, heavy-duty-sprocket-sp7165109, heavy-duty-track-roller-tr6689371, heavy-duty-track-roller-tr6732901b"
bobcat-e08,MERGE,180x72x39,https://tcykyktvdlsbscrsbjyt.supabase.co/storage/v1/object/public/machine-images/bobcat-e08-hero.webp,"180x72x39-rubber-tracks, 250x72x39-rubber-track-directional, bs1807239cxd, bs2507239cxd, tnt1807239hd",heavy-duty-track-roller-tr7165324
bobcat-e10,MERGE,180x72x39,https://tcykyktvdlsbscrsbjyt.supabase.co/storage/v1/object/public/machine-images/bobcat-e10-hero.webp,"180x72x39-rubber-tracks, 250x72x39-rubber-track-directional, bs1807239cxd, bs2507239cxd, tnt1807239hd",heavy-duty-track-roller-tr7165324
bobcat-e20,MERGE,230x48x72,https://tcykyktvdlsbscrsbjyt.supabase.co/storage/v1/object/public/machine-images/bobcat-e20-hero.webp,230x48x72-rubber-track-directional,
bobcat-e25,MERGE,300x52.5Nx76,,300x52-5nx76-rubber-track-directional,
bobcat-e26,MERGE,300x52.5Nx80,https://tcykyktvdlsbscrsbjyt.supabase.co/storage/v1/object/public/machine-images/bobcat-e26-hero.webp,"300x52-5nx80-rubber-track-directional, bs300525n80xd, st101-35-57-300-41l","bo101-300, heavy-duty-carrier-roller-cr7257873, heavy-duty-carrier-roller-crrd411-22900, heavy-duty-sprocket-sp7199006, heavy-duty-track-roller-tr6814886am, heavy-duty-track-roller-tr7013575, heavy-duty-track-roller-tr7019167, heavy-duty-track-roller-tr7257870"
bobcat-e32,MERGE,300x52.5Nx80,https://tcykyktvdlsbscrsbjyt.supabase.co/storage/v1/object/public/machine-images/bobcat-e32-hero.webp,"300x52-5nx80-rubber-track-directional, bs300525n80xd, st101-35-57-300-41l","bo101-300, heavy-duty-carrier-roller-cr7020867, heavy-duty-front-idler-fi7199074, heavy-duty-sprocket-sp7199006, heavy-duty-track-roller-tr7013575"
bobcat-e32i,MERGE,300x52.5Nx80,,"300x52-5nx80-rubber-track-directional, bs300525n80xd","bo101-300, heavy-duty-front-idler-fi7199074, heavy-duty-sprocket-sp7199006, heavy-duty-track-roller-tr7013575"
bobcat-e34,MERGE,300x52.5Nx84,https://cdn.shopify.com/s/files/1/0952/1977/7823/files/bobcat-excavator-hero.webp?v=1773973926,,
bobcat-e35,MERGE,300x52.5Nx84,https://tcykyktvdlsbscrsbjyt.supabase.co/storage/v1/object/public/machine-images/bobcat-e35-hero.webp,"300x52-5nx84-rubber-track-directional, st101-45-67-300-45l, tnt3205482hd","bo101-300, heavy-duty-carrier-roller-cr7020867, heavy-duty-front-idler-fi7199074, heavy-duty-sprocket-sp6813372, heavy-duty-sprocket-sp7199006, heavy-duty-track-roller-tr7013575"
bobcat-e35i,MERGE,300x52.5Nx84,,"300x52-5nx84-rubber-track-directional, tnt3205482hd","bo101-300, heavy-duty-carrier-roller-cr7020867, heavy-duty-front-idler-fi7199074, heavy-duty-sprocket-sp7199006, heavy-duty-track-roller-tr7013575"
bobcat-e35z,MERGE,300x52.5Nx84,,"300x52-5nx84-rubber-track-directional, tnt3205482hd","bo101-300, heavy-duty-front-idler-fi7199074, heavy-duty-sprocket-sp7199006, heavy-duty-track-roller-tr7013575"
bobcat-e37,MERGE,300x52.5Nx84,https://cdn.shopify.com/s/files/1/0952/1977/7823/files/bobcat-excavator-hero.webp?v=1773973926,,
bobcat-e42,MERGE,,https://tcykyktvdlsbscrsbjyt.supabase.co/storage/v1/object/public/machine-images/bobcat-e42-hero.webp,tnt35052592hd,"bo101-300, heavy-duty-carrier-roller-cr7020867, heavy-duty-front-idler-fi7199074, heavy-duty-sprocket-sp7199007, heavy-duty-track-roller-tr7013575"
bobcat-e45,MERGE,400x72.5Kx74,https://tcykyktvdlsbscrsbjyt.supabase.co/storage/v1/object/public/machine-images/bobcat-e45-hero.webp,"400x72-5x74-rubber-track-directional, bs400725w74xd, ht135-53-80-400-39l, st135-53-80-400-39l","bo135-400, ct135-51-72-400, heavy-duty-carrier-roller-cr7020867, heavy-duty-front-idler-fi6815125, heavy-duty-front-idler-fi7202053, heavy-duty-track-roller-tr7013577"
bobcat-e50,MERGE,400x72.5Kx74,https://tcykyktvdlsbscrsbjyt.supabase.co/storage/v1/object/public/machine-images/bobcat-e50-hero.webp,"400x72-5x74-rubber-track-directional, bs400725w74xd, ht135-53-80-400-39l, st135-53-80-400-39l","bo135-400, heavy-duty-carrier-roller-cr7020867, heavy-duty-carrier-roller-crrd809-21900, heavy-duty-front-idler-fi6815125, heavy-duty-front-idler-fi7202053, heavy-duty-track-roller-tr7013577"
bobcat-e55,MERGE,400x72.5Kx74,https://tcykyktvdlsbscrsbjyt.supabase.co/storage/v1/object/public/machine-images/bobcat-e55-hero.webp,"400x72-5x74-rubber-track-directional, bs400725w74xd, ht135-53-80-400-39l, st135-53-80-400-39l","bo135-400, ct135-51-72-400, heavy-duty-carrier-roller-cr7020867, heavy-duty-front-idler-fi6815125, heavy-duty-front-idler-fi7202053, heavy-duty-track-roller-tr7013577"
bobcat-e55z,MERGE,400x72.5Kx74,,"400x72-5x74-rubber-track-directional, bs400725w74xd",bo101-300
bobcat-e60,MERGE,400x72.5Wx76,https://tcykyktvdlsbscrsbjyt.supabase.co/storage/v1/object/public/machine-images/bobcat-e60-hero.webp,"400x72-5wx76-rubber-track-directional, st135-53-80-400-40l","bo135-400, ct135-51-72-400"
bobcat-e63,MERGE,400x72.5Wx76,https://tcykyktvdlsbscrsbjyt.supabase.co/storage/v1/object/public/machine-images/bobcat-e63-hero.webp,"400x72-5wx76-rubber-track-directional, st135-53-80-400-40l","bo135-400, ct135-51-72-400"
bobcat-e80,MERGE,450x81Nx76,https://tcykyktvdlsbscrsbjyt.supabase.co/storage/v1/object/public/machine-images/bobcat-e80-hero.webp,"450x81x78-rubber-track-mx, bs45081w76xd, ht154-58-90-450-40l, st154-58-90-450-39l, tnt45081w76hd","bo154-450, co154-450, heavy-duty-carrier-roller-cr7012275, heavy-duty-track-roller-tr7004933"
bobcat-e85,MERGE,450x81Nx76,https://tcykyktvdlsbscrsbjyt.supabase.co/storage/v1/object/public/machine-images/bobcat-e85-hero.webp,"bs45081w76xd, ht154-45-73-450-39l, ht154-58-90-450-40l, st154-45-73-450-39l, st154-58-90-450-39l, tnt45081w76hd","bo154-450, co154-450, ct154-45-73-450"
bobcat-mt100,MERGE,180x72Kx45,https://tcykyktvdlsbscrsbjyt.supabase.co/storage/v1/object/public/machine-images/bobcat-mt100-hero.webp,"bs1807245cxd, bs2507245cxd, tnt18072k45hd, tnt23072k45hd",
bobcat-mt50,MERGE,180x72x39,https://tcykyktvdlsbscrsbjyt.supabase.co/storage/v1/object/public/machine-images/bobcat-mt50-hero.webp,"180x72x39-rubber-tracks, bs1807239cxd, tnt1807239hd","heavy-duty-idler-fi7109408, heavy-duty-sprocket-sp6733211, heavy-duty-track-roller-tr7109409"
bobcat-mt52,MERGE,180x72x39,https://tcykyktvdlsbscrsbjyt.supabase.co/storage/v1/object/public/machine-images/bobcat-mt52-hero.webp,"180x72x39-rubber-tracks, bs1807239cxd, tnt1807239hd","heavy-duty-idler-fi7109408, heavy-duty-sprocket-sp7107228, heavy-duty-track-roller-tr7109409"
bobcat-mt55,MERGE,180x72x39,https://tcykyktvdlsbscrsbjyt.supabase.co/storage/v1/object/public/machine-images/bobcat-mt55-hero.webp,"180x72x39-rubber-tracks, 230x72x39-rubber-track-c-block, 250x72x39-rubber-track-directional, bs1807239cxd, bs2507239cxd, tnt1807239hd","heavy-duty-idler-fi7109408, heavy-duty-sprocket-sp7107228, heavy-duty-track-roller-tr7109409"
bobcat-mt85,MERGE,180x72Kx45,https://tcykyktvdlsbscrsbjyt.supabase.co/storage/v1/object/public/machine-images/bobcat-mt85-hero.webp,"bs1807245cxd, bs2507245cxd, tnt18072k45hd, tnt23072k45hd","heavy-duty-idler-fi7109408, heavy-duty-track-roller-tr7109409"
bobcat-t110,MERGE,250x72x52,https://tcykyktvdlsbscrsbjyt.supabase.co/storage/v1/object/public/machine-images/bobcat-t110-hero.webp,"250x72x52-rubber-track-c-block, tnt2507252hd",
bobcat-t140,MERGE,320x84Bx46,https://cdn.shopify.com/s/files/1/0952/1977/7823/files/bobcat-skid-steer-hero.webp?v=1773971451,"tnt3208446hdbl, tnt3208446hdc","heavy-duty-front-idler-fi6732902, heavy-duty-rear-idler-rr6732903, heavy-duty-sprocket-sp7165111, heavy-duty-sprocket-sp7166679, heavy-duty-track-roller-tr6732901b"
bobcat-t180,MERGE,320x86Bx49,https://tcykyktvdlsbscrsbjyt.supabase.co/storage/v1/object/public/machine-images/bobcat-t180-hero.webp,"400x86x49-rubber-track-zig-zag, bs3208649bxd, bs3208649cxd, bs3208649mbxd, bs4008649cxd, tnt3208649hdbd, tnt3208649hdbl, tnt3208649hdc, tnt3208649hdmb, tnt3208649hdz, tnt3208649hdzb, tnt3208649sdc, tnt4008649hdbd, tnt4008649hdbl, tnt4008649hdc, tnt4008649hdmb, tnt4008649hdz","heavy-duty-front-idler-fi6732902, heavy-duty-rear-idler-rr6732903, heavy-duty-sprocket-sp6726052, heavy-duty-sprocket-sp6736308, heavy-duty-sprocket-sp7165111, heavy-duty-sprocket-sp7166679, heavy-duty-sprocket-spadaptert190, heavy-duty-track-roller-tr6693239, heavy-duty-track-roller-tr6732901b"
bobcat-t190,MERGE,320x86Bx49,https://tcykyktvdlsbscrsbjyt.supabase.co/storage/v1/object/public/machine-images/bobcat-t190-hero.webp,"400x86x49-rubber-track-zig-zag, bs3208649bxd, bs3208649cxd, bs3208649mbxd, bs4008649cxd, tnt3208649hdbd, tnt3208649hdbl, tnt3208649hdc, tnt3208649hdmb, tnt3208649hdz, tnt3208649hdzb, tnt3208649sdc, tnt4008649hdbd, tnt4008649hdbl, tnt4008649hdc, tnt4008649hdmb, tnt4008649hdz","heavy-duty-front-idler-fi6732902, heavy-duty-rear-idler-rr6732903, heavy-duty-sprocket-sp6726052, heavy-duty-sprocket-sp6736308, heavy-duty-sprocket-sp7165111, heavy-duty-sprocket-sp7166679, heavy-duty-sprocket-spadaptert190, heavy-duty-track-roller-tr6689371, heavy-duty-track-roller-tr6693239, heavy-duty-track-roller-tr6732901b"
bobcat-t200,MERGE,320x86x52,https://tcykyktvdlsbscrsbjyt.supabase.co/storage/v1/object/public/machine-images/bobcat-t200-hero.webp,"320x86x52-rubber-tracks, 400x86x52-rubber-track-c-block, 450x86x52-rubber-track-z-max, bs3208652bxd, bs3208652cxd, bs3208652mbxd, bs3208652vxd, bs4008652bxd, bs4008652xdmb, bs4508652bxd, bs4508652cxd, bs4508652vxd, sd4508652bbe, tnt3208652hdbl, tnt3208652hdmb, tnt3208652hdz, tnt3208652hdzb, tnt3208652sdc, tnt4008652hdbd, tnt4008652hdbl, tnt4008652hdmb, tnt4008652hdtb, tnt4008652hdz, tnt4008652hdzb, tnt4508652hdbl, tnt4508652hdc, tnt4508652hdmb, tnt4508652hdz, tnt4508652sdc","heavy-duty-front-idler-fi6732902, heavy-duty-rear-idler-rr6732903, heavy-duty-sprocket-sp6715821, heavy-duty-sprocket-sp7165109, heavy-duty-track-roller-tr6689371, heavy-duty-track-roller-tr6732901b"
bobcat-t250,MERGE,450x86Bx55,https://tcykyktvdlsbscrsbjyt.supabase.co/storage/v1/object/public/machine-images/bobcat-t250-hero.webp,"400x86x55-rubber-track-c-block, 400x86x55-rubber-track-multi-bar, 400x86x55-rubber-track-zig-zag, 450x86x55-rubber-track-c-block, bs4508655bxd, bs4508655cxd, bs4508655mbxd, bs4508655vxd, tnt4008655hdbl, tnt4508655hdbd, tnt4508655hdbl, tnt4508655hdmb, tnt4508655hdxt, tnt4508655hdz, tnt4508655hdzb, tnt4508655sdc","heavy-duty-front-idler-fi6732902, heavy-duty-rear-idler-rr6732903, heavy-duty-sprocket-sp6715821, heavy-duty-sprocket-sp7165109, heavy-duty-track-roller-tr6693239, heavy-duty-track-roller-tr6732901b"
bobcat-t300,MERGE,450x86Bx55,https://tcykyktvdlsbscrsbjyt.supabase.co/storage/v1/object/public/machine-images/bobcat-t300-hero.webp,"400x86x55-rubber-track-c-block, 400x86x55-rubber-track-multi-bar, 400x86x55-rubber-track-zig-zag, 450x86x55-rubber-track-c-block, bs4508655bxd, bs4508655cxd, bs4508655mbxd, bs4508655vxd, tnt4008655hdbl, tnt4508655hdbd, tnt4508655hdbl, tnt4508655hdmb, tnt4508655hdxt, tnt4508655hdz, tnt4508655hdzb, tnt4508655sdc","heavy-duty-front-idler-fi6732902, heavy-duty-rear-idler-rr6732903, heavy-duty-sprocket-sp6715821, heavy-duty-sprocket-sp7165109, heavy-duty-sprocket-sp7196807, heavy-duty-track-roller-tr6732901b"
bobcat-t320,MERGE,450x86Bx55,https://tcykyktvdlsbscrsbjyt.supabase.co/storage/v1/object/public/machine-images/bobcat-t320-hero.webp,"400x86x55-rubber-track-c-block, 400x86x55-rubber-track-multi-bar, 400x86x55-rubber-track-zig-zag, 450x86x55-rubber-track-c-block, bs4508655bxd, bs4508655cxd, bs4508655mbxd, bs4508655vxd, tnt4008655hdbl, tnt4508655hdbd, tnt4508655hdbl, tnt4508655hdmb, tnt4508655hdxt, tnt4508655hdz, tnt4508655hdzb, tnt4508655sdc","heavy-duty-front-idler-fi6732902, heavy-duty-rear-idler-rr6732903, heavy-duty-sprocket-sp7165109, heavy-duty-track-roller-tr6693239, heavy-duty-track-roller-tr6732901b"
bobcat-t450,MERGE,320x84Bx46,https://cdn.shopify.com/s/files/1/0952/1977/7823/files/bobcat-skid-steer-hero.webp?v=1773971451,"bs3008446xdc, tnt3208446hdbl, tnt3208446hdc","heavy-duty-sprocket-sp7204050, heavy-duty-track-roller-tr7201400"
bobcat-t550,MERGE,400x86Bx49,https://tcykyktvdlsbscrsbjyt.supabase.co/storage/v1/object/public/machine-images/bobcat-t550-hero.webp,"400x86x49-rubber-track-zig-zag, bs3208649bxd, bs3208649cxd, bs3208649mbxd, bs4008649cxd, tnt3208649hdbd, tnt3208649hdbl, tnt3208649hdc, tnt3208649hdmb, tnt3208649hdz, tnt3208649hdzb, tnt3208649sdc, tnt4008649hdbd, tnt4008649hdbl, tnt4008649hdc, tnt4008649hdmb, tnt4008649hdz","heavy-duty-front-idler-fi6732902, heavy-duty-rear-idler-rr6697933, heavy-duty-rear-idler-rr6732903, heavy-duty-rear-idler-rr7233630, heavy-duty-sprocket-sp7166679, heavy-duty-sprocket-sp7204050, heavy-duty-track-roller-tr6693239, heavy-duty-track-roller-tr6732901b, heavy-duty-track-roller-tr7233399"
bobcat-t590,MERGE,320x86Bx49,https://tcykyktvdlsbscrsbjyt.supabase.co/storage/v1/object/public/machine-images/bobcat-t590-hero.webp,"400x86x49-rubber-track-zig-zag, bs3208649bxd, bs3208649cxd, bs3208649mbxd, bs4008649cxd, tnt3208649hdbd, tnt3208649hdbl, tnt3208649hdc, tnt3208649hdmb, tnt3208649hdz, tnt3208649hdzb, tnt3208649sdc, tnt4008649hdbd, tnt4008649hdbl, tnt4008649hdc, tnt4008649hdmb, tnt4008649hdz","heavy-duty-front-idler-fi6732902, heavy-duty-front-idler-fi7229101, heavy-duty-rear-idler-rr6697933, heavy-duty-rear-idler-rr6732903, heavy-duty-rear-idler-rr7233630, heavy-duty-sprocket-sp7165109, heavy-duty-sprocket-sp7165111, heavy-duty-sprocket-sp7166679, heavy-duty-sprocket-sp7204050, heavy-duty-track-roller-tr6689371, heavy-duty-track-roller-tr6693239, heavy-duty-track-roller-tr6732901b"
bobcat-t595,MERGE,320x86Bx49,https://tcykyktvdlsbscrsbjyt.supabase.co/storage/v1/object/public/machine-images/bobcat-t595-hero.webp,"400x86x49-rubber-track-zig-zag, bs3208649bxd, bs3208649cxd, bs3208649mbxd, bs4008649cxd, tnt3208649hdbd, tnt3208649hdbl, tnt3208649hdc, tnt3208649hdmb, tnt3208649hdz, tnt3208649hdzb, tnt3208649sdc, tnt4008649hdbd, tnt4008649hdbl, tnt4008649hdc, tnt4008649hdmb, tnt4008649hdz","heavy-duty-front-idler-fi7229101, heavy-duty-rear-idler-rr7233630, heavy-duty-sprocket-sp7204050, heavy-duty-track-roller-tr6732901b, heavy-duty-track-roller-tr7233399"
bobcat-t62,MERGE,400x86Bx50,https://tcykyktvdlsbscrsbjyt.supabase.co/storage/v1/object/public/machine-images/bobcat-t62-hero.webp,"320x86x50-rubber-track-c-block, 400x86x50-rubber-track-c-block, bs3208650bxd, bs3208650cxd, bs3208650mbxd, bs4008650bxd, bs4008650cxd, tnt3208650hdbd, tnt3208650hdbl, tnt3208650hdmb, tnt3208650hdxt, tnt3208650hdz, tnt3208650hdzb, tnt3208650sdc, tnt4008650hdbl, tnt4008650hdmb, tnt4008650hdtb, tnt4008650hdz, tnt4008650hdzb","heavy-duty-front-idler-fi7229101, heavy-duty-rear-idler-rr7233630"
bobcat-t630,MERGE,320x86x52,https://tcykyktvdlsbscrsbjyt.supabase.co/storage/v1/object/public/machine-images/bobcat-t630-hero.webp,"320x86x52-rubber-tracks, 400x86x52-rubber-track-c-block, 450x86x52-rubber-track-z-max, bs3208652bxd, bs3208652cxd, bs3208652mbxd, bs3208652vxd, bs4008652bxd, bs4008652xdmb, bs4508652bxd, bs4508652cxd, bs4508652vxd, sd4508652bbe, tnt3208652hdbl, tnt3208652hdmb, tnt3208652hdz, tnt3208652hdzb, tnt3208652sdc, tnt32086t52hdbl, tnt32086t52hdc, tnt32086t52hdmb, tnt32086t52hdzb, tnt4008652hdbd, tnt4008652hdbl, tnt4008652hdmb, tnt4008652hdtb, tnt4008652hdz, tnt4008652hdzb, tnt4508652hdbl, tnt4508652hdc, tnt4508652hdmb, tnt4508652hdz, tnt4508652sdc","heavy-duty-front-idler-fi6732902, heavy-duty-front-idler-fi7240006, heavy-duty-rear-idler-rr6697933, heavy-duty-rear-idler-rr6732903, heavy-duty-rear-idler-rr7233630, heavy-duty-sprocket-sp7165109, heavy-duty-sprocket-sp7166679, heavy-duty-sprocket-sp7196807, heavy-duty-sprocket-sp7270159, heavy-duty-track-roller-tr6693239, heavy-duty-track-roller-tr6732901b"
bobcat-t64,MERGE,400x86Bx50,https://tcykyktvdlsbscrsbjyt.supabase.co/storage/v1/object/public/machine-images/bobcat-t64-hero.webp,"320x86x50-rubber-track-c-block, 400x86x50-rubber-track-c-block, bs3208650bxd, bs3208650cxd, bs3208650mbxd, bs4008650bxd, bs4008650cxd, tnt3208650hdbd, tnt3208650hdbl, tnt3208650hdmb, tnt3208650hdxt, tnt3208650hdz, tnt3208650hdzb, tnt3208650sdc, tnt4008650hdbl, tnt4008650hdmb, tnt4008650hdtb, tnt4008650hdz, tnt4008650hdzb","heavy-duty-front-idler-fi7229101, heavy-duty-rear-idler-rr7233630"
bobcat-t650,MERGE,320x86x52,https://tcykyktvdlsbscrsbjyt.supabase.co/storage/v1/object/public/machine-images/bobcat-t650-hero.webp,"320x86x52-rubber-tracks, 400x86x52-rubber-track-c-block, 450x86x52-rubber-track-z-max, bs3208652bxd, bs3208652cxd, bs3208652mbxd, bs3208652vxd, bs4008652bxd, bs4008652xdmb, bs4508652bxd, bs4508652cxd, bs4508652vxd, sd4508652bbe, tnt3208652hdbl, tnt3208652hdmb, tnt3208652hdz, tnt3208652hdzb, tnt3208652sdc, tnt32086t52hdbl, tnt32086t52hdc, tnt32086t52hdmb, tnt32086t52hdzb, tnt3808652hdbl, tnt3808652hdmb, tnt4008652hdbd, tnt4008652hdbl, tnt4008652hdmb, tnt4008652hdtb, tnt4008652hdz, tnt4008652hdzb, tnt4508652hdbl, tnt4508652hdc, tnt4508652hdmb, tnt4508652hdz, tnt4508652sdc","heavy-duty-front-idler-fi6732902, heavy-duty-front-idler-fi7240006, heavy-duty-rear-idler-rr6697933, heavy-duty-rear-idler-rr6732903, heavy-duty-rear-idler-rr7233630, heavy-duty-sprocket-sp7165109, heavy-duty-sprocket-sp7166679, heavy-duty-sprocket-sp7196807, heavy-duty-sprocket-sp7270159, heavy-duty-track-roller-tr6689371, heavy-duty-track-roller-tr6693239, heavy-duty-track-roller-tr6732901b"
bobcat-t66,MERGE,400x86Bx50,https://tcykyktvdlsbscrsbjyt.supabase.co/storage/v1/object/public/machine-images/bobcat-t66-hero.webp,"320x86x50-rubber-track-c-block, 400x86x50-rubber-track-c-block, bs3208650bxd, bs3208650cxd, bs3208650mbxd, bs4008650bxd, bs4008650cxd, tnt3208650hdbd, tnt3208650hdbl, tnt3208650hdmb, tnt3208650hdxt, tnt3208650hdz, tnt3208650hdzb, tnt3208650sdc, tnt4008650hdbl, tnt4008650hdmb, tnt4008650hdtb, tnt4008650hdz, tnt4008650hdzb","heavy-duty-front-idler-fi7229101, heavy-duty-rear-idler-rr7233630"
bobcat-t730,MERGE,450x86Bx55,https://tcykyktvdlsbscrsbjyt.supabase.co/storage/v1/object/public/machine-images/bobcat-t730-hero.webp,"450x86x55-rubber-track-c-block, bs4508655bxd, bs4508655cxd, bs4508655mbxd, bs4508655vxd, tnt4508655hdbd, tnt4508655hdbl, tnt4508655hdmb, tnt4508655hdxt, tnt4508655hdz, tnt4508655hdzb, tnt4508655sdc",heavy-duty-track-roller-tr6732901b
bobcat-t740,MERGE,450x86Bx55,https://tcykyktvdlsbscrsbjyt.supabase.co/storage/v1/object/public/machine-images/bobcat-t740-hero.webp,"400x86x55-rubber-track-c-block, 400x86x55-rubber-track-multi-bar, 400x86x55-rubber-track-zig-zag, 450x86x55-rubber-track-c-block, bs4508655bxd, bs4508655cxd, bs4508655mbxd, bs4508655vxd, tnt4008655hdbl, tnt4508655hdbd, tnt4508655hdbl, tnt4508655hdmb, tnt4508655hdxt, tnt4508655hdz, tnt4508655hdzb, tnt4508655sdc","heavy-duty-front-idler-fi7240006, heavy-duty-rear-idler-rr7233630, heavy-duty-sprocket-sp7165109, heavy-duty-sprocket-sp7196807, heavy-duty-sprocket-sp7227421, heavy-duty-track-roller-tr6689371, heavy-duty-track-roller-tr6732901b"
bobcat-t750,MERGE,450x86Bx55,https://tcykyktvdlsbscrsbjyt.supabase.co/storage/v1/object/public/machine-images/bobcat-t750-hero.webp,"400x86x55-rubber-track-c-block, 400x86x55-rubber-track-multi-bar, 400x86x55-rubber-track-zig-zag, 450x86x55-rubber-track-c-block, bs4508655bxd, bs4508655cxd, bs4508655mbxd, bs4508655vxd, tnt4008655hdbl, tnt4508655hdbd, tnt4508655hdbl, tnt4508655hdmb, tnt4508655hdxt, tnt4508655hdz, tnt4508655hdzb, tnt4508655sdc","heavy-duty-front-idler-fi6698048, heavy-duty-front-idler-fi6732902, heavy-duty-front-idler-fi7240006, heavy-duty-rear-idler-rr6697933, heavy-duty-rear-idler-rr6732903, heavy-duty-rear-idler-rr7233630, heavy-duty-sprocket-sp7165109, heavy-duty-sprocket-sp7196807, heavy-duty-track-roller-tr6689371, heavy-duty-track-roller-tr6693239, heavy-duty-track-roller-tr6732901b"
bobcat-t76,MERGE,320x86Bx53,https://tcykyktvdlsbscrsbjyt.supabase.co/storage/v1/object/public/machine-images/bobcat-t76-hero.webp,"400x86x53-rubber-track-c-block, 450x86x53-rubber-track-zig-zag, bs3208653bxd, bs3208653cxd, bs3208653mbxd, bs4008653bxd, bs4008653mbxd, bs4508653cxd, tnt3208653hdbd, tnt3208653hdbl, tnt3208653hdmb, tnt3208653hdxt, tnt3208653hdz, tnt3208653hdzb, tnt4008653hdbd, tnt4008653hdbl, tnt4008653hdmb, tnt4008653hdz, tnt4008653hdzb, tnt4508653hdc, tnt4508653hdmb, tnt4508653hdz, tnt4508653sdc, tnt4508653sdzb","heavy-duty-front-idler-fi7240006, heavy-duty-rear-idler-rr7233630"
bobcat-t770,MERGE,450x86Bx55,https://tcykyktvdlsbscrsbjyt.supabase.co/storage/v1/object/public/machine-images/bobcat-t770-hero.webp,"400x86x55-rubber-track-c-block, 400x86x55-rubber-track-multi-bar, 400x86x55-rubber-track-zig-zag, 450x86x55-rubber-track-c-block, bs4508655bxd, bs4508655cxd, bs4508655mbxd, bs4508655vxd, tnt4008655hdbl, tnt4508655hdbd, tnt4508655hdbl, tnt4508655hdmb, tnt4508655hdxt, tnt4508655hdz, tnt4508655hdzb, tnt4508655sdc","heavy-duty-front-idler-fi6698048, heavy-duty-front-idler-fi6732902, heavy-duty-front-idler-fi7240006, heavy-duty-rear-idler-rr6697933, heavy-duty-rear-idler-rr6732903, heavy-duty-rear-idler-rr7233630, heavy-duty-sprocket-sp7165109, heavy-duty-sprocket-sp7196807, heavy-duty-sprocket-sp7227421, heavy-duty-sprocket-sp7270159, heavy-duty-track-roller-tr6689371, heavy-duty-track-roller-tr6693239, heavy-duty-track-roller-tr6732901b"
bobcat-t830,MERGE,450x86Bx58,https://tcykyktvdlsbscrsbjyt.supabase.co/storage/v1/object/public/machine-images/bobcat-t830-hero.webp,"450x86x58-rubber-track-zig-zag, bs4508658bxd, bs4508658cxd, bs4508658mbxd, bs4508658vxd, bs4508658xdzb, tnt4008658hdbl, tnt4508658hdbd, tnt4508658hdbl, tnt4508658hdc, tnt4508658hdmb, tnt4508658hdxt, tnt4508658hdz, tnt4508658sdc",
bobcat-t86,MERGE,450x86Bx58,https://tcykyktvdlsbscrsbjyt.supabase.co/storage/v1/object/public/machine-images/bobcat-t86-hero.webp,"450x86x58-rubber-track-zig-zag, bs4508658bxd, bs4508658cxd, bs4508658mbxd, bs4508658vxd, bs4508658xdzb, tnt4508658hdbd, tnt4508658hdbl, tnt4508658hdc, tnt4508658hdmb, tnt4508658hdxt, tnt4508658hdz, tnt4508658sdc",heavy-duty-front-idler-fi7240006
bobcat-t864,MERGE,320x86x52,,"tnt32086t52hdbl, tnt32086t52hdc, tnt32086t52hdmb, tnt32086t52hdzb",
bobcat-t870,MERGE,450x86Bx58,https://tcykyktvdlsbscrsbjyt.supabase.co/storage/v1/object/public/machine-images/bobcat-t870-hero.webp,"450x86x58-rubber-track-zig-zag, 450x86x60-rubber-track-c-block, bs4508658bxd, bs4508658cxd, bs4508658mbxd, bs4508658vxd, bs4508658xdzb, bs4508660bxd, bs4508660cxd, bs4508660mbxd, bs4508660vxd, bs4508660xdzb, sd4508660bbe, tnt4508658hdbd, tnt4508658hdbl, tnt4508658hdc, tnt4508658hdmb, tnt4508658hdxt, tnt4508658hdz, tnt4508658sdc, tnt4508660hdbd, tnt4508660hdbl, tnt4508660hdmb, tnt4508660hdxt, tnt4508660hdz, tnt4508660hdzb, tnt4508660sdc","heavy-duty-front-idler-fi6698048, heavy-duty-front-idler-fi6732902, heavy-duty-front-idler-fi7276595, heavy-duty-front-idler-fi7355129, heavy-duty-rear-idler-rr6698049, heavy-duty-rear-idler-rr7276596, heavy-duty-sprocket-sp7165109, heavy-duty-sprocket-sp7196807, heavy-duty-sprocket-sp7227421, heavy-duty-track-roller-tr6698047, heavy-duty-track-roller-tr7323310"
boxer-118,MERGE,180x72x36,,180x72x36-rubber-track-directional,
boxer-320,MERGE,180x72x36,,180x72x36-rubber-track-directional,
boxer-322d,MERGE,180x72x36,,180x72x36-rubber-track-directional,
boxer-400,MERGE,230x72x39,,230x72x39-rubber-track-c-block,
boxer-427,MERGE,230x72x39,,230x72x39-rubber-track-c-block,
boxer-526dx,MERGE,230x72x39,,230x72x39-rubber-track-c-block,
boxer-530dx,MERGE,230x72x39,,"180x72x39-rubber-tracks, 230x72x39-rubber-track-c-block, bs1807239cxd, tnt1807239hd",
boxer-532dx,MERGE,230x72x39,,230x72x39-rubber-track-c-block,
boxer-brute-trx,MERGE,230x72x39,,230x72x39-rubber-track-c-block,
case-15,MERGE,230x96x31,,"230x48x62-rubber-track-directional, t230x96x31nk",
case-15maxi,MERGE,230x96x31,,"230x48x62-rubber-track-directional, t230x96x31nk",
case-16,MERGE,230x96x31,,"230x48x62-rubber-track-directional, t230x96x31nk",
case-16maxi,MERGE,230x96x31,,"230x48x62-rubber-track-directional, t230x96x31nk",
case-16rtn,MERGE,230x96x31,,"230x48x62-rubber-track-directional, t230x96x31nk",
case-420ct,MERGE,320x86Bx50,,"320x86x50-rubber-track-c-block, 400x86x50-rubber-track-c-block, bs3208650bxd, bs3208650cxd, bs3208650mbxd, bs4008650bxd, bs4008650cxd, tnt3208650hdbd, tnt3208650hdbl, tnt3208650hdmb, tnt3208650hdxt, tnt3208650hdz, tnt3208650hdzb, tnt3208650sdc, tnt4008650hdbl, tnt4008650hdmb, tnt4008650hdtb, tnt4008650hdz, tnt4008650hdzb","heavy-duty-front-idler-fi87535298, heavy-duty-rear-idler-rr87535299, heavy-duty-sprocket-sp87460888, heavy-duty-track-roller-tr87535297"
case-440ct,MERGE,400x86Bx50,,"320x86x50-rubber-track-c-block, 400x86x50-rubber-track-c-block, bs3208650bxd, bs3208650cxd, bs3208650mbxd, bs4008650bxd, bs4008650cxd, tnt3208650hdbd, tnt3208650hdbl, tnt3208650hdmb, tnt3208650hdxt, tnt3208650hdz, tnt3208650hdzb, tnt3208650sdc, tnt4008650hdbl, tnt4008650hdmb, tnt4008650hdtb, tnt4008650hdz, tnt4008650hdzb","heavy-duty-front-idler-fi87535298, heavy-duty-rear-idler-rr87535299, heavy-duty-sprocket-sp87460888, heavy-duty-track-roller-tr87535297"
case-445ct,MERGE,450x86Bx55,,"400x86x55-rubber-track-c-block, 400x86x55-rubber-track-multi-bar, 400x86x55-rubber-track-zig-zag, 450x86x55-rubber-track-c-block, bs4508655bxd, bs4508655cxd, bs4508655mbxd, bs4508655vxd, tnt4008655hdbl, tnt4508655hdbd, tnt4508655hdbl, tnt4508655hdmb, tnt4508655hdxt, tnt4508655hdz, tnt4508655hdzb, tnt4508655sdc","heavy-duty-front-idler-fi87535298, heavy-duty-rear-idler-rr87535299, heavy-duty-sprocket-sp87460888, heavy-duty-track-roller-tr87535297"
case-450ct,MERGE,450x86Bx55,,"400x86x55-rubber-track-c-block, 400x86x55-rubber-track-multi-bar, 400x86x55-rubber-track-zig-zag, 450x86x55-rubber-track-c-block, bs4508655bxd, bs4508655cxd, bs4508655mbxd, bs4508655vxd, tnt4008655hdbl, tnt4508655hdbd, tnt4508655hdbl, tnt4508655hdmb, tnt4508655hdxt, tnt4508655hdz, tnt4508655hdzb, tnt4508655sdc","heavy-duty-front-idler-fi87535298, heavy-duty-rear-idler-rr87535299, heavy-duty-sprocket-sp87460888, heavy-duty-track-roller-tr87535297"
case-ck16,MERGE,320x86x48,,"230x48x62-rubber-track-directional, t230x96x31nk",
case-ck28,MERGE,300x52.5Nx78,,"300x52-5x78-rubber-track-directional, bs300525w78xd","bo101-300, heavy-duty-carrier-roller-crpv64d00001f1"
case-ck32,MERGE,320x86x52,,"300x52-5nx80-rubber-track-directional, bs300525n80xd, st101-35-57-300-41l, tnt32086t52hdbl, tnt32086t52hdc, tnt32086t52hdmb, tnt32086t52hdzb",bo101-300
case-ck50,MERGE,400x72.5Kx74,,"400x72-5x72-rubber-track-directional, bs400725w72xd, st135-53-80-400-38l, tnt400725w72xd","bo135-400, ct135-51-72-400"
case-ck52,MERGE,400x72.5Kx74,,"400x72-5x72-rubber-track-directional, bs400725w72xd, st135-53-80-400-38l, tnt400725w72xd","bo135-400, ct135-51-72-400"
case-ck62,MERGE,400x72.5Wx76,,400x72-5wx76-rubber-track-directional,"bo154-450, co154-450"
case-cx14,MERGE,230x48x70,,"230x48x70-rubber-track-directional, bs2304870xd",
case-cx14-zts,MERGE,230x48x70,,"230x48x70-rubber-track-directional, bs2304870xd",
case-cx15,MERGE,230x96x31,,"230x48x62-rubber-track-directional, t230x96x31nk",
case-cx15stc,MERGE,230x48x70,,"230x48x70-rubber-track-directional, bs2304870xd",
case-cx15str,MERGE,230x48x70,,"230x48x70-rubber-track-directional, bs2304870xd",
case-cx16,MERGE,230x48x70,,"230x48x62-rubber-track-directional, t230x96x31nk",
case-cx16-2001,MERGE,230x48x70,,"230x48x70-rubber-track-directional, bs2304870xd",
case-cx16b,MERGE,230x48x70,,"230x48x70-rubber-track-directional, bs2304870xd",
case-cx17b,MERGE,230x48x70,,"230x48x70-rubber-track-directional, bs2304870xd",
case-cx17c,MERGE,230x48x70,https://tcykyktvdlsbscrsbjyt.supabase.co/storage/v1/object/public/machine-images/case-cx17c-hero.webp,"230x48x70-rubber-track-directional, bs2304870xd",
case-cx18b,MERGE,230x48x70,,"230x48x70-rubber-track-directional, bs2304870xd",
case-cx20b,MERGE,300x52.5Nx76,,300x52-5nx76-rubber-track-directional,"bo101-300, heavy-duty-track-roller-tr4340535"
case-cx22b,MERGE,300x52.5Nx76,,300x52-5nx76-rubber-track-directional,"bo101-300, heavy-duty-track-roller-tr4340535"
case-cx25,MERGE,300x52.5Nx76,,300x52-5nx76-rubber-track-directional,bo101-300
case-cx26,MERGE,300x52.5Nx76,,300x52-5nx76-rubber-track-directional,
case-cx26c,MERGE,300x52.5Nx78,https://tcykyktvdlsbscrsbjyt.supabase.co/storage/v1/object/public/machine-images/case-cx26c-hero.webp,300x52-5nx78-rubber-track-directional,
case-cx27b,MERGE,300x52.5Nx80,,"300x52-5nx80-rubber-track-directional, bs300525n80xd, st101-35-57-300-41l","bo101-300, heavy-duty-carrier-roller-crpv64d00001f1, heavy-duty-track-roller-tr4340535"
case-cx28,MERGE,300x52.5Nx78,,"300x52-5x78-rubber-track-directional, bs300525w78xd","bo101-300, bo101-350"
case-cx30,MERGE,300x52.5Nx80,,"300x52-5nx80-rubber-track-directional, bs300525n80xd, st101-35-57-300-41l",
case-cx30c,MERGE,300x52.5Nx80,https://tcykyktvdlsbscrsbjyt.supabase.co/storage/v1/object/public/machine-images/case-cx30c-hero.webp,,
case-cx33c,MERGE,300x52.5x86,,"300x52-5x86-rubber-track-mx, bs30052586rsxd, tnt300525n86hd",heavy-duty-sprocket-sp6813372
case-cx35,MERGE,300x52.5x86,,"300x52-5wx84-rubber-track-directional, 350x52-5wx86-rubber-track-directional, bs300525w86xd, bs35052586xd, st101-45-67-300-45l, st101-45-67-350-45l","bo101-300, bo101-350, heavy-duty-carrier-roller-crpv64d00001f1"
case-cx36,MERGE,300x52.5Kx88,,300x52-5kx88-rubber-track-directional,"bo101-300, heavy-duty-carrier-roller-crpw64d01017f2, heavy-duty-sprocket-sppw53d01001p1"
case-cx36b,MERGE,300x52.5Kx88,,300x52-5kx88-rubber-track-directional,"bo101-300, heavy-duty-carrier-roller-crpv64d00001f1, heavy-duty-front-idler-fipx52d00028f1, heavy-duty-sprocket-sppv51d01001p1, heavy-duty-sprocket-sppw53d01001p1, heavy-duty-track-roller-tr4340535"
case-cx37c,MERGE,300x52.5x86,https://tcykyktvdlsbscrsbjyt.supabase.co/storage/v1/object/public/machine-images/case-cx37c-hero.webp,300x52-5x86-rubber-track-mx,"bo101-300, heavy-duty-sprocket-sp6813372"
case-cx47,MERGE,400x72.5Kx74,,"400x74x72-rubber-track-directional, bs400725n74xd, ht135-41-64-400-39l, st135-41-64-400-39l, tnt400725n74hd",heavy-duty-carrier-roller-cryt64d01001f1
case-cx50,MERGE,400x72.5Kx74,,"400x74x72-rubber-track-directional, bs400725n74xd, tnt400725n74hd",
case-cx50b,MERGE,400x72.5Kx74,,"400x74x72-rubber-track-directional, bs400725n74xd, ht135-41-64-400-39l, st135-41-64-400-39l, tnt400725n74hd","bo135-400, heavy-duty-carrier-roller-cryt64d01001f1, heavy-duty-track-roller-trpy64d00002f3"
case-cx55b,MERGE,400x72.5Kx74,,"400x72-5kx74-rubber-track-directional, bs400725n74xd, ht135-41-64-400-39l, st135-41-64-400-39l, st135-53-80-400-39l, tnt400725n74hd","bo135-400, ct135-51-72-400, heavy-duty-carrier-roller-crps64d01001f1, heavy-duty-carrier-roller-cryt64d01001f1"
case-cx57c,MERGE,400x72.5Wx76,https://tcykyktvdlsbscrsbjyt.supabase.co/storage/v1/object/public/machine-images/case-cx57c-hero.webp,"400x72-5wx76-rubber-track-directional, st135-53-80-400-40l",
case-cx60c,MERGE,400x72.5Wx76,https://tcykyktvdlsbscrsbjyt.supabase.co/storage/v1/object/public/machine-images/case-cx60c-hero.webp,"400x72-5wx76-rubber-track-directional, st135-53-80-400-40l","bo135-400, ct135-51-72-400"
case-cx75sr,MERGE,450x81Nx76,,"ht154-45-73-450-40l, st154-45-73-450-40l, tnt45081n76hd","bo154-450, co154-450, ct154-45-73-450"
case-cx80c,MERGE,450x81Nx76,https://tcykyktvdlsbscrsbjyt.supabase.co/storage/v1/object/public/machine-images/case-cx80c-hero.webp,"450x81x76-rubber-track-directional, ht154-45-73-450-39l, st154-45-73-450-39l, tnt45081n76hd","bo154-450, co154-450, ct154-45-73-450"
case-tr270,MERGE,320x86Bx50,https://tcykyktvdlsbscrsbjyt.supabase.co/storage/v1/object/public/machine-images/case-tr270-hero.webp,"320x86x50-rubber-track-c-block, bs3208650bxd, bs3208650cxd, bs3208650mbxd, tnt3208650hdbd, tnt3208650hdbl, tnt3208650hdmb, tnt3208650hdxt, tnt3208650hdz, tnt3208650hdzb, tnt3208650sdc","heavy-duty-front-idler-fi87535298, heavy-duty-front-idler-fica1379, heavy-duty-rear-idler-rr87535299, heavy-duty-sprocket-sp87460888, heavy-duty-track-roller-tr87535297"
case-tr270b,MERGE,320x86Bx50,,"320x86x50-rubber-track-c-block, bs3208650bxd, bs3208650cxd, bs3208650mbxd, tnt3208650hdbd, tnt3208650hdbl, tnt3208650hdmb, tnt3208650hdxt, tnt3208650hdz, tnt3208650hdzb, tnt3208650sdc","heavy-duty-front-idler-fi87535298, heavy-duty-front-idler-fica1379, heavy-duty-rear-idler-rr87535299, heavy-duty-sprocket-sp87460888, heavy-duty-track-roller-tr87535297"
case-tr310,MERGE,400x86Bx50,https://tcykyktvdlsbscrsbjyt.supabase.co/storage/v1/object/public/machine-images/case-tr310-hero.webp,"320x86x50-rubber-track-c-block, 400x86x50-rubber-track-c-block, bs3208650bxd, bs3208650cxd, bs3208650mbxd, bs4008650bxd, bs4008650cxd, tnt3208650hdbd, tnt3208650hdbl, tnt3208650hdmb, tnt3208650hdxt, tnt3208650hdz, tnt3208650hdzb, tnt3208650sdc, tnt4008650hdbl, tnt4008650hdmb, tnt4008650hdtb, tnt4008650hdz, tnt4008650hdzb","heavy-duty-front-idler-fi87535298, heavy-duty-front-idler-fica1379, heavy-duty-rear-idler-rr87535299, heavy-duty-sprocket-sp87460888, heavy-duty-track-roller-tr87535297"
case-tr310b,MERGE,320x86Bx50,https://tcykyktvdlsbscrsbjyt.supabase.co/storage/v1/object/public/machine-images/case-tr310b-hero.webp,"320x86x50-rubber-track-c-block, 400x86x50-rubber-track-c-block, bs3208650bxd, bs3208650cxd, bs3208650mbxd, bs4008650bxd, bs4008650cxd, tnt3208650hdbd, tnt3208650hdbl, tnt3208650hdmb, tnt3208650hdxt, tnt3208650hdz, tnt3208650hdzb, tnt3208650sdc, tnt4008650hdbl, tnt4008650hdmb, tnt4008650hdtb, tnt4008650hdz, tnt4008650hdzb","heavy-duty-front-idler-fi87535298, heavy-duty-front-idler-fica1379, heavy-duty-sprocket-sp87460888, heavy-duty-track-roller-tr87535297"
case-tr320,MERGE,450x86Bx55,https://tcykyktvdlsbscrsbjyt.supabase.co/storage/v1/object/public/machine-images/case-tr320-hero.webp,"400x86x55-rubber-track-c-block, 400x86x55-rubber-track-multi-bar, 400x86x55-rubber-track-zig-zag, 450x86x55-rubber-track-c-block, bs4508655bxd, bs4508655cxd, bs4508655mbxd, bs4508655vxd, tnt4008655hdbl, tnt4508655hdbd, tnt4508655hdbl, tnt4508655hdmb, tnt4508655hdxt, tnt4508655hdz, tnt4508655hdzb, tnt4508655sdc","heavy-duty-front-idler-fi87535298, heavy-duty-front-idler-fica1379, heavy-duty-rear-idler-rr87535299, heavy-duty-sprocket-sp87460888, heavy-duty-track-roller-tr87535297"
case-tr340,MERGE,450x86Bx55,https://tcykyktvdlsbscrsbjyt.supabase.co/storage/v1/object/public/machine-images/case-tr340-hero.webp,"400x86x55-rubber-track-c-block, 400x86x55-rubber-track-multi-bar, 400x86x55-rubber-track-zig-zag, 450x86x55-rubber-track-c-block, bs4508655bxd, bs4508655cxd, bs4508655mbxd, bs4508655vxd, tnt4008655hdbl, tnt4508655hdbd, tnt4508655hdbl, tnt4508655hdmb, tnt4508655hdxt, tnt4508655hdz, tnt4508655hdzb, tnt4508655sdc","heavy-duty-front-idler-fi87535298, heavy-duty-front-idler-fica1379, heavy-duty-rear-idler-rr87535299, heavy-duty-sprocket-sp87460888, heavy-duty-track-roller-tr87535297"
case-tr340b,MERGE,450x86Bx55,https://tcykyktvdlsbscrsbjyt.supabase.co/storage/v1/object/public/machine-images/case-tr340b-hero.webp,"400x86x55-rubber-track-c-block, 400x86x55-rubber-track-multi-bar, 400x86x55-rubber-track-zig-zag, 450x86x55-rubber-track-c-block, bs4508655bxd, bs4508655cxd, bs4508655mbxd, bs4508655vxd, tnt4008655hdbl, tnt4508655hdbd, tnt4508655hdbl, tnt4508655hdmb, tnt4508655hdxt, tnt4508655hdz, tnt4508655hdzb, tnt4508655sdc","heavy-duty-front-idler-fi87535298, heavy-duty-front-idler-fica1379, heavy-duty-rear-idler-rr87535299, heavy-duty-sprocket-sp87460888, heavy-duty-track-roller-tr87535297"
case-tv370,MERGE,450x86Bx55,https://cdn.shopify.com/s/files/1/0952/1977/7823/files/case-skid-steer-hero.webp?v=1773971451,"400x86x55-rubber-track-c-block, 400x86x55-rubber-track-multi-bar, 400x86x55-rubber-track-zig-zag, 450x86x55-rubber-track-c-block, bs4508655bxd, bs4508655cxd, bs4508655mbxd, bs4508655vxd, tnt4008655hdbl, tnt4508655hdbd, tnt4508655hdbl, tnt4508655hdmb, tnt4508655hdxt, tnt4508655hdz, tnt4508655hdzb, tnt4508655sdc","heavy-duty-front-idler-fica1379, heavy-duty-rear-idler-rr87535299, heavy-duty-sprocket-sp87460888, heavy-duty-track-roller-tr87535297"
case-tv370b,MERGE,450x86Bx55,,"450x86x55-rubber-track-c-block, bs4508655bxd, bs4508655cxd, bs4508655mbxd, bs4508655vxd, tnt4508655hdbd, tnt4508655hdbl, tnt4508655hdmb, tnt4508655hdxt, tnt4508655hdz, tnt4508655hdzb, tnt4508655sdc","heavy-duty-front-idler-fi87535298, heavy-duty-front-idler-fica1379, heavy-duty-rear-idler-rr87535299, heavy-duty-sprocket-sp87460888, heavy-duty-track-roller-tr87535297"
case-tv380,MERGE,450x86Bx55,https://tcykyktvdlsbscrsbjyt.supabase.co/storage/v1/object/public/machine-images/case-tv380-hero.webp,"400x86x55-rubber-track-c-block, 400x86x55-rubber-track-multi-bar, 400x86x55-rubber-track-zig-zag, 450x86x55-rubber-track-c-block, bs4508655bxd, bs4508655cxd, bs4508655mbxd, bs4508655vxd, tnt4008655hdbl, tnt4508655hdbd, tnt4508655hdbl, tnt4508655hdmb, tnt4508655hdxt, tnt4508655hdz, tnt4508655hdzb, tnt4508655sdc","heavy-duty-front-idler-fi87535298, heavy-duty-front-idler-fica1379, heavy-duty-rear-idler-rr87535299, heavy-duty-sprocket-sp87460888, heavy-duty-track-roller-tr87535297"
case-tv450,MERGE,450x86Bx55,https://cdn.shopify.com/s/files/1/0952/1977/7823/files/case-skid-steer-hero.webp?v=1773971451,"400x86x55-rubber-track-c-block, 400x86x55-rubber-track-multi-bar, 400x86x55-rubber-track-zig-zag, 450x86x55-rubber-track-c-block, bs4508655bxd, bs4508655cxd, bs4508655mbxd, bs4508655vxd, tnt4008655hdbl, tnt4508655hdbd, tnt4508655hdbl, tnt4508655hdmb, tnt4508655hdxt, tnt4508655hdz, tnt4508655hdzb, tnt4508655sdc","heavy-duty-front-idler-fi87535298, heavy-duty-front-idler-fica1379, heavy-duty-rear-idler-rr87535299, heavy-duty-sprocket-sp87460888, heavy-duty-track-roller-tr87535297"
case-tv450b,MERGE,450x86Bx55,https://tcykyktvdlsbscrsbjyt.supabase.co/storage/v1/object/public/machine-images/case-tv450b-hero.webp,"400x86x55-rubber-track-c-block, 400x86x55-rubber-track-multi-bar, 400x86x55-rubber-track-zig-zag, 450x86x55-rubber-track-c-block, bs4508655bxd, bs4508655cxd, bs4508655mbxd, bs4508655vxd, tnt4008655hdbl, tnt4508655hdbd, tnt4508655hdbl, tnt4508655hdmb, tnt4508655hdxt, tnt4508655hdz, tnt4508655hdzb, tnt4508655sdc","heavy-duty-front-idler-fi87535298, heavy-duty-front-idler-fica1379, heavy-duty-rear-idler-rr87535299, heavy-duty-sprocket-sp87460888, heavy-duty-track-roller-tr87535297"
case-tv620b,MERGE,450x86Bx63,https://tcykyktvdlsbscrsbjyt.supabase.co/storage/v1/object/public/machine-images/case-tv620b-hero.webp,"450x86x63-rubber-track-z-max, tnt4508663hdc, tnt4508663hdmb, tnt4508663hdz, tnt4508663sdzb","heavy-duty-front-idler-fi7276595, heavy-duty-track-roller-tr7323310"
caterpillar-239d,MERGE,320x86Bx49,,"400x86x49-rubber-track-zig-zag, bs3208649bxd, bs3208649cxd, bs3208649mbxd, bs4008649cxd, tnt3208649hdbd, tnt3208649hdbl, tnt3208649hdc, tnt3208649hdmb, tnt3208649hdz, tnt3208649hdzb, tnt3208649sdc, tnt4008649hdbd, tnt4008649hdbl, tnt4008649hdc, tnt4008649hdmb, tnt4008649hdz","heavy-duty-front-idler-fi420-9803, heavy-duty-sprocket-sp304-1870, heavy-duty-track-roller-tr420-9801"
caterpillar-239d3,MERGE,320x86Bx49,,"400x86x49-rubber-track-zig-zag, bs3208649bxd, bs3208649cxd, bs3208649mbxd, bs4008649cxd, tnt3208649hdbd, tnt3208649hdbl, tnt3208649hdc, tnt3208649hdmb, tnt3208649hdz, tnt3208649hdzb, tnt3208649sdc, tnt4008649hdbd, tnt4008649hdbl, tnt4008649hdc, tnt4008649hdmb, tnt4008649hdz","heavy-duty-front-idler-fi420-9803, heavy-duty-sprocket-sp304-1870, heavy-duty-track-roller-tr420-9801"
caterpillar-247,MERGE,,,381x100-5x42-rubber-track-multi-bar,"bw2101grp, heavy-duty-sprocket-tb56"
caterpillar-247b,MERGE,381x100.5x42,,381x100-5x42-rubber-track-multi-bar,"bw2101grp, heavy-duty-sprocket-tb56"
caterpillar-247b2,MERGE,381x100.5x42,,381x100-5x42-rubber-track-multi-bar,heavy-duty-sprocket-tb56
caterpillar-247b3,MERGE,381x100.5x42,,381x100-5x42-rubber-track-multi-bar,heavy-duty-sprocket-tb56
caterpillar-249d,MERGE,320x86Bx49,,"400x86x49-rubber-track-zig-zag, bs3208649bxd, bs3208649cxd, bs3208649mbxd, bs4008649cxd, tnt3208649hdbd, tnt3208649hdbl, tnt3208649hdc, tnt3208649hdmb, tnt3208649hdz, tnt3208649hdzb, tnt3208649sdc, tnt4008649hdbd, tnt4008649hdbl, tnt4008649hdc, tnt4008649hdmb, tnt4008649hdz","heavy-duty-front-idler-fi420-9803, heavy-duty-sprocket-sp304-1870, heavy-duty-track-roller-tr420-9801"
caterpillar-249d3,MERGE,320x86Bx49,,"400x86x49-rubber-track-zig-zag, bs3208649bxd, bs3208649cxd, bs3208649mbxd, bs4008649cxd, tnt3208649hdbd, tnt3208649hdbl, tnt3208649hdc, tnt3208649hdmb, tnt3208649hdz, tnt3208649hdzb, tnt3208649sdc, tnt4008649hdbd, tnt4008649hdbl, tnt4008649hdc, tnt4008649hdmb, tnt4008649hdz","heavy-duty-front-idler-fi420-9803, heavy-duty-sprocket-sp304-1870, heavy-duty-track-roller-tr420-9801"
caterpillar-255,MERGE,320x86x52,,"320x86x52-rubber-tracks, 400x86x52-rubber-track-c-block, 450x86x52-rubber-track-z-max, bs3208652bxd, bs3208652cxd, bs3208652mbxd, bs3208652vxd, bs4008652bxd, bs4008652xdmb, bs4508652bxd, bs4508652cxd, bs4508652vxd, sd4508652bbe, tnt3208652hdbl, tnt3208652hdmb, tnt3208652hdz, tnt3208652hdzb, tnt3208652sdc, tnt4008652hdbd, tnt4008652hdbl, tnt4008652hdmb, tnt4008652hdtb, tnt4008652hdz, tnt4008652hdzb, tnt4508652hdbl, tnt4508652hdc, tnt4508652hdmb, tnt4508652hdz, tnt4508652sdc","heavy-duty-front-idler-fi304-1878, heavy-duty-sprocket-sp304-1870, heavy-duty-track-roller-tr304-1890"
caterpillar-257,MERGE,,,381x100-5x42-rubber-track-multi-bar,"bw2101grp, heavy-duty-sprocket-tb56"
caterpillar-257b,MERGE,381x100.5x42,,381x100-5x42-rubber-track-multi-bar,"bw2101grp, heavy-duty-sprocket-tb56"
caterpillar-257b2,MERGE,381x100.5x42,,381x100-5x42-rubber-track-multi-bar,heavy-duty-sprocket-tb56
caterpillar-257b3,MERGE,381x100.5x42,,381x100-5x42-rubber-track-multi-bar,heavy-duty-sprocket-tb56
caterpillar-257d,MERGE,,,381x100-5x42-rubber-track-multi-bar,heavy-duty-sprocket-tb56
caterpillar-259b3,MERGE,320x86Bx53,,"400x86x53-rubber-track-c-block, bs3208653bxd, bs3208653cxd, bs3208653mbxd, bs4008653bxd, bs4008653mbxd, tnt3208653hdbd, tnt3208653hdbl, tnt3208653hdmb, tnt3208653hdxt, tnt3208653hdz, tnt3208653hdzb, tnt4008653hdbd, tnt4008653hdbl, tnt4008653hdmb, tnt4008653hdz, tnt4008653hdzb","heavy-duty-front-idler-fi304-1878, heavy-duty-front-idler-fi348-9647, heavy-duty-rear-idler-rr304-1894, heavy-duty-sprocket-sp304-1870, heavy-duty-track-roller-tr304-1890"
caterpillar-259d,MERGE,320x86Bx53,,"400x86x53-rubber-track-c-block, bs3208653bxd, bs3208653cxd, bs3208653mbxd, bs4008653bxd, bs4008653mbxd, tnt3208653hdbd, tnt3208653hdbl, tnt3208653hdmb, tnt3208653hdxt, tnt3208653hdz, tnt3208653hdzb, tnt4008653hdbd, tnt4008653hdbl, tnt4008653hdmb, tnt4008653hdz, tnt4008653hdzb","heavy-duty-front-idler-fi304-1878, heavy-duty-front-idler-fi348-9647, heavy-duty-rear-idler-rr304-1894, heavy-duty-sprocket-sp304-1870, heavy-duty-track-roller-tr304-1890"
caterpillar-259d3,MERGE,320x86Bx53,,"400x86x53-rubber-track-c-block, bs3208653bxd, bs3208653cxd, bs3208653mbxd, bs4008653bxd, bs4008653mbxd, tnt3208653hdbd, tnt3208653hdbl, tnt3208653hdmb, tnt3208653hdxt, tnt3208653hdz, tnt3208653hdzb, tnt4008653hdbd, tnt4008653hdbl, tnt4008653hdmb, tnt4008653hdz, tnt4008653hdzb","heavy-duty-front-idler-fi304-1878, heavy-duty-front-idler-fi348-9647, heavy-duty-rear-idler-rr304-1894, heavy-duty-sprocket-sp304-1870, heavy-duty-track-roller-tr304-1890"
caterpillar-267b,MERGE,,,tnt457101656hdmb,"9073, heavy-duty-sprocket-tb43"
caterpillar-277,MERGE,320x86x52,,"tnt32086t52hdbl, tnt32086t52hdc, tnt32086t52hdmb, tnt32086t52hdzb, tnt457101656hdmb","heavy-duty-sprocket-tb43, oss39"
caterpillar-277b,MERGE,457x101.6x56,,tnt457101656hdmb,"heavy-duty-sprocket-tb43, oss39"
caterpillar-277c,MERGE,457x101.6x51,,"639-1830, tnt457101651hdmb","bw10, heavy-duty-sprocket-tb39, oss39, sis39"
caterpillar-279c,MERGE,450x86Bx60,,"450x86x60-rubber-track-c-block, bs4508660bxd, bs4508660cxd, bs4508660mbxd, bs4508660vxd, bs4508660xdzb, sd4508660bbe, tnt4008660hdbl, tnt4508660hdbd, tnt4508660hdbl, tnt4508660hdmb, tnt4508660hdxt, tnt4508660hdz, tnt4508660hdzb, tnt4508660sdc","heavy-duty-front-idler-fi304-1878, heavy-duty-rear-idler-rr304-1894, heavy-duty-sprocket-sp304-1916, heavy-duty-track-roller-tr304-1890"
caterpillar-279c2,MERGE,450x86Bx56,,"450x86x56-rubber-track-multi-bar, bs4508656bxd, bs4508656mbxd, bs4508656vxd, bs4508656xdzb, tnt4508656hdbd, tnt4508656hdbl, tnt4508656hdc, tnt4508656hdxt, tnt4508656hdz, tnt4508656hdzb, tnt4508656sdbl, tnt4508656sdc","heavy-duty-front-idler-fi304-1878, heavy-duty-rear-idler-rr304-1894, heavy-duty-sprocket-sp304-1916, heavy-duty-track-roller-tr304-1890"
caterpillar-279d,MERGE,450x86Bx56,,"450x86x56-rubber-track-multi-bar, bs4508656bxd, bs4508656mbxd, bs4508656vxd, bs4508656xdzb, tnt4508656hdbd, tnt4508656hdbl, tnt4508656hdc, tnt4508656hdxt, tnt4508656hdz, tnt4508656hdzb, tnt4508656sdbl, tnt4508656sdc","heavy-duty-front-idler-fi304-1878, heavy-duty-front-idler-fi348-9647, heavy-duty-rear-idler-rr304-1894, heavy-duty-sprocket-sp304-1916, heavy-duty-track-roller-tr304-1890"
caterpillar-287,MERGE,,,"639-1830, tnt457101650hdmb, tnt457101651hdmb","heavy-duty-sprocket-tb43, oss39"
caterpillar-287b,MERGE,,,tnt457101650hdmb,"heavy-duty-sprocket-tb43, oss39"
caterpillar-287c,MERGE,457x101.6x51,,"639-1830, tnt457101651hdmb","bw10, heavy-duty-sprocket-tb39, oss39, sis39"
caterpillar-287c2,MERGE,,,"639-1830, tnt457101651hdmb","bw10, oss39, sis39"
caterpillar-287d,MERGE,,,"639-1830, tnt457101651hdmb","oss39, sis39, tb39x"
caterpillar-289c,MERGE,450x86Bx60,,"450x86x60-rubber-track-c-block, bs4508660bxd, bs4508660cxd, bs4508660mbxd, bs4508660vxd, bs4508660xdzb, sd4508660bbe, tnt4508660hdbd, tnt4508660hdbl, tnt4508660hdmb, tnt4508660hdxt, tnt4508660hdz, tnt4508660hdzb, tnt4508660sdc","heavy-duty-front-idler-fi304-1878, heavy-duty-front-idler-fi348-9647, heavy-duty-rear-idler-rr304-1894, heavy-duty-sprocket-sp304-1916, heavy-duty-track-roller-tr304-1890"
caterpillar-289c2,MERGE,450x86Bx56,,"450x86x56-rubber-track-multi-bar, bs4508656bxd, bs4508656mbxd, bs4508656vxd, bs4508656xdzb, tnt4508656hdbd, tnt4508656hdbl, tnt4508656hdc, tnt4508656hdxt, tnt4508656hdz, tnt4508656hdzb, tnt4508656sdbl, tnt4508656sdc","heavy-duty-front-idler-fi304-1878, heavy-duty-rear-idler-rr304-1894, heavy-duty-sprocket-sp304-1916, heavy-duty-track-roller-tr304-1890"
caterpillar-289d,MERGE,450x86Bx56,,"450x86x56-rubber-track-multi-bar, bs4008656bxd, bs4508656bxd, bs4508656mbxd, bs4508656vxd, bs4508656xdzb, tnt4008656hdbl, tnt4508656hdbd, tnt4508656hdbl, tnt4508656hdc, tnt4508656hdxt, tnt4508656hdz, tnt4508656hdzb, tnt4508656sdbl, tnt4508656sdc","heavy-duty-front-idler-fi304-1878, heavy-duty-front-idler-fi348-9647, heavy-duty-rear-idler-rr304-1894, heavy-duty-sprocket-sp304-1916, heavy-duty-track-roller-tr304-1890"
caterpillar-289d3,MERGE,450x86Bx56,,"450x86x56-rubber-track-multi-bar, bs4508656bxd, bs4508656mbxd, bs4508656vxd, bs4508656xdzb, tnt4508656hdbd, tnt4508656hdbl, tnt4508656hdc, tnt4508656hdxt, tnt4508656hdz, tnt4508656hdzb, tnt4508656sdbl, tnt4508656sdc","heavy-duty-front-idler-fi304-1878, heavy-duty-front-idler-fi348-9647, heavy-duty-rear-idler-rr304-1894, heavy-duty-sprocket-sp304-1916, heavy-duty-track-roller-tr304-1890"
caterpillar-297c,MERGE,,,"639-1830, tnt457101651hdmb","bw10, heavy-duty-sprocket-tb39, oss39, sis39"
caterpillar-297d2,MERGE,,,"639-1830, tnt457101651hdmb","oss39, sis39"
caterpillar-297d2-xhp,MERGE,,,"639-1830, tnt457101651hdmb","oss39, sis39"
caterpillar-299c,MERGE,450x86Bx60,,"450x86x60-rubber-track-c-block, bs4508660bxd, bs4508660cxd, bs4508660mbxd, bs4508660vxd, bs4508660xdzb, sd4508660bbe, tnt4508660hdbd, tnt4508660hdbl, tnt4508660hdmb, tnt4508660hdxt, tnt4508660hdz, tnt4508660hdzb, tnt4508660sdc","heavy-duty-front-idler-fi304-1878, heavy-duty-front-idler-fi348-9647, heavy-duty-rear-idler-rr304-1894, heavy-duty-sprocket-sp304-1916, heavy-duty-track-roller-tr304-1890"
caterpillar-299d,MERGE,450x86Bx60,,"450x86x60-rubber-track-c-block, bs4508660bxd, bs4508660cxd, bs4508660mbxd, bs4508660vxd, bs4508660xdzb, sd4508660bbe, tnt4008660hdbl, tnt4508660hdbd, tnt4508660hdbl, tnt4508660hdmb, tnt4508660hdxt, tnt4508660hdz, tnt4508660hdzb, tnt4508660sdc","heavy-duty-front-idler-fi304-1878, heavy-duty-front-idler-fi348-9647, heavy-duty-rear-idler-rr304-1894, heavy-duty-sprocket-sp304-1916, heavy-duty-track-roller-tr304-1890"
caterpillar-299d-xhp,MERGE,450x86Bx60,,"450x86x60-rubber-track-c-block, bs4508660bxd, bs4508660cxd, bs4508660mbxd, bs4508660vxd, bs4508660xdzb, sd4508660bbe, tnt4008660hdbl, tnt4508660hdbd, tnt4508660hdbl, tnt4508660hdmb, tnt4508660hdxt, tnt4508660hdz, tnt4508660hdzb, tnt4508660sdc","heavy-duty-front-idler-fi304-1878, heavy-duty-front-idler-fi348-9647, heavy-duty-rear-idler-rr304-1894, heavy-duty-sprocket-sp304-1916, heavy-duty-track-roller-tr304-1890"
caterpillar-299d2,MERGE,450x86Bx60,,"450x86x60-rubber-track-c-block, bs4508660bxd, bs4508660cxd, bs4508660mbxd, bs4508660vxd, bs4508660xdzb, sd4508660bbe, tnt4008660hdbl, tnt4508660hdbd, tnt4508660hdbl, tnt4508660hdmb, tnt4508660hdxt, tnt4508660hdz, tnt4508660hdzb, tnt4508660sdc","heavy-duty-front-idler-fi304-1878, heavy-duty-front-idler-fi348-9647, heavy-duty-rear-idler-rr304-1894, heavy-duty-sprocket-sp304-1916, heavy-duty-track-roller-tr304-1890"
caterpillar-299d3,MERGE,450x86Bx60,,"450x86x60-rubber-track-c-block, bs4508660bxd, bs4508660cxd, bs4508660mbxd, bs4508660vxd, bs4508660xdzb, sd4508660bbe, tnt4008660hdbl, tnt4508660hdbd, tnt4508660hdbl, tnt4508660hdmb, tnt4508660hdxt, tnt4508660hdz, tnt4508660hdzb, tnt4508660sdc","heavy-duty-front-idler-fi304-1878, heavy-duty-front-idler-fi348-9647, heavy-duty-rear-idler-rr304-1894, heavy-duty-sprocket-sp304-1916, heavy-duty-track-roller-tr304-1890"
caterpillar-300-9d,MERGE,180x72x37,,180x72x37-rubber-track-c-block,
caterpillar-301-5,MERGE,230x96x31,,"230x48x62-rubber-track-directional, 230x48x64-rubber-track-directional, t230x96x31nk","heavy-duty-front-idler-fi226-4049, heavy-duty-track-roller-tr139-6261"
caterpillar-301-7d,MERGE,230x48x72,,230x48x72-rubber-track-directional,
caterpillar-301-6c,MERGE,230x48x70,,"230x48x70-rubber-track-directional, bs2304870xd",
caterpillar-301-8c,MERGE,230x48x70,,"230x48x70-rubber-track-directional, bs2304870xd",
caterpillar-302-5,MERGE,300x52.5Nx78,,"300x52-5x78-rubber-track-directional, bs300525w78xd","bo101-300, bo101-350, heavy-duty-carrier-roller-cr146-6064, heavy-duty-track-roller-tr185-7280"
caterpillar-302-5c,MERGE,300x52.5Nx78,,"300x52-5x78-rubber-track-directional, bs300525w78xd","bo101-300, bo101-350, heavy-duty-carrier-roller-cr146-6064, heavy-duty-track-roller-tr266-8793"
caterpillar-303-5,MERGE,300x52.5Nx84,,"bs300525w84xd, tnt300525w84hd","bo101-300, bo101-350, heavy-duty-carrier-roller-cr146-6064, heavy-duty-front-idler-fi172-2100, heavy-duty-track-roller-tr185-7280"
caterpillar-303-5d,MERGE,300x52.5Wx90,,"300x52-5x90-rubber-track-directional, sd30052590v1iwa, st101-45-67-300-46l",
caterpillar-303-5d-cr,MERGE,300x52.5Wx90,,"300x52-5x90-rubber-track-directional, sd30052590v1iwa, st101-45-67-300-46l",
caterpillar-303-5e-cr,MERGE,300x52.5Wx90,,"300x52-5x90-rubber-track-directional, sd30052590v1iwa, st101-45-67-300-46l",
caterpillar-303ccr,MERGE,300x52.5Wx90,,"300x52-5x90-rubber-track-directional, sd30052590v1iwa, st101-45-67-300-46l",
caterpillar-303ecr,MERGE,300x52.5Nx84,,"bs300525w84xd, tnt300525w84hd","heavy-duty-carrier-roller-cr266-8794, heavy-duty-track-roller-tr266-8793"
caterpillar-304,MERGE,300x52.5Wx90,,"400x72-5x72-rubber-track-directional, bs400725w72xd, st135-53-80-400-38l, tnt400725w72xd","heavy-duty-carrier-roller-cr277-8576, heavy-duty-front-idler-fi241-5973, heavy-duty-sprocket-sp158-4795, heavy-duty-track-roller-tr340-8957"
caterpillar-304-5,MERGE,400x72.5Kx72,,"400x72-5x72-rubber-track-directional, bs400725w72xd, st135-53-80-400-38l, tnt400725w72xd","bo135-400, ct135-51-72-400, heavy-duty-front-idler-fi240-6304, heavy-duty-front-idler-fi241-5973, heavy-duty-sprocket-sp158-4795, heavy-duty-track-roller-tr340-8957"
caterpillar-304-5e2,MERGE,300x52.5Wx90,,"300x52-5x90-rubber-track-directional, sd30052590v1iwa, st101-45-67-300-46l",
caterpillar-304c,MERGE,400x72.5Kx72,,"400x72-5x72-rubber-track-directional, bs400725w72xd, st135-53-80-400-38l, tnt400725w72xd","bo135-400, ct135-51-72-400"
caterpillar-304ccr,MERGE,400x72.5Wx76,,"400x72-5wx76-rubber-track-directional, st135-53-80-400-40l",
caterpillar-304cr,MERGE,400x72.5Kx72,,"400x72-5x72-rubber-track-directional, bs400725w72xd, st135-53-80-400-38l, tnt400725w72xd","bo135-400, ct135-51-72-400, heavy-duty-carrier-roller-cr277-8576, heavy-duty-front-idler-fi241-5973, heavy-duty-sprocket-sp158-4795, heavy-duty-track-roller-tr340-8957"
caterpillar-304d,MERGE,300x52.5Wx90,,350x52-5bx90-rubber-track-directional,
caterpillar-304d-cr,MERGE,350x52.5x90,,350x52-5bx90-rubber-track-directional,
caterpillar-304e,MERGE,300x52.5Wx90,,"300x52-5x90-rubber-track-directional, sd30052590v1iwa, st101-45-67-300-46l",
caterpillar-304e-cr,MERGE,350x52.5x90,,"300x52-5x90-rubber-track-directional, sd30052590v1iwa, st101-45-67-300-46l",
caterpillar-304e2,MERGE,300x52.5Wx90,,"300x52-5x90-rubber-track-directional, sd30052590v1iwa, st101-45-67-300-46l",
caterpillar-305-5,MERGE,400x72.5Kx72,,"400x72-5x72-rubber-track-directional, bs400725w72xd, st135-53-80-400-38l, tnt400725w72xd","bo135-400, ct135-51-72-400, heavy-duty-front-idler-fi241-5973, heavy-duty-sprocket-sp158-4795, heavy-duty-track-roller-tr340-8957"
caterpillar-305-5d-cr,MERGE,400x72.5Wx76,,"400x72-5wx76-rubber-track-directional, st135-53-80-400-40l",
caterpillar-305-5e,MERGE,400x72.5Wx76,,"400x72-5wx76-rubber-track-directional, st135-53-80-400-40l","bo135-400, ct135-51-72-400, heavy-duty-track-roller-tr265-7674"
caterpillar-305-5e-cr,MERGE,400x72.5Wx76,,"400x72-5wx76-rubber-track-directional, st135-53-80-400-40l",
caterpillar-305-5e2,MERGE,400x72.5Kx72,,"400x72-5wx76-rubber-track-directional, 400x72-5x72-rubber-track-directional, bs400725w72xd, st135-53-80-400-38l, tnt400725w72xd","bo135-400, ct135-51-72-400, heavy-duty-track-roller-tr265-7674"
caterpillar-305c-cr,MERGE,400x72.5Wx76,,"400x72-5wx76-rubber-track-directional, st135-53-80-400-40l",
caterpillar-305d,MERGE,400x72.5Wx76,,"400x72-5wx76-rubber-track-directional, st135-53-80-400-40l",
caterpillar-305dcr,MERGE,400x72.5Wx76,,"400x72-5wx76-rubber-track-directional, st135-53-80-400-40l","bo135-400, ct135-51-72-400, heavy-duty-carrier-roller-cr265-7675, heavy-duty-sprocket-sp158-4795, heavy-duty-track-roller-tr265-7674"
caterpillar-305e-cr,MERGE,400x72.5Wx76,,"400x72-5wx76-rubber-track-directional, st135-53-80-400-40l",
caterpillar-305e2,MERGE,400x72.5Wx76,,"400x72-5wx76-rubber-track-directional, st135-53-80-400-40l",
caterpillar-308cr,MERGE,450x81Nx78,,450x71x82-rubber-track-directional,
caterpillar-308ccr,MERGE,450x81Nx78,,"ht154-45-73-450-40l, tnt45081n78hd",
caterpillar-308c-sr,MERGE,450x81Nx78,,"ht154-45-73-450-40l, tnt45081n78hd",
caterpillar-308d-cr,MERGE,450x81Nx78,,"ht154-45-73-450-40l, tnt45081n78hd",
caterpillar-308e-cr,MERGE,450x81Nx78,,"ht154-45-73-450-40l, tnt45081n78hd",
caterpillar-308e2-cr,MERGE,450x81Nx78,,450x71x82-rubber-track-directional,
caterpillar-mm15t,MERGE,230x96x31,,"230x48x62-rubber-track-directional, t230x96x31nk",
cormidi-c85,MERGE,180x72x36,,180x72x36-rubber-track-directional,
daewoo-ah-30,MERGE,300x52.5Nx80,,"300x52-5nx80-rubber-track-directional, bs300525n80xd, st101-35-57-300-41l",bo101-300
daewoo-sl-035,MERGE,300x52.5Nx84,,300x52-5nx84-rubber-track-directional,
daewoo-solar-018vt,MERGE,230x48x70,,"230x48x70-rubber-track-directional, bs2304870xd",
daewoo-solar-007,MERGE,180x72x37,,180x72x37-rubber-track-c-block,
daewoo-solar-010,MERGE,180x72x37,,180x72x37-rubber-track-c-block,
daewoo-solar-030,MERGE,300x52.5Nx76,,300x52-5nx76-rubber-track-directional,
daewoo-solar-035,MERGE,300x52.5Nx84,,300x52-5nx84-rubber-track-directional,
daewoo-solar-10,MERGE,180x72x37,,180x72x37-rubber-track-c-block,
daewoo-solar-25,MERGE,300x52.5Nx74,,300x52-5nx74-rubber-track-directional,
daewoo-solar-35,MERGE,300x52.5Nx80,,"300x52-5nx80-rubber-track-directional, bs300525n80xd, st101-35-57-300-41l",bo101-300
daewoo-solar-55,MERGE,400x72.5Kx74,,"400x72-5x74-rubber-track-directional, bs400725w74xd, ht135-53-80-400-39l, st135-53-80-400-39l",
daewoo-solar-55-3,MERGE,400x72.5Wx76,,"400x72-5wx76-rubber-track-directional, st135-53-80-400-40l",
daewoo-solar-55-5,MERGE,400x72.5Kx74,,"400x72-5x74-rubber-track-directional, bs400725w74xd, ht135-53-80-400-39l, st135-53-80-400-39l",
daewoo-solar-55-v,MERGE,400x72.5Kx74,,"400x72-5x74-rubber-track-directional, bs400725w74xd, ht135-53-80-400-39l, st135-53-80-400-39l",
ditch-witch-ht-25-trencher,MERGE,230x72x39,,230x72x39-rubber-track-c-block,
ditch-witch-ht-25k-saw-machine,MERGE,230x72x39,,230x72x39-rubber-track-c-block,
ditch-witch-jt-1200-drilling-machine,MERGE,230x72x39,,230x72x39-rubber-track-c-block,
ditch-witch-jt-2320-drilling-machine,MERGE,300x52.5Nx78,,300x52-5nx78-rubber-track-directional,
ditch-witch-jt-2511-drilling-machine,MERGE,230x72x39,,230x72x39-rubber-track-c-block,
ditch-witch-jt-40-drilling-machine,MERGE,400x72.5Kx74,,"400x72-5x74-rubber-track-directional, bs400725w74xd, ht135-53-80-400-39l, st135-53-80-400-39l",
ditch-witch-jt-5,MERGE,180x72x39,,"180x72x39-rubber-tracks, bs1807239cxd, tnt1807239hd",
ditch-witch-jt-520,MERGE,180x72x39,,"180x72x39-rubber-tracks, bs1807239cxd, tnt1807239hd",
ditch-witch-jt-2520-drilling-machine,MERGE,,,"300x52-5nx92-rubber-track-directional, tnt3205490hd",
ditch-witch-jt-2720-mach-1-drilling-machine,MERGE,,,"300x52-5nx92-rubber-track-directional, tnt3205490hd",
ditch-witch-jt-860-drilling-machine,MERGE,,,"300x52-5nx92-rubber-track-directional, tnt3205490hd",
ditch-witch-mx352,MERGE,300x52.5x86,,st101-45-67-300-45l,
ditch-witch-mx182,MERGE,230x48x70,,"230x48x70-rubber-track-directional, bs2304870xd",
ditch-witch-sk1050,MERGE,230x72Kx44,https://tcykyktvdlsbscrsbjyt.supabase.co/storage/v1/object/public/machine-images/ditch-witch-sk1050-hero.webp,"230x72x39-rubber-track-c-block, tnt18072k44hd, tnt23072k44hd",
ditch-witch-sk-1550,MERGE,250x72x52,,"230x72x43-rubber-track-directional, 250x72x52-rubber-track-c-block, tnt2507252hd",
ditch-witch-sk500,MERGE,180x72x39,https://tcykyktvdlsbscrsbjyt.supabase.co/storage/v1/object/public/machine-images/ditch-witch-sk500-hero.webp,"180x72x39-rubber-tracks, 230x72x39-rubber-track-c-block, bs1807239cxd, tnt1807239hd",
ditch-witch-sk-600,MERGE,180x72x40,,"180x72x37-rubber-track-c-block, 180x72x40-rubber-track-directional",
ditch-witch-sk-650,MERGE,180x72x42,,"180x72x37-rubber-track-c-block, 230x72x42-rubber-track-directional, tnt1807242hdc",
ditch-witch-sk750,MERGE,230x72Kx44,https://tcykyktvdlsbscrsbjyt.supabase.co/storage/v1/object/public/machine-images/ditch-witch-sk750-hero.webp,"230x72x39-rubber-track-c-block, tnt18072k44hd, tnt23072k44hd",
ditch-witch-sk752,MERGE,230x72Kx44,,"tnt18072k44hd, tnt23072k44hd",
ditch-witch-sk755,MERGE,230x72Kx44,https://tcykyktvdlsbscrsbjyt.supabase.co/storage/v1/object/public/machine-images/ditch-witch-sk755-hero.webp,"230x72x39-rubber-track-c-block, tnt18072k44hd, tnt23072k44hd",
ditch-witch-sk800,MERGE,230x72Kx44,https://tcykyktvdlsbscrsbjyt.supabase.co/storage/v1/object/public/machine-images/ditch-witch-sk800-hero.webp,"tnt18072k44hd, tnt23072k44hd",
ditch-witch-sk850,MERGE,230x72Kx44,https://tcykyktvdlsbscrsbjyt.supabase.co/storage/v1/object/public/machine-images/ditch-witch-sk850-hero.webp,"tnt18072k44hd, tnt23072k44hd",
ditch-witch-sk900,MERGE,230x72Kx44,https://tcykyktvdlsbscrsbjyt.supabase.co/storage/v1/object/public/machine-images/ditch-witch-sk900-hero.webp,"230x72x39-rubber-track-c-block, tnt18072k44hd, tnt23072k44hd",
doosan-dx27z,MERGE,300x52.5Nx80,,"300x52-5nx80-rubber-track-directional, bs300525n80xd, st101-35-57-300-41l",
doosan-dx30z,MERGE,300x52.5Nx84,,300x52-5nx84-rubber-track-directional,
doosan-dx35,MERGE,300x52.5x86,,"bs30052586rsxd, tnt300525n86hd","heavy-duty-carrier-roller-crrc411-21903, heavy-duty-front-idler-fi7199074"
doosan-dx35-z7,MERGE,300x52.5x86,,"bs30052586rsxd, tnt300525n86hd",bo101-300
doosan-dx35-5,MERGE,300x52.5Nx84,,300x52-5nx84-rubber-track-directional,
doosan-dx35z,MERGE,300x52.5x86,,"bs30052586rsxd, tnt300525n86hd",bo101-300
doosan-dx50k-5,MERGE,400x72.5Kx74,,"400x72-5x74-rubber-track-directional, bs400725w74xd, ht135-53-80-400-39l, st135-53-80-400-39l",
doosan-dx55,MERGE,400x72.5Kx74,,"400x72-5x74-rubber-track-directional, bs400725w74xd, ht135-53-80-400-39l, st135-53-80-400-39l","bo135-400, ct135-51-72-400"
doosan-dx-55z,MERGE,400x72.5Kx74,,"400x72-5x74-rubber-track-directional, bs400725w74xd, ht135-53-80-400-39l, st135-53-80-400-39l",
doosan-dx60r,MERGE,400x72.5Wx76,,"400x72-5wx76-rubber-track-directional, st135-53-80-400-40l","bo135-400, ct135-51-72-400"
doosan-dx62r-3,MERGE,400x72.5Wx76,,"400x72-5wx76-rubber-track-directional, st135-53-80-400-40l",
doosan-dx63-3,MERGE,400x72.5Wx76,,"400x72-5wx76-rubber-track-directional, st135-53-80-400-40l",
doosan-dx80r,MERGE,450x81Nx76,,"bs45081w76xd, ht154-58-90-450-40l, st154-58-90-450-39l, tnt45081w76hd",
doosan-dx85r,MERGE,450x81Nx76,,"bs45081w76xd, ht154-58-90-450-40l, st154-58-90-450-39l, tnt45081w76hd",
doosan-dx85r-3,MERGE,450x81Nx76,,"bs45081w76xd, ht154-58-90-450-40l, st154-58-90-450-39l, tnt45081w76hd",
doosan-s55,MERGE,400x72.5Kx74,,"400x72-5x74-rubber-track-directional, bs400725w74xd, ht135-53-80-400-39l, st135-53-80-400-39l",
gehl-303,MERGE,300x52.5Nx78,,"300x52-5x78-rubber-track-directional, bs300525w78xd","bo101-300, bo101-350"
gehl-502,MERGE,400x72.5Kx74,,"400x72-5x74-rubber-track-directional, bs400725w74xd, st135-53-80-400-39l","bo135-400, ct135-51-72-400"
gehl-503z,MERGE,400x72.5Kx74,,"400x72-5x74-rubber-track-directional, bs400725w74xd, st135-53-80-400-39l","bo135-400, ct135-51-72-400"
gehl-603,MERGE,400x72.5Kx74,,"400x72-5x74-rubber-track-directional, bs400725w74xd, st135-53-80-400-39l","bo135-400, ct135-51-72-400"
gehl-ctl135,MERGE,320x86x52,,"tnt32086t52hdbl, tnt32086t52hdc, tnt32086t52hdmb, tnt32086t52hdzb",
gehl-ctl55,MERGE,320x86x52,,"320x86x46-rubber-track-c-block, tnt32086t46hdbl, tnt32086t46sdbl, tnt32086t52hdbl, tnt32086t52hdc, tnt32086t52hdmb, tnt32086t52hdzb",
gehl-ctl60,MERGE,320x86x52,https://tcykyktvdlsbscrsbjyt.supabase.co/storage/v1/object/public/machine-images/gehl-ctl60-hero.webp,"tnt32086t52hdbl, tnt32086t52hdc, tnt32086t52hdmb, tnt32086t52hdzb","heavy-duty-front-idler-fi08801-40000, heavy-duty-rear-idler-rr08801-35600, heavy-duty-sprocket-sp08801-66210, heavy-duty-track-roller-tr08801-30000"
gehl-ctl65,MERGE,320x86x52,https://tcykyktvdlsbscrsbjyt.supabase.co/storage/v1/object/public/machine-images/gehl-ctl65-hero.webp,"tnt32086t52hdbl, tnt32086t52hdc, tnt32086t52hdmb, tnt32086t52hdzb","heavy-duty-front-idler-fi08801-40000, heavy-duty-rear-idler-rr08801-35600, heavy-duty-sprocket-sp08801-66210, heavy-duty-track-roller-tr08801-30000"
gehl-ctl70,MERGE,450x100x48,https://tcykyktvdlsbscrsbjyt.supabase.co/storage/v1/object/public/machine-images/gehl-ctl70-hero.webp,"450x100x48-rubber-track-c-block, tnt45010048hdbl, tnt45010048hdmb, tnt45010048hdsb, tnt45010048hdzb, tnt45010048sdc","heavy-duty-front-idler-fi08811-40300, heavy-duty-rear-idler-rr08811-31300, heavy-duty-sprocket-sp08811-60110, heavy-duty-sprocket-sp08821-60010, heavy-duty-track-roller-tr08811-30500"
gehl-ctl75,MERGE,450x100x48,https://tcykyktvdlsbscrsbjyt.supabase.co/storage/v1/object/public/machine-images/gehl-ctl75-hero.webp,"450x100x48-rubber-track-c-block, tnt45010048hdbl, tnt45010048hdmb, tnt45010048hdsb, tnt45010048hdzb, tnt45010048sdc","heavy-duty-front-idler-fi08811-40300, heavy-duty-rear-idler-rr08811-31300, heavy-duty-sprocket-sp08811-60110, heavy-duty-track-roller-tr08811-30500"
gehl-ctl80,MERGE,450x100x50,https://tcykyktvdlsbscrsbjyt.supabase.co/storage/v1/object/public/machine-images/gehl-ctl80-hero.webp,"450x100x50-rubber-track-c-block, tnt45010050hdbl, tnt45010050hdmb, tnt45010050hdsb, tnt45010050hdzb, tnt45010050sdc","heavy-duty-front-idler-fi08811-40300, heavy-duty-rear-idler-rr08811-31300, heavy-duty-sprocket-sp08811-60110, heavy-duty-track-roller-tr08811-30500"
gehl-ctl85,MERGE,450x100x50,https://tcykyktvdlsbscrsbjyt.supabase.co/storage/v1/object/public/machine-images/gehl-ctl85-hero.webp,"450x100x50-rubber-track-c-block, tnt45010050hdbl, tnt45010050hdmb, tnt45010050hdsb, tnt45010050hdzb, tnt45010050sdc","heavy-duty-front-idler-fi08811-40300, heavy-duty-rear-idler-rr08811-31300, heavy-duty-sprocket-sp08811-60110, heavy-duty-track-roller-tr08811-30500"
gehl-ge342,MERGE,300x52.5Nx80,,"300x52-5nx80-rubber-track-directional, bs300525n80xd, st101-35-57-300-41l",bo101-300
gehl-ge362,MERGE,300x52.5Nx84,,"300x52-5nx80-rubber-track-directional, bs300525n80xd, st101-35-57-300-41l",bo101-300
gehl-ge502,MERGE,400x72.5Kx74,,"400x72-5x74-rubber-track-directional, bs400725w74xd, st135-53-80-400-39l","bo135-400, ct135-51-72-400"
gehl-ge602,MERGE,400x72.5Kx74,,"400x72-5x74-rubber-track-directional, bs400725w74xd, st135-53-80-400-39l","bo135-400, ct135-51-72-400"
equipment-model-6awxkbkh,MERGE,250x72x52,,"230x72x43-rubber-track-directional, 250x72x52-rubber-track-c-block, tnt2507252hd",
gehl-rt135,MERGE,320x84Bx46,https://tcykyktvdlsbscrsbjyt.supabase.co/storage/v1/object/public/machine-images/gehl-rt135-hero.webp,"230x72x43-rubber-track-directional, tnt3208446hdbl, tnt3208446hdc",
gehl-rt165,MERGE,320x86Bx49,https://tcykyktvdlsbscrsbjyt.supabase.co/storage/v1/object/public/machine-images/gehl-rt165-hero.webp,"400x86x49-rubber-track-zig-zag, bs3208649bxd, bs3208649cxd, bs3208649mbxd, bs4008649cxd, tnt3208649hdbd, tnt3208649hdbl, tnt3208649hdc, tnt3208649hdmb, tnt3208649hdz, tnt3208649hdzb, tnt3208649sdc, tnt4008649hdbd, tnt4008649hdbl, tnt4008649hdc, tnt4008649hdmb, tnt4008649hdz","heavy-duty-front-idler-fi271005, heavy-duty-rear-idler-rr275574, heavy-duty-track-roller-trid2802"
gehl-rt210,MERGE,450x86Bx56,https://tcykyktvdlsbscrsbjyt.supabase.co/storage/v1/object/public/machine-images/gehl-rt210-hero.webp,"450x86x56-rubber-track-multi-bar, bs4508656bxd, bs4508656mbxd, bs4508656vxd, bs4508656xdzb, tnt4508656hdbd, tnt4508656hdbl, tnt4508656hdc, tnt4508656hdxt, tnt4508656hdz, tnt4508656hdzb, tnt4508656sdbl, tnt4508656sdc","heavy-duty-front-idler-fi271005, heavy-duty-rear-idler-rr275574, heavy-duty-sprocket-spid2711, heavy-duty-track-roller-trid2802"
gehl-rt215,MERGE,450x86Bx56,https://tcykyktvdlsbscrsbjyt.supabase.co/storage/v1/object/public/machine-images/gehl-rt215-hero.webp,"450x86x56-rubber-track-multi-bar, bs4508656bxd, bs4508656mbxd, bs4508656vxd, bs4508656xdzb, tnt32086t52hdbl, tnt32086t52hdc, tnt32086t52hdmb, tnt32086t52hdzb, tnt4508656hdbd, tnt4508656hdbl, tnt4508656hdc, tnt4508656hdxt, tnt4508656hdz, tnt4508656hdzb, tnt4508656sdbl, tnt4508656sdc","heavy-duty-front-idler-fi271005, heavy-duty-rear-idler-rr275574, heavy-duty-sprocket-sp87460888, heavy-duty-track-roller-trid2802"
gehl-rt250,MERGE,450x86Bx58,https://tcykyktvdlsbscrsbjyt.supabase.co/storage/v1/object/public/machine-images/gehl-rt250-hero.webp,"450x86x58-rubber-track-zig-zag, bs4508658bxd, bs4508658cxd, bs4508658mbxd, bs4508658vxd, bs4508658xdzb, tnt4508658hdbd, tnt4508658hdbl, tnt4508658hdc, tnt4508658hdmb, tnt4508658hdxt, tnt4508658hdz, tnt4508658sdc","heavy-duty-front-idler-fi271005, heavy-duty-rear-idler-rr275574, heavy-duty-sprocket-sp87460888, heavy-duty-sprocket-spid2711, heavy-duty-track-roller-trid2802"
gehl-rt255,MERGE,450x86Bx58,https://tcykyktvdlsbscrsbjyt.supabase.co/storage/v1/object/public/machine-images/gehl-rt255-hero.webp,"450x86x58-rubber-track-zig-zag, bs4508658bxd, bs4508658cxd, bs4508658mbxd, bs4508658vxd, bs4508658xdzb, tnt4508658hdbd, tnt4508658hdbl, tnt4508658hdc, tnt4508658hdmb, tnt4508658hdxt, tnt4508658hdz, tnt4508658sdc","heavy-duty-front-idler-fi271005, heavy-duty-rear-idler-rr275574, heavy-duty-sprocket-sp87460888, heavy-duty-sprocket-spid2711, heavy-duty-track-roller-trid2802"
gehl-vt320,MERGE,450x86Bx58,https://tcykyktvdlsbscrsbjyt.supabase.co/storage/v1/object/public/machine-images/gehl-vt320-hero.webp,"450x86x58-rubber-track-zig-zag, bs4508658bxd, bs4508658cxd, bs4508658mbxd, bs4508658vxd, bs4508658xdzb, tnt4508658hdbd, tnt4508658hdbl, tnt4508658hdc, tnt4508658hdmb, tnt4508658hdxt, tnt4508658hdz, tnt4508658sdc","heavy-duty-front-idler-fi271005, heavy-duty-rear-idler-rr275574, heavy-duty-sprocket-sp87460888, heavy-duty-track-roller-trid2802"
hanix-h36b,MERGE,300x52.5Nx84,,300x52-5nx84-rubber-track-directional,
hanix-h36c,MERGE,300x52.5Nx84,,300x52-5nx84-rubber-track-directional,
hanix-h36cr,MERGE,300x52.5Nx84,,300x52-5nx84-rubber-track-directional,
hanix-h36r,MERGE,300x52.5Nx84,,300x52-5nx84-rubber-track-directional,
hitachi-30u,MERGE,300x52.5x86,,"bs30052586rsxd, tnt300525n86hd",bo101-300
hitachi-35u,MERGE,300x52.5x86,,"bs30052586rsxd, tnt300525n86hd",bo101-300
hitachi-ex35u,MERGE,300x52.5x86,,st101-45-67-300-45l,
hitachi-ex12,MERGE,230x96x31,,"230x48x62-rubber-track-directional, t230x96x31nk",heavy-duty-track-roller-tr4340393
hitachi-ex12-1,MERGE,230x96x31,,"230x48x62-rubber-track-directional, t230x96x31nk",
hitachi-ex12-2,MERGE,230x96x31,,"230x48x62-rubber-track-directional, t230x96x31nk",
hitachi-ex15,MERGE,230x96x31,,"230x48x62-rubber-track-directional, t230x96x31nk",
hitachi-ex15-1,MERGE,230x96x31,,"230x48x62-rubber-track-directional, t230x96x31nk",
hitachi-ex15-2,MERGE,230x96x31,,"230x48x62-rubber-track-directional, t230x96x31nk",
hitachi-ex15u,MERGE,230x96x31,,"230x48x62-rubber-track-directional, t230x96x31nk",
hitachi-ex16,MERGE,230x96x31,,"230x48x62-rubber-track-directional, t230x96x31nk",
hitachi-ex17,MERGE,230x48x70,,,heavy-duty-track-roller-tr4340393
hitachi-ex35,MERGE,300x52.5Nx84,,300x52-5nx84-rubber-track-directional,bo101-300
hitachi-ex36u,MERGE,300x52.5x86,,"bs30052586rsxd, tnt300525n86hd",bo101-300
hitachi-ex40ur,MERGE,300x52.5Nx84,,300x52-5nx84-rubber-track-directional,bo101-300
hitachi-ex40ur-3,MERGE,300x52.5x86,,"300x52-5x86-rubber-track-mx, bs30052586rsxd, tnt300525n86hd","bo101-300, heavy-duty-track-roller-tr4340535"
hitachi-ex50u,MERGE,400x72.5Kx74,,"400x72-5x72-rubber-track-directional, bs400725w72xd, st135-53-80-400-38l, tnt400725w72xd","bo135-400, ct135-51-72-400, heavy-duty-carrier-roller-cr4392416, heavy-duty-sprocket-sp2050708"
hitachi-ex58mu,MERGE,400x72.5Kx74,,"400x72-5x74-rubber-track-directional, bs400725w74xd, st135-53-80-400-39l","bo135-400, ct135-51-72-400, heavy-duty-carrier-roller-cr4392416"
hitachi-sh15-2,MERGE,230x96x31,,"230x48x62-rubber-track-directional, t230x96x31nk",
hitachi-ue35,MERGE,300x52.5x86,,"300x52-5x86-rubber-track-mx, bs30052586rsxd, tnt300525n86hd",bo101-300
hitachi-zx14-3,MERGE,230x96x31,,"230x48x62-rubber-track-directional, t230x96x31nk",
hitachi-zx17u,MERGE,230x48x70,https://cdn.shopify.com/s/files/1/0952/1977/7823/files/kubota-excavator-hero.webp?v=1773971452,230x48x62-rubber-track-directional,
hitachi-zx17u-2,MERGE,230x48x70,,"230x48x70-rubber-track-directional, bs2304870xd",heavy-duty-track-roller-tr4340393
hitachi-zx30u,MERGE,300x52.5x86,,"300x52-5x86-rubber-track-mx, bs30052586rsxd, tnt300525n86hd","bo101-300, heavy-duty-carrier-roller-cr4392416, heavy-duty-sprocket-sp2039666, heavy-duty-track-roller-tr4340535"
hitachi-zx30u-2,MERGE,300x52.5x86,,"300x52-5x86-rubber-track-mx, bs30052586rsxd, tnt300525n86hd","bo101-300, heavy-duty-carrier-roller-crrd411-22900"
hitachi-zx33u,MERGE,300x52.5x86,,"300x52-5x86-rubber-track-mx, bs30052586rsxd, tnt300525n86hd","bo101-300, heavy-duty-track-roller-tr4340535"
hitachi-zx35-u5n,MERGE,300x52.5x86,,"bs30052586rsxd, tnt300525n86hd","bo101-300, heavy-duty-carrier-roller-cr4718355, heavy-duty-front-idler-fi9269094, heavy-duty-sprocket-sp1032265, heavy-duty-track-roller-tr4340535"
hitachi-zx35u,MERGE,300x52.5x86,https://cdn.shopify.com/s/files/1/0952/1977/7823/files/kubota-excavator-hero.webp?v=1773971452,"300x52-5x86-rubber-track-mx, bs30052586rsxd, tnt300525n86hd","bo101-300, heavy-duty-carrier-roller-cr4392416, heavy-duty-sprocket-sp2039666, heavy-duty-track-roller-tr4340535"
hitachi-zx35u-2,MERGE,300x52.5x86,,"300x52-5x86-rubber-track-mx, bs30052586rsxd, tnt300525n86hd","bo101-300, heavy-duty-carrier-roller-cr9237948, heavy-duty-sprocket-sp1032265, heavy-duty-track-roller-tr4340535"
hitachi-zx35u-3,MERGE,300x52.5x86,,"300x52-5x86-rubber-track-mx, bs30052586rsxd, tnt300525n86hd","bo101-300, heavy-duty-carrier-roller-cr4718355, heavy-duty-sprocket-sp1032265, heavy-duty-track-roller-tr4340535"
hitachi-zx50u-5,MERGE,400x72.5Kx74,https://tcykyktvdlsbscrsbjyt.supabase.co/storage/v1/object/public/machine-images/hitachi-zx50u-5-hero.webp,"bs400725n74xd, ht135-41-64-400-39l, st135-41-64-400-39l, tnt400725n74hd","bo135-400, ct135-41-64-400, heavy-duty-carrier-roller-cr4718355, heavy-duty-front-idler-fi9318048, heavy-duty-sprocket-sp2054978, heavy-duty-track-roller-tr9239528"
hyundai-r17z-9a,MERGE,230x48x70,,"230x48x70-rubber-track-directional, bs2304870xd",
hyundai-r-35-z-9,MERGE,300x52.5x86,,"bs30052586rsxd, tnt300525n86hd",
hyundai-r55-9a,MERGE,400x72.5Wx76,https://tcykyktvdlsbscrsbjyt.supabase.co/storage/v1/object/public/machine-images/hyundai-r55-9a-hero.webp,,
hyundai-r55-3,MERGE,400x72.5Wx76,,"400x72-5wx76-rubber-track-directional, st135-53-80-400-40l",
hyundai-r55-7,MERGE,400x72.5Wx76,,"400x72-5wx76-rubber-track-directional, st135-53-80-400-40l",
hyundai-r55-9,MERGE,400x72.5Wx76,,"400x72-5wx76-rubber-track-directional, st135-53-80-400-40l",
hyundai-r60cr-9,MERGE,400x72.5Wx76,,"400x72-5wx76-rubber-track-directional, st135-53-80-400-40l",
hyundai-r60cr-9a,MERGE,400x72.5Wx76,,"400x72-5wx76-rubber-track-directional, st135-53-80-400-40l",
hyundai-robex-27z-9,MERGE,300x52.5Nx80,,"300x52-5nx80-rubber-track-directional, bs300525n80xd, st101-35-57-300-41l",
hyundai-robex-30,MERGE,300x52.5Nx80,,"300x52-5nx80-rubber-track-directional, bs300525n80xd, st101-35-57-300-41l",bo101-300
hyundai-robex-35-5,MERGE,300x52.5Nx84,,300x52-5nx84-rubber-track-directional,
hyundai-robex-35-7,MERGE,300x52.5Nx84,,300x52-5nx84-rubber-track-directional,
hyundai-robex-36-7,MERGE,300x52.5Nx84,,300x52-5nx84-rubber-track-directional,
hyundai-robex-17z-9a,MERGE,230x48x70,,"230x48x70-rubber-track-directional, bs2304870xd",
hyundai-robex-28-5,MERGE,300x52.5Nx74,,300x52-5nx74-rubber-track-directional,
hyundai-robex-30z-9ak,MERGE,300x52.5x86,,"bs30052586rsxd, tnt300525n86hd",
hyundai-robex-35-9,MERGE,300x52.5x86,,"bs30052586rsxd, tnt300525n86hd",
hyundai-robex-35z-7a,MERGE,300x52.5x86,,"bs30052586rsxd, tnt300525n86hd",
hyundai-robex35z9a,MERGE,300x52.5x86,,"bs30052586rsxd, tnt300525n86hd","bo101-300, heavy-duty-sprocket-sp6813372"
hyundai-robex-35z-9ak,MERGE,300x52.5x86,,"bs30052586rsxd, tnt300525n86hd",
hyundai-robex-55-3,MERGE,400x72.5Wx76,,"400x72-5wx76-rubber-track-directional, st135-53-80-400-40l",
hyundai-robex-55-7,MERGE,400x72.5Wx76,,"400x72-5wx76-rubber-track-directional, st135-53-80-400-40l",
hyundai-robex-55-9,MERGE,400x72.5Wx76,,"400x72-5wx76-rubber-track-directional, st135-53-80-400-40l",
hyundai-robex-55-9a,MERGE,400x72.5Wx76,,"400x72-5wx76-rubber-track-directional, st135-53-80-400-40l",
hyundai-robex-60cr-9a,MERGE,400x72.5Wx76,,"400x72-5wx76-rubber-track-directional, st135-53-80-400-40l",
hyundai-robex-75-7,MERGE,450x81Nx76,,450x71x86-rubber-track-directional,
hyundai-robex-r60-cr-9,MERGE,400x72.5Wx76,,"400x72-5wx76-rubber-track-directional, st135-53-80-400-40l",
ihi-17vx,MERGE,230x48x70,,"230x48x70-rubber-track-directional, bs2304870xd",
ihi-18-j,MERGE,230x48x70,,"230x48x70-rubber-track-directional, bs2304870xd",
ihi-18n,MERGE,230x48x70,,"230x48x70-rubber-track-directional, bs2304870xd",
ihi-18nxt,MERGE,230x48x70,,"230x48x70-rubber-track-directional, bs2304870xd",
ihi-25-nx,MERGE,300x52.5Nx78,,"300x52-5x78-rubber-track-directional, bs300525w78xd","bo101-300, bo101-350"
ihi-28-n,MERGE,300x52.5Nx78,,"300x52-5x78-rubber-track-directional, bs300525w78xd","bo101-300, bo101-350"
ihi-35n,MERGE,300x52.5Nx84,,"bs300525w84xd, tnt300525w84hd","bo101-300, bo101-350"
ihi-50g,MERGE,400x72.5Kx74,,"400x72-5x74-rubber-track-directional, bs400725w74xd, ht135-41-64-400-39l, st135-41-64-400-39l, st135-53-80-400-39l","bo135-400, ct135-41-64-400"
ihi-50gx,MERGE,400x72.5Kx74,,"400x72-5x74-rubber-track-directional, bs400725w74xd, st135-53-80-400-39l","bo135-400, ct135-51-72-400"
ihi-50j,MERGE,400x72.5Kx74,,"400x72-5x74-rubber-track-directional, bs400725w74xd, st135-53-80-400-39l","bo135-400, ct135-51-72-400"
ihi-50ux,MERGE,400x72.5Kx74,,"400x72-5x74-rubber-track-directional, bs400725n74xd, bs400725w74xd, st135-53-80-400-39l, tnt400725n74hd","bo135-400, ct135-51-72-400"
ihi-50z,MERGE,400x72.5Kx74,,"bs400725n74xd, ht135-41-64-400-39l, st135-41-64-400-39l, tnt400725n74hd","bo135-400, ct135-41-64-400"
ihi-65nx,MERGE,400x72.5Wx76,,"400x72-5wx76-rubber-track-directional, st135-53-80-400-40l",
ihi-cl35,MERGE,320x86x52,https://cdn.shopify.com/s/files/1/0952/1977/7823/files/kubota-skid-steer-hero.webp?v=1773971452,"320x86x52-rubber-tracks, bs3208652bxd, bs3208652cxd, bs3208652mbxd, bs3208652vxd, tnt3208652hdbl, tnt3208652hdmb, tnt3208652hdz, tnt3208652hdzb, tnt3208652sdc, tnt32086t52hdbl, tnt32086t52hdc, tnt32086t52hdmb, tnt32086t52hdzb",
ihi-cl45,MERGE,450x86Bx56,https://cdn.shopify.com/s/files/1/0952/1977/7823/files/kubota-skid-steer-hero.webp?v=1773971452,"450x86x56-rubber-track-multi-bar, bs4508656bxd, bs4508656mbxd, bs4508656vxd, bs4508656xdzb, tnt4508656hdbd, tnt4508656hdbl, tnt4508656hdc, tnt4508656hdxt, tnt4508656hdz, tnt4508656hdzb, tnt4508656sdbl, tnt4508656sdc",
ihi-is-27,MERGE,300x52.5Nx76,,tnt300525w76hd,bo101-300
ihi-is-27g,MERGE,300x52.5Nx76,,tnt300525w76hd,"bo101-300, heavy-duty-carrier-roller-cr20t-30-00050"
ihi-is-27gx,MERGE,300x52.5Nx76,,tnt300525w76hd,bo101-300
ihi-is-28g,MERGE,300x52.5Nx76,,tnt300525w76hd,"bo101-300, heavy-duty-carrier-roller-cr20t-30-00050"
ihi-is-28g3,MERGE,300x52.5Nx76,,tnt300525w76hd,bo101-300
ihi-is-28gx,MERGE,300x52.5Nx76,,tnt300525w76hd,bo101-300
ihi-is-28j,MERGE,300x52.5Nx76,,tnt300525w76hd,"bo101-300, heavy-duty-carrier-roller-cr20t-30-00050"
ihi-is-28lx,MERGE,300x52.5Nx76,,tnt300525w76hd,bo101-300
ihi-is-28px,MERGE,300x52.5Nx76,,tnt300525w76hd,bo101-300
ihi-is-28ux,MERGE,300x52.5Nx76,,tnt300525w76hd,bo101-300
ihi-is-30g,MERGE,300x52.5Nx76,,tnt300525w76hd,"bo101-300, heavy-duty-carrier-roller-cr20t-30-00050"
ihi-is-30gx,MERGE,300x52.5Nx76,,tnt300525w76hd,bo101-300
ihi-is-30j,MERGE,300x52.5Nx76,,tnt300525w76hd,bo101-300
ihi-is-30jx,MERGE,300x52.5Nx84,,"bs300525w84xd, tnt300525w84hd",bo101-300
ihi-is-30nx,MERGE,300x52.5Nx84,,"bs300525w84xd, tnt300525w84hd",bo101-300
ihi-is-30uj,MERGE,300x52.5Nx84,,"bs300525w84xd, tnt300525w84hd",bo101-300
ihi-is-32j,MERGE,300x52.5Nx84,,"bs300525w84xd, tnt300525w84hd",bo101-300
ihi-is-35g,MERGE,300x52.5Nx84,,"bs300525w84xd, tnt300525w84hd","bo101-300, heavy-duty-carrier-roller-cr20t-30-00050"
ihi-is-35gx,MERGE,300x52.5Nx84,,"bs300525w84xd, tnt300525w84hd",bo101-300
ihi-is-35j,MERGE,300x52.5Nx84,,"bs300525w84xd, tnt300525w84hd",bo101-300
ihi-is-35nx,MERGE,300x52.5Nx84,,"300x52-5x90-rubber-track-directional, bs300525w84xd, sd30052590v1iwa, tnt300525w84hd",bo101-300
ihi-is-35uj,MERGE,300x52.5Nx84,,"300x52-5x90-rubber-track-directional, bs300525w84xd, sd30052590v1iwa, tnt300525w84hd",bo101-300
ihi-is-38uj,MERGE,300x52.5Nx84,,"300x52-5x90-rubber-track-directional, bs300525w84xd, sd30052590v1iwa, tnt300525w84hd",
ihi-is-38ux,MERGE,300x52.5Nx84,,"bs300525w84xd, tnt300525w84hd",bo101-300
ihi-is-40g,MERGE,400x72.5Kx72,,"400x72-5nx70-rubber-track-directional, st135-41-64-400-38l, tnt400725n72hd","bo135-400, ct135-41-64-400, heavy-duty-carrier-roller-cr20t-30-00050"
ihi-is-40gx,MERGE,400x72.5Kx72,,"400x72-5nx70-rubber-track-directional, st135-41-64-400-38l, tnt400725n72hd","bo135-400, ct135-41-64-400"
ihi-is-40gx-2,MERGE,400x72.5Kx72,,"st135-41-64-400-38l, tnt400725n72hd",
ihi-is-40gx-3,MERGE,400x72.5Kx72,,"st135-41-64-400-38l, tnt400725n72hd",
ihi-is-40j,MERGE,400x72.5Kx72,,"400x72-5nx70-rubber-track-directional, st135-41-64-400-38l, tnt400725n72hd","bo135-400, ct135-41-64-400"
ihi-is-40jx,MERGE,400x72.5Kx72,,"400x72-5nx70-rubber-track-directional, st135-41-64-400-38l, tnt400725n72hd","bo135-400, ct135-41-64-400"
ihi-is-40nx,MERGE,400x72.5Kx72,,"st135-41-64-400-38l, tnt400725n72hd",
ihi-is-45j,MERGE,400x72.5Kx72,,"400x72-5nx70-rubber-track-directional, st135-41-64-400-38l, tnt400725n72hd","bo135-400, ct135-41-64-400"
ihi-is-45nx,MERGE,400x72.5Kx72,,"400x72-5nx70-rubber-track-directional, st135-41-64-400-38l, tnt400725n72hd","bo135-400, ct135-41-64-400"
ihi-is-45uj,MERGE,400x72.5Kx72,,"400x72-5nx70-rubber-track-directional, st135-41-64-400-38l, tnt400725n72hd","bo135-400, ct135-41-64-400"
ihi-is-50g,MERGE,400x72.5Kx74,,"bs400725n74xd, ht135-41-64-400-39l, st135-41-64-400-39l, tnt400725n74hd","bo135-400, ct135-41-64-400, heavy-duty-carrier-roller-cr20t-30-00050"
ihi-is-50g3,MERGE,400x72.5Kx74,,"bs400725n74xd, ht135-41-64-400-39l, st135-41-64-400-39l, tnt400725n74hd","bo135-400, ct135-41-64-400"
ihi-is-50gx,MERGE,400x72.5Kx74,,"bs400725n74xd, ht135-41-64-400-39l, st135-41-64-400-39l, tnt400725n74hd","bo135-400, ct135-41-64-400"
ihi-is-50uj,MERGE,400x72.5Kx74,,"bs400725n74xd, ht135-41-64-400-39l, st135-41-64-400-39l, tnt400725n74hd","bo135-400, ct135-41-64-400"
ihi-is-50ux,MERGE,400x72.5Kx74,,"bs400725n74xd, ht135-41-64-400-39l, st135-41-64-400-39l, tnt400725n74hd","bo135-400, ct135-41-64-400, heavy-duty-carrier-roller-cr9239529"
ihi-is-50z,MERGE,400x72.5Kx74,,"bs400725n74xd, ht135-41-64-400-39l, st135-41-64-400-39l, tnt400725n74hd","bo135-400, ct135-41-64-400"
ihi-is-55,MERGE,400x72.5Kx74,,"bs400725n74xd, ht135-41-64-400-39l, st135-41-64-400-39l, tnt400725n74hd","bo135-400, ct135-41-64-400"
ihi-is-55g,MERGE,400x72.5Kx74,,"bs400725n74xd, ht135-41-64-400-39l, st135-41-64-400-39l, tnt400725n74hd","bo135-400, ct135-41-64-400"
ihi-is-55g-3,MERGE,400x72.5Kx74,,"bs400725n74xd, ht135-41-64-400-39l, st135-41-64-400-39l, tnt400725n74hd",
ihi-is-55j,MERGE,400x72.5Kx74,,"bs400725n74xd, ht135-41-64-400-39l, st135-41-64-400-39l, tnt400725n74hd","bo135-400, ct135-41-64-400"
ihi-is-55lx,MERGE,400x72.5Kx74,,"bs400725n74xd, ht135-41-64-400-39l, st135-41-64-400-39l, tnt400725n74hd","bo135-400, ct135-41-64-400"
ihi-is-55n,MERGE,400x72.5Kx74,,"400x72-5x74-rubber-track-directional, bs400725n74xd, bs400725w74xd, ht135-41-64-400-39l, st135-41-64-400-39l, st135-53-80-400-39l, tnt400725n74hd","bo135-400, ct135-51-72-400"
ihi-is-55u-1,MERGE,400x72.5Kx74,,"bs400725n74xd, ht135-41-64-400-39l, st135-41-64-400-39l, tnt400725n74hd",
ihi-is-55u-2,MERGE,400x72.5Kx74,,"bs400725n74xd, ht135-41-64-400-39l, st135-41-64-400-39l, tnt400725n74hd",
ihi-is-55uj,MERGE,400x72.5Kx74,,"bs400725n74xd, ht135-41-64-400-39l, st135-41-64-400-39l, tnt400725n74hd","bo135-400, ct135-41-64-400"
ihi-is-55ux,MERGE,400x72.5Kx74,,"bs400725n74xd, ht135-41-64-400-39l, st135-41-64-400-39l, tnt400725n74hd","bo135-400, ct135-41-64-400"
jcb-150t,MERGE,320x86x48,,,"heavy-duty-idler-fiid2076, heavy-duty-track-roller-trid2802"
jcb-16c-1,MERGE,230x48x70,,"230x48x70-rubber-track-directional, bs2304870xd",
jcb-180t,MERGE,320x86Bx50,,"320x86x50-rubber-track-c-block, bs3208650bxd, bs3208650cxd, bs3208650mbxd, tnt3208650hdbd, tnt3208650hdbl, tnt3208650hdmb, tnt3208650hdxt, tnt3208650hdz, tnt3208650hdzb, tnt3208650sdc",heavy-duty-track-roller-tr87535297
jcb-18z-1,MERGE,230x48x70,,"230x48x70-rubber-track-directional, bs2304870xd",
jcb-190t,MERGE,320x86Bx50,,"320x86x52-rubber-tracks, 400x86x52-rubber-track-c-block, 450x86x52-rubber-track-z-max, bs3208652bxd, bs3208652cxd, bs3208652mbxd, bs3208652vxd, bs4008652bxd, bs4008652xdmb, bs4508652bxd, bs4508652cxd, bs4508652vxd, sd4508652bbe, tnt3208652hdbl, tnt3208652hdmb, tnt3208652hdz, tnt3208652hdzb, tnt3208652sdc, tnt32086t52hdbl, tnt32086t52hdc, tnt32086t52hdmb, tnt32086t52hdzb, tnt4008652hdbd, tnt4008652hdbl, tnt4008652hdmb, tnt4008652hdtb, tnt4008652hdz, tnt4008652hdzb, tnt4508652hdbl, tnt4508652hdc, tnt4508652hdmb, tnt4508652hdz, tnt4508652sdc",heavy-duty-track-roller-tr87535297
jcb-190t-eco,MERGE,320x86Bx50,,"320x86x50-rubber-track-c-block, bs3208650bxd, bs3208650cxd, bs3208650mbxd, tnt3208650hdbd, tnt3208650hdbl, tnt3208650hdmb, tnt3208650hdxt, tnt3208650hdz, tnt3208650hdzb, tnt3208650sdc",heavy-duty-track-roller-tr87535297
jcb-19c-1,MERGE,230x48x70,,"230x48x70-rubber-track-directional, bs2304870xd",
jcb-205t,MERGE,320x86x52,,"320x86x50-rubber-track-c-block, bs3208650bxd, bs3208650cxd, bs3208650mbxd, tnt3208650hdbd, tnt3208650hdbl, tnt3208650hdmb, tnt3208650hdxt, tnt3208650hdz, tnt3208650hdzb, tnt3208650sdc, tnt32086t52hdbl, tnt32086t52hdc, tnt32086t52hdmb, tnt32086t52hdzb","heavy-duty-idler-fiid2076, heavy-duty-track-roller-trid2802"
jcb-210t,MERGE,320x86Bx50,,"320x86x50-rubber-track-c-block, bs3208650bxd, bs3208650cxd, bs3208650mbxd, tnt3208650hdbd, tnt3208650hdbl, tnt3208650hdmb, tnt3208650hdxt, tnt3208650hdz, tnt3208650hdzb, tnt3208650sdc",
jcb-215t,MERGE,320x86Bx50,,"320x86x50-rubber-track-c-block, bs3208650bxd, bs3208650cxd, bs3208650mbxd, tnt3208650hdbd, tnt3208650hdbl, tnt3208650hdmb, tnt3208650hdxt, tnt3208650hdz, tnt3208650hdzb, tnt3208650sdc","heavy-duty-idler-fiid2076, heavy-duty-track-roller-trid2802"
jcb-225t,MERGE,450x86Bx56,https://cdn.shopify.com/s/files/1/0952/1977/7823/files/jcb-skid-steer-hero.webp?v=1773971451,,
jcb-225t-eco,MERGE,450x86Bx56,,"450x86x56-rubber-track-multi-bar, bs4008656bxd, bs4508656bxd, bs4508656mbxd, bs4508656vxd, bs4508656xdzb, tnt4008656hdbl, tnt4508656hdbd, tnt4508656hdbl, tnt4508656hdc, tnt4508656hdxt, tnt4508656hdz, tnt4508656hdzb, tnt4508656sdbl, tnt4508656sdc","heavy-duty-idler-fiid2076, heavy-duty-track-roller-trid2802"
jcb-250-t-tracks,MERGE,450x86Bx56,,"450x86x56-rubber-track-multi-bar, bs4508656bxd, bs4508656mbxd, bs4508656vxd, bs4508656xdzb, tnt4508656hdbd, tnt4508656hdbl, tnt4508656hdc, tnt4508656hdxt, tnt4508656hdz, tnt4508656hdzb, tnt4508656sdbl, tnt4508656sdc",
jcb-260t,MERGE,450x86Bx56,https://tcykyktvdlsbscrsbjyt.supabase.co/storage/v1/object/public/machine-images/jcb-260t-hero.webp,"450x86x56-rubber-track-multi-bar, bs4008656bxd, bs4508656bxd, bs4508656mbxd, bs4508656vxd, bs4508656xdzb, tnt4008656hdbl, tnt4508656hdbd, tnt4508656hdbl, tnt4508656hdc, tnt4508656hdxt, tnt4508656hdz, tnt4508656hdzb, tnt4508656sdbl, tnt4508656sdc","heavy-duty-idler-fiid2076, heavy-duty-track-roller-trid2802"
jcb-260t-eco,MERGE,450x86Bx56,,"450x86x56-rubber-track-multi-bar, bs4008656bxd, bs4508656bxd, bs4508656mbxd, bs4508656vxd, bs4508656xdzb, tnt4008656hdbl, tnt4508656hdbd, tnt4508656hdbl, tnt4508656hdc, tnt4508656hdxt, tnt4508656hdz, tnt4508656hdzb, tnt4508656sdbl, tnt4508656sdc","heavy-duty-idler-fiid2076, heavy-duty-track-roller-trid2802"
jcb-270t,MERGE,450x86Bx56,https://cdn.shopify.com/s/files/1/0952/1977/7823/files/jcb-skid-steer-hero.webp?v=1773971451,,
jcb-2-ts-7-t-tracks,MERGE,320x86Bx50,,"320x86x50-rubber-track-c-block, bs3208650bxd, bs3208650cxd, bs3208650mbxd, tnt3208650hdbd, tnt3208650hdbl, tnt3208650hdmb, tnt3208650hdxt, tnt3208650hdz, tnt3208650hdzb, tnt3208650sdc",
jcb-300t,MERGE,450x86Bx56,https://tcykyktvdlsbscrsbjyt.supabase.co/storage/v1/object/public/machine-images/jcb-300t-hero.webp,"450x86x56-rubber-track-multi-bar, bs4008656bxd, bs4508656bxd, bs4508656mbxd, bs4508656vxd, bs4508656xdzb, tnt4008656hdbl, tnt4508656hdbd, tnt4508656hdbl, tnt4508656hdc, tnt4508656hdxt, tnt4508656hdz, tnt4508656hdzb, tnt4508656sdbl, tnt4508656sdc","heavy-duty-idler-fiid2076, heavy-duty-track-roller-trid2802"
jcb-320t,MERGE,450x86Bx56,https://cdn.shopify.com/s/files/1/0952/1977/7823/files/jcb-skid-steer-hero.webp?v=1773971451,,
jcb-320t-eco,MERGE,450x86Bx56,,"450x86x56-rubber-track-multi-bar, bs4008656bxd, bs4508656bxd, bs4508656mbxd, bs4508656vxd, bs4508656xdzb, tnt4008656hdbl, tnt4508656hdbd, tnt4508656hdbl, tnt4508656hdc, tnt4508656hdxt, tnt4508656hdz, tnt4508656hdzb, tnt4508656sdbl, tnt4508656sdc","heavy-duty-idler-fiid2076, heavy-duty-track-roller-trid2802"
jcb-35z-1,MERGE,450x81.5x76,,"450x81x76-rubber-track-directional, st154-45-73-450-40l",
jcb-3ts-8t,MERGE,450x86Bx56,https://tcykyktvdlsbscrsbjyt.supabase.co/storage/v1/object/public/machine-images/jcb-3ts-8t-hero.webp,"450x86x56-rubber-track-multi-bar, bs4008656bxd, bs4508656bxd, bs4508656mbxd, bs4508656vxd, bs4508656xdzb, tnt4008656hdbl, tnt4508656hdbd, tnt4508656hdbl, tnt4508656hdc, tnt4508656hdxt, tnt4508656hdz, tnt4508656hdzb, tnt4508656sdbl, tnt4508656sdc","heavy-duty-idler-fiid2076, heavy-duty-track-roller-trid2802"
jcb-45z-1,MERGE,400x72.5Kx74,,"400x72-5x74-rubber-track-directional, bs400725w74xd, ht135-53-80-400-39l, st135-53-80-400-39l",
jcb-48z-1,MERGE,400x72.5Kx74,,"400x72-5x74-rubber-track-directional, bs400725w74xd","bo135-400, ct135-51-72-400"
jcb-55z-1,MERGE,400x72.5Kx74,,"400x72-5x74-rubber-track-directional, bs400725w74xd","bo135-400, ct135-51-72-400"
jcb-65r,MERGE,400x72.5Kx74,,"400x72-5x74-rubber-track-directional, bs400725w74xd, ht135-53-80-400-39l, st135-53-80-400-39l",
jcb-67c,MERGE,400x72.5Kx74,,"400x72-5x74-rubber-track-directional, bs400725w74xd, ht135-53-80-400-39l, st135-53-80-400-39l",
jcb-801,MERGE,180x72x37,,"180x72x37-rubber-track-c-block, 230x48x62-rubber-track-directional, t230x96x31nk",
jcb-8017,MERGE,230x48x70,,"230x48x62-rubber-track-directional, t230x96x31nk",
jcb-8018,MERGE,230x48x62,https://cdn.shopify.com/s/files/1/0952/1977/7823/files/jcb-excavator-hero.webp?v=1773971530,230x48x62-rubber-track-directional,
jcb-801r,MERGE,230x96x31,,"230x48x62-rubber-track-directional, t230x96x31nk",
jcb-802-7,MERGE,300x52.5Nx84,https://tcykyktvdlsbscrsbjyt.supabase.co/storage/v1/object/public/machine-images/jcb-802-7-hero.webp,230x48x62-rubber-track-directional,
jcb-802-7-zts,MERGE,300x52.5Nx74,,"bs300525w84xd, tnt300525w84hd",
jcb-8025zts,MERGE,300x52.5Nx78,,"300x52-5x78-rubber-track-directional, bs300525w78xd",bo101-300
jcb-8026,MERGE,300x52.5Nx78,,"300x52-5x78-rubber-track-directional, bs300525w78xd",
jcb-803,MERGE,300x52.5Nx84,,"bs300525w84xd, tnt300525w84hd","bo101-300, bo101-350, heavy-duty-carrier-roller-crt006m027"
jcb-803-magnum,MERGE,300x52.5Nx84,,"bs300525w84xd, tnt300525w84hd",
jcb-803-plus,MERGE,300x52.5Nx84,,"bs300525w84xd, tnt300525w84hd",
jcb-803-super,MERGE,300x52.5Nx84,,"bs300525w84xd, tnt300525w84hd",
jcb-8030zts,MERGE,300x52.5Nx84,https://tcykyktvdlsbscrsbjyt.supabase.co/storage/v1/object/public/machine-images/jcb-8030zts-hero.webp,"bs300525w84xd, tnt300525w84hd",
jcb-803-2-zts,MERGE,300x52.5Nx84,,"bs300525w84xd, tnt300525w84hd",bo101-300
jcb-8035zts,MERGE,300x52.5Nx84,https://tcykyktvdlsbscrsbjyt.supabase.co/storage/v1/object/public/machine-images/jcb-8035zts-hero.webp,"bs300525w84xd, tnt300525w84hd",
jcb-8035z,MERGE,300x52.5Nx84,,"300x52-5kx88-rubber-track-directional, 300x52-5x88-rubber-track-mx, bs300525w84xd, tnt300525w84hd",bo101-300
jcb-803e,MERGE,300x52.5Nx84,,"bs300525w84xd, tnt300525w84hd",bo101-300
jcb-804,MERGE,300x52.5Nx84,,"350x52-5wx86-rubber-track-directional, bs300525w84xd, bs35052586xd, tnt300525w84hd",heavy-duty-carrier-roller-crt006m027
jcb-8045zts,MERGE,400x72.5Kx74,,"bs400725n74xd, ht135-41-64-400-39l, st135-41-64-400-39l, tnt400725n74hd","bo135-400, ct135-41-64-400, heavy-duty-carrier-roller-crrd411-22900"
jcb-805,MERGE,400x72.5Kx74,,"400x72-5x74-rubber-track-directional, bs400725w74xd, ht135-53-80-400-39l, st135-53-80-400-39l","bo135-400, ct135-51-72-400, heavy-duty-track-roller-trmu5178"
jcb-8050zts,MERGE,400x72.5Kx74,https://tcykyktvdlsbscrsbjyt.supabase.co/storage/v1/object/public/machine-images/jcb-8050zts-hero.webp,"bs400725n74xd, ht135-41-64-400-39l, st135-41-64-400-39l, tnt400725n74hd",
jcb-805-2,MERGE,400x72.5Kx74,,"400x72-5x74-rubber-track-directional, bs400725w74xd, ht135-53-80-400-39l, st135-53-80-400-39l","bo135-400, ct135-51-72-400, heavy-duty-track-roller-trmu5178"
jcb-8055rts,MERGE,400x72.5Kx74,,"bs400725n74xd, ht135-41-64-400-39l, st135-41-64-400-39l, tnt400725n74hd",
jcb-8055z,MERGE,400x72.5Kx74,,"400x72-5x74-rubber-track-directional, bs400725n74xd, bs400725w74xd, ht135-41-64-400-39l, st135-41-64-400-39l, st135-53-80-400-39l, tnt400725n74hd","bo135-400, ct135-51-72-400"
jcb-8055zts,MERGE,400x72.5Kx74,,"bs400725n74xd, ht135-41-64-400-39l, st135-41-64-400-39l, tnt400725n74hd",
jcb-806,MERGE,400x72.5Kx74,,"400x72-5x74-rubber-track-directional, bs400725w74xd, ht135-53-80-400-39l, st135-53-80-400-39l","bo135-400, ct135-51-72-400"
jcb-8060,MERGE,400x72.5Kx74,,"400x72-5x74-rubber-track-directional, bs400725w74xd, ht135-53-80-400-39l, st135-53-80-400-39l","bo135-400, ct135-51-72-400, heavy-duty-carrier-roller-crrd411-22900, heavy-duty-track-roller-trmu5178"
jcb-8065rts,MERGE,400x72.5Kx74,,"400x72-5x74-rubber-track-directional, bs400725n74xd, bs400725w74xd, ht135-41-64-400-39l, st135-41-64-400-39l, st135-53-80-400-39l, tnt400725n74hd","bo135-400, ct135-51-72-400"
jcb-8080,MERGE,450x81Nx76,,"450x81x76-rubber-track-directional, ht154-45-73-450-40l, st154-45-73-450-40l, tnt45081n76hd","bo154-450, co154-450, ct154-45-73-450"
jcb-8080zts,MERGE,450x81.5x76,,450x71x82-rubber-track-directional,
jcb-8085zts,MERGE,450x81.5x76,,"450x81x76-rubber-track-directional, ht154-45-73-450-40l, st154-45-73-450-40l","bo154-450, co154-450, ct154-45-73-450"
jcb-85z-1,MERGE,450x81Nx78,,"ht154-45-73-450-40l, st154-45-73-450-40l, tnt45081n78hd","bo154-450, co154-450, ct154-45-73-450"
jcb-86c-1,MERGE,450x81Nx78,,"ht154-45-73-450-40l, tnt45081n78hd",ct154-45-73-450
jcb-jz-70,MERGE,450x81.5x76,,"450x81x76-rubber-track-directional, st154-45-73-450-40l",
john-deere-17d,MERGE,230x48x70,,"230x48x70-rubber-track-directional, bs2304870xd","heavy-duty-front-idler-fi9312918, heavy-duty-sprocket-sp2056268, heavy-duty-track-roller-tr4340393"
john-deere-17g,MERGE,230x48x70,https://tcykyktvdlsbscrsbjyt.supabase.co/storage/v1/object/public/machine-images/john-deere-17g-hero.webp,"230x48x70-rubber-track-directional, bs2304870xd","heavy-duty-front-idler-fi9312918, heavy-duty-sprocket-sp2056268, heavy-duty-track-roller-tr4340393"
john-deere-17p,MERGE,230x48x70,https://cdn.shopify.com/s/files/1/0952/1977/7823/files/john-deere-excavator-hero.webp?v=1773971529,"230x48x70-rubber-track-directional, bs2304870xd",
john-deere-17zts,MERGE,230x48x70,,"230x48x70-rubber-track-directional, bs2304870xd","heavy-duty-front-idler-fi9312918, heavy-duty-sprocket-sp2056268, heavy-duty-track-roller-tr4340393"
john-deere-26g,MERGE,300x52.5Nx80,https://tcykyktvdlsbscrsbjyt.supabase.co/storage/v1/object/public/machine-images/john-deere-26g-hero.webp,"300x52-5nx80-rubber-track-directional, bs300525n80xd, st101-35-57-300-41l","bo101-300, heavy-duty-carrier-roller-cr4718355, heavy-duty-front-idler-fi9132562, heavy-duty-sprocket-sp2054262, heavy-duty-track-roller-tr4340535"
john-deere-27d,MERGE,300x52.5Nx80,,"300x52-5nx80-rubber-track-directional, bs300525n80xd, st101-35-57-300-41l","bo101-300, heavy-duty-carrier-roller-cr4718355, heavy-duty-carrier-roller-cr9237948, heavy-duty-front-idler-fi9269094, heavy-duty-sprocket-sp1032265, heavy-duty-track-roller-tr4340535"
john-deere-27zts,MERGE,300x52.5Nx78,,300x52-5nx78-rubber-track-directional,"bo101-300, heavy-duty-sprocket-sp2043505"
john-deere-30g,MERGE,300x52.5x86,https://tcykyktvdlsbscrsbjyt.supabase.co/storage/v1/object/public/machine-images/john-deere-30g-hero.webp,"bs30052586rsxd, tnt300525n86hd","bo101-300, heavy-duty-carrier-roller-cr4718355, heavy-duty-front-idler-fi9269094, heavy-duty-sprocket-sp1032265, heavy-duty-track-roller-tr4340535"
john-deere-317g,MERGE,320x86Bx50,https://tcykyktvdlsbscrsbjyt.supabase.co/storage/v1/object/public/machine-images/john-deere-317g-hero.webp,"320x86x50-rubber-track-c-block, 400x86x50-rubber-track-c-block, bs3208650bxd, bs3208650cxd, bs3208650mbxd, bs4008650bxd, bs4008650cxd, tnt3208650hdbd, tnt3208650hdbl, tnt3208650hdmb, tnt3208650hdxt, tnt3208650hdz, tnt3208650hdzb, tnt3208650sdc, tnt4008650hdbl, tnt4008650hdmb, tnt4008650hdtb, tnt4008650hdz, tnt4008650hdzb","heavy-duty-idler-fiid2076, heavy-duty-rear-idler-rrat493209, heavy-duty-sprocket-spt349306, heavy-duty-track-roller-trid2802"
john-deere-319d,MERGE,320x86x52,https://tcykyktvdlsbscrsbjyt.supabase.co/storage/v1/object/public/machine-images/john-deere-319d-hero.webp,"320x86x52-rubber-tracks, bs3208652bxd, bs3208652cxd, bs3208652mbxd, bs3208652vxd, tnt3208652hdbl, tnt3208652hdmb, tnt3208652hdz, tnt3208652hdzb, tnt3208652sdc, tnt32086t52hdbl, tnt32086t52hdc, tnt32086t52hdmb, tnt32086t52hdzb","heavy-duty-idler-fiid2076, heavy-duty-sprocket-spid2711, heavy-duty-sprocket-spt254141, heavy-duty-track-roller-trid2802"
john-deere-319e,MERGE,320x86x52,https://tcykyktvdlsbscrsbjyt.supabase.co/storage/v1/object/public/machine-images/john-deere-319e-hero.webp,"320x86x52-rubber-tracks, 400x86x52-rubber-track-c-block, bs3208652bxd, bs3208652cxd, bs3208652mbxd, bs3208652vxd, bs4008652bxd, bs4008652xdmb, tnt3208652hdbl, tnt3208652hdmb, tnt3208652hdz, tnt3208652hdzb, tnt3208652sdc, tnt32086t52hdbl, tnt32086t52hdc, tnt32086t52hdmb, tnt32086t52hdzb, tnt3808652hdbl, tnt3808652hdmb, tnt4008652hdbd, tnt4008652hdbl, tnt4008652hdmb, tnt4008652hdtb, tnt4008652hdz, tnt4008652hdzb","heavy-duty-idler-fiid2076, heavy-duty-sprocket-spt254141, heavy-duty-track-roller-trid2802"
john-deere-323d,MERGE,320x86x52,https://tcykyktvdlsbscrsbjyt.supabase.co/storage/v1/object/public/machine-images/john-deere-323d-hero.webp,"320x86x52-rubber-tracks, 400x86x52-rubber-track-c-block, bs3208652bxd, bs3208652cxd, bs3208652mbxd, bs3208652vxd, bs4008652bxd, bs4008652xdmb, tnt3208652hdbl, tnt3208652hdmb, tnt3208652hdz, tnt3208652hdzb, tnt3208652sdc, tnt32086t52hdbl, tnt32086t52hdc, tnt32086t52hdmb, tnt32086t52hdzb, tnt3808652hdbl, tnt3808652hdmb, tnt4008652hdbd, tnt4008652hdbl, tnt4008652hdmb, tnt4008652hdtb, tnt4008652hdz, tnt4008652hdzb","heavy-duty-idler-fiid2076, heavy-duty-sprocket-spid2641, heavy-duty-sprocket-spid2711, heavy-duty-sprocket-spt254141, heavy-duty-track-roller-trid2802"
john-deere-323e,MERGE,320x86x52,https://tcykyktvdlsbscrsbjyt.supabase.co/storage/v1/object/public/machine-images/john-deere-323e-hero.webp,"320x86x52-rubber-tracks, 400x86x52-rubber-track-c-block, bs3208652bxd, bs3208652cxd, bs3208652mbxd, bs3208652vxd, bs4008652bxd, bs4008652xdmb, tnt3208652hdbl, tnt3208652hdmb, tnt3208652hdz, tnt3208652hdzb, tnt3208652sdc, tnt32086t52hdbl, tnt32086t52hdc, tnt32086t52hdmb, tnt32086t52hdzb, tnt3808652hdbl, tnt3808652hdmb, tnt4008652hdbd, tnt4008652hdbl, tnt4008652hdmb, tnt4008652hdtb, tnt4008652hdz, tnt4008652hdzb","heavy-duty-idler-fiid2076, heavy-duty-sprocket-spid2711, heavy-duty-sprocket-spt254141, heavy-duty-track-roller-trid2802"
john-deere-325g,MERGE,320x86x52,https://tcykyktvdlsbscrsbjyt.supabase.co/storage/v1/object/public/machine-images/john-deere-325g-hero.webp,"320x86x52-rubber-tracks, 400x86x52-rubber-track-c-block, bs3208652bxd, bs3208652cxd, bs3208652mbxd, bs3208652vxd, bs4008652bxd, bs4008652xdmb, tnt3208652hdbl, tnt3208652hdmb, tnt3208652hdz, tnt3208652hdzb, tnt3208652sdc, tnt4008652hdbd, tnt4008652hdbl, tnt4008652hdmb, tnt4008652hdtb, tnt4008652hdz, tnt4008652hdzb","heavy-duty-idler-fiid2076, heavy-duty-sprocket-spt254141, heavy-duty-track-roller-trid2802"
john-deere-329d,MERGE,450x86Bx56,https://tcykyktvdlsbscrsbjyt.supabase.co/storage/v1/object/public/machine-images/john-deere-329d-hero.webp,"450x86x56-rubber-track-multi-bar, bs4008656bxd, bs4508656bxd, bs4508656mbxd, bs4508656vxd, bs4508656xdzb, tnt4008656hdbl, tnt4508656hdbd, tnt4508656hdbl, tnt4508656hdc, tnt4508656hdxt, tnt4508656hdz, tnt4508656hdzb, tnt4508656sdbl, tnt4508656sdc","heavy-duty-idler-fiid2076, heavy-duty-sprocket-spid2641, heavy-duty-sprocket-spid2711, heavy-duty-sprocket-spt254141, heavy-duty-track-roller-trid2802"
john-deere-329e,MERGE,450x86Bx56,https://tcykyktvdlsbscrsbjyt.supabase.co/storage/v1/object/public/machine-images/john-deere-329e-hero.webp,"450x86x56-rubber-track-multi-bar, bs4008656bxd, bs4508656bxd, bs4508656mbxd, bs4508656vxd, bs4508656xdzb, tnt4008656hdbl, tnt4508656hdbd, tnt4508656hdbl, tnt4508656hdc, tnt4508656hdxt, tnt4508656hdz, tnt4508656hdzb, tnt4508656sdbl, tnt4508656sdc","heavy-duty-idler-fiid2076, heavy-duty-sprocket-spid2641, heavy-duty-sprocket-spt254141, heavy-duty-track-roller-trid2802"
john-deere-331g,MERGE,450x86Bx58,https://tcykyktvdlsbscrsbjyt.supabase.co/storage/v1/object/public/machine-images/john-deere-331g-hero.webp,"450x86x58-rubber-track-zig-zag, bs4508658bxd, bs4508658cxd, bs4508658mbxd, bs4508658vxd, bs4508658xdzb, tnt4008658hdbl, tnt4508658hdbd, tnt4508658hdbl, tnt4508658hdc, tnt4508658hdmb, tnt4508658hdxt, tnt4508658hdz, tnt4508658sdc","heavy-duty-sprocket-spt254141, heavy-duty-track-roller-trid2802"
john-deere-331p,MERGE,450x86Bx58,https://tcykyktvdlsbscrsbjyt.supabase.co/storage/v1/object/public/machine-images/john-deere-331p-hero.webp,"450x86x58-rubber-track-zig-zag, bs4508658bxd, bs4508658cxd, bs4508658mbxd, bs4508658vxd, bs4508658xdzb, tnt4508658hdbd, tnt4508658hdbl, tnt4508658hdc, tnt4508658hdmb, tnt4508658hdxt, tnt4508658hdz, tnt4508658sdc",
john-deere-333d,MERGE,450x86Bx56,https://tcykyktvdlsbscrsbjyt.supabase.co/storage/v1/object/public/machine-images/john-deere-333d-hero.webp,"450x86x56-rubber-track-multi-bar, bs4508656bxd, bs4508656mbxd, bs4508656vxd, bs4508656xdzb, tnt4508656hdbd, tnt4508656hdbl, tnt4508656hdc, tnt4508656hdxt, tnt4508656hdz, tnt4508656hdzb, tnt4508656sdbl, tnt4508656sdc","heavy-duty-idler-fiid2076, heavy-duty-sprocket-spid2641, heavy-duty-sprocket-spt254141, heavy-duty-track-roller-trid2802"
john-deere-333e,MERGE,450x86Bx56,https://tcykyktvdlsbscrsbjyt.supabase.co/storage/v1/object/public/machine-images/john-deere-333e-hero.webp,"450x86x56-rubber-track-multi-bar, bs4508656bxd, bs4508656mbxd, bs4508656vxd, bs4508656xdzb, tnt4508656hdbd, tnt4508656hdbl, tnt4508656hdc, tnt4508656hdxt, tnt4508656hdz, tnt4508656hdzb, tnt4508656sdbl, tnt4508656sdc","heavy-duty-idler-fiid2076, heavy-duty-sprocket-spt254141, heavy-duty-track-roller-trid2802"
john-deere-333g,MERGE,450x86Bx58,https://tcykyktvdlsbscrsbjyt.supabase.co/storage/v1/object/public/machine-images/john-deere-333g-hero.webp,"450x86x58-rubber-track-zig-zag, bs4508658bxd, bs4508658cxd, bs4508658mbxd, bs4508658vxd, bs4508658xdzb, tnt4008658hdbl, tnt4508658hdbd, tnt4508658hdbl, tnt4508658hdc, tnt4508658hdmb, tnt4508658hdxt, tnt4508658hdz, tnt4508658sdc","heavy-duty-sprocket-spt254141, heavy-duty-track-roller-trid2802"
john-deere-333p,MERGE,450x86Bx58,https://tcykyktvdlsbscrsbjyt.supabase.co/storage/v1/object/public/machine-images/john-deere-333p-hero.webp,"450x86x58-rubber-track-zig-zag, bs4508658bxd, bs4508658cxd, bs4508658mbxd, bs4508658vxd, bs4508658xdzb, tnt4008658hdbl, tnt4508658hdbd, tnt4508658hdbl, tnt4508658hdc, tnt4508658hdmb, tnt4508658hdxt, tnt4508658hdz, tnt4508658sdc",
john-deere-335p,MERGE,450x86Bx58,https://tcykyktvdlsbscrsbjyt.supabase.co/storage/v1/object/public/machine-images/john-deere-335p-hero.webp,"450x86x58-rubber-track-zig-zag, bs4508658bxd, bs4508658cxd, bs4508658mbxd, bs4508658vxd, bs4508658xdzb, tnt4508658hdbd, tnt4508658hdbl, tnt4508658hdc, tnt4508658hdmb, tnt4508658hdxt, tnt4508658hdz, tnt4508658sdc",
john-deere-35czts,MERGE,300x52.5x86,,"bs30052586rsxd, tnt300525n86hd","heavy-duty-carrier-roller-cr4392416, heavy-duty-sprocket-sp2039666, heavy-duty-track-roller-tr4340535"
john-deere-35d,MERGE,300x52.5x86,https://tcykyktvdlsbscrsbjyt.supabase.co/storage/v1/object/public/machine-images/john-deere-35d-hero.webp,"300x52-5x86-rubber-track-mx, bs30052586rsxd, tnt300525n86hd","bo101-300, heavy-duty-carrier-roller-cr4718355, heavy-duty-carrier-roller-cr9237948, heavy-duty-front-idler-fi9269094, heavy-duty-sprocket-sp1032265, heavy-duty-sprocket-sp2039666, heavy-duty-track-roller-tr4340535"
john-deere-35g,MERGE,300x52.5x86,https://tcykyktvdlsbscrsbjyt.supabase.co/storage/v1/object/public/machine-images/john-deere-35g-hero.webp,"bs30052586rsxd, tnt300525n86hd","bo101-300, heavy-duty-carrier-roller-cr4718355, heavy-duty-front-idler-fi9269094, heavy-duty-sprocket-sp1032265, heavy-duty-track-roller-tr4340535"
john-deere-35p,MERGE,300x52.5x86,https://cdn.shopify.com/s/files/1/0952/1977/7823/files/john-deere-excavator-hero.webp?v=1773971529,"bs30052586rsxd, tnt300525n86hd",heavy-duty-sprocket-sp1032265
john-deere-35zts,MERGE,300x52.5x86,,"300x52-5x86-rubber-track-mx, bs30052586rsxd, tnt300525n86hd","bo101-300, heavy-duty-carrier-roller-cr4392416, heavy-duty-carrier-roller-crrd411-22900, heavy-duty-sprocket-sp2039666, heavy-duty-track-roller-tr4340535"
john-deere-50d,MERGE,400x72.5Kx74,,"400x72-5x74-rubber-track-directional, bs400725n74xd, bs400725w74xd, ht135-41-64-400-39l, st135-41-64-400-39l, st135-53-80-400-39l, tnt400725n74hd","bo135-400, ct135-51-72-400, heavy-duty-carrier-roller-cr4718355, heavy-duty-carrier-roller-cr9239529, heavy-duty-front-idler-fi9237507, heavy-duty-front-idler-fi9318048, heavy-duty-sprocket-sp2054978, heavy-duty-track-roller-tr9239528, heavy-duty-track-roller-tr9239528s"
john-deere-50g,MERGE,400x72.5Kx74,https://tcykyktvdlsbscrsbjyt.supabase.co/storage/v1/object/public/machine-images/john-deere-50g-hero.webp,"400x72-5x74-rubber-track-directional, bs400725n74xd, bs400725w74xd, ht135-41-64-400-39l, ht135-53-80-400-39l, st135-41-64-400-39l, tnt400725n74hd","bo135-400, ct135-41-64-400, heavy-duty-carrier-roller-cr4718355, heavy-duty-front-idler-fi9318048, heavy-duty-sprocket-sp2054978, heavy-duty-track-roller-tr9239528"
john-deere-50p,MERGE,400x72.5Kx74,,"bs400725n74xd, ht135-41-64-400-39l, st135-41-64-400-39l, tnt400725n74hd","bo135-400, ct135-41-64-400, heavy-duty-front-idler-fi9318048, heavy-duty-sprocket-sp2054978"
john-deere-50zts,MERGE,400x72.5Kx72,,"400x72-5x72-rubber-track-directional, bs400725w72xd, st135-53-80-400-38l, tnt400725w72xd","bo135-400, ct135-51-72-400, heavy-duty-carrier-roller-cr4392416, heavy-duty-carrier-roller-crrd411-22900, heavy-duty-sprocket-sp2050708, heavy-duty-track-roller-tr4357785"
john-deere-60d,MERGE,400x72.5Kx74,,"400x72-5x74-rubber-track-directional, bs400725w74xd, ht135-53-80-400-39l, st135-53-80-400-39l","bo135-400, ct135-51-72-400, heavy-duty-carrier-roller-cr4392416, heavy-duty-sprocket-sp2054155, heavy-duty-track-roller-tr4671711"
john-deere-60g,MERGE,400x72.5Kx74,https://tcykyktvdlsbscrsbjyt.supabase.co/storage/v1/object/public/machine-images/john-deere-60g-hero.webp,"400x72-5x74-rubber-track-directional, bs400725w74xd, ht135-53-80-400-39l, st135-53-80-400-39l","bo135-400, ct135-51-72-400, ct135-53-80-400, heavy-duty-carrier-roller-cr4392416, heavy-duty-carrier-roller-crrd411-22900, heavy-duty-sprocket-sp2054155, heavy-duty-track-roller-tr4671711"
john-deere-75d,MERGE,450x81Nx78,,"ht154-45-73-450-40l, st154-45-73-450-40l, tnt45081n78hd","bo154-450, co154-450, ct154-45-73-450, heavy-duty-carrier-roller-crlk327, heavy-duty-sprocket-sp1033840, heavy-duty-track-roller-trlk328, heavy-duty-track-roller-trrd809-21703"
john-deere-75g,MERGE,450x81Nx78,https://tcykyktvdlsbscrsbjyt.supabase.co/storage/v1/object/public/machine-images/john-deere-75g-hero.webp,"450x71x82-rubber-track-directional, ht154-45-73-450-40l, st154-45-73-450-40l, tnt45081n78hd","bo154-450, co154-450, ct154-45-73-450, heavy-duty-carrier-roller-crlk327, heavy-duty-sprocket-sp1033840, heavy-duty-track-roller-trlk328"
john-deere-85g,MERGE,450x81Nx78,https://cdn.shopify.com/s/files/1/0952/1977/7823/files/john-deere-excavator-hero.webp?v=1773971529,"450x71x82-rubber-track-directional, ht154-45-73-450-40l, st154-45-73-450-40l, tnt45081n78hd","bo154-450, co154-450, ct154-45-73-450, heavy-duty-carrier-roller-crlk327, heavy-duty-sprocket-sp1033840, heavy-duty-track-roller-trlk328"
john-deere-ct322,MERGE,320x86x52,https://tcykyktvdlsbscrsbjyt.supabase.co/storage/v1/object/public/machine-images/john-deere-ct322-hero.webp,"320x86x52-rubber-tracks, 400x86x52-rubber-track-c-block, bs3208652bxd, bs3208652cxd, bs3208652mbxd, bs3208652vxd, bs4008652bxd, bs4008652xdmb, tnt3208652hdbl, tnt3208652hdmb, tnt3208652hdz, tnt3208652hdzb, tnt3208652sdc, tnt32086t52hdbl, tnt32086t52hdc, tnt32086t52hdmb, tnt32086t52hdzb, tnt3808652hdbl, tnt3808652hdmb, tnt4008652hdbd, tnt4008652hdbl, tnt4008652hdmb, tnt4008652hdtb, tnt4008652hdz, tnt4008652hdzb","heavy-duty-idler-fiid2076, heavy-duty-sprocket-spid2641, heavy-duty-sprocket-spid2711, heavy-duty-track-roller-trid2802"
john-deere-ct332,MERGE,450x86Bx56,https://tcykyktvdlsbscrsbjyt.supabase.co/storage/v1/object/public/machine-images/john-deere-ct332-hero.webp,"450x86x56-rubber-track-multi-bar, bs4008656bxd, bs4508656bxd, bs4508656mbxd, bs4508656vxd, bs4508656xdzb, tnt4008656hdbl, tnt4508656hdbd, tnt4508656hdbl, tnt4508656hdc, tnt4508656hdxt, tnt4508656hdz, tnt4508656hdzb, tnt4508656sdbl, tnt4508656sdc","heavy-duty-idler-fiid2076, heavy-duty-sprocket-spid2641, heavy-duty-sprocket-spid2711, heavy-duty-track-roller-trid2802"
kioti-tl750,MERGE,400x86x52,https://tcykyktvdlsbscrsbjyt.supabase.co/storage/v1/object/public/machine-images/kioti-tl750-hero.webp,"tnt40086t52hdbl, tnt40086t52hdmb, tnt40086t52hdzb",
kobelco-115,MERGE,230x96x31,,"230x48x62-rubber-track-directional, t230x96x31nk",
kobelco-sk013,MERGE,230x96x31,,"230x48x62-rubber-track-directional, t230x96x31nk",
kobelco-sk013-1,MERGE,230x96x31,,"230x48x62-rubber-track-directional, t230x96x31nk",
kobelco-sk014-1,MERGE,230x96x31,,"230x48x62-rubber-track-directional, t230x96x31nk",
kobelco-sk015,MERGE,230x96x31,,"230x48x62-rubber-track-directional, t230x96x31nk",
kobelco-sk015-1,MERGE,230x96x31,,"230x48x62-rubber-track-directional, t230x96x31nk",
kobelco-sk035,MERGE,350x52.5x86,,"300x52-5wx84-rubber-track-directional, 350x52-5wx86-rubber-track-directional, bs300525w86xd, bs35052586xd, st101-45-67-300-45l, st101-45-67-350-45l","bo101-300, bo101-350, heavy-duty-front-idler-fi03714-00000"
kobelco-sk70sr-2,MERGE,450x81Nx76,,"450x81x76-rubber-track-directional, ht154-45-73-450-40l, st154-45-73-450-40l, tnt45081n76hd","bo154-450, co154-450, ct154-45-73-450, heavy-duty-carrier-roller-cryt64d01001f1"
kobelco-sk80cs,MERGE,450x81Nx78,,"450x81x76-rubber-track-directional, ht154-45-73-450-40l, st154-45-73-450-40l, tnt45081n76hd","bo154-450, co154-450, ct154-45-73-450, heavy-duty-carrier-roller-cryt64d01001f1, heavy-duty-sprocket-sp2404n267"
kobelco-sk80msr,MERGE,450x81Nx78,,"450x81x76-rubber-track-directional, ht154-45-73-450-40l, st154-45-73-450-40l, tnt45081n76hd","bo154-450, co154-450, ct154-45-73-450, heavy-duty-carrier-roller-cryt64d01001f1"
kobelco-sk85cs,MERGE,450x81Nx78,https://cdn.shopify.com/s/files/1/0952/1977/7823/files/kobelco-excavator-hero.webp?v=1774293477,"450x71x82-rubber-track-directional, 450x81x76-rubber-track-directional, ht154-45-73-450-40l, st154-45-73-450-40l","bo154-450, co154-450, ct154-45-73-450, heavy-duty-carrier-roller-cryt64d01001f1, heavy-duty-sprocket-sp2404n267"
komatsu-ck20,MERGE,320x86x52,,"320x86x52-rubber-tracks, bs3208652bxd, bs3208652cxd, bs3208652mbxd, bs3208652vxd, tnt3208652hdbl, tnt3208652hdmb, tnt3208652hdz, tnt3208652hdzb, tnt3208652sdc, tnt32086t52hdbl, tnt32086t52hdc, tnt32086t52hdmb, tnt32086t52hdzb",
komatsu-ck-20-1,MERGE,320x86x52,,"tnt32086t52hdbl, tnt32086t52hdc, tnt32086t52hdmb, tnt32086t52hdzb",
komatsu-ck25,MERGE,320x86x52,,"320x86x52-rubber-tracks, bs3208652bxd, bs3208652cxd, bs3208652mbxd, bs3208652vxd, tnt3208652hdbl, tnt3208652hdmb, tnt3208652hdz, tnt3208652hdzb, tnt3208652sdc, tnt32086t52hdbl, tnt32086t52hdc, tnt32086t52hdmb, tnt32086t52hdzb",
komatsu-ck-25-1,MERGE,320x86x52,,"tnt32086t52hdbl, tnt32086t52hdc, tnt32086t52hdmb, tnt32086t52hdzb",
komatsu-ck30-1,MERGE,450x86Bx56,https://tcykyktvdlsbscrsbjyt.supabase.co/storage/v1/object/public/machine-images/komatsu-ck30-1-hero.webp,"450x86x56-rubber-track-multi-bar, bs4008656bxd, bs4508656bxd, bs4508656mbxd, bs4508656vxd, bs4508656xdzb, tnt4008656hdbl, tnt4508656hdbd, tnt4508656hdbl, tnt4508656hdc, tnt4508656hdxt, tnt4508656hdz, tnt4508656hdzb, tnt4508656sdbl, tnt4508656sdc",heavy-duty-track-roller-trid2802
komatsu-ck35,MERGE,450x86Bx56,,"450x86x56-rubber-track-multi-bar, bs4508656bxd, bs4508656mbxd, bs4508656vxd, bs4508656xdzb, tnt4508656hdbd, tnt4508656hdbl, tnt4508656hdc, tnt4508656hdxt, tnt4508656hdz, tnt4508656hdzb, tnt4508656sdbl, tnt4508656sdc",heavy-duty-track-roller-tr37b-22-11860
komatsu-ck35-1,MERGE,450x86Bx56,https://tcykyktvdlsbscrsbjyt.supabase.co/storage/v1/object/public/machine-images/komatsu-ck35-1-hero.webp,"450x86x56-rubber-track-multi-bar, bs4508656bxd, bs4508656mbxd, bs4508656vxd, bs4508656xdzb, tnt4508656hdbd, tnt4508656hdbl, tnt4508656hdc, tnt4508656hdxt, tnt4508656hdz, tnt4508656hdzb, tnt4508656sdbl, tnt4508656sdc","heavy-duty-track-roller-tr37b-22-11860, heavy-duty-track-roller-trid2802"
komatsu-pc30mr-5,MERGE,300x52.5x86,,st101-45-67-300-45l,
komatsu-pc35mr-5,MERGE,300x52.5x86,,st101-45-67-300-45l,
komatsu-pc05,MERGE,180x72x37,,"180x72x37-rubber-track-c-block, 230x48x62-rubber-track-directional, 230x72x42-rubber-track-directional",heavy-duty-track-roller-tr20m-30-31301
komatsu-pc05-7,MERGE,230x96x31,,"230x48x62-rubber-track-directional, t230x96x31nk",heavy-duty-track-roller-tr20m-30-31301
komatsu-pc05avancer,MERGE,230x96x31,,"230x48x62-rubber-track-directional, t230x96x31nk",
komatsu-pc07,MERGE,180x72x37,,"180x72x37-rubber-track-c-block, 230x48x62-rubber-track-directional, t230x96x31nk",heavy-duty-track-roller-tr20m-30-31301
komatsu-pc07-1,MERGE,230x96x31,,"230x48x62-rubber-track-directional, t230x96x31nk",
komatsu-pc07-2,MERGE,230x96x31,,"230x48x62-rubber-track-directional, t230x96x31nk",
komatsu-pc07-6,MERGE,230x96x31,,"230x48x62-rubber-track-directional, t230x96x31nk",
komatsu-pc07-7,MERGE,230x96x31,,"230x48x62-rubber-track-directional, t230x96x31nk",
komatsu-pc07avancer,MERGE,230x96x31,,"230x48x62-rubber-track-directional, t230x96x31nk",
komatsu-pc07r,MERGE,230x96x31,,"230x48x62-rubber-track-directional, t230x96x31nk",
komatsu-pc12r-8,MERGE,230x96x31,,"230x48x62-rubber-track-directional, t230x96x31nk",
komatsu-pc12rutility,MERGE,230x96x31,,"230x48x62-rubber-track-directional, t230x96x31nk",
komatsu-pc14r-2,MERGE,230x96x31,,"230x48x62-rubber-track-directional, t230x96x31nk",
komatsu-pc15r,MERGE,230x96x31,,"230x48x62-rubber-track-directional, 300x52-5nx80-rubber-track-directional, bs300525n80xd, t230x96x31nk",heavy-duty-track-roller-tr20m-30-31301
komatsu-pc15r-8,MERGE,230x96x31,,"230x48x62-rubber-track-directional, t230x96x31nk",
komatsu-pc15rhs,MERGE,230x96x31,,"230x48x62-rubber-track-directional, t230x96x31nk",
komatsu-pc16r-2,MERGE,230x96x31,,"230x48x62-rubber-track-directional, t230x96x31nk",
komatsu-pc18mr-2,MERGE,230x48x70,,"230x48x70-rubber-track-directional, bs2304870xd",
komatsu-pc18mr-3,MERGE,230x48x70,,"230x48x70-rubber-track-directional, bs2304870xd",
komatsu-pc20,MERGE,300x52.5Nx84,,"300x52-5nx80-rubber-track-directional, bs300525n80xd, st101-35-57-300-41l","bo101-300, pin101-35"
komatsu-pc20-mr-2,MERGE,300x52.5Nx78,,300x52-5nx78-rubber-track-directional,
komatsu-pc22mr-3,MERGE,300x52.5Nx78,,300x52-5nx78-rubber-track-directional,
komatsu-pc25,MERGE,300x52.5Nx84,,"300x52-5nx84-rubber-track-directional, tnt3205482hd",
komatsu-pc25-7,MERGE,300x52.5Nx80,,"300x52-5nx80-rubber-track-directional, bs300525n80xd, st101-35-57-300-41l",
komatsu-pc25r-8,MERGE,300x52.5Nx80,,"300x52-5nx80-rubber-track-directional, bs300525n80xd, st101-35-57-300-41l",
komatsu-pc26mr,MERGE,300x52.5Nx80,,"300x52-5nx80-rubber-track-directional, bs300525n80xd, st101-35-57-300-41l",bo101-300
komatsu-pc27mr,MERGE,300x52.5Nx80,https://tcykyktvdlsbscrsbjyt.supabase.co/storage/v1/object/public/machine-images/komatsu-pc27mr-hero.webp,"300x52-5nx80-rubber-track-directional, bs300525n80xd, st101-35-57-300-41l","bo101-300, heavy-duty-sprocket-sp1032265"
komatsu-pc27mr-3,MERGE,300x52.5Nx80,,"300x52-5nx80-rubber-track-directional, bs300525n80xd, st101-35-57-300-41l",
komatsu-pc28,MERGE,300x52.5Nx80,,"300x52-5nx80-rubber-track-directional, bs300525n80xd",bo101-300
komatsu-pc28uu,MERGE,300x52.5Nx80,,"300x52-5nx80-rubber-track-directional, bs300525n80xd",bo101-300
komatsu-pc28uu-3,MERGE,300x52.5Nx80,,"300x52-5nx80-rubber-track-directional, bs300525n80xd, st101-35-57-300-41l",
komatsu-pc30,MERGE,300x52.5Nx84,,300x52-5nx84-rubber-track-directional,heavy-duty-carrier-roller-cr9239529
komatsu-pc30mr,MERGE,300x52.5Nx84,https://tcykyktvdlsbscrsbjyt.supabase.co/storage/v1/object/public/machine-images/komatsu-pc30mr-hero.webp,"300x52-5nx84-rubber-track-directional, tnt3205482hd",bo101-300
komatsu-pc30mr-1,MERGE,300x52.5x86,,"300x52-5nx84-rubber-track-directional, bs30052586rsxd, tnt300525n86hd",bo101-300
komatsu-pc30mr-2,MERGE,300x52.5x86,,"bs30052586rsxd, tnt300525n86hd",
komatsu-pc30mr-3,MERGE,300x52.5x86,,"bs30052586rsxd, tnt300525n86hd",
komatsu-pc-35mr,MERGE,300x52.5Nx84,,"300x52-5nx84-rubber-track-directional, bs30052586rsxd, tnt300525n86hd","bo101-300, ct300ks"
komatsu-pc35mr-2,MERGE,300x52.5x86,,300x52-5nx84-rubber-track-directional,
komatsu-pc35mr-3,MERGE,300x52.5x86,,"bs30052586rsxd, tnt300525n86hd",
komatsu-pc35r,MERGE,300x52.5Nx84,,"300x52-5nx84-rubber-track-directional, tnt3205482hd",bo101-300
komatsu-pc-45mr,MERGE,400x72.5Kx72,,"st135-41-64-400-38l, tnt400725n72hd",
komatsu-pc-45mr-1,MERGE,400x72.5Kx72,,"st135-41-64-400-38l, tnt400725n72hd",
komatsu-pc-45mr-2,MERGE,400x72.5Kx74,,"bs400725n74xd, ht135-41-64-400-39l, st135-41-64-400-39l, tnt400725n74hd",
komatsu-pc-50m-2,MERGE,400x72.5Kx72,,"st135-41-64-400-38l, tnt400725n72hd",
komatsu-pc-50mr,MERGE,400x72.5Kx72,,"bs400725n74xd, ht135-41-64-400-39l, st135-41-64-400-38l, st135-41-64-400-39l, tnt400725n72hd, tnt400725n74hd","bo135-400, ct135-41-64-400"
komatsu-pc-58uu-3,MERGE,400x72.5Kx72,,"st135-41-64-400-38l, tnt400725n72hd",
komatsu-pc-58uu-x,MERGE,400x72.5Kx72,,"st135-41-64-400-38l, tnt400725n72hd",
komatsu-pc-60,MERGE,400x72.5Kx74,,"bs400725n74xd, ht135-41-64-400-39l, st135-41-64-400-39l, tnt400725n74hd",
komatsu-pc-60-5,MERGE,400x72.5Kx74,,"bs400725n74xd, ht135-41-64-400-39l, st135-41-64-400-39l, tnt400725n74hd",
komatsu-pc-78mr-6,MERGE,450x83.5Kx74,,"450x83-5kx74-rubber-track-directional, ht154-45-73-450-39l",
komatsu-pc-78n,MERGE,450x83.5Kx74,,"450x83-5kx74-rubber-track-directional, ht154-45-73-450-39l",
komatsu-pc-80mr,MERGE,450x83.5Kx74,,"450x83-5kx74-rubber-track-directional, ht154-45-73-450-40l, st154-45-73-450-40l, tnt45081n76hd","bo154-450, co154-450, ct154-45-73-450, heavy-duty-track-roller-tr201-30-00291"
komatsu-pc-88mr,MERGE,450x83.5Kx74,,tnt45081n76hd,
komatsu-pc-88mr-10,MERGE,450x83.5Kx74,,"450x83-5kx74-rubber-track-directional, ht154-45-73-450-39l",
komatsu-pc-88mr-6,MERGE,450x83.5Kx74,,"450x83-5kx74-rubber-track-directional, ht154-45-73-450-39l",
komatsu-pc-88mr-8,MERGE,450x83.5Kx74,,"450x83-5kx74-rubber-track-directional, ht154-45-73-450-39l",
kubota-k-008,MERGE,180x72x37,,180x72x37-rubber-track-c-block,heavy-duty-sprocket-spra139-14430
kubota-k-008-2,MERGE,180x72x37,,180x72x37-rubber-track-c-block,
kubota-k-008-3,MERGE,180x72x37,,180x72x37-rubber-track-c-block,heavy-duty-sprocket-spra139-14430
kubota-k-008dh,MERGE,180x72x37,,180x72x37-rubber-track-c-block,
kubota-k-028,MERGE,300x52.5Nx80,,"300x52-5nx80-rubber-track-directional, bs300525n80xd, st101-35-57-300-41l",bo101-300
kubota-k-030,MERGE,300x52.5Nx80,,"300x52-5nx80-rubber-track-directional, bs300525n80xd, st101-35-57-300-41l",bo101-300
kubota-k-030-3,MERGE,300x52.5Nx80,,"300x52-5nx80-rubber-track-directional, bs300525n80xd, bs3005380xd, st101-35-57-300-41l, tnt3005380hd","bo101-300, bo101-350, heavy-duty-carrier-roller-crrc411-21903"
kubota-k-035,MERGE,300x52.5Nx84,,"bs300525w84xd, tnt300525w84hd","bo101-300, bo101-350"
kubota-k-035-3,MERGE,300x52.5Nx84,,"bs300525w84xd, tnt300525w84hd, tnt3005384hd","bo101-300, bo101-350, heavy-duty-carrier-roller-crrc411-21903"
kubota-k-038,MERGE,300x52.5Nx84,,"bs300525w84xd, tnt300525w84hd",
kubota-k-040,MERGE,400x72.5Kx72,,"400x72-5x72-rubber-track-directional, bs400725w72xd, st135-53-80-400-38l, tnt400725w72xd","bo135-400, ct135-51-72-400"
kubota-k-045,MERGE,400x72.5Kx72,,"400x72-5x72-rubber-track-directional, bs400725w72xd, st135-53-80-400-38l, tnt400725w72xd","bo135-400, ct135-51-72-400"
kubota-kh040,MERGE,400x72.5Wx76,,"400x72-5x72-rubber-track-directional, bs300525w84xd, bs400725w72xd, st135-53-80-400-38l, tnt300525w84hd, tnt400725w72xd","bo135-400, ct135-51-72-400"
kubota-kh055,MERGE,400x72.5Wx76,,"400x72-5wx76-rubber-track-directional, st135-53-80-400-40l","bo135-400, ct135-51-72-400"
kubota-kh-90,MERGE,300x52.5Nx84,,"bs300525w84xd, tnt300525w84hd","bo101-300, bo101-350"
kubota-kh-91,MERGE,300x52.5Nx80,,"300x52-5nx80-rubber-track-directional, bs300525n80xd, st101-35-57-300-41l",bo101-300
kubota-kx040-5,MERGE,350x54.5x86,,350x54-5x86-rubber-track-directional,
kubota-kx018-4,MERGE,230x48x70,https://tcykyktvdlsbscrsbjyt.supabase.co/storage/v1/object/public/machine-images/kubota-kx018-4-hero.webp,"230x48x62-rubber-track-directional, 230x48x70-rubber-track-directional, bs2304870xd","heavy-duty-front-idler-fira231-21300, heavy-duty-sprocket-sprb238-14430, heavy-duty-track-roller-trrg158-21700"
kubota-kx-027,MERGE,300x52.5Nx76,,300x52-5nx76-rubber-track-directional,bo101-300
kubota-kx030-4,MERGE,300x52.5Nx80,https://tcykyktvdlsbscrsbjyt.supabase.co/storage/v1/object/public/machine-images/kubota-kx030-4-hero.webp,"bs3005380xd, tnt3005380hd",heavy-duty-front-idler-firc348-21302
kubota-kx033-4,MERGE,300x52.5Nx84,https://tcykyktvdlsbscrsbjyt.supabase.co/storage/v1/object/public/machine-images/kubota-kx033-4-hero.webp,"bs300525w84xd, tnt300525w84hd, tnt3005384hd","heavy-duty-carrier-roller-crrc411-21903, heavy-duty-front-idler-fird118-21300, heavy-duty-sprocket-sprc417-14430, heavy-duty-track-roller-trrc788-21700"
kubota-kx035,MERGE,300x52.5Nx84,,300x52-5nx84-rubber-track-directional,bo101-300
kubota-kx040,MERGE,350x54.5x86,,"400x72-5x72-rubber-track-directional, bs400725w72xd, st135-53-80-400-38l, tnt400725w72xd","bo135-400, ct135-51-72-400"
kubota-kx040-4,MERGE,350x54.5x86,https://tcykyktvdlsbscrsbjyt.supabase.co/storage/v1/object/public/machine-images/kubota-kx040-4-hero.webp,"350x54-5x86-rubber-track-directional, st101-45-67-300-45l, st101-45-67-350-45l","bo101-300, bo101-350, heavy-duty-carrier-roller-crrd411-22900, heavy-duty-front-idler-fird118-21300, heavy-duty-sprocket-sprd118-14433, heavy-duty-track-roller-trrd118-21700"
kubota-kx041,MERGE,300x52.5Nx78,,230x48x60-rubber-track-directional,
kubota-kx-045,MERGE,400x72.5Kx72,,"400x72-5x72-rubber-track-directional, bs400725w72xd, st135-53-80-400-38l, tnt400725w72xd","bo135-400, ct135-51-72-400"
kubota-kx057-4,MERGE,400x72.5Kx74,https://tcykyktvdlsbscrsbjyt.supabase.co/storage/v1/object/public/machine-images/kubota-kx057-4-hero.webp,"400x72-5kx74-rubber-track-directional, bs400725w74xd, ht135-53-80-400-39l, st135-53-80-400-39l","bo135-400, ct135-51-72-400, heavy-duty-carrier-roller-crrd411-22900, heavy-duty-front-idler-fird411-22303, heavy-duty-sprocket-sprd411-14432, heavy-duty-track-roller-trrd411-21700, heavy-duty-track-roller-trrd411-21703, heavy-duty-track-roller-trrd441-21702"
kubota-kx057-5,MERGE,400x72.5Kx74,https://cdn.shopify.com/s/files/1/0952/1977/7823/files/kubota-excavator-hero.webp?v=1773971452,"400x72-5kx74-rubber-track-directional, bs400725w74xd, ht135-53-80-400-39l, st135-53-80-400-39l","bo135-400, heavy-duty-carrier-roller-crrd411-22900, heavy-duty-sprocket-sprd411-14432, heavy-duty-track-roller-trrd411-21703"
kubota-kx080,MERGE,450x81Nx76,,"450x81x76-rubber-track-directional, ht154-45-73-450-39l, st154-45-73-450-39l, tnt45081n76hd","bo154-450, co154-450, ct154-45-73-450, fird839-21300, heavy-duty-carrier-roller-crrd809-21900, heavy-duty-sprocket-sprd809-14433, heavy-duty-track-roller-trrd809-21703"
kubota-kx080-3,MERGE,450x81Nx76,https://cdn.shopify.com/s/files/1/0952/1977/7823/files/kubota-excavator-hero.webp?v=1773971452,"450x71x82-rubber-track-directional, 450x81x76-rubber-track-directional, ht154-45-73-450-39l, st154-45-73-450-39l","bo154-450, co154-450, ct154-45-73-450, fird839-21300, heavy-duty-carrier-roller-crrd809-21900, heavy-duty-sprocket-sprd809-14433, heavy-duty-track-roller-trrd809-21703"
kubota-kx080-4,MERGE,450x81Nx76,https://cdn.shopify.com/s/files/1/0952/1977/7823/files/kubota-excavator-hero.webp?v=1773971452,"450x71x82-rubber-track-directional, 450x81x76-rubber-track-directional, ht154-45-73-450-39l, st154-45-73-450-39l","bo154-450, co154-450, ct154-45-73-450, fird839-21300, heavy-duty-sprocket-sprd809-14433, heavy-duty-track-roller-trrd809-21703"
kubota-kx080-4s,MERGE,450x81Nx76,,"450x81x76-rubber-track-directional, ht154-45-73-450-40l, st154-45-73-450-40l","bo154-450, co154-450, ct154-45-73-450, fird839-21300, heavy-duty-sprocket-sprd809-14433, heavy-duty-track-roller-trrd809-21703"
kubota-kx-101,MERGE,300x52.5Nx84,,"bs300525w84xd, tnt300525w84hd","bo101-300, bo101-350, heavy-duty-sprocket-sp68621-14430"
kubota-kx-101-3,MERGE,300x52.5Nx84,,"bs300525w84xd, tnt300525w84hd, tnt3005384hd","bo101-300, bo101-350, heavy-duty-carrier-roller-crrc411-21903, heavy-duty-front-idler-firc461-21300, heavy-duty-track-roller-trrb511-21702"
kubota-kx121-2,MERGE,350x54.5x86,,"350x54-5x86-rubber-track-directional, st101-45-67-300-46l","bo101-300, bo101-350, heavy-duty-sprocket-sprd118-14433"
kubota-kx-121-2s,MERGE,350x54.5x86,,"350x54-5x86-rubber-track-directional, st101-45-67-300-46l","bo101-300, bo101-350, heavy-duty-sprocket-sprd118-14433"
kubota-kx121-3,MERGE,350x54.5x86,https://tcykyktvdlsbscrsbjyt.supabase.co/storage/v1/object/public/machine-images/kubota-kx121-3-hero.webp,"350x54-5x86-rubber-track-directional, st101-45-67-300-46l","bo101-300, bo101-350, heavy-duty-carrier-roller-crrd411-22900, heavy-duty-front-idler-fird118-21300, heavy-duty-sprocket-sprd118-14433, heavy-duty-track-roller-trrd118-21700"
kubota-kx161-2,MERGE,400x72.5Kx72,,"400x72-5x72-rubber-track-directional, bs400725w72xd, st135-53-80-400-38l, tnt400725w72xd","bo135-400, ct135-51-72-400, heavy-duty-track-roller-trrd201-21700"
kubota-kx-161-2s,MERGE,400x72.5Kx72,,"400x72-5x72-rubber-track-directional, bs400725w72xd, st135-53-80-400-38l, tnt400725w72xd","bo135-400, ct135-51-72-400"
kubota-kx161-3,MERGE,400x72.5Kx74,https://tcykyktvdlsbscrsbjyt.supabase.co/storage/v1/object/public/machine-images/kubota-kx161-3-hero.webp,"400x72-5kx74-rubber-track-directional, st135-53-80-400-39l","bo135-400, ct135-51-72-400, heavy-duty-carrier-roller-cr4392416, heavy-duty-carrier-roller-crrd411-22900, heavy-duty-front-idler-fird411-22303, heavy-duty-sprocket-sprd411-14432, heavy-duty-track-roller-trrd411-21700, heavy-duty-track-roller-trrd411-21703"
kubota-kx41-3,MERGE,230x48x70,https://cdn.shopify.com/s/files/1/0952/1977/7823/files/kubota-excavator-hero.webp?v=1773971452,"230x48x62-rubber-track-directional, 230x48x70-rubber-track-directional, bs2304870xd","heavy-duty-front-idler-fira231-21300, heavy-duty-sprocket-sprb238-14430"
kubota-kx41-3v,MERGE,230x48x70,,"230x48x70-rubber-track-directional, bs2304870xd","heavy-duty-front-idler-fira231-21300, heavy-duty-sprocket-sprb238-14430, heavy-duty-track-roller-trra231-21700"
kubota-kx-61-2,MERGE,300x52.5Nx76,,300x52-5nx76-rubber-track-directional,"bo101-300, heavy-duty-front-idler-firc348-21302"
kubota-kx-61-2s,MERGE,300x52.5Nx76,,300x52-5nx76-rubber-track-directional,
kubota-kx-61-3,MERGE,300x52.5Nx76,,"300x52-5nx76-rubber-track-directional, bs3005380xd, tnt3005380hd","bo101-300, bo101-350, heavy-duty-carrier-roller-crrc411-21903, heavy-duty-front-idler-firc348-21302, heavy-duty-track-roller-trrb511-21702"
kubota-kx71,MERGE,300x52.5Nx80,,,bo101-300
kubota-kx-71-2,MERGE,300x52.5Nx80,,"300x52-5nx80-rubber-track-directional, bs300525n80xd, st101-35-57-300-41l","bo101-300, heavy-duty-front-idler-firc348-21302"
kubota-kx71-3,MERGE,300x52.5Nx80,https://tcykyktvdlsbscrsbjyt.supabase.co/storage/v1/object/public/machine-images/kubota-kx71-3-hero.webp,"bs3005380xd, tnt3005380hd","bo101-300, bo101-350, heavy-duty-carrier-roller-crrc411-21903, heavy-duty-front-idler-firc348-21302, heavy-duty-sprocket-sprc417-14430, heavy-duty-track-roller-trrb511-21702"
kubota-kx71-3s,MERGE,300x52.5Nx80,,"bs3005380xd, st101-35-57-300-41l, tnt3005380hd","bo101-300, heavy-duty-carrier-roller-crrc411-21903, heavy-duty-front-idler-firc348-21302, heavy-duty-sprocket-sprc417-14430, heavy-duty-track-roller-trrb511-21702"
kubota-kx91-2,MERGE,300x52.5Nx80,,"300x52-5nx80-rubber-track-directional, bs300525n80xd, st101-35-57-300-41l","bo101-300, heavy-duty-front-idler-firc348-21302, heavy-duty-sprocket-sp68621-14430"
kubota-kx-91-2s,MERGE,300x52.5Nx80,,"300x52-5nx80-rubber-track-directional, bs300525n80xd, st101-35-57-300-41l",bo101-300
kubota-kx91-3,MERGE,300x52.5Nx80,https://tcykyktvdlsbscrsbjyt.supabase.co/storage/v1/object/public/machine-images/kubota-kx91-3-hero.webp,"bs3005380xd, tnt3005380hd","bo101-300, bo101-350, heavy-duty-carrier-roller-crrc411-21903, heavy-duty-front-idler-firc461-21300, heavy-duty-sprocket-sprc417-14430, heavy-duty-track-roller-trrb511-21702"
kubota-rx141,MERGE,230x48x70,,"230x48x70-rubber-track-directional, bs2304870xd",
kubota-scl1000,MERGE,230x72x43,https://cdn.shopify.com/s/files/1/0952/1977/7823/files/kubota-skid-steer-hero.webp?v=1773971452,230x72x43-rubber-track-directional,
kubota-svl65,MERGE,400x86x52,,"tnt40086t52hdbl, tnt40086t52hdmb, tnt40086t52hdzb",
kubota-svl65-2,MERGE,320x86x52,https://tcykyktvdlsbscrsbjyt.supabase.co/storage/v1/object/public/machine-images/kubota-svl65-2-hero.webp,"320x86x52-rubber-tracks, 400x86x52-rubber-track-c-block, bs3208652bxd, bs3208652cxd, bs3208652mbxd, bs3208652vxd, bs4008652bxd, bs4008652xdmb, tnt3208652hdbl, tnt3208652hdmb, tnt3208652hdz, tnt3208652hdzb, tnt3208652sdc, tnt3808652hdbl, tnt3808652hdmb, tnt4008652hdbd, tnt4008652hdbl, tnt4008652hdmb, tnt4008652hdtb, tnt4008652hdz, tnt4008652hdzb, tnt40086t52hdbl, tnt40086t52hdmb, tnt40086t52hdzb","heavy-duty-front-idler-fiv0211-22102, heavy-duty-rear-idler-rrv0211-24100, heavy-duty-sprocket-spv0511-21110, heavy-duty-track-roller-trv0511-25104"
kubota-svl75,MERGE,400x86x52,,"320x86x52-rubber-tracks, 400x86x52-rubber-track-c-block, bs3208652bxd, bs3208652cxd, bs3208652mbxd, bs3208652vxd, bs4008652bxd, bs4008652xdmb, tnt3208652hdbl, tnt3208652hdmb, tnt3208652hdz, tnt3208652hdzb, tnt3208652sdc, tnt3808652hdbl, tnt3808652hdmb, tnt4008652hdbd, tnt4008652hdbl, tnt4008652hdmb, tnt4008652hdtb, tnt4008652hdz, tnt4008652hdzb, tnt40086t52hdbl, tnt40086t52hdmb, tnt40086t52hdzb","heavy-duty-front-idler-fiv0611-22100, heavy-duty-rear-idler-rrv0511-24103, heavy-duty-sprocket-spv0511-21110, heavy-duty-track-roller-trv0511-25104"
kubota-svl75-2,MERGE,320x86x52,https://tcykyktvdlsbscrsbjyt.supabase.co/storage/v1/object/public/machine-images/kubota-svl75-2-hero.webp,"320x86x52-rubber-tracks, 400x86x52-rubber-track-c-block, bs3208652bxd, bs3208652cxd, bs3208652mbxd, bs3208652vxd, bs4008652bxd, bs4008652xdmb, tnt3208652hdbl, tnt3208652hdmb, tnt3208652hdz, tnt3208652hdzb, tnt3208652sdc, tnt3808652hdbl, tnt3808652hdmb, tnt4008652hdbd, tnt4008652hdbl, tnt4008652hdmb, tnt4008652hdtb, tnt4008652hdz, tnt4008652hdzb, tnt40086t52hdbl, tnt40086t52hdmb, tnt40086t52hdzb","heavy-duty-front-idler-fiv0611-22100, heavy-duty-rear-idler-rrv0511-24103, heavy-duty-sprocket-spv0511-21110, heavy-duty-track-roller-trv0511-25104"
kubota-svl75-3,MERGE,320x86x52,https://tcykyktvdlsbscrsbjyt.supabase.co/storage/v1/object/public/machine-images/kubota-svl75-3-hero.webp,"320x86x52-rubber-tracks, 400x86x52-rubber-track-c-block, bs3208652bxd, bs3208652cxd, bs3208652mbxd, bs3208652vxd, bs4008652bxd, bs4008652xdmb, tnt3208652hdbl, tnt3208652hdmb, tnt3208652hdz, tnt3208652hdzb, tnt3208652sdc, tnt3808652hdbl, tnt3808652hdmb, tnt4008652hdbd, tnt4008652hdbl, tnt4008652hdmb, tnt4008652hdtb, tnt4008652hdz, tnt4008652hdzb, tnt40086t52hdbl, tnt40086t52hdmb, tnt40086t52hdzb","heavy-duty-front-idler-fiv0211-22102, heavy-duty-rear-idler-rrv0531-24103, heavy-duty-sprocket-spv0511-21110, heavy-duty-track-roller-trv0531-25102"
kubota-svl75c,MERGE,320x86x52,https://cdn.shopify.com/s/files/1/0952/1977/7823/files/kubota-svl75-2-c-block-tracks-installed.jpg?v=1778364196,"tnt32086t52hdbl, tnt32086t52hdc, tnt32086t52hdmb, tnt32086t52hdzb",
kubota-svl90-2,MERGE,450x86Bx58,https://tcykyktvdlsbscrsbjyt.supabase.co/storage/v1/object/public/machine-images/kubota-svl90-2-hero.webp,"450x86x58-rubber-track-zig-zag, bs4508658bxd, bs4508658cxd, bs4508658mbxd, bs4508658vxd, bs4508658xdzb, tnt4508658hdbd, tnt4508658hdbl, tnt4508658hdc, tnt4508658hdmb, tnt4508658hdxt, tnt4508658hdz, tnt4508658sdc","heavy-duty-front-idler-fiv0611-22100, heavy-duty-rear-idler-rrv0511-24103, heavy-duty-sprocket-spv0611-21112, heavy-duty-track-roller-trv0511-25104"
kubota-svl95-2,MERGE,450x86Bx58,https://tcykyktvdlsbscrsbjyt.supabase.co/storage/v1/object/public/machine-images/kubota-svl95-2-hero.webp,"450x86x58-rubber-track-zig-zag, bs4508658bxd, bs4508658cxd, bs4508658mbxd, bs4508658vxd, bs4508658xdzb, tnt4508658hdbd, tnt4508658hdbl, tnt4508658hdc, tnt4508658hdmb, tnt4508658hdxt, tnt4508658hdz, tnt4508658sdc","heavy-duty-front-idler-fiv0611-22100, heavy-duty-rear-idler-rrv0511-24103, heavy-duty-sprocket-spv0611-21112, heavy-duty-track-roller-trv0511-25104"
kubota-svl95-2s,MERGE,450x86Bx58,,"450x86x58-rubber-track-zig-zag, bs4508658bxd, bs4508658cxd, bs4508658mbxd, bs4508658vxd, bs4508658xdzb, tnt4508658hdbd, tnt4508658hdbl, tnt4508658hdc, tnt4508658hdmb, tnt4508658hdxt, tnt4508658hdz, tnt4508658sdc","heavy-duty-front-idler-fiv0611-22100, heavy-duty-rear-idler-rrv0511-24103, heavy-duty-sprocket-spv0611-21112, heavy-duty-track-roller-trv0511-25104"
kubota-svl97-2,MERGE,450x86Bx58,https://tcykyktvdlsbscrsbjyt.supabase.co/storage/v1/object/public/machine-images/kubota-svl97-2-hero.webp,"450x86x58-rubber-track-zig-zag, bs4508658bxd, bs4508658cxd, bs4508658mbxd, bs4508658vxd, bs4508658xdzb, tnt4508658hdbd, tnt4508658hdbl, tnt4508658hdc, tnt4508658hdmb, tnt4508658hdxt, tnt4508658hdz, tnt4508658sdc","heavy-duty-front-idler-fiv0611-22100, heavy-duty-rear-idler-rrv0511-24103, heavy-duty-sprocket-spv0611-21112, heavy-duty-track-roller-trv0511-25104"
kubota-svl97-3,MERGE,450x86Bx58,https://tcykyktvdlsbscrsbjyt.supabase.co/storage/v1/object/public/machine-images/kubota-svl97-3-hero.webp,,
kubota-u-15-3,MERGE,230x48x70,,"230x48x70-rubber-track-directional, bs2304870xd",
kubota-u15,MERGE,230x48x70,,"230x48x70-rubber-track-directional, bs2304870xd","heavy-duty-front-idler-fira231-21300, heavy-duty-sprocket-sprb238-14430"
kubota-u17,MERGE,230x48x70,https://tcykyktvdlsbscrsbjyt.supabase.co/storage/v1/object/public/machine-images/kubota-u17-hero.webp,"230x48x62-rubber-track-directional, 230x48x70-rubber-track-directional, bs2304870xd","heavy-duty-front-idler-fira231-21300, heavy-duty-sprocket-sprb238-14430, heavy-duty-track-roller-trra231-21700"
kubota-u-17-3,MERGE,230x48x70,,"230x48x62-rubber-track-directional, 230x48x70-rubber-track-directional, bs2304870xd",
kubota-u25,MERGE,300x52.5Nx80,https://tcykyktvdlsbscrsbjyt.supabase.co/storage/v1/object/public/machine-images/kubota-u25-hero.webp,"bs3005380xd, st101-35-57-300-41l, tnt3005380hd","bo101-300, heavy-duty-carrier-roller-crrc411-21903, heavy-duty-front-idler-firc348-21302, heavy-duty-sprocket-sprb511-14432, heavy-duty-sprocket-sprc417-14430, heavy-duty-track-roller-trrb511-21702"
kubota-u-25-3,MERGE,300x52.5Nx80,,"300x52-5nx80-rubber-track-directional, bs300525n80xd, bs3005380xd, st101-35-57-300-41l, tnt3005380hd","bo101-300, bo101-350, heavy-duty-carrier-roller-crrc411-21903, heavy-duty-front-idler-firc348-21302, heavy-duty-sprocket-sprb511-14432, heavy-duty-sprocket-sprc417-14430, heavy-duty-track-roller-trrb511-21702"
kubota-u27-4,MERGE,300x52.5Nx80,https://tcykyktvdlsbscrsbjyt.supabase.co/storage/v1/object/public/machine-images/kubota-u27-4-hero.webp,"bs3005380xd, tnt3005380hd","bo101-300, bo101-350, heavy-duty-carrier-roller-crrc411-21903, heavy-duty-front-idler-firc348-21302, heavy-duty-sprocket-sprb511-14432, heavy-duty-track-roller-trrb511-21702"
kubota-u-30,MERGE,300x52.5Nx84,,"bs300525w84xd, tnt300525w84hd","bo101-300, bo101-350"
kubota-u-30-1,MERGE,300x52.5Nx84,,"bs300525w84xd, tnt300525w84hd","bo101-300, bo101-350"
kubota-u-30-2,MERGE,300x52.5Nx84,,"bs300525w84xd, tnt300525w84hd","bo101-300, bo101-350"
kubota-u-30-3,MERGE,300x52.5Nx84,,"bs300525w84xd, tnt300525w84hd","bo101-300, bo101-350, heavy-duty-carrier-roller-crrc411-21903, heavy-duty-carrier-roller-crrd411-22900, heavy-duty-front-idler-firc461-21300, heavy-duty-track-roller-trrb511-21702"
kubota-u35,MERGE,300x52.5Nx84,,"bs300525w84xd, tnt300525w84hd","bo101-300, bo101-350, heavy-duty-carrier-roller-crrc411-21903, heavy-duty-sprocket-sp2039666, heavy-duty-sprocket-sprc417-14430, heavy-duty-track-roller-trrb511-21702"
kubota-u-35-3,MERGE,300x52.5Nx84,,"bs300525w84xd, tnt300525w84hd, tnt3005384hd","bo101-300, bo101-350, heavy-duty-front-idler-firc461-21300, heavy-duty-track-roller-trrb511-21702, heavy-duty-track-roller-trrc788-21700"
kubota-u-35-4,MERGE,300x52.5Nx84,,"bs300525w84xd, tnt300525w84hd, tnt3005384hd","bo101-300, bo101-350, heavy-duty-carrier-roller-crrc411-21903, heavy-duty-front-idler-firc461-21300, heavy-duty-sprocket-sprc417-14430, heavy-duty-track-roller-trrc788-21700"
kubota-u-35s,MERGE,300x52.5Nx84,,"bs300525w84xd, tnt300525w84hd",
kubota-u-45,MERGE,400x72.5Kx72,,"400x72-5x72-rubber-track-directional, bs400725w72xd, st135-53-80-400-38l, tnt400725w72xd","bo135-400, ct135-51-72-400, heavy-duty-track-roller-trrd411-21703"
kubota-u-45-3,MERGE,400x72.5Kx74,,"400x72-5kx74-rubber-track-directional, 400x72-5x74-rubber-track-directional, bs400725w74xd, ht135-53-80-400-39l, st135-53-80-400-39l","bo135-400, ct135-51-72-400, heavy-duty-carrier-roller-cr4392416, heavy-duty-carrier-roller-crrd411-22900, heavy-duty-front-idler-fird411-22303, heavy-duty-sprocket-sprd411-14432, heavy-duty-track-roller-trrd411-21700"
kubota-u45s,MERGE,400x72.5Kx74,,"400x72-5kx74-rubber-track-directional, st135-53-80-400-39l","bo135-400, ct135-51-72-400, heavy-duty-carrier-roller-cr4392416, heavy-duty-carrier-roller-crrd411-22900, heavy-duty-sprocket-sprd411-14432, heavy-duty-track-roller-trrd411-21703"
kubota-u-48-4,MERGE,400x72.5Kx74,,"400x72-5kx74-rubber-track-directional, 400x72-5x74-rubber-track-directional, bs400725w74xd, ht135-53-80-400-39l, st135-53-80-400-39l","bo135-400, ct135-51-72-400, heavy-duty-carrier-roller-crrd411-22900"
kubota-u48-5,MERGE,400x72.5Kx74,https://tcykyktvdlsbscrsbjyt.supabase.co/storage/v1/object/public/machine-images/kubota-u48-5-hero.webp,"400x72-5kx74-rubber-track-directional, ht135-53-80-400-39l, st135-53-80-400-39l","bo135-400, heavy-duty-carrier-roller-cr4392416, heavy-duty-carrier-roller-crrd411-22900, heavy-duty-sprocket-sprd411-14432, heavy-duty-track-roller-trrd411-21703"
kubota-u55,MERGE,400x72.5Kx74,,"400x72-5kx74-rubber-track-directional, bs400725w74xd, ht135-53-80-400-39l, st135-53-80-400-39l","bo135-400, heavy-duty-carrier-roller-crrd411-22900, heavy-duty-sprocket-sprd411-14432, heavy-duty-track-roller-trrd411-21703"
kubota-u55-4,MERGE,400x72.5Kx74,,"400x72-5kx74-rubber-track-directional, st135-53-80-400-39l","bo135-400, ct135-51-72-400, heavy-duty-carrier-roller-crrd411-22900, heavy-duty-front-idler-fird411-22303, heavy-duty-sprocket-sprd411-14432, heavy-duty-track-roller-trrd411-21700"
manitou-3200vt,MERGE,450x86Bx58,https://tcykyktvdlsbscrsbjyt.supabase.co/storage/v1/object/public/machine-images/manitou-3200vt-hero.webp,"450x86x58-rubber-track-zig-zag, bs4508658bxd, bs4508658cxd, bs4508658mbxd, bs4508658vxd, bs4508658xdzb, tnt4508658hdbd, tnt4508658hdbl, tnt4508658hdc, tnt4508658hdmb, tnt4508658hdxt, tnt4508658hdz, tnt4508658sdc","heavy-duty-front-idler-fi271005, heavy-duty-rear-idler-rr275574, heavy-duty-sprocket-sp87460888, heavy-duty-track-roller-trid2802"
mustang-1350r,MERGE,320x84Bx46,,"tnt30x10-16hdtl, tnt30x10-16hdtl-ssk08, tnt30x10-16hdtl-ssk082a, tnt30x10-16hdtr, tnt30x10-16hdtr-ssk08, tnt30x10-16hdtr-ssk082a, tnt30x10-16sdtl, tnt30x10-16sdtr, tnt30x10-16sdtrxtr, tnt30x10-16xdl, tnt30x10-16xdr, tnt30x9-16hdtr, tnt30x9-16xdsm, tnt33x11-20xdsm, tnt33x12-18xdl, tnt33x12-18xdnd, tnt33x12-18xdr, tnt33x12-20hdtl, tnt33x12-20hdtl-ssk08, tnt33x12-20hdtr, tnt33x12-20hdtr-ssk08, tnt33x12-20sdtl, tnt33x9-16hdtl, tnt33x9-16hdtr, tnt33x9-16xdsm, tntpr1016512, tntpr1216514","mb101658, otrta75016009, t2631010165, t2631212165, ta1606063, ta160606301, ta160606302, ta2075115, ta207511501, ta207511502, xd1016510, xd1216512"
mustang-1650-rt,MERGE,320x86Bx49,,"400x86x49-rubber-track-zig-zag, bs3208649bxd, bs3208649cxd, bs3208649mbxd, bs4008649cxd, tnt3208649hdbd, tnt3208649hdbl, tnt3208649hdc, tnt3208649hdmb, tnt3208649hdz, tnt3208649hdzb, tnt3208649sdc, tnt4008649hdbd, tnt4008649hdbl, tnt4008649hdc, tnt4008649hdmb, tnt4008649hdz","heavy-duty-front-idler-fi271005, heavy-duty-rear-idler-rr275574, heavy-duty-track-roller-trid2802"
mustang-2100rt,MERGE,450x86Bx56,https://tcykyktvdlsbscrsbjyt.supabase.co/storage/v1/object/public/machine-images/mustang-2100rt-hero.webp,"450x86x56-rubber-track-multi-bar, bs4508656bxd, bs4508656mbxd, bs4508656vxd, bs4508656xdzb, tnt4508656hdbd, tnt4508656hdbl, tnt4508656hdc, tnt4508656hdxt, tnt4508656hdz, tnt4508656hdzb, tnt4508656sdbl, tnt4508656sdc","heavy-duty-front-idler-fi271005, heavy-duty-rear-idler-rr275574, heavy-duty-sprocket-sp87460888, heavy-duty-sprocket-spid2711, heavy-duty-track-roller-trid2802"
mustang-2150rt,MERGE,450x86Bx56,,"450x86x56-rubber-track-multi-bar, bs4508656bxd, bs4508656mbxd, bs4508656vxd, bs4508656xdzb, tnt4508656hdbd, tnt4508656hdbl, tnt4508656hdc, tnt4508656hdxt, tnt4508656hdz, tnt4508656hdzb, tnt4508656sdbl, tnt4508656sdc","heavy-duty-front-idler-fi271005, heavy-duty-sprocket-sp87460888, heavy-duty-track-roller-trid2802"
mustang-2500rt,MERGE,450x86Bx58,https://tcykyktvdlsbscrsbjyt.supabase.co/storage/v1/object/public/machine-images/mustang-2500rt-hero.webp,"450x86x58-rubber-track-zig-zag, bs4508658bxd, bs4508658cxd, bs4508658mbxd, bs4508658vxd, bs4508658xdzb, tnt4508658hdbd, tnt4508658hdbl, tnt4508658hdc, tnt4508658hdmb, tnt4508658hdxt, tnt4508658hdz, tnt4508658sdc","heavy-duty-front-idler-fi271005, heavy-duty-rear-idler-rr275574, heavy-duty-sprocket-spid2711, heavy-duty-track-roller-trid2802"
mustang-me5002,MERGE,400x72.5Kx74,,"400x72-5x74-rubber-track-directional, bs400725w74xd, st135-53-80-400-39l","bo135-400, ct135-51-72-400"
mustang-me6002,MERGE,400x72.5Kx74,,"400x72-5x74-rubber-track-directional, bs400725w74xd, st135-53-80-400-39l","bo135-400, ct135-51-72-400"
mustang-me6003,MERGE,400x72.5Kx74,,"400x72-5x74-rubber-track-directional, bs400725w74xd, st135-53-80-400-39l","bo135-400, ct135-51-72-400"
mustang-me6502,MERGE,400x72.5Kx74,,"400x72-5x74-rubber-track-directional, bs400725w74xd, st135-53-80-400-39l","bo135-400, ct135-51-72-400"
mustang-mtl16,MERGE,320x86x52,,"tnt32086t52hdbl, tnt32086t52hdc, tnt32086t52hdmb, tnt32086t52hdzb","heavy-duty-front-idler-fi08801-40000, heavy-duty-rear-idler-rr08801-35600, heavy-duty-sprocket-sp08801-66210, heavy-duty-track-roller-tr08801-30000"
mustang-mtl20,MERGE,450x100x48,,"450x100x48-rubber-track-c-block, tnt45010048hdbl, tnt45010048hdmb, tnt45010048hdsb, tnt45010048hdzb, tnt45010048sdc","heavy-duty-front-idler-fi08811-40300, heavy-duty-rear-idler-rr08811-31300, heavy-duty-sprocket-sp08811-60110, heavy-duty-sprocket-sp08821-60010, heavy-duty-track-roller-tr08811-30500"
mustang-mtl25,MERGE,450x100x50,,"450x100x50-rubber-track-c-block, tnt45010050hdbl, tnt45010050hdmb, tnt45010050hdsb, tnt45010050hdzb, tnt45010050sdc","heavy-duty-front-idler-fi08811-40300, heavy-duty-rear-idler-rr08811-31300, heavy-duty-sprocket-sp08811-60110, heavy-duty-track-roller-tr08811-30500"
mustang-mtl316,MERGE,320x86x52,,"tnt32086t52hdbl, tnt32086t52hdc, tnt32086t52hdmb, tnt32086t52hdzb","heavy-duty-front-idler-fi08801-40000, heavy-duty-rear-idler-rr08801-35600, heavy-duty-sprocket-sp08801-66210, heavy-duty-track-roller-tr08801-30000"
mustang-mtl320,MERGE,450x100x48,,"450x100x48-rubber-track-c-block, tnt45010048hdbl, tnt45010048hdmb, tnt45010048hdsb, tnt45010048hdzb, tnt45010048sdc","heavy-duty-front-idler-fi08811-40300, heavy-duty-rear-idler-rr08811-31300, heavy-duty-sprocket-sp08811-60110, heavy-duty-track-roller-tr08811-30500"
mustang-mtl325,MERGE,450x100x50,,"450x100x50-rubber-track-c-block, tnt45010050hdbl, tnt45010050hdmb, tnt45010050hdsb, tnt45010050hdzb, tnt45010050sdc","heavy-duty-front-idler-fi08811-40300, heavy-duty-rear-idler-rr08811-31300, heavy-duty-sprocket-sp08811-60110, heavy-duty-track-roller-tr08811-30500"
new-holland-c175,MERGE,320x86Bx50,https://tcykyktvdlsbscrsbjyt.supabase.co/storage/v1/object/public/machine-images/new-holland-c175-hero.webp,"320x86x50-rubber-track-c-block, 400x86x50-rubber-track-c-block, bs3208650bxd, bs3208650cxd, bs3208650mbxd, bs4008650bxd, bs4008650cxd, tnt3208650hdbd, tnt3208650hdbl, tnt3208650hdmb, tnt3208650hdxt, tnt3208650hdz, tnt3208650hdzb, tnt3208650sdc, tnt4008650hdbl, tnt4008650hdmb, tnt4008650hdtb, tnt4008650hdz, tnt4008650hdzb","heavy-duty-front-idler-fi87535298, heavy-duty-rear-idler-rr87535299, heavy-duty-sprocket-sp87460888, heavy-duty-track-roller-tr87535297"
new-holland-c180,MERGE,320x86x52,,"400x86x55-rubber-track-c-block, 400x86x55-rubber-track-multi-bar, 400x86x55-rubber-track-zig-zag, tnt32086t52hdbl, tnt32086t52hdc, tnt32086t52hdmb, tnt32086t52hdzb, tnt4008655hdbl","heavy-duty-front-idler-fi87535298, heavy-duty-rear-idler-rr87535299, heavy-duty-sprocket-sp87460888, heavy-duty-track-roller-tr87535297"
new-holland-c185,MERGE,450x86Bx55,https://tcykyktvdlsbscrsbjyt.supabase.co/storage/v1/object/public/machine-images/new-holland-c185-hero.webp,"400x86x55-rubber-track-c-block, 400x86x55-rubber-track-multi-bar, 400x86x55-rubber-track-zig-zag, 450x86x55-rubber-track-c-block, bs4508655bxd, bs4508655cxd, bs4508655mbxd, bs4508655vxd, tnt4008655hdbl, tnt4508655hdbd, tnt4508655hdbl, tnt4508655hdmb, tnt4508655hdxt, tnt4508655hdz, tnt4508655hdzb, tnt4508655sdc","heavy-duty-front-idler-fi87535298, heavy-duty-front-idler-fica1379, heavy-duty-rear-idler-rr87535299, heavy-duty-sprocket-sp87460888, heavy-duty-track-roller-tr87535297"
new-holland-c190,MERGE,450x86Bx55,https://tcykyktvdlsbscrsbjyt.supabase.co/storage/v1/object/public/machine-images/new-holland-c190-hero.webp,"400x86x55-rubber-track-c-block, 400x86x55-rubber-track-multi-bar, 400x86x55-rubber-track-zig-zag, 450x86x55-rubber-track-c-block, bs4508655bxd, bs4508655cxd, bs4508655mbxd, bs4508655vxd, tnt4008655hdbl, tnt4508655hdbd, tnt4508655hdbl, tnt4508655hdmb, tnt4508655hdxt, tnt4508655hdz, tnt4508655hdzb, tnt4508655sdc","heavy-duty-front-idler-fi87535298, heavy-duty-rear-idler-rr87535299, heavy-duty-sprocket-sp87460888, heavy-duty-track-roller-tr87535297"
new-holland-c227,MERGE,320x86Bx50,,"320x86x50-rubber-track-c-block, 400x86x50-rubber-track-c-block, bs3208650bxd, bs3208650cxd, bs3208650mbxd, bs4008650bxd, bs4008650cxd, tnt3208650hdbd, tnt3208650hdbl, tnt3208650hdmb, tnt3208650hdxt, tnt3208650hdz, tnt3208650hdzb, tnt3208650sdc, tnt4008650hdbl, tnt4008650hdmb, tnt4008650hdtb, tnt4008650hdz, tnt4008650hdzb","heavy-duty-front-idler-fi87535298, heavy-duty-front-idler-fica1379, heavy-duty-rear-idler-rr87535299, heavy-duty-sprocket-sp87460888, heavy-duty-track-roller-tr87535297"
new-holland-c232,MERGE,450x86Bx55,https://tcykyktvdlsbscrsbjyt.supabase.co/storage/v1/object/public/machine-images/new-holland-c232-hero.webp,"400x86x55-rubber-track-c-block, 400x86x55-rubber-track-multi-bar, 400x86x55-rubber-track-zig-zag, 450x86x55-rubber-track-c-block, bs4508655bxd, bs4508655cxd, bs4508655mbxd, bs4508655vxd, tnt4008655hdbl, tnt4508655hdbd, tnt4508655hdbl, tnt4508655hdmb, tnt4508655hdxt, tnt4508655hdz, tnt4508655hdzb, tnt4508655sdc","heavy-duty-front-idler-fi87535298, heavy-duty-front-idler-fica1379, heavy-duty-rear-idler-rr87535299, heavy-duty-sprocket-sp87460888, heavy-duty-track-roller-tr87535297"
new-holland-c234,MERGE,450x86Bx55,https://tcykyktvdlsbscrsbjyt.supabase.co/storage/v1/object/public/machine-images/new-holland-c234-hero.webp,"450x86x55-rubber-track-c-block, bs4508655bxd, bs4508655cxd, bs4508655mbxd, bs4508655vxd, tnt4508655hdbd, tnt4508655hdbl, tnt4508655hdmb, tnt4508655hdxt, tnt4508655hdz, tnt4508655hdzb, tnt4508655sdc","heavy-duty-front-idler-fi87535298, heavy-duty-front-idler-fica1379, heavy-duty-rear-idler-rr87535299, heavy-duty-sprocket-sp87460888, heavy-duty-track-roller-tr87535297"
new-holland-c237,MERGE,450x86Bx55,https://tcykyktvdlsbscrsbjyt.supabase.co/storage/v1/object/public/machine-images/new-holland-c237-hero.webp,"450x86x55-rubber-track-c-block, bs4508655bxd, bs4508655cxd, bs4508655mbxd, bs4508655vxd, tnt4508655hdbd, tnt4508655hdbl, tnt4508655hdmb, tnt4508655hdxt, tnt4508655hdz, tnt4508655hdzb, tnt4508655sdc","heavy-duty-front-idler-fi87535298, heavy-duty-front-idler-fica1379, heavy-duty-rear-idler-rr87535299, heavy-duty-sprocket-sp87460888, heavy-duty-track-roller-tr87535297"
new-holland-c238,MERGE,450x86Bx55,https://tcykyktvdlsbscrsbjyt.supabase.co/storage/v1/object/public/machine-images/new-holland-c238-hero.webp,"400x86x55-rubber-track-c-block, 400x86x55-rubber-track-multi-bar, 400x86x55-rubber-track-zig-zag, 450x86x55-rubber-track-c-block, bs4508655bxd, bs4508655cxd, bs4508655mbxd, bs4508655vxd, tnt4008655hdbl, tnt4508655hdbd, tnt4508655hdbl, tnt4508655hdmb, tnt4508655hdxt, tnt4508655hdz, tnt4508655hdzb, tnt4508655sdc","heavy-duty-front-idler-fi87535298, heavy-duty-front-idler-fica1379, heavy-duty-rear-idler-rr87535299, heavy-duty-sprocket-sp87460888, heavy-duty-track-roller-tr87535297"
new-holland-c245,MERGE,450x86Bx55,https://tcykyktvdlsbscrsbjyt.supabase.co/storage/v1/object/public/machine-images/new-holland-c245-hero.webp,"450x86x55-rubber-track-c-block, bs4508655bxd, bs4508655cxd, bs4508655mbxd, bs4508655vxd, tnt4508655hdbd, tnt4508655hdbl, tnt4508655hdmb, tnt4508655hdxt, tnt4508655hdz, tnt4508655hdzb, tnt4508655sdc","heavy-duty-front-idler-fi87535298, heavy-duty-front-idler-fica1379, heavy-duty-rear-idler-rr87535299, heavy-duty-sprocket-sp87460888, heavy-duty-track-roller-tr87535297"
new-holland-c314,MERGE,180x72Kx45,https://tcykyktvdlsbscrsbjyt.supabase.co/storage/v1/object/public/machine-images/new-holland-c314-hero.webp,"bs1807245cxd, tnt18072k45hd, tnt23072k45hd, tnt32086t52hdbl, tnt32086t52hdc, tnt32086t52hdmb, tnt32086t52hdzb",
new-holland-c327,MERGE,320x86Bx50,https://tcykyktvdlsbscrsbjyt.supabase.co/storage/v1/object/public/machine-images/new-holland-c327-hero.webp,"320x86x50-rubber-track-c-block, bs3208650bxd, bs3208650cxd, bs3208650mbxd, tnt3208650hdbd, tnt3208650hdbl, tnt3208650hdmb, tnt3208650hdxt, tnt3208650hdz, tnt3208650hdzb, tnt3208650sdc, tnt40086t52hdbl, tnt40086t52hdmb, tnt40086t52hdzb","heavy-duty-front-idler-fi87535298, heavy-duty-front-idler-fica1379, heavy-duty-rear-idler-rr87535299, heavy-duty-sprocket-sp87460888, heavy-duty-track-roller-tr87535297"
new-holland-c330,MERGE,450x86Bx55,https://tcykyktvdlsbscrsbjyt.supabase.co/storage/v1/object/public/machine-images/new-holland-c330-hero.webp,,
new-holland-c332,MERGE,450x86Bx55,https://tcykyktvdlsbscrsbjyt.supabase.co/storage/v1/object/public/machine-images/new-holland-c332-hero.webp,"450x86x55-rubber-track-c-block, bs4508655bxd, bs4508655cxd, bs4508655mbxd, bs4508655vxd, tnt4508655hdbd, tnt4508655hdbl, tnt4508655hdmb, tnt4508655hdxt, tnt4508655hdz, tnt4508655hdzb, tnt4508655sdc","heavy-duty-front-idler-fi87535298, heavy-duty-front-idler-fica1379, heavy-duty-rear-idler-rr87535299, heavy-duty-sprocket-sp87460888, heavy-duty-track-roller-tr87535297"
new-holland-c334,MERGE,450x86Bx55,https://tcykyktvdlsbscrsbjyt.supabase.co/storage/v1/object/public/machine-images/new-holland-c334-hero.webp,"450x86x55-rubber-track-c-block, bs4508655bxd, bs4508655cxd, bs4508655mbxd, bs4508655vxd, tnt4508655hdbd, tnt4508655hdbl, tnt4508655hdmb, tnt4508655hdxt, tnt4508655hdz, tnt4508655hdzb, tnt4508655sdc","heavy-duty-front-idler-fi87535298, heavy-duty-front-idler-fica1379, heavy-duty-rear-idler-rr87535299, heavy-duty-sprocket-sp87460888, heavy-duty-track-roller-tr87535297"
new-holland-c337,MERGE,450x86Bx55,https://tcykyktvdlsbscrsbjyt.supabase.co/storage/v1/object/public/machine-images/new-holland-c337-hero.webp,"450x86x55-rubber-track-c-block, bs4508655bxd, bs4508655cxd, bs4508655mbxd, bs4508655vxd, tnt4508655hdbd, tnt4508655hdbl, tnt4508655hdmb, tnt4508655hdxt, tnt4508655hdz, tnt4508655hdzb, tnt4508655sdc","heavy-duty-front-idler-fi87535298, heavy-duty-front-idler-fica1379, heavy-duty-rear-idler-rr87535299, heavy-duty-sprocket-sp87460888, heavy-duty-track-roller-tr87535297"
new-holland-c345,MERGE,450x86Bx55,https://tcykyktvdlsbscrsbjyt.supabase.co/storage/v1/object/public/machine-images/new-holland-c345-hero.webp,"450x86x55-rubber-track-c-block, bs4508655bxd, bs4508655cxd, bs4508655mbxd, bs4508655vxd, tnt4508655hdbd, tnt4508655hdbl, tnt4508655hdmb, tnt4508655hdxt, tnt4508655hdz, tnt4508655hdzb, tnt4508655sdc","heavy-duty-front-idler-fi87535298, heavy-duty-front-idler-fica1379, heavy-duty-rear-idler-rr87535299, heavy-duty-sprocket-sp87460888, heavy-duty-track-roller-tr87535297"
new-holland-c362,MERGE,450x86Bx63,https://tcykyktvdlsbscrsbjyt.supabase.co/storage/v1/object/public/machine-images/new-holland-c362-hero.webp,"450x86x63-rubber-track-z-max, tnt4508663hdc, tnt4508663hdmb, tnt4508663hdz, tnt4508663sdzb","heavy-duty-front-idler-fi7276595, heavy-duty-track-roller-tr7323310"
new-holland-e-35-2sr,MERGE,300x52.5Kx88,,300x52-5kx88-rubber-track-directional,
new-holland-e35sr,MERGE,300x52.5Kx88,,300x52-5kx88-rubber-track-directional,
new-holland-e-70bsr,MERGE,450x81.5x76,,"450x81x76-rubber-track-directional, st154-45-73-450-40l",
new-holland-e-70sr,MERGE,450x81.5x76,,"450x81x76-rubber-track-directional, st154-45-73-450-40l",
new-holland-e-80,MERGE,450x81.5x76,,"450x81x76-rubber-track-directional, st154-45-73-450-40l",
new-holland-e-80bmsr,MERGE,450x81.5x76,,"450x81x76-rubber-track-directional, st154-45-73-450-40l",
new-holland-e-80cs,MERGE,450x81.5x76,,"450x81x76-rubber-track-directional, st154-45-73-450-40l",
new-holland-e-80msr,MERGE,450x81.5x76,,"450x81x76-rubber-track-directional, st154-45-73-450-40l",
new-holland-e16,MERGE,230x48x70,,"230x48x70-rubber-track-directional, bs2304870xd",
new-holland-e17,MERGE,230x48x70,,"230x48x70-rubber-track-directional, bs2304870xd",
new-holland-e17c,MERGE,230x48x70,,"230x48x70-rubber-track-directional, bs2304870xd",
new-holland-e18,MERGE,230x48x70,,"230x48x70-rubber-track-directional, bs2304870xd",
new-holland-e18c,MERGE,230x48x70,https://tcykyktvdlsbscrsbjyt.supabase.co/storage/v1/object/public/machine-images/new-holland-e18c-hero.webp,"230x48x70-rubber-track-directional, bs2304870xd",
new-holland-e18sr,MERGE,230x48x70,,"230x48x70-rubber-track-directional, bs2304870xd",
new-holland-e20-2sr,MERGE,300x52.5Nx76,,300x52-5nx76-rubber-track-directional,bo101-300
new-holland-e20sr,MERGE,300x52.5Nx76,,300x52-5nx76-rubber-track-directional,bo101-300
new-holland-e22-2sr,MERGE,300x52.5Nx76,,300x52-5nx76-rubber-track-directional,bo101-300
new-holland-e25sr,MERGE,300x52.5Nx76,,300x52-5nx76-rubber-track-directional,"bo101-300, heavy-duty-track-roller-tr7257870"
new-holland-e26bsr,MERGE,300x52.5Nx76,,300x52-5nx76-rubber-track-directional,
new-holland-e26c,MERGE,300x52.5Nx74,https://cdn.shopify.com/s/files/1/0952/1977/7823/files/new-holland-excavator-hero.webp?v=1773971532,300x52-5nx76-rubber-track-directional,
new-holland-e27-2sr,MERGE,300x52.5Nx80,,"300x52-5nx80-rubber-track-directional, bs300525n80xd, st101-35-57-300-41l",bo101-300
new-holland-e30c,MERGE,300x52.5Nx80,https://tcykyktvdlsbscrsbjyt.supabase.co/storage/v1/object/public/machine-images/new-holland-e30c-hero.webp,"300x52-5nx80-rubber-track-directional, bs300525n80xd","heavy-duty-carrier-roller-crpw64d01017f2, heavy-duty-track-roller-tr4340535"
new-holland-e33c,MERGE,300x52.5x86,,"300x52-5x86-rubber-track-mx, bs30052586rsxd, tnt300525n86hd",heavy-duty-sprocket-sp6813372
new-holland-e37c,MERGE,300x52.5x86,,"300x52-5x86-rubber-track-mx, bs30052586rsxd, st101-45-67-300-45l, tnt300525n86hd",heavy-duty-sprocket-sp6813372
new-holland-e-40-2sr,MERGE,400x72.5Kx72,,"400x72-5nx70-rubber-track-directional, st135-41-64-400-38l, tnt400725n72hd","bo135-400, ct135-41-64-400"
new-holland-e-40sr,MERGE,400x72.5Kx72,,"400x72-5nx70-rubber-track-directional, st135-41-64-400-38l, tnt400725n72hd","bo135-400, ct135-41-64-400, heavy-duty-carrier-roller-crpv64d00001f1"
new-holland-e-45-2sr,MERGE,400x72.5Kx72,,"400x74x72-rubber-track-directional, st135-41-64-400-38l, tnt400725n72hd",
new-holland-e-45sr,MERGE,400x72.5Kx72,,400x74x72-rubber-track-directional,
new-holland-e-50-2sr,MERGE,400x72.5Kx72,,"400x74x72-rubber-track-directional, st135-41-64-400-38l, tnt400725n72hd",
new-holland-e-50b,MERGE,400x72.5Kx72,,"400x74x72-rubber-track-directional, st135-41-64-400-38l, tnt400725n72hd","heavy-duty-carrier-roller-cryt64d01001f1, heavy-duty-track-roller-trpy64d00002f3"
new-holland-e50sr,MERGE,400x72.5Kx74,,400x74x72-rubber-track-directional,heavy-duty-carrier-roller-cryt64d01001f1
new-holland-e55bx,MERGE,400x72.5Kx74,,400x74x72-rubber-track-directional,heavy-duty-carrier-roller-crps64d01001f1
new-holland-e57c,MERGE,400x72.5Kx74,,400x72-5wx76-rubber-track-directional,"bo135-400, ct135-51-72-400"
new-holland-ec25,MERGE,300x52.5Nx74,,300x52-5nx76-rubber-track-directional,
new-holland-ec-25sr,MERGE,300x52.5Nx74,,"300x52-5nx74-rubber-track-directional, 300x52-5nx76-rubber-track-directional",bo101-300
new-holland-ec35,MERGE,300x52.5Nx80,,"300x52-5nx80-rubber-track-directional, bs300525n80xd, st101-35-57-300-41l",
new-holland-ec-35sr,MERGE,300x52.5Nx80,,"300x52-5nx80-rubber-track-directional, bs300525n80xd, st101-35-57-300-41l",bo101-300
new-holland-ec45,MERGE,400x72.5Kx72,,"400x72-5x72-rubber-track-directional, bs400725w72xd, st135-53-80-400-38l, tnt400725w72xd","bo135-400, ct135-51-72-400, heavy-duty-track-roller-trmu5178"
new-holland-ec-45sr,MERGE,400x72.5Kx72,,"400x72-5x72-rubber-track-directional, bs400725w72xd, st135-53-80-400-38l, tnt400725w72xd","bo135-400, ct135-51-72-400"
new-holland-ec60,MERGE,400x72.5Wx76,,"400x72-5wx76-rubber-track-directional, st135-53-80-400-40l","bo135-400, ct135-51-72-400"
new-holland-eh-35b,MERGE,300x52.5Kx88,,300x52-5kx88-rubber-track-directional,
new-holland-eh-15b,MERGE,230x48x70,,"230x48x70-rubber-track-directional, bs2304870xd",
new-holland-eh16,MERGE,230x48x70,,"230x48x70-rubber-track-directional, bs2304870xd",
new-holland-eh18,MERGE,230x48x70,,"230x48x70-rubber-track-directional, bs2304870xd",
new-holland-eh25,MERGE,300x52.5Nx74,,300x52-5nx74-rubber-track-directional,bo101-300
new-holland-eh-27b,MERGE,300x52.5Nx80,,"300x52-5nx80-rubber-track-directional, bs300525n80xd, st101-35-57-300-41l","bo101-300, heavy-duty-track-roller-tr4340535"
new-holland-eh-30b,MERGE,300x52.5Wx82,,,"bo101-300, heavy-duty-sprocket-sppv51d01001p1"
new-holland-eh35,MERGE,300x52.5Kx88,,"300x52-5x90-rubber-track-directional, 350x52-5bx90-rubber-track-directional, sd30052590v1iwa, st101-45-67-300-46l",heavy-duty-sprocket-sppw53d01001p1
new-holland-eh45,MERGE,400x72.5Kx74,,"400x74x72-rubber-track-directional, bs400725n74xd, ht135-41-64-400-39l, st135-41-64-400-39l, tnt400725n74hd",heavy-duty-carrier-roller-cryt64d01001f1
new-holland-eh-50b,MERGE,400x72.5Kx72,,"400x74x72-rubber-track-directional, st135-41-64-400-38l, tnt400725n72hd",heavy-duty-carrier-roller-cryt64d01001f1
new-holland-lt175b,MERGE,320x86Bx50,,"320x86x50-rubber-track-c-block, 400x86x50-rubber-track-c-block, bs3208650bxd, bs3208650cxd, bs3208650mbxd, bs4008650bxd, bs4008650cxd, tnt3208650hdbd, tnt3208650hdbl, tnt3208650hdmb, tnt3208650hdxt, tnt3208650hdz, tnt3208650hdzb, tnt3208650sdc, tnt4008650hdbl, tnt4008650hdmb, tnt4008650hdtb, tnt4008650hdz, tnt4008650hdzb","heavy-duty-front-idler-fi87535298, heavy-duty-rear-idler-rr87535299, heavy-duty-sprocket-sp87460888, heavy-duty-track-roller-tr87535297"
new-holland-lt185b,MERGE,450x86Bx55,,"400x86x55-rubber-track-c-block, 400x86x55-rubber-track-multi-bar, 400x86x55-rubber-track-zig-zag, 450x86x55-rubber-track-c-block, bs4508655bxd, bs4508655cxd, bs4508655mbxd, bs4508655vxd, tnt4008655hdbl, tnt4508655hdbd, tnt4508655hdbl, tnt4508655hdmb, tnt4508655hdxt, tnt4508655hdz, tnt4508655hdzb, tnt4508655sdc","heavy-duty-front-idler-fi87535298, heavy-duty-rear-idler-rr87535299, heavy-duty-sprocket-sp87460888, heavy-duty-track-roller-tr87535297"
new-holland-lt190b,MERGE,450x86Bx55,,"400x86x55-rubber-track-c-block, 400x86x55-rubber-track-multi-bar, 400x86x55-rubber-track-zig-zag, 450x86x55-rubber-track-c-block, bs4508655bxd, bs4508655cxd, bs4508655mbxd, bs4508655vxd, tnt4008655hdbl, tnt4508655hdbd, tnt4508655hdbl, tnt4508655hdmb, tnt4508655hdxt, tnt4508655hdz, tnt4508655hdzb, tnt4508655sdc","heavy-duty-front-idler-fi87535298, heavy-duty-rear-idler-rr87535299, heavy-duty-sprocket-sp87460888, heavy-duty-track-roller-tr87535297"
sany-sy18c,MERGE,230x48x70,,"230x48x70-rubber-track-directional, bs2304870xd",
sany-sy26u,MERGE,300x52.5Nx80,https://tcykyktvdlsbscrsbjyt.supabase.co/storage/v1/object/public/machine-images/sany-sy26u-hero.webp,"300x52-5nx80-rubber-track-directional, bs300525n80xd",
sany-sy35u,MERGE,300x52.5Kx88,https://tcykyktvdlsbscrsbjyt.supabase.co/storage/v1/object/public/machine-images/sany-sy35u-hero.webp,"300x52-5kx88-rubber-track-directional, st101-45-67-300-46l","bo101-300, bo101-350"
sany-sy50u,MERGE,400x72.5Kx74,https://tcykyktvdlsbscrsbjyt.supabase.co/storage/v1/object/public/machine-images/sany-sy50u-hero.webp,"400x72-5x74-rubber-track-directional, bs400725w74xd, ht135-53-80-400-39l, st135-53-80-400-39l",bo135-400
sany-sy60c,MERGE,400x72.5Wx76,,"400x72-5wx76-rubber-track-directional, st135-53-80-400-40l",bo135-400
sany-sy75c,MERGE,450x81.5x76,https://cdn.shopify.com/s/files/1/0952/1977/7823/files/sany-excavator-hero.webp?v=1773971535,"450x81x76-rubber-track-directional, ht154-45-73-450-40l, st154-45-73-450-40l, tnt45081n76hd","bo154-450, co154-450, ct154-45-73-450"
sany-sy80u,MERGE,450x81Nx78,,"ht154-45-73-450-40l, st154-45-73-450-40l, tnt45081n78hd","bo154-450, co154-450, ct154-45-73-450, heavy-duty-track-roller-trkm1690-a"
takeuchi-tb025,MERGE,300x52.5Nx78,,"300x52-5x78-rubber-track-directional, bs300525w78xd","bo101-300, bo101-350, heavy-duty-carrier-roller-cr03712-00100, heavy-duty-front-idler-fi03714-00000, heavy-duty-track-roller-tr04313-00500"
takeuchi-tb035,MERGE,350x52.5x86,,"300x52-5wx84-rubber-track-directional, 350x52-5wx86-rubber-track-directional, bs300525w86xd, bs35052586xd, st101-45-67-300-45l, st101-45-67-350-45l","bo101-300, bo101-350, heavy-duty-carrier-roller-cr03712-00100, heavy-duty-front-idler-fi03714-00000, heavy-duty-sprocket-sp04710-00600, heavy-duty-track-roller-tr04313-00500"
takeuchi-tb045,MERGE,400x72.5Kx74,,"bs400725n74xd, ht135-41-64-400-39l, st135-41-64-400-39l, tnt400725n74hd","bo135-400, ct135-41-64-400, heavy-duty-carrier-roller-cr03912-00100, heavy-duty-front-idler-fi04614-90010, heavy-duty-sprocket-sp02616-03100, heavy-duty-track-roller-tr03913-02100"
takeuchi-tb07,MERGE,180x72x37,,180x72x37-rubber-track-c-block,
takeuchi-tb-070,MERGE,450x81Nx76,,"bs45081w76xd, st154-58-90-450-39l, tnt45081w76hd","bo154-450, co154-450, heavy-duty-front-idler-fi05614-00600, heavy-duty-track-roller-tr05613-07100"
takeuchi-tb-108,MERGE,180x72x37,,180x72x37-rubber-track-c-block,
takeuchi-tb125,MERGE,300x52.5Nx78,,"300x52-5x78-rubber-track-directional, bs300525w78xd","bo101-300, bo101-350, heavy-duty-carrier-roller-cr03712-00100, heavy-duty-front-idler-fi03714-00000, heavy-duty-sprocket-sp04316-10100, heavy-duty-track-roller-tr04313-11100"
takeuchi-tb135,MERGE,350x52.5x86,https://tcykyktvdlsbscrsbjyt.supabase.co/storage/v1/object/public/machine-images/takeuchi-tb135-hero.webp,"300x52-5wx84-rubber-track-directional, 350x52-5wx86-rubber-track-directional, bs300525w86xd, bs35052586xd, st101-45-67-300-45l, st101-45-67-350-45l","bo101-300, bo101-350, heavy-duty-carrier-roller-cr03712-00100, heavy-duty-front-idler-fi03714-00000, heavy-duty-sprocket-sp04710-00600, heavy-duty-track-roller-tr03313-06100, heavy-duty-track-roller-tr04313-11100"
takeuchi-tb138,MERGE,350x52.5x86,,"350x52-5wx86-rubber-track-directional, bs35052586xd, st101-45-67-350-45l",
takeuchi-tb138fr,MERGE,350x52.5x86,,"300x52-5wx84-rubber-track-directional, 350x52-5wx86-rubber-track-directional, bs300525w86xd, bs35052586xd, st101-45-67-300-45l, st101-45-67-350-45l","bo101-300, bo101-350, heavy-duty-carrier-roller-cr03712-00100, heavy-duty-front-idler-fi03714-00000, heavy-duty-sprocket-sp04710-00600, heavy-duty-track-roller-tr04313-11100"
takeuchi-tb145,MERGE,400x72.5Kx74,,"bs400725n74xd, ht135-41-64-400-39l, st135-41-64-400-39l, tnt400725n74hd","bo135-400, ct135-41-64-400, heavy-duty-carrier-roller-cr03912-00100, heavy-duty-front-idler-fi04614-90010, heavy-duty-sprocket-sp02616-03100, heavy-duty-track-roller-tr03913-02100, heavy-duty-track-roller-tr04313-11100"
takeuchi-tb153fr,MERGE,400x72.5Kx74,,"bs400725n74xd, ht135-41-64-400-39l, st135-41-64-400-39l, tnt400725n74hd","bo135-400, ct135-41-64-400, heavy-duty-carrier-roller-cr03912-00100, heavy-duty-front-idler-fi04614-90010, heavy-duty-sprocket-sp02616-03100, heavy-duty-track-roller-tr03913-02100"
takeuchi-tb-15f,MERGE,230x48x70,,"230x48x70-rubber-track-directional, bs2304870xd",
takeuchi-tb15fr,MERGE,230x48x70,,"230x48x70-rubber-track-directional, bs2304870xd",
takeuchi-tb175,MERGE,450x81Nx76,,"bs45081w76xd, ht154-58-90-450-40l, st154-58-90-450-39l, tnt45081w76hd","bo154-450, co154-450, heavy-duty-carrier-roller-cr05612-04080, heavy-duty-front-idler-fi05614-00600, heavy-duty-sprocket-sp05616-15100, heavy-duty-track-roller-tr05613-07100, pin154-58"
takeuchi-tb180fr,MERGE,450x81Nx76,https://tcykyktvdlsbscrsbjyt.supabase.co/storage/v1/object/public/machine-images/takeuchi-tb180fr-hero.webp,"450x71x82-rubber-track-directional, bs45081w76xd, st154-58-90-450-39l, tnt45081w76hd","bo154-450, co154-450, ct154-58-89-450, heavy-duty-carrier-roller-cr05612-04080, heavy-duty-front-idler-fi05614-00600, heavy-duty-sprocket-sp05616-15100, heavy-duty-track-roller-tr05613-07100"
takeuchi-tb225,MERGE,300x52.5Nx78,https://tcykyktvdlsbscrsbjyt.supabase.co/storage/v1/object/public/machine-images/takeuchi-tb225-hero.webp,"300x52-5x78-rubber-track-directional, bs300525w78xd",heavy-duty-carrier-roller-cr03712-00100
takeuchi-tb228,MERGE,300x52.5Nx78,https://tcykyktvdlsbscrsbjyt.supabase.co/storage/v1/object/public/machine-images/takeuchi-tb228-hero.webp,"300x52-5x78-rubber-track-directional, bs300525w78xd","bo101-300, bo101-350, heavy-duty-carrier-roller-cr03712-00100, heavy-duty-front-idler-fi03714-00000, heavy-duty-sprocket-sp04316-10100, heavy-duty-track-roller-tr04313-11100"
takeuchi-tb230,MERGE,300x52.5Nx78,https://tcykyktvdlsbscrsbjyt.supabase.co/storage/v1/object/public/machine-images/takeuchi-tb230-hero.webp,"300x52-5x78-rubber-track-directional, bs300525w78xd","bo101-300, bo101-350, heavy-duty-carrier-roller-cr03712-00100, heavy-duty-front-idler-fi03714-00000, heavy-duty-sprocket-sp03516-08210, heavy-duty-sprocket-sp04316-10100, heavy-duty-track-roller-tr04313-11100"
takeuchi-tb235,MERGE,350x52.5x86,https://tcykyktvdlsbscrsbjyt.supabase.co/storage/v1/object/public/machine-images/takeuchi-tb235-hero.webp,"300x52-5wx84-rubber-track-directional, 350x52-5wx86-rubber-track-directional, bs300525w86xd, bs35052586xd, st101-45-67-300-45l, st101-45-67-350-45l","bo101-300, bo101-350, heavy-duty-carrier-roller-cr03712-00100, heavy-duty-front-idler-fi03714-00000, heavy-duty-sprocket-sp04316-10100, heavy-duty-track-roller-tr04313-11100"
takeuchi-tb235-2,MERGE,350x52.5x86,,"350x52-5wx86-rubber-track-directional, bs35052586xd","heavy-duty-carrier-roller-cr03712-00100, heavy-duty-front-idler-fi03714-00000, heavy-duty-sprocket-sp03516-08210, heavy-duty-track-roller-tr04313-11100"
takeuchi-tb240,MERGE,350x52.5x86,https://tcykyktvdlsbscrsbjyt.supabase.co/storage/v1/object/public/machine-images/takeuchi-tb240-hero.webp,"350x52-5wx86-rubber-track-directional, 350x54-5x86-rubber-track-directional, bs35052586xd, st101-45-67-300-45l, st101-45-67-350-45l","bo101-300, bo101-350, heavy-duty-carrier-roller-cr03712-00100, heavy-duty-front-idler-fi03714-00000, heavy-duty-sprocket-sp03516-08210, heavy-duty-track-roller-tr04313-11100"
takeuchi-tb-249,MERGE,400x72.5Kx74,,"400x72-5x74-rubber-track-directional, bs400725w74xd, ht135-53-80-400-39l, st135-53-80-400-39l",
takeuchi-tb250,MERGE,400x72.5Kx74,https://tcykyktvdlsbscrsbjyt.supabase.co/storage/v1/object/public/machine-images/takeuchi-tb250-hero.webp,"bs400725n74xd, ht135-41-64-400-39l, st135-41-64-400-39l, tnt400725n74hd","bo135-400, ct135-41-64-400, heavy-duty-carrier-roller-cr03912-00100, heavy-duty-front-idler-fi04614-90010, heavy-duty-sprocket-sp02616-03100, heavy-duty-track-roller-tr03913-02100"
takeuchi-tb250-2,MERGE,400x72.5Kx74,https://cdn.shopify.com/s/files/1/0952/1977/7823/files/takeuchi-excavator-hero.webp?v=1773971535,"400x72-5x74-rubber-track-directional, bs400725w74xd","bo135-400, ct135-51-72-400"
takeuchi-tb257fr,MERGE,400x72.5Kx74,https://tcykyktvdlsbscrsbjyt.supabase.co/storage/v1/object/public/machine-images/takeuchi-tb257fr-hero.webp,"400x72-5x74-rubber-track-directional, bs400725w74xd, ht135-53-80-400-39l, st135-53-80-400-39l",
takeuchi-tb260,MERGE,400x72.5Wx76,https://tcykyktvdlsbscrsbjyt.supabase.co/storage/v1/object/public/machine-images/takeuchi-tb260-hero.webp,"400x72-5wx76-rubber-track-directional, st135-53-80-400-40l","bo135-400, ct135-51-72-400"
takeuchi-tb280fr,MERGE,450x81Nx76,https://tcykyktvdlsbscrsbjyt.supabase.co/storage/v1/object/public/machine-images/takeuchi-tb280fr-hero.webp,"450x81x78-rubber-track-mx, bs45081w76xd, ht154-58-90-450-40l, tnt45081w76hd","bo154-450, co154-450, heavy-duty-front-idler-fi05614-03100"
takeuchi-tb285,MERGE,450x81Nx76,https://tcykyktvdlsbscrsbjyt.supabase.co/storage/v1/object/public/machine-images/takeuchi-tb285-hero.webp,"450x71x82-rubber-track-directional, bs45081w76xd, st154-58-90-450-39l, tnt45081w76hd","bo154-450, co154-450, ct154-58-89-450, heavy-duty-front-idler-fi05614-03100, heavy-duty-track-roller-tr05613-07100"
takeuchi-tb290,MERGE,450x81Nx76,https://tcykyktvdlsbscrsbjyt.supabase.co/storage/v1/object/public/machine-images/takeuchi-tb290-hero.webp,"450x71x82-rubber-track-directional, bs45081w76xd, st154-58-90-450-39l, tnt45081w76hd","bo154-450, co154-450, ct154-58-89-450, heavy-duty-front-idler-fi05614-00600, heavy-duty-front-idler-fi05614-03100, heavy-duty-track-roller-tr05613-07100"
takeuchi-tb370,MERGE,400x72.5Kx74,https://tcykyktvdlsbscrsbjyt.supabase.co/storage/v1/object/public/machine-images/takeuchi-tb370-hero.webp,400x72-5wx76-rubber-track-directional,bo135-400
takeuchi-tb38fr,MERGE,350x52.5x86,,"300x52-5wx84-rubber-track-directional, 350x52-5wx86-rubber-track-directional, bs300525w86xd, bs35052586xd, st101-45-67-300-45l, st101-45-67-350-45l","bo101-300, bo101-350"
takeuchi-tb-53fr,MERGE,400x72.5Kx74,,"bs400725n74xd, ht135-41-64-400-39l, st135-41-64-400-39l, tnt400725n74hd","bo135-400, ct135-41-64-400, heavy-duty-carrier-roller-cr03912-00100, heavy-duty-front-idler-fi04614-90010, heavy-duty-sprocket-sp02616-03100, heavy-duty-track-roller-tr03913-02100"
takeuchi-tb80fr,MERGE,450x81Nx76,,"450x81x78-rubber-track-mx, bs45081w76xd, ht154-58-90-450-40l, st154-58-90-450-39l, tnt45081w76hd","bo154-450, co154-450, heavy-duty-front-idler-fi05614-00600, heavy-duty-track-roller-tr05613-07100"
takeuchi-tl10,MERGE,450x100x48,,"450x100x48-rubber-track-c-block, tnt45010048hdbl, tnt45010048hdmb, tnt45010048hdsb, tnt45010048hdzb, tnt45010048sdc","heavy-duty-front-idler-fi08811-40300, heavy-duty-rear-idler-rr08811-31300, heavy-duty-sprocket-sp08811-60110, heavy-duty-track-roller-tr08811-30500"
takeuchi-tl10v2,MERGE,320x86x52,https://tcykyktvdlsbscrsbjyt.supabase.co/storage/v1/object/public/machine-images/takeuchi-tl10v2-hero.webp,"400x86x52-rubber-track-c-block, bs4008652bxd, bs4008652xdmb, tnt3808652hdbl, tnt3808652hdmb, tnt4008652hdbd, tnt4008652hdbl, tnt4008652hdmb, tnt4008652hdtb, tnt4008652hdz, tnt4008652hdzb, tnt40086t52hdbl, tnt40086t52hdmb, tnt40086t52hdzb","heavy-duty-front-idler-fi06814-00019, heavy-duty-rear-idler-rr06813-00024, heavy-duty-sprocket-sp06816-00009, heavy-duty-track-roller-tr06813-00027"
takeuchi-tl12,MERGE,450x100x50,,"450x100x50-rubber-track-c-block, tnt45010050hdbl, tnt45010050hdmb, tnt45010050hdsb, tnt45010050hdzb, tnt45010050sdc","heavy-duty-front-idler-fi08811-40300, heavy-duty-rear-idler-rr08811-31300, heavy-duty-sprocket-sp08811-60110, heavy-duty-track-roller-tr08811-30500"
takeuchi-tl12r2,MERGE,450x86Bx60,https://tcykyktvdlsbscrsbjyt.supabase.co/storage/v1/object/public/machine-images/takeuchi-tl12r2-hero.webp,"450x86x60-rubber-track-c-block, bs4508660bxd, bs4508660cxd, bs4508660mbxd, bs4508660vxd, bs4508660xdzb, sd4508660bbe, tnt4508660hdbd, tnt4508660hdbl, tnt4508660hdmb, tnt4508660hdxt, tnt4508660hdz, tnt4508660hdzb, tnt4508660sdc","heavy-duty-rear-idler-rr06914-00032, heavy-duty-rear-idler-rr08811-31300, heavy-duty-sprocket-sp06916-00011, heavy-duty-track-roller-tr06913-00016, heavy-duty-track-roller-tr08811-30500"
takeuchi-tl12v2,MERGE,450x100x50,https://tcykyktvdlsbscrsbjyt.supabase.co/storage/v1/object/public/machine-images/takeuchi-tl12v2-hero.webp,"450x100x50-rubber-track-c-block, 450x86x60-rubber-track-c-block, bs4508660bxd, bs4508660cxd, bs4508660mbxd, bs4508660vxd, bs4508660xdzb, sd4508660bbe, tnt45010050hdbl, tnt45010050hdmb, tnt45010050hdsb, tnt45010050hdzb, tnt45010050sdc, tnt4508660hdbd, tnt4508660hdbl, tnt4508660hdmb, tnt4508660hdxt, tnt4508660hdz, tnt4508660hdzb, tnt4508660sdc","heavy-duty-front-idler-fi08811-40300, heavy-duty-rear-idler-rr08811-31300, heavy-duty-sprocket-sp06916-00011, heavy-duty-sprocket-sp08811-60110, heavy-duty-track-roller-tr06913-00016, heavy-duty-track-roller-tr08811-30500"
takeuchi-tl130,MERGE,320x86x52,https://tcykyktvdlsbscrsbjyt.supabase.co/storage/v1/object/public/machine-images/takeuchi-tl130-hero.webp,"tnt32086t52hdbl, tnt32086t52hdc, tnt32086t52hdmb, tnt32086t52hdzb, tnt40086t52hdmb, tnt40086t52hdzb","heavy-duty-front-idler-fi08801-40000, heavy-duty-rear-idler-rr08801-35600, heavy-duty-sprocket-sp08801-66210, heavy-duty-track-roller-tr08801-30000"
takeuchi-tl140,MERGE,450x100x48,https://tcykyktvdlsbscrsbjyt.supabase.co/storage/v1/object/public/machine-images/takeuchi-tl140-hero.webp,"450x100x48-rubber-track-c-block, tnt45010048hdbl, tnt45010048hdmb, tnt45010048hdsb, tnt45010048hdzb, tnt45010048sdc","heavy-duty-front-idler-fi08811-40300, heavy-duty-rear-idler-rr08811-31300, heavy-duty-sprocket-sp08811-60110, heavy-duty-sprocket-sp08821-60010, heavy-duty-track-roller-tr08811-30500"
takeuchi-tl150,MERGE,450x100x50,https://tcykyktvdlsbscrsbjyt.supabase.co/storage/v1/object/public/machine-images/takeuchi-tl150-hero.webp,"450x100x50-rubber-track-c-block, tnt45010050hdbl, tnt45010050hdmb, tnt45010050hdsb, tnt45010050hdzb, tnt45010050sdc","heavy-duty-front-idler-fi08811-40300, heavy-duty-rear-idler-rr08811-31300, heavy-duty-sprocket-sp08811-60110, heavy-duty-track-roller-tr08811-30500"
takeuchi-tl230,MERGE,320x86x52,,"tnt32086t52hdbl, tnt32086t52hdc, tnt32086t52hdmb, tnt32086t52hdzb, tnt40086t52hdzb","heavy-duty-front-idler-fi08801-40000, heavy-duty-rear-idler-rr08801-35600, heavy-duty-sprocket-sp08801-66210, heavy-duty-track-roller-tr08801-30000"
takeuchi-tl230-2,MERGE,320x86x52,,"tnt32086t52hdbl, tnt32086t52hdc, tnt32086t52hdmb, tnt32086t52hdzb","heavy-duty-front-idler-fi08801-40000, heavy-duty-rear-idler-rr08801-35600, heavy-duty-sprocket-sp08801-66210, heavy-duty-track-roller-tr08801-30000"
takeuchi-tl240,MERGE,450x100x48,https://tcykyktvdlsbscrsbjyt.supabase.co/storage/v1/object/public/machine-images/takeuchi-tl240-hero.webp,"450x100x48-rubber-track-c-block, tnt45010048hdbl, tnt45010048hdmb, tnt45010048hdsb, tnt45010048hdzb, tnt45010048sdc","heavy-duty-front-idler-fi08811-40300, heavy-duty-rear-idler-rr08811-31300, heavy-duty-sprocket-sp08811-60110, heavy-duty-track-roller-tr08811-30500"
takeuchi-tl250,MERGE,450x100x50,https://tcykyktvdlsbscrsbjyt.supabase.co/storage/v1/object/public/machine-images/takeuchi-tl250-hero.webp,"450x100x50-rubber-track-c-block, tnt45010050hdbl, tnt45010050hdmb, tnt45010050hdsb, tnt45010050hdzb, tnt45010050sdc","heavy-duty-front-idler-fi08811-40300, heavy-duty-rear-idler-rr08811-31300, heavy-duty-sprocket-sp08811-60110, heavy-duty-track-roller-tr08811-30500"
takeuchi-tl26,MERGE,320x86x48,,"sd3208648bjw, tnt32086t48hdbl",
takeuchi-tl6r,MERGE,320x86Bx50,https://tcykyktvdlsbscrsbjyt.supabase.co/storage/v1/object/public/machine-images/takeuchi-tl6r-hero.webp,"320x86x50-rubber-track-c-block, bs3208650bxd, bs3208650cxd, bs3208650mbxd, tnt3208650hdbd, tnt3208650hdbl, tnt3208650hdmb, tnt3208650hdxt, tnt3208650hdz, tnt3208650hdzb, tnt3208650sdc","heavy-duty-rear-idler-rr06813-00024, heavy-duty-sprocket-sp06816-00009, heavy-duty-track-roller-tr06813-00027"
takeuchi-tl8,MERGE,320x86x52,,"tnt32086t52hdbl, tnt32086t52hdc, tnt32086t52hdmb, tnt32086t52hdzb, tnt40086t52hdbl, tnt40086t52hdmb, tnt40086t52hdzb","heavy-duty-front-idler-fi08801-40000, heavy-duty-rear-idler-rr08801-35600, heavy-duty-sprocket-sp08801-66210, heavy-duty-track-roller-tr08801-30000"
takeuchi-tl8r2,MERGE,320x86x52,https://tcykyktvdlsbscrsbjyt.supabase.co/storage/v1/object/public/machine-images/takeuchi-tl8r2-hero.webp,"320x86x52-rubber-tracks, 400x86x52-rubber-track-c-block, bs3208652bxd, bs3208652cxd, bs3208652mbxd, bs3208652vxd, bs4008652bxd, bs4008652xdmb, tnt3208652hdbl, tnt3208652hdmb, tnt3208652hdz, tnt3208652hdzb, tnt3208652sdc, tnt4008652hdbd, tnt4008652hdbl, tnt4008652hdmb, tnt4008652hdtb, tnt4008652hdz, tnt4008652hdzb, tnt40086t52hdbl, tnt40086t52hdmb, tnt40086t52hdzb","heavy-duty-front-idler-fi06814-00019, heavy-duty-rear-idler-rr06813-00024, heavy-duty-sprocket-sp06816-00009, heavy-duty-track-roller-tr06813-00027"
terex-am37r,MERGE,300x52.5x86,,"300x52-5x86-rubber-track-mx, bs30052586rsxd, tnt300525n86hd",bo101-300
terex-pt-100,MERGE,457x101.6x51,,"639-1830, tnt457101651hdmb",heavy-duty-sprocket-tb43
terex-pt-110f,MERGE,,,"639-1830, tnt457101651hdmb",
terex-pt30,MERGE,,https://cdn.shopify.com/s/files/1/0952/1977/7823/files/kubota-skid-steer-hero.webp?v=1773971452,,
terex-pt-50,MERGE,,,381x100-5x42-rubber-track-multi-bar,"bw2101grp, heavy-duty-sprocket-tb56"
terex-pt-60,MERGE,,,381x100-5x42-rubber-track-multi-bar,"bw2101grp, heavy-duty-sprocket-tb56"
terex-pt110,MERGE,457x101.6x51,,"639-1830, tnt457101651hdmb",
terex-r190t,MERGE,,https://tcykyktvdlsbscrsbjyt.supabase.co/storage/v1/object/public/machine-images/terex-r190t-hero.webp,381x100-5x42-rubber-track-multi-bar,
terex-r265t,MERGE,457x101.6x51,https://cdn.shopify.com/s/files/1/0952/1977/7823/files/kubota-skid-steer-hero.webp?v=1773971452,"639-1830, tnt457101651hdmb",
terex-r350t,MERGE,,,"639-1830, tnt457101651hdmb",
terex-sr-80,MERGE,,,"639-1830, tnt457101651hdmb","bw10, heavy-duty-sprocket-tb39, sis39"
terex-tc37,MERGE,300x52.5x86,,st101-45-67-300-45l,
terex-tc35-2,MERGE,300x52.5x86,,"bs30052586rsxd, tnt300525n86hd",
terex-tc60,MERGE,400x72.5Wx76,,"400x72-5wx76-rubber-track-directional, st135-53-80-400-40l","bo135-400, ct135-51-72-400"
vermeer-20x22,MERGE,230x72x39,,230x72x39-rubber-track-c-block,
vermeer-ctx100,MERGE,230x72Kx45,https://tcykyktvdlsbscrsbjyt.supabase.co/storage/v1/object/public/machine-images/vermeer-ctx100-hero.webp,"bs1807245cxd, tnt18072k45hd, tnt23072k45hd",
vermeer-ctx160,MERGE,230x72Kx45,https://tcykyktvdlsbscrsbjyt.supabase.co/storage/v1/object/public/machine-images/vermeer-ctx160-hero.webp,"bs1807245cxd, tnt18072k45hd, tnt23072k45hd",
vermeer-rtx450,MERGE,381x100.5x42,,381x100-5x42-rubber-track-multi-bar,
vermeer-s400tx,MERGE,180x72x39,,"180x72x39-rubber-tracks, 230x72x39-rubber-track-c-block, bs1807239cxd, tnt1807239hd",
vermeer-s600tx,MERGE,180x72x39,https://tcykyktvdlsbscrsbjyt.supabase.co/storage/v1/object/public/machine-images/vermeer-s600tx-hero.webp,"180x72x39-rubber-tracks, 230x72x39-rubber-track-c-block, bs1807239cxd, tnt1807239hd",
vermeer-s725tx,MERGE,180x72Kx45,https://tcykyktvdlsbscrsbjyt.supabase.co/storage/v1/object/public/machine-images/vermeer-s725tx-hero.webp,"bs1807245cxd, tnt18072k45hd, tnt23072k45hd",
vermeer-s800tx,MERGE,230x72Kx45,https://tcykyktvdlsbscrsbjyt.supabase.co/storage/v1/object/public/machine-images/vermeer-s800tx-hero.webp,"bs1807245cxd, tnt18072k45hd, tnt23072k45hd",
vermeer-s925tx,MERGE,230x72Kx45,https://tcykyktvdlsbscrsbjyt.supabase.co/storage/v1/object/public/machine-images/vermeer-s925tx-hero.webp,"bs1807245cxd, tnt18072k45hd, tnt23072k45hd",
volvo-ec-20b-xtv,MERGE,230x48x72,,230x48x72-rubber-track-directional,
volvo-ec-20c,MERGE,230x48x72,,230x48x72-rubber-track-directional,
volvo-ec20,MERGE,230x48x72,,230x48x72-rubber-track-directional,
volvo-ec20b,MERGE,300x52.5Nx76,,230x48x72-rubber-track-directional,
volvo-ec-20t,MERGE,230x48x72,,230x48x72-rubber-track-directional,
volvo-ec-20tb,MERGE,230x48x72,,230x48x72-rubber-track-directional,
volvo-ec-20v,MERGE,230x48x72,,230x48x72-rubber-track-directional,
volvo-ec-20vb,MERGE,230x48x72,,230x48x72-rubber-track-directional,
volvo-ec-20xt,MERGE,230x48x72,,230x48x72-rubber-track-directional,
volvo-ec-20xtv,MERGE,230x48x72,,230x48x72-rubber-track-directional,
volvo-ec25,MERGE,300x52.5Nx78,,"300x52-5x78-rubber-track-directional, bs300525w78xd","bo101-300, bo101-350, heavy-duty-carrier-roller-cr7257873, heavy-duty-carrier-roller-crrd411-22900"
volvo-ec-25x,MERGE,300x52.5Nx78,,"300x52-5x78-rubber-track-directional, bs300525w78xd","bo101-300, bo101-350"
volvo-ec-25xt,MERGE,300x52.5Nx78,,"300x52-5x78-rubber-track-directional, bs300525w78xd","bo101-300, bo101-350"
volvo-ec27c,MERGE,300x52.5Nx78,,"300x52-5x78-rubber-track-directional, bs300525w78xd","bo101-300, bo101-350, heavy-duty-carrier-roller-cr1180-9221, heavy-duty-carrier-roller-cr7257873"
volvo-ec27d,MERGE,300x52.5Nx78,https://tcykyktvdlsbscrsbjyt.supabase.co/storage/v1/object/public/machine-images/volvo-ec27d-hero.webp,"300x52-5x78-rubber-track-directional, bs300525w78xd","bo101-300, bo101-350, heavy-duty-carrier-roller-cr1180-9221"
volvo-ec30,MERGE,300x52.5Nx78,,"300x52-5x78-rubber-track-directional, bs300525w78xd","bo101-300, bo101-350, heavy-duty-carrier-roller-cr7257873, heavy-duty-carrier-roller-crrd411-22900"
volvo-ec-30b,MERGE,300x52.5Nx78,,"300x52-5x78-rubber-track-directional, bs300525w78xd","bo101-300, bo101-350"
volvo-ec-30x,MERGE,300x52.5Nx78,,"300x52-5x78-rubber-track-directional, bs300525w78xd","bo101-300, bo101-350"
volvo-ec-35,MERGE,300x52.5Nx84,,"bs300525w84xd, tnt300525w84hd","bo101-300, bo101-350, heavy-duty-carrier-roller-cr1180-9221, heavy-duty-carrier-roller-cr7257873"
volvo-ec35c,MERGE,300x52.5Nx84,,"bs300525w84xd, tnt300525w84hd","bo101-300, bo101-350, heavy-duty-carrier-roller-cr1180-9221"
volvo-ec35d,MERGE,300x52.5Nx84,https://tcykyktvdlsbscrsbjyt.supabase.co/storage/v1/object/public/machine-images/volvo-ec35d-hero.webp,"bs300525w84xd, tnt300525w84hd","bo101-300, bo101-350, heavy-duty-carrier-roller-cr1180-9221"
volvo-ec55,MERGE,400x72.5Kx74,,"400x72-5x74-rubber-track-directional, bs400725w74xd, ht135-53-80-400-39l, st135-53-80-400-39l",heavy-duty-carrier-roller-cr1181-00430
volvo-ec55b,MERGE,400x72.5Kx74,,"400x72-5x74-rubber-track-directional, bs400725w74xd, st135-53-80-400-39l","bo135-400, ct135-51-72-400, heavy-duty-carrier-roller-cr1181-00430"
volvo-ec55c,MERGE,400x72.5Kx74,https://tcykyktvdlsbscrsbjyt.supabase.co/storage/v1/object/public/machine-images/volvo-ec55c-hero.webp,"400x72-5x74-rubber-track-directional, bs400725w74xd, ht135-53-80-400-39l, st135-53-80-400-39l",
volvo-ecr25d,MERGE,300x52.5Nx78,https://tcykyktvdlsbscrsbjyt.supabase.co/storage/v1/object/public/machine-images/volvo-ecr25d-hero.webp,,
volvo-ecr28,MERGE,300x52.5Nx78,,"300x52-5x78-rubber-track-directional, bs300525w78xd","bo101-300, bo101-350, heavy-duty-carrier-roller-cr1180-9221"
volvo-ecr38,MERGE,300x52.5Nx84,,"bs300525w84xd, tnt300525w84hd","bo101-350, heavy-duty-carrier-roller-cr1180-9221"
volvo-ecr48c,MERGE,400x72.5Kx72,,"400x72-5x72-rubber-track-directional, bs400725w72xd, st135-53-80-400-38l, tnt400725w72xd",
volvo-ecr-50d,MERGE,400x72.5Kx74,,"400x72-5x74-rubber-track-directional, bs400725w74xd, ht135-53-80-400-39l, st135-53-80-400-39l",
volvo-ecr55d,MERGE,400x72.5Wx76,,"400x72-5wx76-rubber-track-directional, st135-53-80-400-40l",
volvo-ecr58,MERGE,400x72.5Kx74,,"400x72-5x74-rubber-track-directional, bs400725w74xd, st135-53-80-400-39l","bo135-400, ct135-51-72-400, heavy-duty-carrier-roller-cr1181-00430"
volvo-ecr58d,MERGE,400x72.5Kx74,https://tcykyktvdlsbscrsbjyt.supabase.co/storage/v1/object/public/machine-images/volvo-ecr58d-hero.webp,"400x72-5x74-rubber-track-directional, bs400725w74xd, ht135-53-80-400-39l, st135-53-80-400-39l",ct135-53-80-400
volvo-ecr88,MERGE,450x81Nx76,,"bs45081w76xd, ht154-58-90-450-40l, st154-58-90-450-39l, tnt45081w76hd","bo154-450, co154-450, ct154-58-89-450"
volvo-ecr88d,MERGE,450x81Nx76,https://tcykyktvdlsbscrsbjyt.supabase.co/storage/v1/object/public/machine-images/volvo-ecr88d-hero.webp,450x71x82-rubber-track-directional,
volvo-mct110c,MERGE,450x86Bx56,,"450x86x56-rubber-track-multi-bar, bs4008656bxd, bs4508656bxd, bs4508656mbxd, bs4508656vxd, bs4508656xdzb, tnt4008656hdbl, tnt4508656hdbd, tnt4508656hdbl, tnt4508656hdc, tnt4508656hdxt, tnt4508656hdz, tnt4508656hdzb, tnt4508656sdbl, tnt4508656sdc","heavy-duty-idler-fiid2076, heavy-duty-track-roller-trid2802"
volvo-mct125c,MERGE,450x86Bx56,https://tcykyktvdlsbscrsbjyt.supabase.co/storage/v1/object/public/machine-images/volvo-mct125c-hero.webp,"450x86x56-rubber-track-multi-bar, bs4508656bxd, bs4508656mbxd, bs4508656vxd, bs4508656xdzb, tnt4508656hdbd, tnt4508656hdbl, tnt4508656hdc, tnt4508656hdxt, tnt4508656hdz, tnt4508656hdzb, tnt4508656sdbl, tnt4508656sdc","heavy-duty-idler-fiid2076, heavy-duty-track-roller-trid2802"
volvo-mct135c,MERGE,450x86Bx56,https://tcykyktvdlsbscrsbjyt.supabase.co/storage/v1/object/public/machine-images/volvo-mct135c-hero.webp,"450x86x56-rubber-track-multi-bar, bs4508656bxd, bs4508656mbxd, bs4508656vxd, bs4508656xdzb, tnt4508656hdbd, tnt4508656hdbl, tnt4508656hdc, tnt4508656hdxt, tnt4508656hdz, tnt4508656hdzb, tnt4508656sdbl, tnt4508656sdc","heavy-duty-idler-fiid2076, heavy-duty-track-roller-trid2802"
volvo-mct145c,MERGE,450x86Bx56,https://tcykyktvdlsbscrsbjyt.supabase.co/storage/v1/object/public/machine-images/volvo-mct145c-hero.webp,"450x86x56-rubber-track-multi-bar, bs4508656bxd, bs4508656mbxd, bs4508656vxd, bs4508656xdzb, tnt4508656hdbd, tnt4508656hdbl, tnt4508656hdc, tnt4508656hdxt, tnt4508656hdz, tnt4508656hdzb, tnt4508656sdbl, tnt4508656sdc","heavy-duty-idler-fiid2076, heavy-duty-track-roller-trid2802"
volvo-mct85c,MERGE,320x86Bx50,,"320x86x50-rubber-track-c-block, bs3208650bxd, bs3208650cxd, bs3208650mbxd, tnt3208650hdbd, tnt3208650hdbl, tnt3208650hdmb, tnt3208650hdxt, tnt3208650hdz, tnt3208650hdzb, tnt3208650sdc","heavy-duty-idler-fiid2076, heavy-duty-track-roller-trid2802"
wacker-neuson-3503,MERGE,300x52.5Nx84,,"bs300525w84xd, tnt300525w84hd",bo101-350
wacker-neuson-5002,MERGE,400x72.5Kx74,,"400x72-5x74-rubber-track-directional, bs400725w74xd, st135-53-80-400-39l","bo135-400, ct135-51-72-400"
wacker-neuson-50z-3,MERGE,400x72.5Kx74,,"400x72-5x74-rubber-track-directional, bs400725w74xd","bo135-400, ct135-51-72-400"
wacker-neuson-6003,MERGE,400x72.5Kx74,,"400x72-5x74-rubber-track-directional, bs400725w74xd, st135-53-80-400-39l","bo135-400, ct135-51-72-400"
wacker-neuson-ez17,MERGE,230x48x72,https://cdn.shopify.com/s/files/1/0952/1977/7823/files/wacker-skid-steer-hero.webp?v=1773971452,"230x48x62-rubber-track-directional, 230x48x72-rubber-track-directional",
wacker-neuson-ez38,MERGE,300x52.5Nx84,,"bs300525w84xd, tnt300525w84hd",
wacker-neuson-ez50,MERGE,400x72.5Kx74,,"400x72-5x74-rubber-track-directional, bs400725w74xd, ht135-53-80-400-39l, st135-53-80-400-39l",
wacker-neuson-ez53,MERGE,400x72.5Kx74,,"400x72-5x74-rubber-track-directional, bs400725w74xd, ht135-53-80-400-39l, st135-53-80-400-39l",
wacker-neuson-st28,MERGE,320x86x52,,"320x86x52-rubber-tracks, 400x86x52-rubber-track-c-block, bs3208652bxd, bs3208652cxd, bs3208652mbxd, bs3208652vxd, bs4008652bxd, bs4008652xdmb, tnt3208652hdbl, tnt3208652hdmb, tnt3208652hdz, tnt3208652hdzb, tnt3208652sdc, tnt32086t52hdbl, tnt32086t52hdc, tnt32086t52hdmb, tnt32086t52hdzb, tnt4008652hdbd, tnt4008652hdbl, tnt4008652hdmb, tnt4008652hdtb, tnt4008652hdz, tnt4008652hdzb",heavy-duty-front-idler-fi7240006
wacker-neuson-st31,MERGE,320x86x52,https://tcykyktvdlsbscrsbjyt.supabase.co/storage/v1/object/public/machine-images/wacker-neuson-st31-hero.webp,"320x86x52-rubber-tracks, 400x86x52-rubber-track-c-block, bs3208652bxd, bs3208652cxd, bs3208652mbxd, bs3208652vxd, bs4008652bxd, bs4008652xdmb, tnt3208652hdbl, tnt3208652hdmb, tnt3208652hdz, tnt3208652hdzb, tnt3208652sdc, tnt32086t52hdbl, tnt32086t52hdc, tnt32086t52hdmb, tnt32086t52hdzb, tnt4008652hdbd, tnt4008652hdbl, tnt4008652hdmb, tnt4008652hdtb, tnt4008652hdz, tnt4008652hdzb",heavy-duty-front-idler-fi7240006
wacker-neuson-st35,MERGE,450x86Bx56,,"450x86x56-rubber-track-multi-bar, bs4508656bxd, bs4508656mbxd, bs4508656vxd, bs4508656xdzb, tnt4508656hdbd, tnt4508656hdbl, tnt4508656hdc, tnt4508656hdxt, tnt4508656hdz, tnt4508656hdzb, tnt4508656sdbl, tnt4508656sdc","heavy-duty-front-idler-fi7240006, heavy-duty-rear-idler-rr275574"
wacker-neuson-st45,MERGE,450x86Bx56,https://tcykyktvdlsbscrsbjyt.supabase.co/storage/v1/object/public/machine-images/wacker-neuson-st45-hero.webp,"450x86x56-rubber-track-multi-bar, bs4508656bxd, bs4508656mbxd, bs4508656vxd, bs4508656xdzb, tnt4508656hdbd, tnt4508656hdbl, tnt4508656hdc, tnt4508656hdxt, tnt4508656hdz, tnt4508656hdzb, tnt4508656sdbl, tnt4508656sdc","heavy-duty-front-idler-fi7240006, heavy-duty-rear-idler-rr275574"
wacker-neuson-st50,MERGE,450x86Bx58,https://tcykyktvdlsbscrsbjyt.supabase.co/storage/v1/object/public/machine-images/wacker-neuson-st50-hero.webp,"450x86x58-rubber-track-zig-zag, bs4508658bxd, bs4508658cxd, bs4508658mbxd, bs4508658vxd, bs4508658xdzb, tnt4508658hdbd, tnt4508658hdbl, tnt4508658hdc, tnt4508658hdmb, tnt4508658hdxt, tnt4508658hdz, tnt4508658sdc","heavy-duty-front-idler-fi7240006, heavy-duty-rear-idler-rr275574"
yanmar-t210,MERGE,450x86Bx56,https://tcykyktvdlsbscrsbjyt.supabase.co/storage/v1/object/public/machine-images/yanmar-t210-hero.webp,,
yanmar-t175,MERGE,320x86Bx54,,"tnt3208654hdbl, tnt3208654hdmb","heavy-duty-front-idler-fi271005, heavy-duty-rear-idler-rr275574, heavy-duty-sprocket-spid2711"
yanmar-vio-50-3-offset-type,MERGE,400x75.5x74,,400x75-5yx74-rubber-track-directional,
yanmar-vio-55-cr-offset-type,MERGE,400x75.5x74,,400x75-5yx74-rubber-track-directional,
yanmar-vio-45v-offset-type,MERGE,400x75.5x74,,400x75-5yx74-rubber-track-directional,
yanmar-vio-50v-offset-type,MERGE,400x75.5x74,,400x75-5yx74-rubber-track-directional,
yanmar-vio-27-2-offset-type,MERGE,,,,"bo101-350, heavy-duty-track-roller-tr772450-37300"
yanmar-vio-27-3-offset-type,MERGE,,,,"bo101-350, heavy-duty-track-roller-tr772450-37300"
yanmar-vio-27-5-offset-type,MERGE,,,,bo101-350
yanmar-vio-35-6a,MERGE,300x52.5Kx88,,"300x52-5kx88-rubber-track-directional, st101-45-67-300-45l","bo101-350, heavy-duty-track-roller-tr772450-37300"
yanmar-vio-40-1-offset-type,MERGE,400x75.5x74,,tnt35075574hd,
yanmar-vio-40-2-offset-type,MERGE,400x75.5x74,,tnt35075574hd,
yanmar-vio-40v-offset-type,MERGE,400x75.5x74,,tnt35075574hd,
yanmar-vio-45-offset-type,MERGE,400x75.5x74,,"400x75-5yx74-rubber-track-directional, tnt35075574hd",
yanmar-vio-45-5-offset-type,MERGE,400x75.5x74,,"400x75-5yx74-rubber-track-directional, tnt35075574hd",
yanmar-vio45-6a,MERGE,400x72.5Wx76,,"400x72-5wx76-rubber-track-directional, st135-53-80-400-40l",
yanmar-vio-45-cr-offset-type,MERGE,400x75.5x74,,"400x75-5yx74-rubber-track-directional, tnt35075574hd",
yanmar-vio-50-1-offset-type,MERGE,400x75.5x74,,"400x75-5yx74-rubber-track-directional, tnt35075574hd","bo135-400, ct135-51-72-400"
yanmar-vio-50-2-offset-type,MERGE,400x75.5x74,,"400x75-5yx74-rubber-track-directional, tnt35075574hd","bo135-400, ct135-51-72-400"
yanmar-vio-55-offset-type,MERGE,400x75.5x74,,400x75-5yx74-rubber-track-directional,"bo135-400, ct135-51-72-400"
yanmar-vio-55-5-offset-type,MERGE,400x75.5x74,,400x75-5yx74-rubber-track-directional,"bo135-400, ct135-51-72-400"
