Handle,Command,Title,Body HTML,Vendor,Type,Tags,Status,Published,Published Scope,Template Suffix,Top Row,Option1 Name,Option1 Value,Option2 Name,Option2 Value,Option3 Name,Option3 Value,Variant SKU,Variant Price,Variant Compare At Price,Variant Cost,Variant Weight,Variant Weight Unit,Variant Inventory Policy,Variant Inventory Tracker,Variant Fulfillment Service,Variant Requires Shipping,Variant Taxable,Image Src,Image Position,Image Alt Text,Variant Metafield: custom.attachment_specs [json]
cid-3-point-hitch-quick-attach,MERGE,3-Point Hitch Quick Attach,"<p><strong>3-Point Hitch Quick Attach</strong> is a jobsite-ready CID attachment for contractors who need dependable performance without wasted downtime.</p><ul><li><strong>Heavy-duty build</strong> for construction, grading, land clearing, and material handling.</li><li><strong>Machine compatibility support</strong> — confirm coupler, mount, hydraulic flow, and sizing before purchase.</li><li><strong>Freight support</strong> available for large attachments.</li></ul><p>Heavy Iron Supply Co. supplies CID attachments, rubber tracks, and undercarriage parts nationwide.</p>",CID Attachments,Skid Steer Attachment,"Attachment, cid-attachments, other",Active,TRUE,web,attachment,TRUE,Size,3PTQAP,,,,,3PTQAP,561.20,634.40,488.00,154,lb,continue,,manual,True,True,,,,
cid-3-point-hitch-quick-attach,,,,,,,,,,,,Size,3PTQAPCAT2,,,,,3PTQAPCAT2,910.80,1029.60,792.00,251,lb,continue,,manual,True,True,,,,
cid-auger-bits,MERGE,CID Auger Bits & Adapters,"<p><strong>CID Auger Bits & Adapters</strong> is a jobsite-ready CID attachment for contractors who need dependable performance without wasted downtime.</p><ul><li><strong>Heavy-duty build</strong> for construction, grading, land clearing, and material handling.</li><li><strong>Machine compatibility support</strong> — confirm coupler, mount, hydraulic flow, and sizing before purchase.</li><li><strong>Freight support</strong> available for large attachments.</li></ul><p>Heavy Iron Supply Co. supplies CID attachments, rubber tracks, and undercarriage parts nationwide.</p>",CID Attachments,Skid Steer Attachment,"Attachment, cid-attachments, auger, forks, other",Active,TRUE,web,attachment,TRUE,Size,CID8002M,,,,,CID8002M,473.80,535.60,412.00,,,continue,,manual,True,True,,,,
cid-auger-bits,,,,,,,,,,,,Size,CID8005M,,,,,CID8005M,276.00,312.00,240.00,,,continue,,manual,True,True,,,,
cid-auger-bits,,,,,,,,,,,,Size,CID8008M,,,,,CID8008M,276.00,312.00,240.00,,,continue,,manual,True,True,,,,
cid-auger-bits,,,,,,,,,,,,Size,CID8010M,,,,,CID8010M,569.25,643.50,495.00,,,continue,,manual,True,True,,,,
cid-auger-bits,,,,,,,,,,,,Size,"30""",,,,,CID8030,1162.65,1314.30,1011.00,199,lb,continue,,manual,True,True,,,,
cid-auger-bits,,,,,,,,,,,,Size,"36""",,,,,CID8050,1451.30,1640.60,1262.00,261,lb,continue,,manual,True,True,,,,
cid-auger-bits,,,,,,,,,,,,Size,"4""",,,,,CID8081,354.20,400.40,308.00,42,lb,continue,,manual,True,True,,,,
cid-auger-bits,,,,,,,,,,,,Size,"15""",,,,,CID8083,654.35,739.70,569.00,103,lb,continue,,manual,True,True,,,,
cid-auger-bits,,,,,,,,,,,,Size,"2""",,,,,CID8084,259.90,293.80,226.00,15,lb,continue,,manual,True,True,,,,
cid-auger-bits,,,,,,,,,,,,Size,"18""",,,,,CID8086,767.05,867.10,667.00,,,continue,,manual,True,True,,,,
cid-auger-bits,,,,,,,,,,,,Size,"30""",,,,,CID8130,1162.65,1314.30,1011.00,193,lb,continue,,manual,True,True,,,,
cid-auger-bits,,,,,,,,,,,,Size,"6""",,,,,CID9092,373.75,422.50,325.00,48,lb,continue,,manual,True,True,,,,
cid-auger-bits,,,,,,,,,,,,Size,"24""",,,,,CID9093,1023.50,1157.00,890.00,,,continue,,manual,True,True,,,,
cid-auger-bits,,,,,,,,,,,,Size,"4""",,,,,CID9100,354.20,400.40,308.00,,,continue,,manual,True,True,,,,
cid-auger-bits,,,,,,,,,,,,Size,"4""",,,,,CID9107,372.60,421.20,324.00,47,lb,continue,,manual,True,True,,,,
cid-auger-bits,,,,,,,,,,,,Size,"6""",,,,,CID9108,416.30,470.60,362.00,50,lb,continue,,manual,True,True,,,,
cid-auger-bits,,,,,,,,,,,,Size,"9""",,,,,CID9110,496.80,561.60,432.00,95,lb,continue,,manual,True,True,,,,
cid-auger-bits,,,,,,,,,,,,Size,"12""",,,,,CID9112,596.85,674.70,519.00,118,lb,continue,,manual,True,True,,,,
cid-auger-bits,,,,,,,,,,,,Size,"15""",,,,,CID9113,703.80,795.60,612.00,133,lb,continue,,manual,True,True,,,,
cid-auger-bits,,,,,,,,,,,,Size,"24""",,,,,CID9114,1023.50,1157.00,890.00,145,lb,continue,,manual,True,True,,,,
cid-auger-bits,,,,,,,,,,,,Size,"18""",,,,,CID9115,856.75,968.50,745.00,166,lb,continue,,manual,True,True,,,,
cid-auger-bits,,,,,,,,,,,,Size,"20""",,,,,CID9116,1063.75,1202.50,925.00,185,lb,continue,,manual,True,True,,,,
cid-auger-bits,,,,,,,,,,,,Size,"24""",,,,,CID9117,1152.30,1302.60,1002.00,201,lb,continue,,manual,True,True,,,,
cid-auger-bits,,,,,,,,,,,,Size,"30""",,,,,CID9118,1522.60,1721.20,1324.00,280,lb,continue,,manual,True,True,,,,
cid-auger-bits,,,,,,,,,,,,Size,"36""",,,,,CID9119,1853.80,2095.60,1612.00,448,lb,continue,,manual,True,True,,,,
cid-auger-bits,,,,,,,,,,,,Size,"48""",,,,,CID9120,522.10,590.20,454.00,56,lb,continue,,manual,True,True,,,,
cid-auger-bits,,,,,,,,,,,,Size,"60""",,,,,CID9121,607.20,686.40,528.00,69,lb,continue,,manual,True,True,,,,
cid-auger-bits,,,,,,,,,,,,Size,"60""",,,,,CID9123,607.20,686.40,528.00,96,lb,continue,,manual,True,True,,,,
cid-auger-bits,,,,,,,,,,,,Size,"18""",,,,,CID9124,811.90,917.80,706.00,144,lb,continue,,manual,True,True,,,,
cid-auger-bits,,,,,,,,,,,,Size,"24""",,,,,CID9125,936.10,1058.20,814.00,179,lb,continue,,manual,True,True,,,,
cid-auger-bits,,,,,,,,,,,,Size,"30""",,,,,CID9126,1290.30,1458.60,1122.00,264,lb,continue,,manual,True,True,,,,
cid-auger-bits,,,,,,,,,,,,Size,"36""",,,,,CID9127,1551.35,1753.70,1349.00,352,lb,continue,,manual,True,True,,,,
cid-auger-bits,,,,,,,,,,,,Size,"18""",,,,,CID9128,749.80,847.60,652.00,144,lb,continue,,manual,True,True,,,,
cid-auger-bits,,,,,,,,,,,,Size,"24""",,,,,CID9129,883.20,998.40,768.00,200,lb,continue,,manual,True,True,,,,
cid-auger-bits,,,,,,,,,,,,Size,"30""",,,,,CID9130,1230.50,1391.00,1070.00,268,lb,continue,,manual,True,True,,,,
cid-auger-bits,,,,,,,,,,,,Size,"36""",,,,,CID9131,1484.65,1678.30,1291.00,295,lb,continue,,manual,True,True,,,,
cid-auger-bits,,,,,,,,,,,,Size,"24""",,,,,CID9132,348.45,393.90,303.00,33,lb,continue,,manual,True,True,,,,
cid-auger-bits,,,,,,,,,,,,Size,"36""",,,,,CID9133,434.70,491.40,378.00,62,lb,continue,,manual,True,True,,,,
cid-auger-bits,,,,,,,,,,,,Size,"12""",,,,,CID9134,535.90,605.80,466.00,91,lb,continue,,manual,True,True,,,,
cid-auger-bits,,,,,,,,,,,,Size,"16""",,,,,CID9135,259.90,293.80,226.00,15,lb,continue,,manual,True,True,,,,
cid-auger-bits,,,,,,,,,,,,Size,"6""",,,,,CID9136,376.05,425.10,327.00,51,lb,continue,,manual,True,True,,,,
cid-auger-bits,,,,,,,,,,,,Size,"9""",,,,,CID9137,496.80,561.60,432.00,95,lb,continue,,manual,True,True,,,,
cid-auger-bits,,,,,,,,,,,,Size,"12""",,,,,CID9138,596.85,674.70,519.00,118,lb,continue,,manual,True,True,,,,
cid-auger-bits,,,,,,,,,,,,Size,"15""",,,,,CID9139,703.80,795.60,612.00,132,lb,continue,,manual,True,True,,,,
cid-auger-bits,,,,,,,,,,,,Size,"18""",,,,,CID9140,856.75,968.50,745.00,166,lb,continue,,manual,True,True,,,,
cid-auger-bits,,,,,,,,,,,,Size,"16""",,,,,CID9141,259.90,293.80,226.00,15,lb,continue,,manual,True,True,,,,
cid-auger-bits,,,,,,,,,,,,Size,"20""",,,,,CID9142,1063.75,1202.50,925.00,185,lb,continue,,manual,True,True,,,,
cid-auger-bits,,,,,,,,,,,,Size,"24""",,,,,CID9143,1202.90,1359.80,1046.00,200,lb,continue,,manual,True,True,,,,
cid-auger-bits,,,,,,,,,,,,Size,"30""",,,,,CID9144,1522.60,1721.20,1324.00,278,lb,continue,,manual,True,True,,,,
cid-auger-bits,,,,,,,,,,,,Size,"36""",,,,,CID9145,1853.80,2095.60,1612.00,448,lb,continue,,manual,True,True,,,,
cid-auger-bits,,,,,,,,,,,,Size,"12""",,,,,CID9146,1293.75,1462.50,1125.00,138,lb,continue,,manual,True,True,,,,
cid-auger-bits,,,,,,,,,,,,Size,"9""",,,,,CID9147,1136.20,1284.40,988.00,112,lb,continue,,manual,True,True,,,,
cid-auger-bits,,,,,,,,,,,,Size,"9""",,,,,CID9148,1136.20,1284.40,988.00,112,lb,continue,,manual,True,True,,,,
cid-auger-bits,,,,,,,,,,,,Size,"12""",,,,,CID9149,1293.75,1462.50,1125.00,138,lb,continue,,manual,True,True,,,,
cid-auger-bits,,,,,,,,,,,,Size,"9""",,,,,CID9150,460.00,520.00,400.00,78,lb,continue,,manual,True,True,,,,
cid-auger-bits,,,,,,,,,,,,Size,"15""",,,,,CID9152,654.35,739.70,569.00,107,lb,continue,,manual,True,True,,,,
cid-auger-bits,,,,,,,,,,,,Size,"4""",,,,,CID9153,372.60,421.20,324.00,47,lb,continue,,manual,True,True,,,,
cid-auger-bits,,,,,,,,,,,,Size,"12""",,,,,CID9156,535.90,605.80,466.00,91,lb,continue,,manual,True,True,,,,
cid-auger-bits,,,,,,,,,,,,Size,"48""",,,,,CID9157,522.10,590.20,454.00,79,lb,continue,,manual,True,True,,,,
cid-auger-bits,,,,,,,,,,,,Size,"6""",,,,,CID9163,1001.65,1132.30,871.00,85,lb,continue,,manual,True,True,,,,
cid-auger-bits,,,,,,,,,,,,Size,"4""",,,,,CID9164,978.65,1106.30,851.00,,,continue,,manual,True,True,,,,
cid-auger-bits,,,,,,,,,,,,Size,"16""",,,,,CID9167,259.90,293.80,226.00,15,lb,continue,,manual,True,True,,,,
cid-auger-bits,,,,,,,,,,,,Size,"9""",,,,,CID9168,460.00,520.00,400.00,83,lb,continue,,manual,True,True,,,,
cid-auger-bits,,,,,,,,,,,,Size,"6""",,,,,CID9169,854.45,965.90,743.00,85,lb,continue,,manual,True,True,,,,
cid-auger-bits,,,,,,,,,,,,Size,"4""",,,,,CID9172,836.05,945.10,727.00,,,continue,,manual,True,True,,,,
cid-auger-bits,,,,,,,,,,,,Size,"18""",,,,,CID9173,767.05,867.10,667.00,124,lb,continue,,manual,True,True,,,,
cid-auger-bits,,,,,,,,,,,,Size,"36""",,,,,CID9174,434.70,491.40,378.00,45,lb,continue,,manual,True,True,,,,
cid-auger-bits,,,,,,,,,,,,Size,"24""",,,,,CID9178,348.45,393.90,303.00,44,lb,continue,,manual,True,True,,,,
cid-auger-bits,,,,,,,,,,,,Size,"36""",,,,,CID9179,1451.30,1640.60,1262.00,261,lb,continue,,manual,True,True,,,,
cid-auger-bits,,,,,,,,,,,,Size,"18""",,,,,CID9181,2239.05,2531.10,1947.00,201,lb,continue,,manual,True,True,,,,
cid-auger-bits,,,,,,,,,,,,Size,"18""",,,,,CID9182,2239.05,2531.10,1947.00,201,lb,continue,,manual,True,True,,,,
cid-auger-bits,,,,,,,,,,,,Size,"24""",,,,,CID9183,2702.50,3055.00,2350.00,291,lb,continue,,manual,True,True,,,,
cid-auger-bits,,,,,,,,,,,,Size,"42""",,,,,CID9234,207.00,234.00,180.00,98,lb,continue,,manual,True,True,,,,
cid-auger-bits,,,,,,,,,,,,Size,"48""",,,,,CID9235,226.55,256.10,197.00,108,lb,continue,,manual,True,True,,,,
cid-auger-bits,,,,,,,,,,,,Size,"42""",,,,,CID9236,200.10,226.20,174.00,90,lb,continue,,manual,True,True,,,,
cid-auger-bits,,,,,,,,,,,,Size,"48""",,,,,CID9241,213.90,241.80,186.00,100,lb,continue,,manual,True,True,,,,
cid-auger-bits,,,,,,,,,,,,Size,"60""",,,,,CID9245,460.00,520.00,400.00,184,lb,continue,,manual,True,True,,,,
cid-auger-bits,,,,,,,,,,,,Size,"72""",,,,,CID9250,553.15,625.30,481.00,224,lb,continue,,manual,True,True,,,,
cid-auger-bits,,,,,,,,,,,,Size,"72""",,,,,CID9251,434.70,491.40,378.00,144,lb,continue,,manual,True,True,,,,
cid-auger-bits,,,,,,,,,,,,Size,"96""",,,,,CID9258,726.80,821.60,632.00,289,lb,continue,,manual,True,True,,,,
cid-auger-bits,,,,,,,,,,,,Size,"20""",,,,,CID9443,895.85,1012.70,779.00,,,continue,,manual,True,True,,,,
cid-auger-bits,,,,,,,,,,,,Size,"20""",,,,,CID9444,895.85,1012.70,779.00,126,lb,continue,,manual,True,True,,,,
cid-auger-bits,,,,,,,,,,,,Size,"24""",,,,,CID9990,2702.50,3055.00,2350.00,291,lb,continue,,manual,True,True,,,,
cid-auger-bits,,,,,,,,,,,,Size,"6""",,,,,CID9991,373.75,422.50,325.00,,,continue,,manual,True,True,,,,
cid-auger-drive,MERGE,CID Auger Drive,"<p><strong>CID Auger Drive</strong> is a jobsite-ready CID attachment for contractors who need dependable performance without wasted downtime.</p><ul><li><strong>Heavy-duty build</strong> for construction, grading, land clearing, and material handling.</li><li><strong>Machine compatibility support</strong> — confirm coupler, mount, hydraulic flow, and sizing before purchase.</li><li><strong>Freight support</strong> available for large attachments.</li></ul><p>Heavy Iron Supply Co. supplies CID attachments, rubber tracks, and undercarriage parts nationwide.</p>",CID Attachments,Skid Steer Attachment,"Attachment, cid-attachments, auger",Active,TRUE,web,attachment,TRUE,Size,XHAD,,,,,XHAD,2774.95,3136.90,2413.00,361,lb,continue,,manual,True,True,,,,
cid-backhoe-bucket,MERGE,CID Backhoe Bucket,"<p><strong>CID Backhoe Bucket</strong> is a jobsite-ready CID attachment for contractors who need dependable performance without wasted downtime.</p><ul><li><strong>Heavy-duty build</strong> for construction, grading, land clearing, and material handling.</li><li><strong>Machine compatibility support</strong> — confirm coupler, mount, hydraulic flow, and sizing before purchase.</li><li><strong>Freight support</strong> available for large attachments.</li></ul><p>Heavy Iron Supply Co. supplies CID attachments, rubber tracks, and undercarriage parts nationwide.</p>",CID Attachments,Skid Steer Attachment,"Attachment, cid-attachments, bucket",Active,TRUE,web,attachment,TRUE,Size,"12""",,,,,XBHB12,468.05,529.10,407.00,119,lb,continue,,manual,True,True,https://cdn.bfldr.com/71PUUW3G/at/stptvhwk93s8j9hftpqrb34/CID-Skid-Steer-Back-Hoe-Bucket.jpg?auto=webp&format=png,1,CID Backhoe Bucket,"{""mpn"":""XBHB12"",""fits"":""Skid steer backhoe attachment"",""brand"":""CID"",""family"":""Backhoe Bucket"",""width_in"":12,""weight_lbs"":119,""availability"":""MadeToOrder"",""cutting_edge"":""Smooth"",""product_type"":""Bucket"",""has_teeth"":false,""sku"":""XBHB12"",""family_handle"":""cid-backhoe-bucket"",""family_title"":""CID Backhoe Bucket""}"
cid-backhoe-bucket,,,,,,,,,,,,Size,"16""",,,,,XBHB16,531.30,600.60,462.00,132,lb,continue,,manual,True,True,,,,"{""mpn"":""XBHB16"",""fits"":""Skid steer backhoe attachment"",""brand"":""CID"",""family"":""Backhoe Bucket"",""width_in"":16,""weight_lbs"":132,""availability"":""MadeToOrder"",""cutting_edge"":""Smooth"",""product_type"":""Bucket"",""has_teeth"":false,""sku"":""XBHB16"",""family_handle"":""cid-backhoe-bucket"",""family_title"":""CID Backhoe Bucket""}"
cid-backhoe-bucket,,,,,,,,,,,,Size,"20""",,,,,XBHB20,611.80,691.60,532.00,156,lb,continue,,manual,True,True,,,,"{""mpn"":""XBHB20"",""fits"":""Skid steer backhoe attachment"",""brand"":""CID"",""family"":""Backhoe Bucket"",""width_in"":20,""weight_lbs"":156,""availability"":""MadeToOrder"",""cutting_edge"":""Smooth"",""product_type"":""Bucket"",""has_teeth"":false,""sku"":""XBHB20"",""family_handle"":""cid-backhoe-bucket"",""family_title"":""CID Backhoe Bucket""}"
cid-backhoe-bucket,,,,,,,,,,,,Size,"24""",,,,,XBHB24,675.05,763.10,587.00,170,lb,continue,,manual,True,True,,,,"{""mpn"":""XBHB24"",""fits"":""Skid steer backhoe attachment"",""brand"":""CID"",""family"":""Backhoe Bucket"",""width_in"":24,""weight_lbs"":170,""availability"":""MadeToOrder"",""cutting_edge"":""Smooth"",""product_type"":""Bucket"",""has_teeth"":false,""sku"":""XBHB24"",""family_handle"":""cid-backhoe-bucket"",""family_title"":""CID Backhoe Bucket""}"
cid-backhoe-bucket,,,,,,,,,,,,Size,"8""",,,,,XBHB8,414.00,468.00,360.00,94,lb,continue,,manual,True,True,,,,"{""mpn"":""XBHB8"",""fits"":""Skid steer backhoe attachment"",""brand"":""CID"",""family"":""Backhoe Bucket"",""weight_lbs"":94,""availability"":""MadeToOrder"",""cutting_edge"":""Smooth"",""product_type"":""Bucket"",""has_teeth"":false,""width_in"":8,""sku"":""XBHB8"",""family_handle"":""cid-backhoe-bucket"",""family_title"":""CID Backhoe Bucket""}"
cid-backhoe-bucket,,,,,,,,,,,,Size,XBHSTA,,,,,XBHSTA,2057.35,2325.70,1789.00,394,lb,continue,,manual,True,True,,,,
cid-backhoe-bucket,,,,,,,,,,,,Size,XBHSWA,,,,,XBHSWA,4253.85,4808.70,3699.00,571,lb,continue,,manual,True,True,,,,
cid-backhoe-bucket,,,,,,,,,,,,Size,XBHT,,,,,XBHT,161.00,182.00,140.00,31,lb,continue,,manual,True,True,,,,
cid-backhoe-frame,MERGE,CID Backhoe Frame,"<p><strong>CID Backhoe Frame</strong> is a jobsite-ready CID attachment for contractors who need dependable performance without wasted downtime.</p><ul><li><strong>Heavy-duty build</strong> for construction, grading, land clearing, and material handling.</li><li><strong>Machine compatibility support</strong> — confirm coupler, mount, hydraulic flow, and sizing before purchase.</li><li><strong>Freight support</strong> available for large attachments.</li></ul><p>Heavy Iron Supply Co. supplies CID attachments, rubber tracks, and undercarriage parts nationwide.</p>",CID Attachments,Skid Steer Attachment,"Attachment, cid-attachments, forks",Active,TRUE,web,attachment,TRUE,Size,BHFRAME,,,,,BHFRAME,928.05,1049.10,807.00,,,continue,,manual,True,True,,,,
cid-bolt-on-finishing-rake,MERGE,Bolt-On Finishing Rake,"<p><strong>Bolt-On Finishing Rake</strong> is a jobsite-ready CID attachment for contractors who need dependable performance without wasted downtime.</p><ul><li><strong>Heavy-duty build</strong> for construction, grading, land clearing, and material handling.</li><li><strong>Machine compatibility support</strong> — confirm coupler, mount, hydraulic flow, and sizing before purchase.</li><li><strong>Freight support</strong> available for large attachments.</li></ul><p>Heavy Iron Supply Co. supplies CID attachments, rubber tracks, and undercarriage parts nationwide.</p>",CID Attachments,Skid Steer Attachment,"Attachment, cid-attachments, rake",Active,TRUE,web,attachment,TRUE,Size,"44""",,,,,FR44,276.00,312.00,240.00,,,continue,,manual,True,True,,,,
cid-bolt-on-finishing-rake,,,,,,,,,,,,Size,"48""",,,,,FR48,312.80,353.60,272.00,,,continue,,manual,True,True,,,,
cid-bolt-on-finishing-rake,,,,,,,,,,,,Size,"60""",,,,,FR60,313.95,354.90,273.00,,,continue,,manual,True,True,,,,
cid-bolt-on-finishing-rake,,,,,,,,,,,,Size,"72""",,,,,FR72,313.95,354.90,273.00,,,continue,,manual,True,True,,,,
cid-bolt-on-finishing-rake,,,,,,,,,,,,Size,"84""",,,,,FR84,418.60,473.20,364.00,,,continue,,manual,True,True,,,,
cid-bolt-on-finishing-rake,,,,,,,,,,,,Size,"96""",,,,,FR96,418.60,473.20,364.00,,,continue,,manual,True,True,,,,
cid-box-scrape-ripper,MERGE,Box Scrape Ripper - Heavy-Duty Attachment,"<p><strong>Box Scrape Ripper - Heavy-Duty Attachment</strong> is a jobsite-ready equipment attachment for contractors who need dependable performance without wasted downtime.</p>
<ul>
<li>
<strong>Heavy-duty build</strong> for daily construction, grading, land clearing, material handling, and utility work.</li>
<li>
<strong>Machine compatibility support</strong> helps confirm coupler, mount, hydraulic flow, and sizing before purchase.</li>
<li>
<strong>Freight support</strong> available for large attachments and commercial delivery needs.</li>
<li>
<strong>Fleet and dealer pricing</strong> available for qualified repeat buyers.</li>
</ul>
<p>Heavy Iron Supply Co. supplies attachments, rubber tracks, and undercarriage parts for working machines nationwide.</p>",CID Attachments,Skid Steer Attachment,"Grading Tool, Skid Steer, Skid Steer Attachment",Active,TRUE,web,attachment,TRUE,Size,"48""",,,,,BSR48,2605.90,2945.80,2266.00,,,continue,,manual,True,True,https://cdn.shopify.com/s/files/1/0952/1977/7823/files/Box_Scrape_Ripper.png?v=1779305914,1,CID Box Scrape Ripper | Heavy Iron Supply Co,
cid-box-scrape-ripper,,,,,,,,,,,,Size,"60""",,,,,BSR60,2718.60,3073.20,2364.00,794,lb,continue,,manual,True,True,,,,
cid-box-scrape-ripper,,,,,,,,,,,,Size,"72""",,,,,BSR72,2886.50,3263.00,2510.00,902,lb,continue,,manual,True,True,,,,
cid-box-scrape-ripper,,,,,,,,,,,,Size,"78""",,,,,BSR78,3105.00,3510.00,2700.00,912,lb,continue,,manual,True,True,,,,
cid-box-scrape-ripper,,,,,,,,,,,,Size,"84""",,,,,BSR84,3141.80,3551.60,2732.00,966,lb,continue,,manual,True,True,,,,
cid-box-scrape-ripper,,,,,,,,,,,,Size,"96""",,,,,BSR96,3310.85,3742.70,2879.00,1057,lb,continue,,manual,True,True,,,,
cid-compact-tractor-dual-cyl-grapple-rake,MERGE,Compact Tractor Dual-Cylinder Grapple Rake,"<p><strong>Compact Tractor Dual-Cylinder Grapple Rake</strong> is a jobsite-ready CID attachment for contractors who need dependable performance without wasted downtime.</p><ul><li><strong>Heavy-duty build</strong> for construction, grading, land clearing, and material handling.</li><li><strong>Machine compatibility support</strong> — confirm coupler, mount, hydraulic flow, and sizing before purchase.</li><li><strong>Freight support</strong> available for large attachments.</li></ul><p>Heavy Iron Supply Co. supplies CID attachments, rubber tracks, and undercarriage parts nationwide.</p>",CID Attachments,Skid Steer Attachment,"Attachment, cid-attachments, grapple",Active,TRUE,web,attachment,TRUE,Size,"60""",,,,,CTGRDC60,1746.85,1974.70,1519.00,335,lb,continue,,manual,True,True,,,,
cid-compact-tractor-dual-cyl-grapple-rake,,,,,,,,,,,,Size,"66""",,,,,CTGRDC66,1874.50,2119.00,1630.00,373,lb,continue,,manual,True,True,,,,
cid-compact-tractor-dual-cyl-grapple-rake,,,,,,,,,,,,Size,"72""",,,,,CTGRDC72,2044.70,2311.40,1778.00,390,lb,continue,,manual,True,True,,,,
cid-compact-tractor-frame,MERGE,Compact Tractor Frame,"<p><strong>Compact Tractor Frame</strong> is a jobsite-ready CID attachment for contractors who need dependable performance without wasted downtime.</p><ul><li><strong>Heavy-duty build</strong> for construction, grading, land clearing, and material handling.</li><li><strong>Machine compatibility support</strong> — confirm coupler, mount, hydraulic flow, and sizing before purchase.</li><li><strong>Freight support</strong> available for large attachments.</li></ul><p>Heavy Iron Supply Co. supplies CID attachments, rubber tracks, and undercarriage parts nationwide.</p>",CID Attachments,Skid Steer Attachment,"Attachment, cid-attachments, forks",Active,TRUE,web,attachment,TRUE,Size,CTFRAME,,,,,CTFRAME,301.30,340.60,262.00,113,lb,continue,,manual,True,True,,,,
cid-compact-tractor-frame,,,,,,,,,,,,Size,JD400CTFRAME,,,,,JD400CTFRAME,389.85,440.70,339.00,,,continue,,manual,True,True,,,,
cid-compact-tractor-grapple-bucket,MERGE,Compact Tractor Grapple Bucket,"<p><strong>Compact Tractor Grapple Bucket</strong> is a jobsite-ready equipment attachment for contractors who need dependable performance without wasted downtime.</p>
<ul>
<li>
<strong>Heavy-duty build</strong> for daily construction, grading, land clearing, material handling, and utility work.</li>
<li>
<strong>Machine compatibility support</strong> helps confirm coupler, mount, hydraulic flow, and sizing before purchase.</li>
<li>
<strong>Freight support</strong> available for large attachments and commercial delivery needs.</li>
<li>
<strong>Fleet and dealer pricing</strong> available for qualified repeat buyers.</li>
</ul>
<p>Heavy Iron Supply Co. supplies attachments, rubber tracks, and undercarriage parts for working machines nationwide.</p>",CID Attachments,Grapple Buckets,"Agriculture, Compact Tractor, Grapple Buckets",Active,TRUE,web,attachment,TRUE,Size,"48""",,,,,CTGB48,1614.60,1825.20,1404.00,368,lb,continue,,manual,True,True,https://cdn.shopify.com/s/files/1/0952/1977/7823/files/cid-grapple-bucket-heavy-duty_bc612a22-d7d6-4189-8495-291825a7ba10.png?v=1779315255,1,Compact Tractor Grapple Bucket | Heavy Iron Supply Co,
cid-compact-tractor-grapple-bucket,,,,,,,,,,,,Size,"54""",,,,,CTGB54,1710.05,1933.10,1487.00,,,continue,,manual,True,True,,,,
cid-compact-tractor-grapple-bucket,,,,,,,,,,,,Size,"60""",,,,,CTGB60,1752.60,1981.20,1524.00,421,lb,continue,,manual,True,True,,,,
cid-compact-tractor-grapple-bucket,,,,,,,,,,,,Size,"66""",,,,,CTGB66,1844.60,2085.20,1604.00,445,lb,continue,,manual,True,True,,,,
cid-compact-tractor-grapple-bucket,,,,,,,,,,,,Size,"72""",,,,,CTGB72,1937.75,2190.50,1685.00,472,lb,continue,,manual,True,True,,,,
cid-compact-tractor-grapple-bucket,,,,,,,,,,,,Size,"48""",,,,,CTRB48,794.65,898.30,691.00,400,lb,continue,,manual,True,True,,,,
cid-compact-tractor-grapple-bucket,,,,,,,,,,,,Size,"54""",,,,,CTRB54,871.70,985.40,758.00,252,lb,continue,,manual,True,True,,,,"{""mpn"":""CTRB54"",""duty"":""compact_mini"",""fits"":""Compact tractor quick-attach"",""brand"":""CID"",""family"":""Compact Tractor Rock Bucket"",""width_in"":54,""weight_lbs"":252,""availability"":""MadeToOrder"",""cutting_edge"":""Smooth"",""product_type"":""Bucket"",""has_teeth"":false,""sku"":""CTRB54"",""family_handle"":""cid-compact-tractor-grapple-bucket"",""family_title"":""Compact Tractor Grapple Bucket""}"
cid-compact-tractor-grapple-bucket,,,,,,,,,,,,Size,"60""",,,,,CTRB60,947.60,1071.20,824.00,255,lb,continue,,manual,True,True,,,,"{""mpn"":""CTRB60"",""duty"":""compact_mini"",""fits"":""Compact tractor quick-attach"",""brand"":""CID"",""family"":""Compact Tractor Rock Bucket"",""width_in"":60,""weight_lbs"":255,""availability"":""MadeToOrder"",""cutting_edge"":""Smooth"",""product_type"":""Bucket"",""has_teeth"":false,""sku"":""CTRB60"",""family_handle"":""cid-compact-tractor-grapple-bucket"",""family_title"":""Compact Tractor Grapple Bucket""}"
cid-compact-tractor-grapple-bucket,,,,,,,,,,,,Size,"66""",,,,,CTRB66,1024.65,1158.30,891.00,285,lb,continue,,manual,True,True,,,,"{""mpn"":""CTRB66"",""duty"":""compact_mini"",""fits"":""Compact tractor quick-attach"",""brand"":""CID"",""family"":""Compact Tractor Rock Bucket"",""width_in"":66,""weight_lbs"":285,""availability"":""MadeToOrder"",""cutting_edge"":""Smooth"",""product_type"":""Bucket"",""has_teeth"":false,""sku"":""CTRB66"",""family_handle"":""cid-compact-tractor-grapple-bucket"",""family_title"":""Compact Tractor Grapple Bucket""}"
cid-compact-tractor-grapple-bucket,,,,,,,,,,,,Size,"72""",,,,,CTRB72,1100.55,1244.10,957.00,310,lb,continue,,manual,True,True,,,,"{""mpn"":""CTRB72"",""duty"":""compact_mini"",""fits"":""Compact tractor quick-attach"",""brand"":""CID"",""family"":""Compact Tractor Rock Bucket"",""width_in"":72,""weight_lbs"":310,""availability"":""MadeToOrder"",""cutting_edge"":""Smooth"",""product_type"":""Bucket"",""has_teeth"":false,""sku"":""CTRB72"",""family_handle"":""cid-compact-tractor-grapple-bucket"",""family_title"":""Compact Tractor Grapple Bucket""}"
cid-compact-tractor-grapple-bucket,,,,,,,,,,,,,,,,,,,,,,,,,,,,,https://cdn.shopify.com/s/files/1/0952/1977/7823/files/cid-rock-bucket-standard_c45a066b-56f8-4304-bc19-48d71c6d0073.webp?v=1782092041,2,Compact Tractor Grapple Bucket | Heavy Iron Supply Co,
cid-compact-tractor-grapple-rake,MERGE,Compact Tractor Grapple Rake,"<p><strong>Compact Tractor Grapple Rake</strong> is a jobsite-ready CID attachment for contractors who need dependable performance without wasted downtime.</p><ul><li><strong>Heavy-duty build</strong> for construction, grading, land clearing, and material handling.</li><li><strong>Machine compatibility support</strong> — confirm coupler, mount, hydraulic flow, and sizing before purchase.</li><li><strong>Freight support</strong> available for large attachments.</li></ul><p>Heavy Iron Supply Co. supplies CID attachments, rubber tracks, and undercarriage parts nationwide.</p>",CID Attachments,Skid Steer Attachment,"Attachment, cid-attachments, grapple",Active,TRUE,web,attachment,TRUE,Size,"48""",,,,,CTGR48,1269.60,1435.20,1104.00,277,lb,continue,,manual,True,True,,,,
cid-compact-tractor-grapple-rake,,,,,,,,,,,,Size,"54""",,,,,CTGR54,1355.85,1532.70,1179.00,299,lb,continue,,manual,True,True,,,,
cid-compact-tractor-grapple-rake,,,,,,,,,,,,Size,"60""",,,,,CTGR60,1439.80,1627.60,1252.00,334,lb,continue,,manual,True,True,,,,
cid-compact-tractor-grapple-rake,,,,,,,,,,,,Size,"63""",,,,,CTGR63,1527.20,1726.40,1328.00,,,continue,,manual,True,True,,,,
cid-compact-tractor-grapple-rake,,,,,,,,,,,,Size,"66""",,,,,CTGR66,1524.90,1723.80,1326.00,342,lb,continue,,manual,True,True,,,,
cid-compact-tractor-grapple-rake,,,,,,,,,,,,Size,"72""",,,,,CTGR72,1652.55,1868.10,1437.00,378,lb,continue,,manual,True,True,,,,
cid-compact-tractor-manure-fork,MERGE,Compact Tractor Manure Fork,"<p><strong>Compact Tractor Manure Fork</strong> is a jobsite-ready equipment attachment for contractors who need dependable performance without wasted downtime.</p>
<ul>
<li>
<strong>Heavy-duty build</strong> for daily construction, grading, land clearing, material handling, and utility work.</li>
<li>
<strong>Machine compatibility support</strong> helps confirm coupler, mount, hydraulic flow, and sizing before purchase.</li>
<li>
<strong>Freight support</strong> available for large attachments and commercial delivery needs.</li>
<li>
<strong>Fleet and dealer pricing</strong> available for qualified repeat buyers.</li>
</ul>
<p>Heavy Iron Supply Co. supplies attachments, rubber tracks, and undercarriage parts for working machines nationwide.</p>",CID Attachments,Manure Forks,"Agriculture, Compact Tractor, Manure Forks",Active,TRUE,web,attachment,TRUE,Size,"48""",,,,,CTMF48,1043.05,1179.10,907.00,,,continue,,manual,True,True,https://cdn.shopify.com/s/files/1/0952/1977/7823/files/cid-skid-steer-x-treme-manure-fork-grapples_1_e3da5364-9885-400f-8237-28c4a060ed0d.png?v=1779315255,1,Compact Tractor Manure Fork | Heavy Iron Supply Co,
cid-compact-tractor-manure-fork,,,,,,,,,,,,Size,"54""",,,,,CTMF54,1094.80,1237.60,952.00,,,continue,,manual,True,True,,,,
cid-compact-tractor-manure-fork,,,,,,,,,,,,Size,"60""",,,,,CTMF60,1147.70,1297.40,998.00,311,lb,continue,,manual,True,True,,,,
cid-compact-tractor-manure-fork,,,,,,,,,,,,Size,"66""",,,,,CTMF66,1252.35,1415.70,1089.00,340,lb,continue,,manual,True,True,,,,
cid-compact-tractor-manure-fork,,,,,,,,,,,,Size,"72""",,,,,CTMF72,1367.35,1545.70,1189.00,374,lb,continue,,manual,True,True,,,,
cid-compact-tractor-manure-fork-grapple,MERGE,Compact Tractor Manure Fork Grapple,"<p><strong>Compact Tractor Manure Fork Grapple</strong> is a jobsite-ready equipment attachment for contractors who need dependable performance without wasted downtime.</p>
<ul>
<li>
<strong>Heavy-duty build</strong> for daily construction, grading, land clearing, material handling, and utility work.</li>
<li>
<strong>Machine compatibility support</strong> helps confirm coupler, mount, hydraulic flow, and sizing before purchase.</li>
<li>
<strong>Freight support</strong> available for large attachments and commercial delivery needs.</li>
<li>
<strong>Fleet and dealer pricing</strong> available for qualified repeat buyers.</li>
</ul>
<p>Heavy Iron Supply Co. supplies attachments, rubber tracks, and undercarriage parts for working machines nationwide.</p>",CID Attachments,Manure Forks,"Agriculture, Compact Tractor, Manure Forks",Active,TRUE,web,attachment,TRUE,Size,"54""",,,,,CTMFG54,2059.65,2328.30,1791.00,,,continue,,manual,True,True,https://cdn.shopify.com/s/files/1/0952/1977/7823/files/cid-X-Treme-Duty-Fork-Grapple-Skid-Steer_f1608db5-30ba-4cdf-b8fe-d5240d239b1c.png?v=1779315255,1,Compact Tractor Manure Fork Grapple | Heavy Iron Supply Co,
cid-compact-tractor-manure-fork-grapple,,,,,,,,,,,,Size,"60""",,,,,CTMFG60,2097.60,2371.20,1824.00,404,lb,continue,,manual,True,True,,,,
cid-compact-tractor-manure-fork-grapple,,,,,,,,,,,,Size,"66""",,,,,CTMFG66,2189.60,2475.20,1904.00,516,lb,continue,,manual,True,True,,,,
cid-compact-tractor-manure-fork-grapple,,,,,,,,,,,,Size,"72""",,,,,CTMFG72,2283.90,2581.80,1986.00,527,lb,continue,,manual,True,True,,,,
cid-compact-tractor-rock-grapple,MERGE,Compact Tractor Rock Grapple,"<p><strong>Compact Tractor Rock Grapple</strong> is a jobsite-ready CID attachment for contractors who need dependable performance without wasted downtime.</p><ul><li><strong>Heavy-duty build</strong> for construction, grading, land clearing, and material handling.</li><li><strong>Machine compatibility support</strong> — confirm coupler, mount, hydraulic flow, and sizing before purchase.</li><li><strong>Freight support</strong> available for large attachments.</li></ul><p>Heavy Iron Supply Co. supplies CID attachments, rubber tracks, and undercarriage parts nationwide.</p>",CID Attachments,Skid Steer Attachment,"Attachment, cid-attachments, grapple",Active,TRUE,web,attachment,TRUE,Size,"48""",,,,,CTROKG48,1561.70,1765.40,1358.00,,,continue,,manual,True,True,,,,
cid-compact-tractor-rock-grapple,,,,,,,,,,,,Size,"54""",,,,,CTROKG54,1597.35,1805.70,1389.00,,,continue,,manual,True,True,,,,
cid-compact-tractor-rock-grapple,,,,,,,,,,,,Size,"60""",,,,,CTROKG60,1582.40,1788.80,1376.00,364,lb,continue,,manual,True,True,,,,
cid-compact-tractor-rock-grapple,,,,,,,,,,,,Size,"66""",,,,,CTROKG66,1615.75,1826.50,1405.00,397,lb,continue,,manual,True,True,,,,
cid-compact-tractor-rock-grapple,,,,,,,,,,,,Size,"72""",,,,,CTROKG72,1649.10,1864.20,1434.00,420,lb,continue,,manual,True,True,,,,
cid-compact-tractor-snow-plow-hyd,MERGE,Compact Tractor Snow Plow (Hydraulic),"<p><strong>Compact Tractor Snow Plow (Hydraulic)</strong> is a jobsite-ready equipment attachment for contractors who need dependable performance without wasted downtime.</p>
<ul>
<li>
<strong>Heavy-duty build</strong> for daily construction, grading, land clearing, material handling, and utility work.</li>
<li>
<strong>Machine compatibility support</strong> helps confirm coupler, mount, hydraulic flow, and sizing before purchase.</li>
<li>
<strong>Freight support</strong> available for large attachments and commercial delivery needs.</li>
<li>
<strong>Fleet and dealer pricing</strong> available for qualified repeat buyers.</li>
</ul>
<p>Heavy Iron Supply Co. supplies attachments, rubber tracks, and undercarriage parts for working machines nationwide.</p>",CID Attachments,Snow Plows,"Compact Tractor, Snow Equipment, Snow Plows",Active,TRUE,web,attachment,TRUE,Size,"48""",,,,,CTSPLOW48,1913.60,2163.20,1664.00,437,lb,continue,,manual,True,True,https://cdn.shopify.com/s/files/1/0952/1977/7823/files/CID_Compact_Tractor_Hydraulic_Snow_Plow.png?v=1779315255,1,Compact Tractor Snow Plow (Hydraulic) | Heavy Iron Supply Co,
cid-compact-tractor-snow-plow-hyd,,,,,,,,,,,,Size,"54""",,,,,CTSPLOW54,2009.05,2271.10,1747.00,453,lb,continue,,manual,True,True,,,,
cid-compact-tractor-snow-plow-hyd,,,,,,,,,,,,Size,"60""",,,,,CTSPLOW60,2021.70,2285.40,1758.00,485,lb,continue,,manual,True,True,,,,
cid-compact-tractor-snow-plow-hyd,,,,,,,,,,,,Size,"66""",,,,,CTSPLOW66,2063.10,2332.20,1794.00,,,continue,,manual,True,True,,,,
cid-compact-tractor-snow-plow-hyd,,,,,,,,,,,,Size,"72""",,,,,CTSPLOW72,2103.35,2377.70,1829.00,516,lb,continue,,manual,True,True,,,,
cid-compact-tractor-snow-plow-hyd,,,,,,,,,,,,Size,"78""",,,,,CTSPLOW78,2151.65,2432.30,1871.00,,,continue,,manual,True,True,,,,
cid-compact-tractor-snow-plow-hyd,,,,,,,,,,,,Size,"84""",,,,,CTSPLOW84,2199.95,2486.90,1913.00,548,lb,continue,,manual,True,True,,,,
cid-compact-tractor-snow-plow-hyd,,,,,,,,,,,,Size,"96""",,,,,CTSPLOW96,2341.40,2646.80,2036.00,552,lb,continue,,manual,True,True,,,,
cid-compact-tractor-snow-plow-man,MERGE,Compact Tractor Snow Plow (Manual),"<p><strong>Compact Tractor Snow Plow (Manual)</strong> is a jobsite-ready equipment attachment for contractors who need dependable performance without wasted downtime.</p>
<ul>
<li>
<strong>Heavy-duty build</strong> for daily construction, grading, land clearing, material handling, and utility work.</li>
<li>
<strong>Machine compatibility support</strong> helps confirm coupler, mount, hydraulic flow, and sizing before purchase.</li>
<li>
<strong>Freight support</strong> available for large attachments and commercial delivery needs.</li>
<li>
<strong>Fleet and dealer pricing</strong> available for qualified repeat buyers.</li>
</ul>
<p>Heavy Iron Supply Co. supplies attachments, rubber tracks, and undercarriage parts for working machines nationwide.</p>",CID Attachments,Snow Plows,"Compact Tractor, Snow Equipment, Snow Plows",Active,TRUE,web,attachment,TRUE,Size,"48""",,,,,CTSPLOWM48,1719.25,1943.50,1495.00,,,continue,,manual,True,True,https://cdn.shopify.com/s/files/1/0952/1977/7823/files/CID-heavy-duty-Manual_Snow_Plow_ff500fb1-0246-447c-ba8e-068973c1c84b.png?v=1779315255,1,Compact Tractor Snow Plow (Manual) | Heavy Iron Supply Co,
cid-compact-tractor-snow-plow-man,,,,,,,,,,,,Size,"54""",,,,,CTSPLOWM54,1817.00,2054.00,1580.00,,,continue,,manual,True,True,,,,
cid-compact-tractor-snow-plow-man,,,,,,,,,,,,Size,"60""",,,,,CTSPLOWM60,1823.90,2061.80,1586.00,457,lb,continue,,manual,True,True,,,,
cid-compact-tractor-snow-plow-man,,,,,,,,,,,,Size,"72""",,,,,CTSPLOWM72,1913.60,2163.20,1664.00,500,lb,continue,,manual,True,True,,,,
cid-compact-tractor-snow-plow-man,,,,,,,,,,,,Size,"78""",,,,,CTSPLOWM78,2037.80,2303.60,1772.00,,,continue,,manual,True,True,,,,
cid-compact-tractor-snow-plow-man,,,,,,,,,,,,Size,"84""",,,,,CTSPLOWM84,2079.20,2350.40,1808.00,519,lb,continue,,manual,True,True,,,,
cid-compact-tractor-snow-plow-man,,,,,,,,,,,,Size,"96""",,,,,CTSPLOWM96,2174.65,2458.30,1891.00,547,lb,continue,,manual,True,True,,,,
cid-compact-tractor-snow-plow-man,,,,,,,,,,,,,,,,,,,,,,,,,,,,,https://cdn.shopify.com/s/files/1/0952/1977/7823/files/CID-heavy-duty-Manual_Snow_Plow_1_1b85b677-17d8-487a-b4d3-6a83ca4d8147.png?v=1779315255,2,Compact Tractor Snow Plow (Manual) | Heavy Iron Supply Co,
cid-concrete-bucket,MERGE,CID Concrete Bucket,"<p><strong>CID Concrete Bucket</strong> is a jobsite-ready CID attachment for contractors who need dependable performance without wasted downtime.</p><ul><li><strong>Heavy-duty build</strong> for construction, grading, land clearing, and material handling.</li><li><strong>Machine compatibility support</strong> — confirm coupler, mount, hydraulic flow, and sizing before purchase.</li><li><strong>Freight support</strong> available for large attachments.</li></ul><p>Heavy Iron Supply Co. supplies CID attachments, rubber tracks, and undercarriage parts nationwide.</p>",CID Attachments,Skid Steer Attachment,"Attachment, cid-attachments, bucket",Active,TRUE,web,attachment,TRUE,Size,1/2YCB,,,,,1/2YCB,1200.60,1357.20,1044.00,396,lb,continue,,manual,True,True,https://cdn.bfldr.com/71PUUW3G/at/fmkp4mf359m6wbxtjxhg3kv/Concrete_Cement_Bucket_1_-_CID.png?auto=webp&format=png,1,CID Concrete Bucket,
cid-concrete-bucket,,,,,,,,,,,,Size,1/2YCBWHC,,,,,1/2YCBWHC,1654.85,1870.70,1439.00,475,lb,continue,,manual,True,True,,,,"{""mpn"":""1/2YCBWHC"",""fits"":""Universal skid steer & compact track loader quick-attach"",""brand"":""CID"",""family"":""Concrete Bucket"",""capacity"":""1/2 cu yd"",""weight_lbs"":475,""availability"":""MadeToOrder"",""cutting_edge"":""Smooth"",""product_type"":""Bucket"",""has_teeth"":false,""width_in"":1,""sku"":""1/2YCBWHC"",""family_handle"":""cid-concrete-bucket"",""family_title"":""CID Concrete Bucket""}"
cid-concrete-bucket,,,,,,,,,,,,Size,1YCB,,,,,1YCB,1409.90,1593.80,1226.00,460,lb,continue,,manual,True,True,,,,"{""mpn"":""1YCB"",""fits"":""Universal skid steer & compact track loader quick-attach"",""brand"":""CID"",""family"":""Concrete Bucket"",""capacity"":""1 cu yd"",""weight_lbs"":460,""availability"":""MadeToOrder"",""cutting_edge"":""Smooth"",""product_type"":""Bucket"",""has_teeth"":false,""width_in"":1,""sku"":""1YCB"",""family_handle"":""cid-concrete-bucket"",""family_title"":""CID Concrete Bucket""}"
cid-concrete-bucket,,,,,,,,,,,,Size,1YCBWHC,,,,,1YCBWHC,1888.30,2134.60,1642.00,540,lb,continue,,manual,True,True,,,,"{""mpn"":""1YCBWHC"",""fits"":""Universal skid steer & compact track loader quick-attach"",""brand"":""CID"",""family"":""Concrete Bucket"",""capacity"":""1 cu yd"",""weight_lbs"":540,""availability"":""MadeToOrder"",""cutting_edge"":""Smooth"",""product_type"":""Bucket"",""has_teeth"":false,""width_in"":1,""sku"":""1YCBWHC"",""family_handle"":""cid-concrete-bucket"",""family_title"":""CID Concrete Bucket""}"
cid-concrete-bucket,,,,,,,,,,,,Size,3/4YCB,,,,,3/4YCB,1305.25,1475.50,1135.00,425,lb,continue,,manual,True,True,,,,"{""mpn"":""3/4YCB"",""fits"":""Universal skid steer & compact track loader quick-attach"",""brand"":""CID"",""family"":""Concrete Bucket"",""capacity"":""3/4 cu yd"",""weight_lbs"":425,""availability"":""MadeToOrder"",""cutting_edge"":""Smooth"",""product_type"":""Bucket"",""has_teeth"":false,""width_in"":3,""sku"":""3/4YCB"",""family_handle"":""cid-concrete-bucket"",""family_title"":""CID Concrete Bucket""}"
cid-concrete-bucket,,,,,,,,,,,,Size,3/4YCBWHC,,,,,3/4YCBWHC,1749.15,1977.30,1521.00,504,lb,continue,,manual,True,True,,,,"{""mpn"":""3/4YCBWHC"",""fits"":""Universal skid steer & compact track loader quick-attach"",""brand"":""CID"",""family"":""Concrete Bucket"",""capacity"":""3/4 cu yd"",""weight_lbs"":504,""availability"":""MadeToOrder"",""cutting_edge"":""Smooth"",""product_type"":""Bucket"",""has_teeth"":false,""width_in"":3,""sku"":""3/4YCBWHC"",""family_handle"":""cid-concrete-bucket"",""family_title"":""CID Concrete Bucket""}"
cid-concrete-bucket,,,,,,,,,,,,Size,MINI1/4YCB,,,,,MINI1/4YCB,877.45,991.90,763.00,253,lb,continue,,manual,True,True,,,,
cid-demolition-grapple-bkt,MERGE,X-Treme Demolition Grapple Bucket - Heavy-Duty Attachment,"<p><strong>X-Treme Demolition Grapple Bucket - Heavy-Duty Attachment</strong> is a jobsite-ready equipment attachment for contractors who need dependable performance without wasted downtime.</p>
<ul>
<li>
<strong>Heavy-duty build</strong> for daily construction, grading, land clearing, material handling, and utility work.</li>
<li>
<strong>Machine compatibility support</strong> helps confirm coupler, mount, hydraulic flow, and sizing before purchase.</li>
<li>
<strong>Freight support</strong> available for large attachments and commercial delivery needs.</li>
<li>
<strong>Fleet and dealer pricing</strong> available for qualified repeat buyers.</li>
</ul>
<p>Heavy Iron Supply Co. supplies attachments, rubber tracks, and undercarriage parts for working machines nationwide.</p>",CID Attachments,Skid Steer Attachment,"Bucket, Skid Steer, Skid Steer Attachment",Active,TRUE,web,attachment,TRUE,Size,"72""",,,,,XDDGB72,4049.15,4577.30,3521.00,,,continue,,manual,True,True,https://cdn.shopify.com/s/files/1/0952/1977/7823/files/cid-grapple-bucket-demolition_c80ba976-7d0f-4dcc-ab59-13d6d8e0061a.webp?v=1779040396,1,X-Treme Demolition Grapple Bucket | Heavy Duty Skid Steer Attachment,
cid-demolition-grapple-bkt,,,,,,,,,,,,Size,"78""",,,,,XDDGB78,4186.00,4732.00,3640.00,,,continue,,manual,True,True,,,,
cid-demolition-grapple-bkt,,,,,,,,,,,,Size,"84""",,,,,XDDGB84,4324.00,4888.00,3760.00,1303,lb,continue,,manual,True,True,,,,
cid-demolition-grapple-bkt,,,,,,,,,,,,,,,,,,,,,,,,,,,,,https://cdn.shopify.com/s/files/1/0952/1977/7823/files/CID-DEMOLITION-GRAPPLE-BUCKET__89712.png?v=1779306184,2,X-Treme Demolition Grapple Bucket | Heavy Duty Skid Steer Attachment,
cid-dozer-blade,MERGE,CID Dozer Blade,"<p><strong>CID Dozer Blade</strong> is a jobsite-ready CID attachment for contractors who need dependable performance without wasted downtime.</p><ul><li><strong>Heavy-duty build</strong> for construction, grading, land clearing, and material handling.</li><li><strong>Machine compatibility support</strong> — confirm coupler, mount, hydraulic flow, and sizing before purchase.</li><li><strong>Freight support</strong> available for large attachments.</li></ul><p>Heavy Iron Supply Co. supplies CID attachments, rubber tracks, and undercarriage parts nationwide.</p>",CID Attachments,Skid Steer Attachment,"Attachment, cid-attachments, blade",Active,TRUE,web,attachment,TRUE,Size,"72""",,,,,4WD72,3774.30,4266.60,3282.00,835,lb,continue,,manual,True,True,,,,
cid-dozer-blade,,,,,,,,,,,,Size,"84""",,,,,4WD84,3947.95,4462.90,3433.00,853,lb,continue,,manual,True,True,,,,
cid-dozer-blade,,,,,,,,,,,,Size,"96""",,,,,4WD96,4121.60,4659.20,3584.00,860,lb,continue,,manual,True,True,,,,
cid-dozer-blade,,,,,,,,,,,,Size,"72""",,,,,6WD72,5076.10,5738.20,4414.00,1052,lb,continue,,manual,True,True,,,,
cid-dozer-blade,,,,,,,,,,,,Size,"84""",,,,,6WD84,5249.75,5934.50,4565.00,1108,lb,continue,,manual,True,True,,,,
cid-dozer-blade,,,,,,,,,,,,Size,"96""",,,,,6WD96,5423.40,6130.80,4716.00,1157,lb,continue,,manual,True,True,,,,
cid-excavator-adaptor-plate,MERGE,Excavator Adaptor Plate,"<p><strong>Excavator Adaptor Plate</strong> is a jobsite-ready CID attachment for contractors who need dependable performance without wasted downtime.</p><ul><li><strong>Heavy-duty build</strong> for construction, grading, land clearing, and material handling.</li><li><strong>Machine compatibility support</strong> — confirm coupler, mount, hydraulic flow, and sizing before purchase.</li><li><strong>Freight support</strong> available for large attachments.</li></ul><p>Heavy Iron Supply Co. supplies CID attachments, rubber tracks, and undercarriage parts nationwide.</p>",CID Attachments,Skid Steer Attachment,"Attachment, cid-attachments, auger",Active,TRUE,web,attachment,TRUE,Size,EXAM,,,,,EXAM,280.60,317.20,244.00,,,continue,,manual,True,True,,,,
cid-excavator-bucket-10k,MERGE,"Excavator Bucket – Under 10,000 lb Machines","<p><strong>Excavator Bucket – Under 10,000 lb Machines</strong> is a jobsite-ready equipment attachment for contractors who need dependable performance without wasted downtime.</p>
<ul>
<li>
<strong>Heavy-duty build</strong> for daily construction, grading, land clearing, material handling, and utility work.</li>
<li>
<strong>Machine compatibility support</strong> helps confirm coupler, mount, hydraulic flow, and sizing before purchase.</li>
<li>
<strong>Freight support</strong> available for large attachments and commercial delivery needs.</li>
<li>
<strong>Fleet and dealer pricing</strong> available for qualified repeat buyers.</li>
</ul>
<p>Heavy Iron Supply Co. supplies attachments, rubber tracks, and undercarriage parts for working machines nationwide.</p>",CID Attachments,Excavator Buckets,"Excavator Bucket, Excavator Buckets, Mini Excavator",Active,TRUE,web,attachment,TRUE,Size,"16""",,,,,1CL3-16,727.95,822.90,633.00,,,continue,,manual,True,True,https://cdn.shopify.com/s/files/1/0952/1977/7823/files/X-treme_Tractor_Bucket_-_CID_b03b0cdb-cc96-4f90-8ff2-4218161f88a5.png?v=1779315256,1,"Excavator Bucket – Under 10,000 lb Machines | Heavy Iron Supply Co","{""mpn"":""1CL3-16"",""fits"":""Mini excavator pin-on (model-specific mount)"",""brand"":""CID"",""family"":""Excavator Bucket"",""width_in"":16,""weight_lbs"":50,""availability"":""MadeToOrder"",""cutting_edge"":""Smooth"",""product_type"":""Bucket"",""weight_estimated"":true,""has_teeth"":false,""sku"":""1CL3-16"",""family_handle"":""cid-excavator-bucket-10k"",""family_title"":""Excavator Bucket \u2013 Under 10,000 lb Machines""}"
cid-excavator-bucket-10k,,,,,,,,,,,,Size,"12""",,,,,EXB10K12,668.15,755.30,581.00,,,continue,,manual,True,True,,,,"{""mpn"":""EXB10K12"",""fits"":""Mini excavator pin-on (model-specific mount)"",""brand"":""CID"",""family"":""Excavator Bucket"",""width_in"":12,""weight_lbs"":50,""availability"":""MadeToOrder"",""cutting_edge"":""Smooth"",""product_type"":""Bucket"",""weight_estimated"":true,""has_teeth"":false,""sku"":""EXB10K12"",""family_handle"":""cid-excavator-bucket-10k"",""family_title"":""Excavator Bucket \u2013 Under 10,000 lb Machines""}"
cid-excavator-bucket-10k,,,,,,,,,,,,Size,"18""",,,,,EXB10K18,755.55,854.10,657.00,,,continue,,manual,True,True,,,,"{""mpn"":""EXB10K18"",""fits"":""Mini excavator pin-on (model-specific mount)"",""brand"":""CID"",""family"":""Excavator Bucket"",""width_in"":18,""weight_lbs"":50,""availability"":""MadeToOrder"",""cutting_edge"":""Smooth"",""product_type"":""Bucket"",""weight_estimated"":true,""has_teeth"":false,""sku"":""EXB10K18"",""family_handle"":""cid-excavator-bucket-10k"",""family_title"":""Excavator Bucket \u2013 Under 10,000 lb Machines""}"
cid-excavator-bucket-10k,,,,,,,,,,,,Size,"24""",,,,,EXB10K24,980.95,1108.90,853.00,,,continue,,manual,True,True,,,,"{""mpn"":""EXB10K24"",""fits"":""Mini excavator pin-on (model-specific mount)"",""brand"":""CID"",""family"":""Excavator Bucket"",""width_in"":24,""weight_lbs"":50,""availability"":""MadeToOrder"",""cutting_edge"":""Smooth"",""product_type"":""Bucket"",""weight_estimated"":true,""has_teeth"":false,""sku"":""EXB10K24"",""family_handle"":""cid-excavator-bucket-10k"",""family_title"":""Excavator Bucket \u2013 Under 10,000 lb Machines""}"
cid-excavator-bucket-10k,,,,,,,,,,,,Size,"36""",,,,,EXB10K36,1212.10,1370.20,1054.00,,,continue,,manual,True,True,,,,"{""mpn"":""EXB10K36"",""fits"":""Mini excavator pin-on (model-specific mount)"",""brand"":""CID"",""family"":""Excavator Bucket"",""width_in"":36,""weight_lbs"":163,""availability"":""MadeToOrder"",""cutting_edge"":""Smooth"",""product_type"":""Bucket"",""weight_estimated"":true,""has_teeth"":false,""sku"":""EXB10K36"",""family_handle"":""cid-excavator-bucket-10k"",""family_title"":""Excavator Bucket \u2013 Under 10,000 lb Machines""}"
cid-excavator-bucket-10k,,,,,,,,,,,,Size,"14""",,,,,ICL3-14,696.90,787.80,606.00,,,continue,,manual,True,True,,,,"{""mpn"":""ICL3-14"",""fits"":""Mini excavator pin-on (model-specific mount)"",""brand"":""CID"",""family"":""Excavator Bucket"",""width_in"":14,""weight_lbs"":50,""availability"":""MadeToOrder"",""cutting_edge"":""Smooth"",""product_type"":""Bucket"",""weight_estimated"":true,""has_teeth"":false,""sku"":""ICL3-14"",""family_handle"":""cid-excavator-bucket-10k"",""family_title"":""Excavator Bucket \u2013 Under 10,000 lb Machines""}"
cid-excavator-bucket-10k,,,,,,,,,,,,Size,"20""",,,,,ICL3-20,854.45,965.90,743.00,,,continue,,manual,True,True,,,,"{""mpn"":""ICL3-20"",""fits"":""Mini excavator pin-on (model-specific mount)"",""brand"":""CID"",""family"":""Excavator Bucket"",""width_in"":20,""weight_lbs"":50,""availability"":""MadeToOrder"",""cutting_edge"":""Smooth"",""product_type"":""Bucket"",""weight_estimated"":true,""has_teeth"":false,""sku"":""ICL3-20"",""family_handle"":""cid-excavator-bucket-10k"",""family_title"":""Excavator Bucket \u2013 Under 10,000 lb Machines""}"
cid-excavator-bucket-10k,,,,,,,,,,,,Size,"24""",,,,,ICL3-24,980.95,1108.90,853.00,,,continue,,manual,True,True,,,,"{""mpn"":""ICL3-24"",""fits"":""Mini excavator pin-on (model-specific mount)"",""brand"":""CID"",""family"":""Excavator Bucket"",""width_in"":24,""weight_lbs"":50,""availability"":""MadeToOrder"",""cutting_edge"":""Smooth"",""product_type"":""Bucket"",""weight_estimated"":true,""has_teeth"":false,""sku"":""ICL3-24"",""family_handle"":""cid-excavator-bucket-10k"",""family_title"":""Excavator Bucket \u2013 Under 10,000 lb Machines""}"
cid-excavator-bucket-10k,,,,,,,,,,,,Size,"18""",,,,,ICL4-18,947.60,1071.20,824.00,,,continue,,manual,True,True,,,,"{""mpn"":""ICL4-18"",""fits"":""Mini excavator pin-on (model-specific mount)"",""brand"":""CID"",""family"":""Excavator Bucket"",""width_in"":18,""weight_lbs"":50,""availability"":""MadeToOrder"",""cutting_edge"":""Smooth"",""product_type"":""Bucket"",""weight_estimated"":true,""has_teeth"":false,""sku"":""ICL4-18"",""family_handle"":""cid-excavator-bucket-10k"",""family_title"":""Excavator Bucket \u2013 Under 10,000 lb Machines""}"
cid-excavator-bucket-10k,,,,,,,,,,,,Size,"24""",,,,,ICL4-24,1174.15,1327.30,1021.00,,,continue,,manual,True,True,,,,"{""mpn"":""ICL4-24"",""fits"":""Mini excavator pin-on (model-specific mount)"",""brand"":""CID"",""family"":""Excavator Bucket"",""width_in"":24,""weight_lbs"":50,""availability"":""MadeToOrder"",""cutting_edge"":""Smooth"",""product_type"":""Bucket"",""weight_estimated"":true,""has_teeth"":false,""sku"":""ICL4-24"",""family_handle"":""cid-excavator-bucket-10k"",""family_title"":""Excavator Bucket \u2013 Under 10,000 lb Machines""}"
cid-excavator-bucket-10k,,,,,,,,,,,,Size,"36""",,,,,ICL4-36,1404.15,1587.30,1221.00,,,continue,,manual,True,True,,,,"{""mpn"":""ICL4-36"",""fits"":""Mini excavator pin-on (model-specific mount)"",""brand"":""CID"",""family"":""Excavator Bucket"",""width_in"":36,""weight_lbs"":163,""availability"":""MadeToOrder"",""cutting_edge"":""Smooth"",""product_type"":""Bucket"",""weight_estimated"":true,""has_teeth"":false,""sku"":""ICL4-36"",""family_handle"":""cid-excavator-bucket-10k"",""family_title"":""Excavator Bucket \u2013 Under 10,000 lb Machines""}"
cid-excavator-bucket-10k,,,,,,,,,,,,,,,,,,,,,,,,,,,,,https://cdn.shopify.com/s/files/1/0952/1977/7823/files/X-treme_Tractor_Bucket_-_CID_d68c1b67-b26e-44fb-be4a-6a8e9daed021.png?v=1779315259,2,"Excavator Bucket – Under 10,000 lb Machines | Heavy Iron Supply Co",
cid-excavator-bucket-10k,,,,,,,,,,,,,,,,,,,,,,,,,,,,,https://cdn.bfldr.com/71PUUW3G/at/stptvhwk93s8j9hftpqrb34/CID-Skid-Steer-Back-Hoe-Bucket.jpg?auto=webp&format=png,3,"Excavator Bucket – Under 10,000 lb Machines | Heavy Iron Supply Co",
cid-excavator-bucket-12k,MERGE,"Excavator Bucket – Under 12,000 lb Machines","<p><strong>Excavator Bucket – Under 12,000 lb Machines</strong> is a jobsite-ready equipment attachment for contractors who need dependable performance without wasted downtime.</p>
<ul>
<li>
<strong>Heavy-duty build</strong> for daily construction, grading, land clearing, material handling, and utility work.</li>
<li>
<strong>Machine compatibility support</strong> helps confirm coupler, mount, hydraulic flow, and sizing before purchase.</li>
<li>
<strong>Freight support</strong> available for large attachments and commercial delivery needs.</li>
<li>
<strong>Fleet and dealer pricing</strong> available for qualified repeat buyers.</li>
</ul>
<p>Heavy Iron Supply Co. supplies attachments, rubber tracks, and undercarriage parts for working machines nationwide.</p>",CID Attachments,Excavator Buckets,"Excavator Bucket, Excavator Buckets, Mini Excavator",Active,TRUE,web,attachment,TRUE,Size,"14""",,,,,EXB12K14,955.65,1080.30,831.00,,,continue,,manual,True,True,https://cdn.shopify.com/s/files/1/0952/1977/7823/files/X-treme_Tractor_Bucket_-_CID_f6a6e3da-8d29-482b-afd5-32907a3fe700.png?v=1779315257,1,"Excavator Bucket – Under 12,000 lb Machines | Heavy Iron Supply Co","{""mpn"":""EXB12K14"",""fits"":""Mini excavator pin-on (model-specific mount)"",""brand"":""CID"",""family"":""Excavator Bucket"",""width_in"":14,""weight_lbs"":50,""availability"":""MadeToOrder"",""cutting_edge"":""Smooth"",""product_type"":""Bucket"",""weight_estimated"":true,""has_teeth"":false,""sku"":""EXB12K14"",""family_handle"":""cid-excavator-bucket-12k"",""family_title"":""Excavator Bucket \u2013 Under 12,000 lb Machines""}"
cid-excavator-bucket-12k,,,,,,,,,,,,Size,"18""",,,,,EXB12K18,1139.65,1288.30,991.00,,,continue,,manual,True,True,,,,"{""mpn"":""EXB12K18"",""fits"":""Mini excavator pin-on (model-specific mount)"",""brand"":""CID"",""family"":""Excavator Bucket"",""width_in"":18,""weight_lbs"":50,""availability"":""MadeToOrder"",""cutting_edge"":""Smooth"",""product_type"":""Bucket"",""weight_estimated"":true,""has_teeth"":false,""sku"":""EXB12K18"",""family_handle"":""cid-excavator-bucket-12k"",""family_title"":""Excavator Bucket \u2013 Under 12,000 lb Machines""}"
cid-excavator-bucket-12k,,,,,,,,,,,,Size,"24""",,,,,EXB12K24,1355.85,1532.70,1179.00,,,continue,,manual,True,True,,,,"{""mpn"":""EXB12K24"",""fits"":""Mini excavator pin-on (model-specific mount)"",""brand"":""CID"",""family"":""Excavator Bucket"",""width_in"":24,""weight_lbs"":50,""availability"":""MadeToOrder"",""cutting_edge"":""Smooth"",""product_type"":""Bucket"",""weight_estimated"":true,""has_teeth"":false,""sku"":""EXB12K24"",""family_handle"":""cid-excavator-bucket-12k"",""family_title"":""Excavator Bucket \u2013 Under 12,000 lb Machines""}"
cid-excavator-bucket-12k,,,,,,,,,,,,Size,"36""",,,,,EXB12K36,1570.90,1775.80,1366.00,,,continue,,manual,True,True,,,,"{""mpn"":""EXB12K36"",""fits"":""Mini excavator pin-on (model-specific mount)"",""brand"":""CID"",""family"":""Excavator Bucket"",""width_in"":36,""weight_lbs"":163,""availability"":""MadeToOrder"",""cutting_edge"":""Smooth"",""product_type"":""Bucket"",""weight_estimated"":true,""has_teeth"":false,""sku"":""EXB12K36"",""family_handle"":""cid-excavator-bucket-12k"",""family_title"":""Excavator Bucket \u2013 Under 12,000 lb Machines""}"
cid-excavator-bucket-12k,,,,,,,,,,,,,,,,,,,,,,,,,,,,,https://cdn.shopify.com/s/files/1/0952/1977/7823/files/X-treme_Tractor_Bucket_-_CID_6195c5ab-6b0b-41af-93a8-678b50bbe0ab.png?v=1779315259,2,"Excavator Bucket – Under 12,000 lb Machines | Heavy Iron Supply Co",
cid-excavator-bucket-12k,,,,,,,,,,,,,,,,,,,,,,,,,,,,,https://cdn.bfldr.com/71PUUW3G/at/stptvhwk93s8j9hftpqrb34/CID-Skid-Steer-Back-Hoe-Bucket.jpg?auto=webp&format=png,3,"Excavator Bucket – Under 12,000 lb Machines | Heavy Iron Supply Co",
cid-excavator-bucket-16k,MERGE,"Excavator Bucket – Under 16,000 lb Machines","<p><strong>Excavator Bucket – Under 16,000 lb Machines</strong> is a jobsite-ready equipment attachment for contractors who need dependable performance without wasted downtime.</p>
<ul>
<li>
<strong>Heavy-duty build</strong> for daily construction, grading, land clearing, material handling, and utility work.</li>
<li>
<strong>Machine compatibility support</strong> helps confirm coupler, mount, hydraulic flow, and sizing before purchase.</li>
<li>
<strong>Freight support</strong> available for large attachments and commercial delivery needs.</li>
<li>
<strong>Fleet and dealer pricing</strong> available for qualified repeat buyers.</li>
</ul>
<p>Heavy Iron Supply Co. supplies attachments, rubber tracks, and undercarriage parts for working machines nationwide.</p>",CID Attachments,Excavator Buckets,"Excavator Bucket, Excavator Buckets, Mini Excavator",Active,TRUE,web,attachment,TRUE,Size,"18""",,,,,EXB16K18,1363.90,1541.80,1186.00,,,continue,,manual,True,True,https://cdn.shopify.com/s/files/1/0952/1977/7823/files/X-treme_Tractor_Bucket_-_CID_6a69ee8c-871d-46c9-a23d-16b8690b006a.png?v=1779315256,1,"Excavator Bucket – Under 16,000 lb Machines | Heavy Iron Supply Co","{""mpn"":""EXB16K18"",""fits"":""Mini excavator pin-on (model-specific mount)"",""brand"":""CID"",""family"":""Excavator Bucket"",""width_in"":18,""weight_lbs"":50,""availability"":""MadeToOrder"",""cutting_edge"":""Smooth"",""product_type"":""Bucket"",""weight_estimated"":true,""has_teeth"":false,""sku"":""EXB16K18"",""family_handle"":""cid-excavator-bucket-16k"",""family_title"":""Excavator Bucket \u2013 Under 16,000 lb Machines""}"
cid-excavator-bucket-16k,,,,,,,,,,,,Size,"24""",,,,,EXB16K24,1621.50,1833.00,1410.00,,,continue,,manual,True,True,,,,"{""mpn"":""EXB16K24"",""fits"":""Mini excavator pin-on (model-specific mount)"",""brand"":""CID"",""family"":""Excavator Bucket"",""width_in"":24,""weight_lbs"":50,""availability"":""MadeToOrder"",""cutting_edge"":""Smooth"",""product_type"":""Bucket"",""weight_estimated"":true,""has_teeth"":false,""sku"":""EXB16K24"",""family_handle"":""cid-excavator-bucket-16k"",""family_title"":""Excavator Bucket \u2013 Under 16,000 lb Machines""}"
cid-excavator-bucket-16k,,,,,,,,,,,,Size,"36""",,,,,EXB16K36,2240.20,2532.40,1948.00,,,continue,,manual,True,True,,,,"{""mpn"":""EXB16K36"",""fits"":""Mini excavator pin-on (model-specific mount)"",""brand"":""CID"",""family"":""Excavator Bucket"",""width_in"":36,""weight_lbs"":163,""availability"":""MadeToOrder"",""cutting_edge"":""Smooth"",""product_type"":""Bucket"",""weight_estimated"":true,""has_teeth"":false,""sku"":""EXB16K36"",""family_handle"":""cid-excavator-bucket-16k"",""family_title"":""Excavator Bucket \u2013 Under 16,000 lb Machines""}"
cid-excavator-bucket-16k,,,,,,,,,,,,,,,,,,,,,,,,,,,,,https://cdn.shopify.com/s/files/1/0952/1977/7823/files/X-treme_Tractor_Bucket_-_CID_586442d7-c453-4452-a164-5fb1280d206f.png?v=1779315259,2,"Excavator Bucket – Under 16,000 lb Machines | Heavy Iron Supply Co",
cid-excavator-bucket-16k,,,,,,,,,,,,,,,,,,,,,,,,,,,,,https://cdn.bfldr.com/71PUUW3G/at/stptvhwk93s8j9hftpqrb34/CID-Skid-Steer-Back-Hoe-Bucket.jpg?auto=webp&format=png,3,"Excavator Bucket – Under 16,000 lb Machines | Heavy Iron Supply Co",
cid-excavator-bucket-kx040,MERGE,Kubota KX040 Excavator Bucket,"<p><strong>Kubota KX040 Excavator Bucket</strong> is a jobsite-ready equipment attachment for contractors who need dependable performance without wasted downtime.</p>
<ul>
<li>
<strong>Heavy-duty build</strong> for daily construction, grading, land clearing, material handling, and utility work.</li>
<li>
<strong>Machine compatibility support</strong> helps confirm coupler, mount, hydraulic flow, and sizing before purchase.</li>
<li>
<strong>Freight support</strong> available for large attachments and commercial delivery needs.</li>
<li>
<strong>Fleet and dealer pricing</strong> available for qualified repeat buyers.</li>
</ul>
<p>Heavy Iron Supply Co. supplies attachments, rubber tracks, and undercarriage parts for working machines nationwide.</p>",CID Attachments,Excavator Buckets,"Excavator Bucket, Excavator Buckets, Kubota, Mini Excavator",Active,TRUE,web,attachment,TRUE,Size,"12""",,,,,KX040EXB12,668.15,755.30,581.00,,,continue,,manual,True,True,https://cdn.shopify.com/s/files/1/0952/1977/7823/files/X-treme_Tractor_Bucket_-_CID_bb00b732-a501-4d3c-9abb-9d4dd4804cf8.png?v=1779315256,1,Kubota KX040 Excavator Bucket | Heavy Iron Supply Co,
cid-excavator-bucket-kx040,,,,,,,,,,,,Size,"18""",,,,,KX040EXB18,755.55,854.10,657.00,,,continue,,manual,True,True,,,,"{""mpn"":""KX040EXB18"",""fits"":""Mini excavator pin-on (model-specific mount)"",""brand"":""CID"",""family"":""Excavator Bucket"",""width_in"":18,""weight_lbs"":50,""availability"":""MadeToOrder"",""cutting_edge"":""Smooth"",""product_type"":""Bucket"",""weight_estimated"":true,""has_teeth"":false,""sku"":""KX040EXB18"",""family_handle"":""cid-excavator-bucket-kx040"",""family_title"":""Kubota KX040 Excavator Bucket""}"
cid-excavator-bucket-kx040,,,,,,,,,,,,Size,"24""",,,,,KX040EXB24,980.95,1108.90,853.00,,,continue,,manual,True,True,,,,"{""mpn"":""KX040EXB24"",""fits"":""Mini excavator pin-on (model-specific mount)"",""brand"":""CID"",""family"":""Excavator Bucket"",""width_in"":24,""weight_lbs"":50,""availability"":""MadeToOrder"",""cutting_edge"":""Smooth"",""product_type"":""Bucket"",""weight_estimated"":true,""has_teeth"":false,""sku"":""KX040EXB24"",""family_handle"":""cid-excavator-bucket-kx040"",""family_title"":""Kubota KX040 Excavator Bucket""}"
cid-excavator-bucket-kx040,,,,,,,,,,,,Size,"36""",,,,,KX040EXB36,1212.10,1370.20,1054.00,,,continue,,manual,True,True,,,,"{""mpn"":""KX040EXB36"",""fits"":""Mini excavator pin-on (model-specific mount)"",""brand"":""CID"",""family"":""Excavator Bucket"",""width_in"":36,""weight_lbs"":163,""availability"":""MadeToOrder"",""cutting_edge"":""Smooth"",""product_type"":""Bucket"",""weight_estimated"":true,""has_teeth"":false,""sku"":""KX040EXB36"",""family_handle"":""cid-excavator-bucket-kx040"",""family_title"":""Kubota KX040 Excavator Bucket""}"
cid-excavator-bucket-kx040,,,,,,,,,,,,,,,,,,,,,,,,,,,,,https://cdn.shopify.com/s/files/1/0952/1977/7823/files/X-treme_Tractor_Bucket_-_CID_e93f5afc-0aad-4a24-9cdc-4a05725fae2c.png?v=1779315259,2,Kubota KX040 Excavator Bucket | Heavy Iron Supply Co,
cid-excavator-bucket-kx040,,,,,,,,,,,,,,,,,,,,,,,,,,,,,https://cdn.bfldr.com/71PUUW3G/at/stptvhwk93s8j9hftpqrb34/CID-Skid-Steer-Back-Hoe-Bucket.jpg?auto=webp&format=png,3,Kubota KX040 Excavator Bucket | Heavy Iron Supply Co,
cid-excavator-bucket-kx057,MERGE,Kubota KX057 Excavator Bucket,"<p><strong>Kubota KX057 Excavator Bucket</strong> is a jobsite-ready equipment attachment for contractors who need dependable performance without wasted downtime.</p>
<ul>
<li>
<strong>Heavy-duty build</strong> for daily construction, grading, land clearing, material handling, and utility work.</li>
<li>
<strong>Machine compatibility support</strong> helps confirm coupler, mount, hydraulic flow, and sizing before purchase.</li>
<li>
<strong>Freight support</strong> available for large attachments and commercial delivery needs.</li>
<li>
<strong>Fleet and dealer pricing</strong> available for qualified repeat buyers.</li>
</ul>
<p>Heavy Iron Supply Co. supplies attachments, rubber tracks, and undercarriage parts for working machines nationwide.</p>",CID Attachments,Excavator Buckets,"Excavator Bucket, Excavator Buckets, Kubota, Mini Excavator",Active,TRUE,web,attachment,TRUE,Size,"12""",,,,,KX057EXB12,955.65,1080.30,831.00,,,continue,,manual,True,True,https://cdn.shopify.com/s/files/1/0952/1977/7823/files/X-treme_Tractor_Bucket_-_CID_dbc939ac-0ee6-412d-bb07-11c531693f85.png?v=1779315256,1,Kubota KX057 Excavator Bucket | Heavy Iron Supply Co,"{""mpn"":""KX057EXB12"",""fits"":""Mini excavator pin-on (model-specific mount)"",""brand"":""CID"",""family"":""Excavator Bucket"",""width_in"":12,""weight_lbs"":50,""availability"":""MadeToOrder"",""cutting_edge"":""Smooth"",""product_type"":""Bucket"",""weight_estimated"":true,""has_teeth"":false,""sku"":""KX057EXB12"",""family_handle"":""cid-excavator-bucket-kx057"",""family_title"":""Kubota KX057 Excavator Bucket""}"
cid-excavator-bucket-kx057,,,,,,,,,,,,Size,"18""",,,,,KX057EXB18,1139.65,1288.30,991.00,,,continue,,manual,True,True,,,,"{""mpn"":""KX057EXB18"",""fits"":""Mini excavator pin-on (model-specific mount)"",""brand"":""CID"",""family"":""Excavator Bucket"",""width_in"":18,""weight_lbs"":50,""availability"":""MadeToOrder"",""cutting_edge"":""Smooth"",""product_type"":""Bucket"",""weight_estimated"":true,""has_teeth"":false,""sku"":""KX057EXB18"",""family_handle"":""cid-excavator-bucket-kx057"",""family_title"":""Kubota KX057 Excavator Bucket""}"
cid-excavator-bucket-kx057,,,,,,,,,,,,Size,"24""",,,,,KX057EXB24,1355.85,1532.70,1179.00,,,continue,,manual,True,True,,,,"{""mpn"":""KX057EXB24"",""fits"":""Mini excavator pin-on (model-specific mount)"",""brand"":""CID"",""family"":""Excavator Bucket"",""width_in"":24,""weight_lbs"":50,""availability"":""MadeToOrder"",""cutting_edge"":""Smooth"",""product_type"":""Bucket"",""weight_estimated"":true,""has_teeth"":false,""sku"":""KX057EXB24"",""family_handle"":""cid-excavator-bucket-kx057"",""family_title"":""Kubota KX057 Excavator Bucket""}"
cid-excavator-bucket-kx057,,,,,,,,,,,,Size,"36""",,,,,KX057EXB36,1570.90,1775.80,1366.00,,,continue,,manual,True,True,,,,"{""mpn"":""KX057EXB36"",""fits"":""Mini excavator pin-on (model-specific mount)"",""brand"":""CID"",""family"":""Excavator Bucket"",""width_in"":36,""weight_lbs"":163,""availability"":""MadeToOrder"",""cutting_edge"":""Smooth"",""product_type"":""Bucket"",""weight_estimated"":true,""has_teeth"":false,""sku"":""KX057EXB36"",""family_handle"":""cid-excavator-bucket-kx057"",""family_title"":""Kubota KX057 Excavator Bucket""}"
cid-excavator-bucket-kx057,,,,,,,,,,,,,,,,,,,,,,,,,,,,,https://cdn.shopify.com/s/files/1/0952/1977/7823/files/X-treme_Tractor_Bucket_-_CID_8e80a8f7-b5b1-4fcf-a10e-107eef1d4dc0.png?v=1779315259,2,Kubota KX057 Excavator Bucket | Heavy Iron Supply Co,
cid-excavator-bucket-kx057,,,,,,,,,,,,,,,,,,,,,,,,,,,,,https://cdn.bfldr.com/71PUUW3G/at/stptvhwk93s8j9hftpqrb34/CID-Skid-Steer-Back-Hoe-Bucket.jpg?auto=webp&format=png,3,Kubota KX057 Excavator Bucket | Heavy Iron Supply Co,
cid-excavator-bucket-kx080,MERGE,Kubota KX080 Excavator Bucket,"<p><strong>Kubota KX080 Excavator Bucket</strong> is a jobsite-ready equipment attachment for contractors who need dependable performance without wasted downtime.</p>
<ul>
<li>
<strong>Heavy-duty build</strong> for daily construction, grading, land clearing, material handling, and utility work.</li>
<li>
<strong>Machine compatibility support</strong> helps confirm coupler, mount, hydraulic flow, and sizing before purchase.</li>
<li>
<strong>Freight support</strong> available for large attachments and commercial delivery needs.</li>
<li>
<strong>Fleet and dealer pricing</strong> available for qualified repeat buyers.</li>
</ul>
<p>Heavy Iron Supply Co. supplies attachments, rubber tracks, and undercarriage parts for working machines nationwide.</p>",CID Attachments,Excavator Buckets,"Excavator Bucket, Excavator Buckets, Kubota, Mini Excavator",Active,TRUE,web,attachment,TRUE,Size,"18""",,,,,KX080EXB18,1363.90,1541.80,1186.00,,,continue,,manual,True,True,https://cdn.shopify.com/s/files/1/0952/1977/7823/files/X-treme_Tractor_Bucket_-_CID_ca0f79d3-6186-4f34-9e70-7d93d54f282e.png?v=1779315256,1,Kubota KX080 Excavator Bucket | Heavy Iron Supply Co,"{""mpn"":""KX080EXB18"",""fits"":""Mini excavator pin-on (model-specific mount)"",""brand"":""CID"",""family"":""Excavator Bucket"",""width_in"":18,""weight_lbs"":50,""availability"":""MadeToOrder"",""cutting_edge"":""Smooth"",""product_type"":""Bucket"",""weight_estimated"":true,""has_teeth"":false,""sku"":""KX080EXB18"",""family_handle"":""cid-excavator-bucket-kx080"",""family_title"":""Kubota KX080 Excavator Bucket""}"
cid-excavator-bucket-kx080,,,,,,,,,,,,Size,"24""",,,,,KX080EXB24,1621.50,1833.00,1410.00,,,continue,,manual,True,True,,,,"{""mpn"":""KX080EXB24"",""fits"":""Mini excavator pin-on (model-specific mount)"",""brand"":""CID"",""family"":""Excavator Bucket"",""width_in"":24,""weight_lbs"":50,""availability"":""MadeToOrder"",""cutting_edge"":""Smooth"",""product_type"":""Bucket"",""weight_estimated"":true,""has_teeth"":false,""sku"":""KX080EXB24"",""family_handle"":""cid-excavator-bucket-kx080"",""family_title"":""Kubota KX080 Excavator Bucket""}"
cid-excavator-bucket-kx080,,,,,,,,,,,,Size,"36""",,,,,KX080EXB36,2240.20,2532.40,1948.00,,,continue,,manual,True,True,,,,"{""mpn"":""KX080EXB36"",""fits"":""Mini excavator pin-on (model-specific mount)"",""brand"":""CID"",""family"":""Excavator Bucket"",""width_in"":36,""weight_lbs"":163,""availability"":""MadeToOrder"",""cutting_edge"":""Smooth"",""product_type"":""Bucket"",""weight_estimated"":true,""has_teeth"":false,""sku"":""KX080EXB36"",""family_handle"":""cid-excavator-bucket-kx080"",""family_title"":""Kubota KX080 Excavator Bucket""}"
cid-excavator-bucket-kx080,,,,,,,,,,,,,,,,,,,,,,,,,,,,,https://cdn.shopify.com/s/files/1/0952/1977/7823/files/X-treme_Tractor_Bucket_-_CID_5a8b1123-4529-4b46-a4cd-a9c75e47d675.png?v=1779315259,2,Kubota KX080 Excavator Bucket | Heavy Iron Supply Co,
cid-excavator-bucket-kx080,,,,,,,,,,,,,,,,,,,,,,,,,,,,,https://cdn.bfldr.com/71PUUW3G/at/stptvhwk93s8j9hftpqrb34/CID-Skid-Steer-Back-Hoe-Bucket.jpg?auto=webp&format=png,3,Kubota KX080 Excavator Bucket | Heavy Iron Supply Co,
cid-excavator-bucket-kx161,MERGE,Kubota KX161 Excavator Bucket,"<p><strong>Kubota KX161 Excavator Bucket</strong> is a jobsite-ready equipment attachment for contractors who need dependable performance without wasted downtime.</p>
<ul>
<li>
<strong>Heavy-duty build</strong> for daily construction, grading, land clearing, material handling, and utility work.</li>
<li>
<strong>Machine compatibility support</strong> helps confirm coupler, mount, hydraulic flow, and sizing before purchase.</li>
<li>
<strong>Freight support</strong> available for large attachments and commercial delivery needs.</li>
<li>
<strong>Fleet and dealer pricing</strong> available for qualified repeat buyers.</li>
</ul>
<p>Heavy Iron Supply Co. supplies attachments, rubber tracks, and undercarriage parts for working machines nationwide.</p>",CID Attachments,Excavator Buckets,"Excavator Bucket, Excavator Buckets, Kubota, Mini Excavator",Active,TRUE,web,attachment,TRUE,Size,"12""",,,,,KX161EXB12,955.65,1080.30,831.00,,,continue,,manual,True,True,https://cdn.shopify.com/s/files/1/0952/1977/7823/files/X-treme_Tractor_Bucket_-_CID_55e0e35d-dfac-4083-92b2-187a993c45fb.png?v=1779315256,1,Kubota KX161 Excavator Bucket | Heavy Iron Supply Co,"{""mpn"":""KX161EXB12"",""fits"":""Mini excavator pin-on (model-specific mount)"",""brand"":""CID"",""family"":""Excavator Bucket"",""width_in"":12,""weight_lbs"":50,""availability"":""MadeToOrder"",""cutting_edge"":""Smooth"",""product_type"":""Bucket"",""weight_estimated"":true,""has_teeth"":false,""sku"":""KX161EXB12"",""family_handle"":""cid-excavator-bucket-kx161"",""family_title"":""Kubota KX161 Excavator Bucket""}"
cid-excavator-bucket-kx161,,,,,,,,,,,,Size,"18""",,,,,KX161EXB18,1139.65,1288.30,991.00,,,continue,,manual,True,True,,,,"{""mpn"":""KX161EXB18"",""fits"":""Mini excavator pin-on (model-specific mount)"",""brand"":""CID"",""family"":""Excavator Bucket"",""width_in"":18,""weight_lbs"":50,""availability"":""MadeToOrder"",""cutting_edge"":""Smooth"",""product_type"":""Bucket"",""weight_estimated"":true,""has_teeth"":false,""sku"":""KX161EXB18"",""family_handle"":""cid-excavator-bucket-kx161"",""family_title"":""Kubota KX161 Excavator Bucket""}"
cid-excavator-bucket-kx161,,,,,,,,,,,,Size,"24""",,,,,KX161EXB24,1355.85,1532.70,1179.00,,,continue,,manual,True,True,,,,"{""mpn"":""KX161EXB24"",""fits"":""Mini excavator pin-on (model-specific mount)"",""brand"":""CID"",""family"":""Excavator Bucket"",""width_in"":24,""weight_lbs"":50,""availability"":""MadeToOrder"",""cutting_edge"":""Smooth"",""product_type"":""Bucket"",""weight_estimated"":true,""has_teeth"":false,""sku"":""KX161EXB24"",""family_handle"":""cid-excavator-bucket-kx161"",""family_title"":""Kubota KX161 Excavator Bucket""}"
cid-excavator-bucket-kx161,,,,,,,,,,,,Size,"36""",,,,,KX161EXB36,1570.90,1775.80,1366.00,,,continue,,manual,True,True,,,,"{""mpn"":""KX161EXB36"",""fits"":""Mini excavator pin-on (model-specific mount)"",""brand"":""CID"",""family"":""Excavator Bucket"",""width_in"":36,""weight_lbs"":163,""availability"":""MadeToOrder"",""cutting_edge"":""Smooth"",""product_type"":""Bucket"",""weight_estimated"":true,""has_teeth"":false,""sku"":""KX161EXB36"",""family_handle"":""cid-excavator-bucket-kx161"",""family_title"":""Kubota KX161 Excavator Bucket""}"
cid-excavator-bucket-kx161,,,,,,,,,,,,,,,,,,,,,,,,,,,,,https://cdn.shopify.com/s/files/1/0952/1977/7823/files/X-treme_Tractor_Bucket_-_CID_6be78a67-c7fa-453d-b637-a7b400602d77.png?v=1779315259,2,Kubota KX161 Excavator Bucket | Heavy Iron Supply Co,
cid-excavator-bucket-kx161,,,,,,,,,,,,,,,,,,,,,,,,,,,,,https://cdn.bfldr.com/71PUUW3G/at/stptvhwk93s8j9hftpqrb34/CID-Skid-Steer-Back-Hoe-Bucket.jpg?auto=webp&format=png,3,Kubota KX161 Excavator Bucket | Heavy Iron Supply Co,
cid-excavator-cutter,MERGE,Excavator Cutter,"<p><strong>Excavator Cutter</strong> is a jobsite-ready CID attachment for contractors who need dependable performance without wasted downtime.</p><ul><li><strong>Heavy-duty build</strong> for construction, grading, land clearing, and material handling.</li><li><strong>Machine compatibility support</strong> — confirm coupler, mount, hydraulic flow, and sizing before purchase.</li><li><strong>Freight support</strong> available for large attachments.</li></ul><p>Heavy Iron Supply Co. supplies CID attachments, rubber tracks, and undercarriage parts nationwide.</p>",CID Attachments,Skid Steer Attachment,"Attachment, cid-attachments, brush-cutter",Active,TRUE,web,attachment,TRUE,Size,"44""",Flow (GPM),14-20 GPM,,,EX1420-44,4217.05,4767.10,3667.00,984,lb,continue,,manual,True,True,,,,
cid-excavator-cutter,,,,,,,,,,,,Size,"44""",Flow (GPM),20-26 GPM,,,EX2026-44,4547.10,5140.20,3954.00,,,continue,,manual,True,True,,,,
cid-excavator-cutter,,,,,,,,,,,,Size,"44""",Flow (GPM),24-30 GPM,,,EX2430-44,5043.90,5701.80,4386.00,,,continue,,manual,True,True,,,,
cid-excavator-cutter,,,,,,,,,,,,Size,SVEXCBCH,,,,,SVEXCBCH,8941.25,10107.50,7775.00,,,continue,,manual,True,True,,,,
cid-excavator-cutter,,,,,,,,,,,,Size,SVEXCBCL,Flow (GPM),17-35 GPM,,,SVEXCBCL,8006.30,9050.60,6962.00,913,lb,continue,,manual,True,True,,,,
cid-excavator-mount,MERGE,Excavator Mount,"<p><strong>Excavator Mount</strong> is a jobsite-ready CID attachment for contractors who need dependable performance without wasted downtime.</p><ul><li><strong>Heavy-duty build</strong> for construction, grading, land clearing, and material handling.</li><li><strong>Machine compatibility support</strong> — confirm coupler, mount, hydraulic flow, and sizing before purchase.</li><li><strong>Freight support</strong> available for large attachments.</li></ul><p>Heavy Iron Supply Co. supplies CID attachments, rubber tracks, and undercarriage parts nationwide.</p>",CID Attachments,Skid Steer Attachment,"Attachment, cid-attachments, other",Active,TRUE,web,attachment,TRUE,Size,EXCM-BSP,,,,,EXCM-BSP,511.75,578.50,445.00,,,continue,,manual,True,True,,,,
cid-excavator-mount,,,,,,,,,,,,Size,EXCM-JD35G,,,,,EXCM-JD35G,511.75,578.50,445.00,,,continue,,manual,True,True,,,,
cid-excavator-mount,,,,,,,,,,,,Size,EXCM-JD50G,,,,,EXCM-JD50G,511.75,578.50,445.00,,,continue,,manual,True,True,,,,
cid-excavator-mount,,,,,,,,,,,,Size,EXCM-KX040,,,,,EXCM-KX040,511.75,578.50,445.00,,,continue,,manual,True,True,,,,
cid-excavator-mount,,,,,,,,,,,,Size,EXCM-KX057,,,,,EXCM-KX057,626.75,708.50,545.00,,,continue,,manual,True,True,,,,
cid-excavator-mount,,,,,,,,,,,,Size,EXCM-KX080,,,,,EXCM-KX080,626.75,708.50,545.00,,,continue,,manual,True,True,,,,
cid-excavator-mount,,,,,,,,,,,,Size,EXCM-SANY35,,,,,EXCM-SANY35,703.80,795.60,612.00,,,continue,,manual,True,True,,,,
cid-excavator-mount,,,,,,,,,,,,Size,EXCM-SANY50,,,,,EXCM-SANY50,703.80,795.60,612.00,,,continue,,manual,True,True,,,,
cid-excavator-mount,,,,,,,,,,,,Size,EXCM-SANY60,,,,,EXCM-SANY60,818.80,925.60,712.00,,,continue,,manual,True,True,,,,
cid-excavator-mount,,,,,,,,,,,,Size,EXCM-SANY80,,,,,EXCM-SANY80,818.80,925.60,712.00,,,continue,,manual,True,True,,,,
cid-excavator-root-rake,MERGE,Excavator Root Rake,"<p><strong>Excavator Root Rake</strong> is a jobsite-ready CID attachment for contractors who need dependable performance without wasted downtime.</p><ul><li><strong>Heavy-duty build</strong> for construction, grading, land clearing, and material handling.</li><li><strong>Machine compatibility support</strong> — confirm coupler, mount, hydraulic flow, and sizing before purchase.</li><li><strong>Freight support</strong> available for large attachments.</li></ul><p>Heavy Iron Supply Co. supplies CID attachments, rubber tracks, and undercarriage parts nationwide.</p>",CID Attachments,Skid Steer Attachment,"Attachment, cid-attachments, other",Active,TRUE,web,attachment,TRUE,Size,"36""",,,,,EXRR36,1176.45,1329.90,1023.00,,,continue,,manual,True,True,,,,
cid-excavator-root-rake,,,,,,,,,,,,Size,"48""",,,,,EXRR48,1462.80,1653.60,1272.00,,,continue,,manual,True,True,,,,
cid-fixed-tree-saw,MERGE,Fixed Tree Saw,"<p><strong>Fixed Tree Saw</strong> is a jobsite-ready CID attachment for contractors who need dependable performance without wasted downtime.</p><ul><li><strong>Heavy-duty build</strong> for construction, grading, land clearing, and material handling.</li><li><strong>Machine compatibility support</strong> — confirm coupler, mount, hydraulic flow, and sizing before purchase.</li><li><strong>Freight support</strong> available for large attachments.</li></ul><p>Heavy Iron Supply Co. supplies CID attachments, rubber tracks, and undercarriage parts nationwide.</p>",CID Attachments,Skid Steer Attachment,"Attachment, cid-attachments",Active,TRUE,web,attachment,TRUE,Size,FTS2030,Flow (GPM),20-30 GPM,,,FTS2030,7630.25,8625.50,6635.00,911,lb,continue,,manual,True,True,,,,
cid-fork-frame,MERGE,Fork Frame,"<p><strong>Fork Frame</strong> is a jobsite-ready CID attachment for contractors who need dependable performance without wasted downtime.</p><ul><li><strong>Heavy-duty build</strong> for construction, grading, land clearing, and material handling.</li><li><strong>Machine compatibility support</strong> — confirm coupler, mount, hydraulic flow, and sizing before purchase.</li><li><strong>Freight support</strong> available for large attachments.</li></ul><p>Heavy Iron Supply Co. supplies CID attachments, rubber tracks, and undercarriage parts nationwide.</p>",CID Attachments,Skid Steer Attachment,"Attachment, cid-attachments, forks, other",Active,TRUE,web,attachment,TRUE,Size,HDFRAME,,,,,HDFRAME,511.75,578.50,445.00,163,lb,continue,,manual,True,True,,,,
cid-fork-frame,,,,,,,,,,,,Size,HDFRAME5500,,,,,HDFRAME5500,543.95,614.90,473.00,168,lb,continue,,manual,True,True,,,,
cid-fork-frame,,,,,,,,,,,,Size,HDFRAME550072,,,,,HDFRAME550072,800.40,904.80,696.00,,,continue,,manual,True,True,,,,
cid-fork-frame,,,,,,,,,,,,Size,HDFRAME60,,,,,HDFRAME60,703.80,795.60,612.00,,,continue,,manual,True,True,,,,
cid-fork-frame,,,,,,,,,,,,Size,HDFRAME72,,,,,HDFRAME72,768.20,868.40,668.00,,,continue,,manual,True,True,,,,
cid-fork-frame,,,,,,,,,,,,Size,HSWTFRAME,,,,,HSWTFRAME,576.15,651.30,501.00,,,continue,,manual,True,True,,,,
cid-fork-frame,,,,,,,,,,,,Size,QHDFRAME,,,,,QHDFRAME,588.80,665.60,512.00,,,continue,,manual,True,True,,,,
cid-fork-frame,,,,,,,,,,,,Size,WTFRAME,,,,,WTFRAME,543.95,614.90,473.00,204,lb,continue,,manual,True,True,,,,
cid-fork-frame,,,,,,,,,,,,Size,WTFRAME5500,,,,,WTFRAME5500,576.15,651.30,501.00,172,lb,continue,,manual,True,True,,,,
cid-fork-frame,,,,,,,,,,,,Size,XDFRAME,,,,,XDFRAME,640.55,724.10,557.00,209,lb,continue,,manual,True,True,,,,
cid-fork-frame,,,,,,,,,,,,Size,XDFRAME60,,,,,XDFRAME60,851.00,962.00,740.00,,,continue,,manual,True,True,,,,
cid-fork-frame,,,,,,,,,,,,Size,XDFRAME72,,,,,XDFRAME72,1023.50,1157.00,890.00,,,continue,,manual,True,True,,,,
cid-fork-grapple,MERGE,Fork Grapple,"<p><strong>Fork Grapple</strong> is a jobsite-ready CID attachment for contractors who need dependable performance without wasted downtime.</p><ul><li><strong>Heavy-duty build</strong> for construction, grading, land clearing, and material handling.</li><li><strong>Machine compatibility support</strong> — confirm coupler, mount, hydraulic flow, and sizing before purchase.</li><li><strong>Freight support</strong> available for large attachments.</li></ul><p>Heavy Iron Supply Co. supplies CID attachments, rubber tracks, and undercarriage parts nationwide.</p>",CID Attachments,Skid Steer Attachment,"Attachment, cid-attachments, forks",Active,TRUE,web,attachment,TRUE,Size,C3FG,,,,,C3FG,2732.40,3088.80,2376.00,,,continue,,manual,True,True,,,,
cid-fork-grapple,,,,,,,,,,,,Size,FG5500,,,,,FG5500,2509.30,2836.60,2182.00,681,lb,continue,,manual,True,True,,,,
cid-grapple-bucket-dingo,MERGE,Grapple Bucket for Dingo,"<p><strong>Grapple Bucket for Dingo</strong> is a jobsite-ready equipment attachment for contractors who need dependable performance without wasted downtime.</p>
<ul>
<li>
<strong>Heavy-duty build</strong> for daily construction, grading, land clearing, material handling, and utility work.</li>
<li>
<strong>Machine compatibility support</strong> helps confirm coupler, mount, hydraulic flow, and sizing before purchase.</li>
<li>
<strong>Freight support</strong> available for large attachments and commercial delivery needs.</li>
<li>
<strong>Fleet and dealer pricing</strong> available for qualified repeat buyers.</li>
</ul>
<p>Heavy Iron Supply Co. supplies attachments, rubber tracks, and undercarriage parts for working machines nationwide.</p>",CID Attachments,Grapple Buckets,"Bucket, Grapple Buckets, Skid Steer",Active,TRUE,web,attachment,TRUE,Size,"36"" Dingo",,,,,DGB36,1308.70,1479.40,1138.00,368,lb,continue,,manual,True,True,https://cdn.shopify.com/s/files/1/0952/1977/7823/files/cid-mini-root-grapple_2_9f426d58-32aa-4835-8f93-d344a3692a5a.png?v=1779315255,1,Grapple Bucket for Dingo | Heavy Iron Supply Co,
cid-grapple-bucket-dingo,,,,,,,,,,,,Size,"36"" Dingo w/ Teeth",,,,,DGB36T,1473.15,1665.30,1281.00,,,continue,,manual,True,True,,,,
cid-grapple-bucket-dingo,,,,,,,,,,,,Size,"42"" Dingo",,,,,DGB42,1336.30,1510.60,1162.00,347,lb,continue,,manual,True,True,,,,
cid-grapple-bucket-dingo,,,,,,,,,,,,Size,"42"" Dingo w/ Teeth",,,,,DGB42T,1495.00,1690.00,1300.00,,,continue,,manual,True,True,,,,
cid-grapple-bucket-dingo,,,,,,,,,,,,Size,"44"" Dingo",,,,,DGB44,1359.30,1536.60,1182.00,355,lb,continue,,manual,True,True,,,,
cid-grapple-bucket-dingo,,,,,,,,,,,,Size,"44"" Dingo w/ Teeth",,,,,DGB44T,1518.00,1716.00,1320.00,246,lb,continue,,manual,True,True,,,,
cid-grapple-bucket-dingo,,,,,,,,,,,,Size,"48"" Dingo",,,,,DGB48,1421.40,1606.80,1236.00,,,continue,,manual,True,True,,,,
cid-grapple-bucket-dingo,,,,,,,,,,,,Size,"48"" Dingo w/ Teeth",,,,,DGB48T,1539.85,1740.70,1339.00,,,continue,,manual,True,True,,,,
cid-grapple-bucket-dingo,,,,,,,,,,,,Size,"54"" Dingo",,,,,DGB54,1484.65,1678.30,1291.00,,,continue,,manual,True,True,,,,
cid-grapple-bucket-dingo,,,,,,,,,,,,Size,"54"" Dingo w/ Teeth",,,,,DGB54T,1561.70,1765.40,1358.00,,,continue,,manual,True,True,,,,
cid-grapple-bucket-dingo,,,,,,,,,,,,Size,"34""",,,,,MB1534D,473.80,535.60,412.00,136,lb,continue,,manual,True,True,,,,
cid-grapple-bucket-dingo,,,,,,,,,,,,Size,"36""",,,,,MB1536D,494.50,559.00,430.00,168,lb,continue,,manual,True,True,,,,"{""mpn"":""MB1536D"",""fits"":""Mini skid steer (Dingo, MT50) quick-attach"",""brand"":""CID"",""family"":""Mini Low-Profile Bucket"",""width_in"":36,""weight_lbs"":168,""availability"":""MadeToOrder"",""cutting_edge"":""Smooth"",""product_type"":""Bucket"",""has_teeth"":false,""sku"":""MB1536D"",""family_handle"":""cid-grapple-bucket-dingo"",""family_title"":""Grapple Bucket for Dingo""}"
cid-grapple-bucket-dingo,,,,,,,,,,,,Size,"42""",,,,,MB1542D,546.25,617.50,475.00,188,lb,continue,,manual,True,True,,,,"{""mpn"":""MB1542D"",""fits"":""Mini skid steer (Dingo, MT50) quick-attach"",""brand"":""CID"",""family"":""Mini Low-Profile Bucket"",""width_in"":42,""weight_lbs"":188,""availability"":""MadeToOrder"",""cutting_edge"":""Smooth"",""product_type"":""Bucket"",""has_teeth"":false,""sku"":""MB1542D"",""family_handle"":""cid-grapple-bucket-dingo"",""family_title"":""Grapple Bucket for Dingo""}"
cid-grapple-bucket-dingo,,,,,,,,,,,,Size,"44""",,,,,MB1544D,554.30,626.60,482.00,191,lb,continue,,manual,True,True,,,,"{""mpn"":""MB1544D"",""fits"":""Mini skid steer (Dingo, MT50) quick-attach"",""brand"":""CID"",""family"":""Mini Low-Profile Bucket"",""width_in"":44,""weight_lbs"":191,""availability"":""MadeToOrder"",""cutting_edge"":""Smooth"",""product_type"":""Bucket"",""has_teeth"":false,""sku"":""MB1544D"",""family_handle"":""cid-grapple-bucket-dingo"",""family_title"":""Grapple Bucket for Dingo""}"
cid-grapple-bucket-dingo,,,,,,,,,,,,Size,"48""",,,,,MB1548D,594.55,672.10,517.00,200,lb,continue,,manual,True,True,,,,"{""mpn"":""MB1548D"",""fits"":""Mini skid steer (Dingo, MT50) quick-attach"",""brand"":""CID"",""family"":""Mini Low-Profile Bucket"",""width_in"":48,""weight_lbs"":200,""availability"":""MadeToOrder"",""cutting_edge"":""Smooth"",""product_type"":""Bucket"",""has_teeth"":false,""sku"":""MB1548D"",""family_handle"":""cid-grapple-bucket-dingo"",""family_title"":""Grapple Bucket for Dingo""}"
cid-grapple-bucket-dingo,,,,,,,,,,,,Size,"52""",,,,,MB1552D,635.95,718.90,553.00,211,lb,continue,,manual,True,True,,,,"{""mpn"":""MB1552D"",""fits"":""Mini skid steer (Dingo, MT50) quick-attach"",""brand"":""CID"",""family"":""Mini Low-Profile Bucket"",""width_in"":52,""weight_lbs"":211,""availability"":""MadeToOrder"",""cutting_edge"":""Smooth"",""product_type"":""Bucket"",""has_teeth"":false,""sku"":""MB1552D"",""family_handle"":""cid-grapple-bucket-dingo"",""family_title"":""Grapple Bucket for Dingo""}"
cid-grapple-bucket-dingo,,,,,,,,,,,,Size,"54""",,,,,MB1554D,655.50,741.00,570.00,217,lb,continue,,manual,True,True,,,,"{""mpn"":""MB1554D"",""fits"":""Mini skid steer (Dingo, MT50) quick-attach"",""brand"":""CID"",""family"":""Mini Low-Profile Bucket"",""width_in"":54,""weight_lbs"":217,""availability"":""MadeToOrder"",""cutting_edge"":""Smooth"",""product_type"":""Bucket"",""has_teeth"":false,""sku"":""MB1554D"",""family_handle"":""cid-grapple-bucket-dingo"",""family_title"":""Grapple Bucket for Dingo""}"
cid-grapple-bucket-dingo,,,,,,,,,,,,Size,"34""",,,,,MB2034D,568.10,642.20,494.00,134,lb,continue,,manual,True,True,,,,"{""mpn"":""MB2034D"",""fits"":""Mini skid steer (Dingo, MT50) quick-attach"",""brand"":""CID"",""family"":""Mini Low-Profile Bucket"",""width_in"":34,""weight_lbs"":134,""availability"":""MadeToOrder"",""cutting_edge"":""Smooth"",""product_type"":""Bucket"",""has_teeth"":false,""sku"":""MB2034D"",""family_handle"":""cid-grapple-bucket-dingo"",""family_title"":""Grapple Bucket for Dingo""}"
cid-grapple-bucket-dingo,,,,,,,,,,,,Size,"36""",,,,,MB2036D,591.10,668.20,514.00,212,lb,continue,,manual,True,True,,,,
cid-grapple-bucket-dingo,,,,,,,,,,,,Size,"36""",,,,,MB2036MT,591.10,668.20,514.00,220,lb,continue,,manual,True,True,,,,"{""mpn"":""MB2036MT"",""fits"":""Mini skid steer (Dingo, MT50) quick-attach"",""brand"":""CID"",""family"":""Mini Low-Profile Bucket"",""width_in"":36,""weight_lbs"":220,""availability"":""MadeToOrder"",""cutting_edge"":""Smooth"",""product_type"":""Bucket"",""has_teeth"":false,""sku"":""MB2036MT"",""family_handle"":""cid-grapple-bucket-dingo"",""family_title"":""Grapple Bucket for Dingo""}"
cid-grapple-bucket-dingo,,,,,,,,,,,,Size,"42""",,,,,MB2042D,648.60,733.20,564.00,232,lb,continue,,manual,True,True,,,,"{""mpn"":""MB2042D"",""fits"":""Mini skid steer (Dingo, MT50) quick-attach"",""brand"":""CID"",""family"":""Mini Low-Profile Bucket"",""width_in"":42,""weight_lbs"":232,""availability"":""MadeToOrder"",""cutting_edge"":""Smooth"",""product_type"":""Bucket"",""has_teeth"":false,""sku"":""MB2042D"",""family_handle"":""cid-grapple-bucket-dingo"",""family_title"":""Grapple Bucket for Dingo""}"
cid-grapple-bucket-dingo,,,,,,,,,,,,Size,"44""",,,,,MB2044D,657.80,743.60,572.00,237,lb,continue,,manual,True,True,,,,"{""mpn"":""MB2044D"",""fits"":""Mini skid steer (Dingo, MT50) quick-attach"",""brand"":""CID"",""family"":""Mini Low-Profile Bucket"",""width_in"":44,""weight_lbs"":237,""availability"":""MadeToOrder"",""cutting_edge"":""Smooth"",""product_type"":""Bucket"",""has_teeth"":false,""sku"":""MB2044D"",""family_handle"":""cid-grapple-bucket-dingo"",""family_title"":""Grapple Bucket for Dingo""}"
cid-grapple-bucket-dingo,,,,,,,,,,,,Size,"44""",,,,,MB2044MT,657.80,743.60,572.00,213,lb,continue,,manual,True,True,,,,"{""mpn"":""MB2044MT"",""fits"":""Mini skid steer (Dingo, MT50) quick-attach"",""brand"":""CID"",""family"":""Mini Low-Profile Bucket"",""width_in"":44,""weight_lbs"":213,""availability"":""MadeToOrder"",""cutting_edge"":""Smooth"",""product_type"":""Bucket"",""has_teeth"":false,""sku"":""MB2044MT"",""family_handle"":""cid-grapple-bucket-dingo"",""family_title"":""Grapple Bucket for Dingo""}"
cid-grapple-bucket-dingo,,,,,,,,,,,,Size,"48""",,,,,MB2048D,692.30,782.60,602.00,350,lb,continue,,manual,True,True,,,,"{""mpn"":""MB2048D"",""fits"":""Mini skid steer (Dingo, MT50) quick-attach"",""brand"":""CID"",""family"":""Mini Low-Profile Bucket"",""width_in"":48,""weight_lbs"":350,""availability"":""MadeToOrder"",""cutting_edge"":""Smooth"",""product_type"":""Bucket"",""has_teeth"":false,""sku"":""MB2048D"",""family_handle"":""cid-grapple-bucket-dingo"",""family_title"":""Grapple Bucket for Dingo""}"
cid-grapple-bucket-dingo,,,,,,,,,,,,Size,"48""",,,,,MB2048MT,701.50,793.00,610.00,226,lb,continue,,manual,True,True,,,,"{""mpn"":""MB2048MT"",""fits"":""Mini skid steer (Dingo, MT50) quick-attach"",""brand"":""CID"",""family"":""Mini Low-Profile Bucket"",""width_in"":48,""weight_lbs"":226,""availability"":""MadeToOrder"",""cutting_edge"":""Smooth"",""product_type"":""Bucket"",""has_teeth"":false,""sku"":""MB2048MT"",""family_handle"":""cid-grapple-bucket-dingo"",""family_title"":""Grapple Bucket for Dingo""}"
cid-grapple-bucket-dingo,,,,,,,,,,,,Size,"52""",,,,,MB2052D,747.50,845.00,650.00,262,lb,continue,,manual,True,True,,,,"{""mpn"":""MB2052D"",""fits"":""Mini skid steer (Dingo, MT50) quick-attach"",""brand"":""CID"",""family"":""Mini Low-Profile Bucket"",""width_in"":52,""weight_lbs"":262,""availability"":""MadeToOrder"",""cutting_edge"":""Smooth"",""product_type"":""Bucket"",""has_teeth"":false,""sku"":""MB2052D"",""family_handle"":""cid-grapple-bucket-dingo"",""family_title"":""Grapple Bucket for Dingo""}"
cid-grapple-bucket-dingo,,,,,,,,,,,,Size,"54""",,,,,MB2054D,768.20,868.40,668.00,268,lb,continue,,manual,True,True,,,,"{""mpn"":""MB2054D"",""fits"":""Mini skid steer (Dingo, MT50) quick-attach"",""brand"":""CID"",""family"":""Mini Low-Profile Bucket"",""width_in"":54,""weight_lbs"":268,""availability"":""MadeToOrder"",""cutting_edge"":""Smooth"",""product_type"":""Bucket"",""has_teeth"":false,""sku"":""MB2054D"",""family_handle"":""cid-grapple-bucket-dingo"",""family_title"":""Grapple Bucket for Dingo""}"
cid-grapple-bucket-dingo,,,,,,,,,,,,Size,"36""",Teeth,With Teeth,,,MB20T36MT,759.00,858.00,660.00,,,continue,,manual,True,True,,,,"{""mpn"":""MB20T36MT"",""fits"":""Mini skid steer (Dingo, MT50) quick-attach"",""brand"":""CID"",""family"":""Mini Low-Profile Bucket"",""width_in"":36,""weight_lbs"":94.0,""availability"":""MadeToOrder"",""cutting_edge"":""Bolt-on teeth"",""product_type"":""Bucket"",""has_teeth"":true,""teeth"":""With Teeth"",""weld_on_teeth"":""With Teeth"",""sku"":""MB20T36MT"",""family_handle"":""cid-grapple-bucket-dingo"",""family_title"":""Grapple Bucket for Dingo""}"
cid-grapple-bucket-dingo,,,,,,,,,,,,Size,"44""",Teeth,With Teeth,,,MB20T44MT,845.25,955.50,735.00,185,lb,continue,,manual,True,True,,,,"{""mpn"":""MB20T44MT"",""fits"":""Mini skid steer (Dingo, MT50) quick-attach"",""brand"":""CID"",""family"":""Mini Low-Profile Bucket"",""width_in"":44,""weight_lbs"":185,""availability"":""MadeToOrder"",""cutting_edge"":""Bolt-on teeth"",""product_type"":""Bucket"",""has_teeth"":true,""teeth"":""With Teeth"",""weld_on_teeth"":""With Teeth"",""sku"":""MB20T44MT"",""family_handle"":""cid-grapple-bucket-dingo"",""family_title"":""Grapple Bucket for Dingo""}"
cid-grapple-bucket-dingo,,,,,,,,,,,,Size,"48""",Teeth,With Teeth,,,MB20T48MT,868.25,981.50,755.00,,,continue,,manual,True,True,,,,"{""mpn"":""MB20T48MT"",""fits"":""Mini skid steer (Dingo, MT50) quick-attach"",""brand"":""CID"",""family"":""Mini Low-Profile Bucket"",""width_in"":48,""weight_lbs"":221,""availability"":""MadeToOrder"",""cutting_edge"":""Bolt-on teeth"",""product_type"":""Bucket"",""weight_estimated"":true,""has_teeth"":true,""teeth"":""With Teeth"",""weld_on_teeth"":""With Teeth"",""sku"":""MB20T48MT"",""family_handle"":""cid-grapple-bucket-dingo"",""family_title"":""Grapple Bucket for Dingo""}"
cid-grapple-bucket-dingo,,,,,,,,,,,,,,,,,,,,,,,,,,,,,https://cdn.shopify.com/s/files/1/0952/1977/7823/files/cid-bucket-low-profile_a056cd1c-c024-48be-8cb6-d6810e38a3d5.webp?v=1782092041,2,Grapple Bucket for Dingo | Heavy Iron Supply Co,
cid-grapple-bucket-mt50,MERGE,Grapple Bucket for MT50,"<p><strong>Grapple Bucket for MT50</strong> is a jobsite-ready equipment attachment for contractors who need dependable performance without wasted downtime.</p>
<ul>
<li>
<strong>Heavy-duty build</strong> for daily construction, grading, land clearing, material handling, and utility work.</li>
<li>
<strong>Machine compatibility support</strong> helps confirm coupler, mount, hydraulic flow, and sizing before purchase.</li>
<li>
<strong>Freight support</strong> available for large attachments and commercial delivery needs.</li>
<li>
<strong>Fleet and dealer pricing</strong> available for qualified repeat buyers.</li>
</ul>
<p>Heavy Iron Supply Co. supplies attachments, rubber tracks, and undercarriage parts for working machines nationwide.</p>",CID Attachments,Grapple Buckets,"Bucket, Grapple Buckets, Skid Steer",Active,TRUE,web,attachment,TRUE,Size,"36"" MT50",,,,,MTGB36,1308.70,1479.40,1138.00,328,lb,continue,,manual,True,True,https://cdn.shopify.com/s/files/1/0952/1977/7823/files/cid-mini-root-grapple_2.png?v=1779315255,1,Grapple Bucket for MT50 | Heavy Iron Supply Co,
cid-grapple-bucket-mt50,,,,,,,,,,,,Size,"36"" MT50 w/ Teeth",,,,,MTGB36T,1336.30,1510.60,1162.00,358,lb,continue,,manual,True,True,,,,
cid-grapple-bucket-mt50,,,,,,,,,,,,Size,"42"" MT50",,,,,MTGB42,1336.30,1510.60,1162.00,324,lb,continue,,manual,True,True,,,,
cid-grapple-bucket-mt50,,,,,,,,,,,,Size,"42"" MT50 w/ Teeth",,,,,MTGB42T,1359.30,1536.60,1182.00,,,continue,,manual,True,True,,,,
cid-grapple-bucket-mt50,,,,,,,,,,,,Size,"44"" MT50",,,,,MTGB44,1359.30,1536.60,1182.00,330,lb,continue,,manual,True,True,,,,
cid-grapple-bucket-mt50,,,,,,,,,,,,Size,"44"" MT50 w/ Teeth",,,,,MTGB44T,1381.15,1561.30,1201.00,,,continue,,manual,True,True,,,,
cid-grapple-bucket-mt50,,,,,,,,,,,,Size,"48"" MT50",,,,,MTGB48,1381.15,1561.30,1201.00,345,lb,continue,,manual,True,True,,,,
cid-grapple-bucket-mt50,,,,,,,,,,,,Size,"48"" MT50 w/ Teeth",,,,,MTGB48T,1403.00,1586.00,1220.00,,,continue,,manual,True,True,,,,
cid-grapple-bucket-mt50,,,,,,,,,,,,Size,"54"" MT50",,,,,MTGB54,1484.65,1678.30,1291.00,,,continue,,manual,True,True,,,,
cid-grapple-bucket-mt50,,,,,,,,,,,,Size,"54"" MT50 w/ Teeth",,,,,MTGB54T,1426.00,1612.00,1240.00,,,continue,,manual,True,True,,,,
cid-hay-bale-grapple-bucket,MERGE,Hay Bale Grapple Bucket - Heavy-Duty Attachment,"<p><strong>Hay Bale Grapple Bucket - Heavy-Duty Attachment</strong> is a jobsite-ready equipment attachment for contractors who need dependable performance without wasted downtime.</p>
<ul>
<li>
<strong>Heavy-duty build</strong> for daily construction, grading, land clearing, material handling, and utility work.</li>
<li>
<strong>Machine compatibility support</strong> helps confirm coupler, mount, hydraulic flow, and sizing before purchase.</li>
<li>
<strong>Freight support</strong> available for large attachments and commercial delivery needs.</li>
<li>
<strong>Fleet and dealer pricing</strong> available for qualified repeat buyers.</li>
</ul>
<p>Heavy Iron Supply Co. supplies attachments, rubber tracks, and undercarriage parts for working machines nationwide.</p>",CID Attachments,Skid Steer Attachment,"Agriculture, Skid Steer, Skid Steer Attachment",Active,TRUE,web,attachment,TRUE,Size,"72""",,,,,HBGB72,4417.15,4993.30,3841.00,1079,lb,continue,,manual,True,True,https://cdn.shopify.com/s/files/1/0952/1977/7823/files/cid-grapple-bucket-hay_5888ccc6-a026-4b58-87d1-97a756d31727.webp?v=1779040396,1,Hay Bale Grapple Bucket | Heavy Duty Skid Steer Attachment,
cid-hay-bale-grapple-bucket,,,,,,,,,,,,Size,"84""",,,,,HBGB84,4631.05,5235.10,4027.00,1259,lb,continue,,manual,True,True,,,,
cid-hay-bale-grapple-bucket,,,,,,,,,,,,Size,"96""",,,,,HBGB96,4972.60,5621.20,4324.00,1364,lb,continue,,manual,True,True,,,,
cid-hay-bale-grapple-bucket,,,,,,,,,,,,,,,,,,,,,,,,,,,,,https://cdn.shopify.com/s/files/1/0952/1977/7823/files/cid-hay-grapple-bucket.png?v=1779306212,2,Hay Bale Grapple Bucket | Heavy Duty Skid Steer Attachment,
cid-hay-equipment,MERGE,Hay Equipment,"<p><strong>Hay Equipment</strong> is a jobsite-ready CID attachment for contractors who need dependable performance without wasted downtime.</p><ul><li><strong>Heavy-duty build</strong> for construction, grading, land clearing, and material handling.</li><li><strong>Machine compatibility support</strong> — confirm coupler, mount, hydraulic flow, and sizing before purchase.</li><li><strong>Freight support</strong> available for large attachments.</li></ul><p>Heavy Iron Supply Co. supplies CID attachments, rubber tracks, and undercarriage parts nationwide.</p>",CID Attachments,Skid Steer Attachment,"Attachment, cid-attachments, other",Active,TRUE,web,attachment,TRUE,Size,HAG10,,,,,HAG10,3757.05,4247.10,3267.00,1075,lb,continue,,manual,True,True,,,,
cid-hay-spear,MERGE,Hay Spear,"<p><strong>Hay Spear</strong> is a jobsite-ready CID attachment for contractors who need dependable performance without wasted downtime.</p><ul><li><strong>Heavy-duty build</strong> for construction, grading, land clearing, and material handling.</li><li><strong>Machine compatibility support</strong> — confirm coupler, mount, hydraulic flow, and sizing before purchase.</li><li><strong>Freight support</strong> available for large attachments.</li></ul><p>Heavy Iron Supply Co. supplies CID attachments, rubber tracks, and undercarriage parts nationwide.</p>",CID Attachments,Skid Steer Attachment,"Attachment, cid-attachments, other",Active,TRUE,web,attachment,TRUE,Size,DHBABS,,,,,DHBABS,1604.25,1813.50,1395.00,402,lb,continue,,manual,True,True,,,,
cid-hay-spear,,,,,,,,,,,,Size,DHBHS,,,,,DHBHS,845.25,955.50,735.00,233,lb,continue,,manual,True,True,,,,
cid-hay-spear,,,,,,,,,,,,Size,DLBHS,,,,,DLBHS,767.05,867.10,667.00,203,lb,continue,,manual,True,True,,,,
cid-hay-spear,,,,,,,,,,,,Size,HBHS,,,,,HBHS,624.45,705.90,543.00,217,lb,continue,,manual,True,True,,,,
cid-hay-spear,,,,,,,,,,,,Size,LBHS,,,,,LBHS,547.40,618.80,476.00,186,lb,continue,,manual,True,True,,,,
cid-hay-spear,,,,,,,,,,,,Size,QUADHBHS,,,,,QUADHBHS,1550.20,1752.40,1348.00,,,continue,,manual,True,True,,,,
cid-hay-spear,,,,,,,,,,,,Size,QUADLBHS,,,,,QUADLBHS,1297.20,1466.40,1128.00,,,continue,,manual,True,True,,,,
cid-hay-spear,,,,,,,,,,,,Size,THBHS,,,,,THBHS,999.35,1129.70,869.00,259,lb,continue,,manual,True,True,,,,
cid-hc-snow-litter-bucket,MERGE,High-Capacity Snow-N-Litter Bucket - Heavy-Duty Attachment,"<p><strong>High-Capacity Snow-N-Litter Bucket - Heavy-Duty Attachment</strong> is a jobsite-ready equipment attachment for contractors who need dependable performance without wasted downtime.</p>
<ul>
<li>
<strong>Heavy-duty build</strong> for daily construction, grading, land clearing, material handling, and utility work.</li>
<li>
<strong>Machine compatibility support</strong> helps confirm coupler, mount, hydraulic flow, and sizing before purchase.</li>
<li>
<strong>Freight support</strong> available for large attachments and commercial delivery needs.</li>
<li>
<strong>Fleet and dealer pricing</strong> available for qualified repeat buyers.</li>
</ul>
<p>Heavy Iron Supply Co. supplies attachments, rubber tracks, and undercarriage parts for working machines nationwide.</p>",CID Attachments,Skid Steer Attachment,"Bucket, Skid Steer, Skid Steer Attachment",Active,TRUE,web,attachment,TRUE,Size,"102""",,,,,HCSB102,2280.45,2577.90,1983.00,779,lb,continue,,manual,True,True,https://cdn.shopify.com/s/files/1/0952/1977/7823/files/cid-snow-litter-bucket-xtreme_6bd67442-3d15-498b-85b1-dd889404aae2.webp?v=1779040396,1,High-Capacity Snow-N-Litter Bucket | Heavy Duty Skid Steer Attachment,
cid-hc-snow-litter-bucket,,,,,,,,,,,,Size,"108""",,,,,HCSB108,2436.85,2754.70,2119.00,810,lb,continue,,manual,True,True,,,,
cid-hc-snow-litter-bucket,,,,,,,,,,,,Size,"120""",,,,,HCSB120,2747.35,3105.70,2389.00,900,lb,continue,,manual,True,True,,,,
cid-hc-snow-litter-bucket,,,,,,,,,,,,Size,"60""",,,,,HCSB60,1503.05,1699.10,1307.00,503,lb,continue,,manual,True,True,,,,
cid-hc-snow-litter-bucket,,,,,,,,,,,,Size,"66""",,,,,HCSB66,1606.55,1816.10,1397.00,554,lb,continue,,manual,True,True,,,,
cid-hc-snow-litter-bucket,,,,,,,,,,,,Size,"72""",,,,,HCSB72,1710.05,1933.10,1487.00,604,lb,continue,,manual,True,True,,,,
cid-hc-snow-litter-bucket,,,,,,,,,,,,Size,"78""",,,,,HCSB78,1813.55,2050.10,1577.00,646,lb,continue,,manual,True,True,,,,
cid-hc-snow-litter-bucket,,,,,,,,,,,,Size,"84""",,,,,HCSB84,1918.20,2168.40,1668.00,684,lb,continue,,manual,True,True,,,,
cid-hc-snow-litter-bucket,,,,,,,,,,,,Size,"90""",,,,,HCSB90,2022.85,2286.70,1759.00,724,lb,continue,,manual,True,True,,,,
cid-hc-snow-litter-bucket,,,,,,,,,,,,Size,"96""",,,,,HCSB96,2125.20,2402.40,1848.00,742,lb,continue,,manual,True,True,,,,
cid-hc-snow-litter-bucket,,,,,,,,,,,,,,,,,,,,,,,,,,,,,https://cdn.shopify.com/s/files/1/0952/1977/7823/files/HCSB72-S-72in-High-Capacity-Snow-Bucket_00179.png?v=1779306446,2,High-Capacity Snow-N-Litter Bucket | Heavy Duty Skid Steer Attachment,
cid-hc-snow-litter-bucket,,,,,,,,,,,,,,,,,,,,,,,,,,,,,https://cdn.shopify.com/s/files/1/0952/1977/7823/files/HCSB72-S-72in-High-Capacity-Snow-Bucket_00196.png?v=1779306446,3,High-Capacity Snow-N-Litter Bucket | Heavy Duty Skid Steer Attachment,
cid-hd-4n1-bucket,MERGE,Heavy-Duty 4-in-1 Bucket - Heavy-Duty Attachment,"<p><strong>Heavy-Duty 4-in-1 Bucket - Heavy-Duty Attachment</strong> is a jobsite-ready equipment attachment for contractors who need dependable performance without wasted downtime.</p>
<ul>
<li>
<strong>Heavy-duty build</strong> for daily construction, grading, land clearing, material handling, and utility work.</li>
<li>
<strong>Machine compatibility support</strong> helps confirm coupler, mount, hydraulic flow, and sizing before purchase.</li>
<li>
<strong>Freight support</strong> available for large attachments and commercial delivery needs.</li>
<li>
<strong>Fleet and dealer pricing</strong> available for qualified repeat buyers.</li>
</ul>
<p>Heavy Iron Supply Co. supplies attachments, rubber tracks, and undercarriage parts for working machines nationwide.</p>",CID Attachments,Skid Steer Attachment,"Bucket, Skid Steer, Skid Steer Attachment",Active,TRUE,web,attachment,TRUE,Size,"60""",Teeth,Standard,,,HD4N1-60,3167.10,3580.20,2754.00,748,lb,continue,,manual,True,True,https://cdn.shopify.com/s/files/1/0952/1977/7823/files/cid-4-in-1-bucket-standard_7a2836c6-fd1d-4736-82c5-648b208ca3cd.webp?v=1779040396,1,Heavy Duty 4-in-1 Bucket | Heavy Duty Skid Steer Attachment,"{""mpn"":""HD4N1-60"",""fits"":""Universal skid steer & compact track loader quick-attach"",""brand"":""CID"",""family"":""Heavy-Duty 4-in-1 Bucket"",""width_in"":60,""weight_lbs"":748,""availability"":""MadeToOrder"",""cutting_edge"":""Smooth"",""product_type"":""Bucket"",""weight_estimated"":true,""has_teeth"":false,""teeth"":""Standard"",""weld_on_teeth"":""Optional"",""sku"":""HD4N1-60"",""family_handle"":""cid-hd-4n1-bucket"",""family_title"":""Heavy-Duty 4-in-1 Bucket - Heavy-Duty Attachment""}"
cid-hd-4n1-bucket,,,,,,,,,,,,Size,"60""",Teeth,With Teeth,,,HD4N1-60T,3430.45,3877.90,2983.00,,,continue,,manual,True,True,,,,"{""mpn"":""HD4N1-60T"",""fits"":""Universal skid steer & compact track loader quick-attach"",""brand"":""CID"",""family"":""Heavy-Duty 4-in-1 Bucket"",""width_in"":60,""weight_lbs"":775,""availability"":""MadeToOrder"",""cutting_edge"":""Bolt-on teeth"",""product_type"":""Bucket"",""weight_estimated"":true,""has_teeth"":true,""teeth"":""With Teeth"",""weld_on_teeth"":""With Teeth"",""sku"":""HD4N1-60T"",""family_handle"":""cid-hd-4n1-bucket"",""family_title"":""Heavy-Duty 4-in-1 Bucket - Heavy-Duty Attachment""}"
cid-hd-4n1-bucket,,,,,,,,,,,,Size,"63""",Teeth,Standard,,,HD4N1-63,3211.95,3630.90,2793.00,785,lb,continue,,manual,True,True,,,,"{""mpn"":""HD4N1-63"",""fits"":""Universal skid steer & compact track loader quick-attach"",""brand"":""CID"",""family"":""Heavy-Duty 4-in-1 Bucket"",""width_in"":63,""weight_lbs"":785,""availability"":""MadeToOrder"",""cutting_edge"":""Smooth"",""product_type"":""Bucket"",""has_teeth"":false,""teeth"":""Standard"",""weld_on_teeth"":""Optional"",""sku"":""HD4N1-63"",""family_handle"":""cid-hd-4n1-bucket"",""family_title"":""Heavy-Duty 4-in-1 Bucket - Heavy-Duty Attachment""}"
cid-hd-4n1-bucket,,,,,,,,,,,,Size,"63""",Teeth,With Teeth,,,HD4N1-63T,3473.00,3926.00,3020.00,829,lb,continue,,manual,True,True,,,,"{""mpn"":""HD4N1-63T"",""fits"":""Universal skid steer & compact track loader quick-attach"",""brand"":""CID"",""family"":""Heavy-Duty 4-in-1 Bucket"",""width_in"":63,""weight_lbs"":829,""availability"":""MadeToOrder"",""cutting_edge"":""Bolt-on teeth"",""product_type"":""Bucket"",""has_teeth"":true,""teeth"":""With Teeth"",""weld_on_teeth"":""With Teeth"",""sku"":""HD4N1-63T"",""family_handle"":""cid-hd-4n1-bucket"",""family_title"":""Heavy-Duty 4-in-1 Bucket - Heavy-Duty Attachment""}"
cid-hd-4n1-bucket,,,,,,,,,,,,Size,"66""",Teeth,Standard,,,HD4N1-66,3255.65,3680.30,2831.00,810,lb,continue,,manual,True,True,,,,"{""mpn"":""HD4N1-66"",""fits"":""Universal skid steer & compact track loader quick-attach"",""brand"":""CID"",""family"":""Heavy-Duty 4-in-1 Bucket"",""width_in"":66,""weight_lbs"":810,""availability"":""MadeToOrder"",""cutting_edge"":""Smooth"",""product_type"":""Bucket"",""has_teeth"":false,""teeth"":""Standard"",""weld_on_teeth"":""Optional"",""sku"":""HD4N1-66"",""family_handle"":""cid-hd-4n1-bucket"",""family_title"":""Heavy-Duty 4-in-1 Bucket - Heavy-Duty Attachment""}"
cid-hd-4n1-bucket,,,,,,,,,,,,Size,"66""",Teeth,With Teeth,,,HD4N1-66T,3515.55,3974.10,3057.00,875,lb,continue,,manual,True,True,,,,"{""mpn"":""HD4N1-66T"",""fits"":""Universal skid steer & compact track loader quick-attach"",""brand"":""CID"",""family"":""Heavy-Duty 4-in-1 Bucket"",""width_in"":66,""weight_lbs"":875,""availability"":""MadeToOrder"",""cutting_edge"":""Bolt-on teeth"",""product_type"":""Bucket"",""has_teeth"":true,""teeth"":""With Teeth"",""weld_on_teeth"":""With Teeth"",""sku"":""HD4N1-66T"",""family_handle"":""cid-hd-4n1-bucket"",""family_title"":""Heavy-Duty 4-in-1 Bucket - Heavy-Duty Attachment""}"
cid-hd-4n1-bucket,,,,,,,,,,,,Size,"72""",Teeth,Standard,,,HD4N1-72,3341.90,3777.80,2906.00,919,lb,continue,,manual,True,True,,,,"{""mpn"":""HD4N1-72"",""fits"":""Universal skid steer & compact track loader quick-attach"",""brand"":""CID"",""family"":""Heavy-Duty 4-in-1 Bucket"",""width_in"":72,""weight_lbs"":919,""availability"":""MadeToOrder"",""cutting_edge"":""Smooth"",""product_type"":""Bucket"",""has_teeth"":false,""teeth"":""Standard"",""weld_on_teeth"":""Optional"",""sku"":""HD4N1-72"",""family_handle"":""cid-hd-4n1-bucket"",""family_title"":""Heavy-Duty 4-in-1 Bucket - Heavy-Duty Attachment""}"
cid-hd-4n1-bucket,,,,,,,,,,,,Size,"72""",Teeth,With Teeth,,,HD4N1-72T,3602.95,4072.90,3133.00,895,lb,continue,,manual,True,True,,,,"{""mpn"":""HD4N1-72T"",""fits"":""Universal skid steer & compact track loader quick-attach"",""brand"":""CID"",""family"":""Heavy-Duty 4-in-1 Bucket"",""width_in"":72,""weight_lbs"":895,""availability"":""MadeToOrder"",""cutting_edge"":""Bolt-on teeth"",""product_type"":""Bucket"",""has_teeth"":true,""teeth"":""With Teeth"",""weld_on_teeth"":""With Teeth"",""sku"":""HD4N1-72T"",""family_handle"":""cid-hd-4n1-bucket"",""family_title"":""Heavy-Duty 4-in-1 Bucket - Heavy-Duty Attachment""}"
cid-hd-4n1-bucket,,,,,,,,,,,,Size,"78""",Teeth,Standard,,,HD4N1-78,3427.00,3874.00,2980.00,910,lb,continue,,manual,True,True,,,,"{""mpn"":""HD4N1-78"",""fits"":""Universal skid steer & compact track loader quick-attach"",""brand"":""CID"",""family"":""Heavy-Duty 4-in-1 Bucket"",""width_in"":78,""weight_lbs"":910,""availability"":""MadeToOrder"",""cutting_edge"":""Smooth"",""product_type"":""Bucket"",""weight_estimated"":true,""has_teeth"":false,""teeth"":""Standard"",""weld_on_teeth"":""Optional"",""sku"":""HD4N1-78"",""family_handle"":""cid-hd-4n1-bucket"",""family_title"":""Heavy-Duty 4-in-1 Bucket - Heavy-Duty Attachment""}"
cid-hd-4n1-bucket,,,,,,,,,,,,Size,"78""",Teeth,With Teeth,,,HD4N1-78T,3690.35,4171.70,3209.00,,,continue,,manual,True,True,,,,"{""mpn"":""HD4N1-78T"",""fits"":""Universal skid steer & compact track loader quick-attach"",""brand"":""CID"",""family"":""Heavy-Duty 4-in-1 Bucket"",""width_in"":78,""weight_lbs"":974,""availability"":""MadeToOrder"",""cutting_edge"":""Bolt-on teeth"",""product_type"":""Bucket"",""weight_estimated"":true,""has_teeth"":true,""teeth"":""With Teeth"",""weld_on_teeth"":""With Teeth"",""sku"":""HD4N1-78T"",""family_handle"":""cid-hd-4n1-bucket"",""family_title"":""Heavy-Duty 4-in-1 Bucket - Heavy-Duty Attachment""}"
cid-hd-4n1-bucket,,,,,,,,,,,,Size,"84""",Teeth,Standard,,,HD4N1-84,3513.25,3971.50,3055.00,980,lb,continue,,manual,True,True,,,,"{""mpn"":""HD4N1-84"",""fits"":""Universal skid steer & compact track loader quick-attach"",""brand"":""CID"",""family"":""Heavy-Duty 4-in-1 Bucket"",""width_in"":84,""weight_lbs"":980,""availability"":""MadeToOrder"",""cutting_edge"":""Smooth"",""product_type"":""Bucket"",""weight_estimated"":true,""has_teeth"":false,""teeth"":""Standard"",""weld_on_teeth"":""Optional"",""sku"":""HD4N1-84"",""family_handle"":""cid-hd-4n1-bucket"",""family_title"":""Heavy-Duty 4-in-1 Bucket - Heavy-Duty Attachment""}"
cid-hd-4n1-bucket,,,,,,,,,,,,Size,"84""",Teeth,With Teeth,,,HD4N1-84T,3777.75,4270.50,3285.00,,,continue,,manual,True,True,,,,"{""mpn"":""HD4N1-84T"",""fits"":""Universal skid steer & compact track loader quick-attach"",""brand"":""CID"",""family"":""Heavy-Duty 4-in-1 Bucket"",""width_in"":84,""weight_lbs"":1040,""availability"":""MadeToOrder"",""cutting_edge"":""Bolt-on teeth"",""product_type"":""Bucket"",""weight_estimated"":true,""has_teeth"":true,""teeth"":""With Teeth"",""weld_on_teeth"":""With Teeth"",""sku"":""HD4N1-84T"",""family_handle"":""cid-hd-4n1-bucket"",""family_title"":""Heavy-Duty 4-in-1 Bucket - Heavy-Duty Attachment""}"
cid-hd-4n1-bucket,,,,,,,,,,,,,,,,,,,,,,,,,,,,,https://cdn.shopify.com/s/files/1/0952/1977/7823/files/CID-heavy-duty-4-in-1-bucket_1.png?v=1779305974,2,Heavy Duty 4-in-1 Bucket | Heavy Duty Skid Steer Attachment,
cid-hd-4n1-bucket,,,,,,,,,,,,,,,,,,,,,,,,,,,,,https://cdn.shopify.com/s/files/1/0952/1977/7823/files/CID-heavy-duty-4-in-1-bucket_2.png?v=1779305974,3,Heavy Duty 4-in-1 Bucket | Heavy Duty Skid Steer Attachment,
cid-hd-4n1-bucket,,,,,,,,,,,,,,,,,,,,,,,,,,,,,https://cdn.shopify.com/s/files/1/0952/1977/7823/files/CID-heavy-duty-4-in-1-bucket_3.png?v=1779305974,4,Heavy Duty 4-in-1 Bucket | Heavy Duty Skid Steer Attachment,
cid-hd-4n1-bucket,,,,,,,,,,,,,,,,,,,,,,,,,,,,,https://cdn.shopify.com/s/files/1/0952/1977/7823/files/CID-heavy-duty-4-in-1-bucket_5.png?v=1779305974,5,Heavy Duty 4-in-1 Bucket | Heavy Duty Skid Steer Attachment,
cid-hd-4n1-bucket,,,,,,,,,,,,,,,,,,,,,,,,,,,,,https://cdn.shopify.com/s/files/1/0952/1977/7823/files/CID-heavy-duty-4-in-1-bucket_12.png?v=1779305974,6,Heavy Duty 4-in-1 Bucket | Heavy Duty Skid Steer Attachment,
cid-hd-4n1-bucket,,,,,,,,,,,,,,,,,,,,,,,,,,,,,https://cdn.shopify.com/s/files/1/0952/1977/7823/files/CID-heavy-duty-4-in-1-bucket_14.png?v=1779305974,7,Heavy Duty 4-in-1 Bucket | Heavy Duty Skid Steer Attachment,
cid-hd-4n1-bucket,,,,,,,,,,,,,,,,,,,,,,,,,,,,,https://cdn.shopify.com/s/files/1/0952/1977/7823/files/cid-4-in-1-bucket-standard_13560beb-19d0-4a75-a901-ae2d89cd7e7d.webp?v=1782092041,8,Heavy Duty 4-in-1 Bucket | Heavy Duty Skid Steer Attachment,
cid-hd-brush-cutter-ns,MERGE,Heavy-Duty Brush Cutter (No Stump),"<p><strong>Heavy-Duty Brush Cutter (No Stump)</strong> is a jobsite-ready equipment attachment for contractors who need dependable performance without wasted downtime.</p>
<ul>
<li>
<strong>Heavy-duty build</strong> for daily construction, grading, land clearing, material handling, and utility work.</li>
<li>
<strong>Machine compatibility support</strong> helps confirm coupler, mount, hydraulic flow, and sizing before purchase.</li>
<li>
<strong>Freight support</strong> available for large attachments and commercial delivery needs.</li>
<li>
<strong>Fleet and dealer pricing</strong> available for qualified repeat buyers.</li>
</ul>
<p>Heavy Iron Supply Co. supplies attachments, rubber tracks, and undercarriage parts for working machines nationwide.</p>",CID Attachments,Brush Cutters,"Brush Cutter, Brush Cutters, Skid Steer",Active,TRUE,web,attachment,TRUE,Size,"60"" #2",,,,,HDBCNS60-2,4723.05,5339.10,4107.00,1103,lb,continue,,manual,True,True,https://cdn.shopify.com/s/files/1/0952/1977/7823/files/cid-brush-cutter-attachment_ac8bd8f6-1ce6-4622-ba4d-4932c7d3f2ac.webp?v=1779040516,1,Heavy Duty Brush Cutter (No Stump) | Heavy Duty Skid Steer Attachment,
cid-hd-brush-cutter-ns,,,,,,,,,,,,Size,"60"" #3",,,,,HDBCNS60-3,4899.00,5538.00,4260.00,1250,lb,continue,,manual,True,True,,,,
cid-hd-brush-cutter-ns,,,,,,,,,,,,Size,"72"" #2",,,,,HDBCNS72-2,4986.40,5636.80,4336.00,1281,lb,continue,,manual,True,True,,,,
cid-hd-brush-cutter-ns,,,,,,,,,,,,Size,"72"" #3",,,,,HDBCNS72-3,5291.15,5981.30,4601.00,1500,lb,continue,,manual,True,True,,,,
cid-hd-brush-cutter-ns,,,,,,,,,,,,Size,"78"" #2",,,,,HDBCNS78-2,5248.60,5933.20,4564.00,,,continue,,manual,True,True,,,,
cid-hd-brush-cutter-ns,,,,,,,,,,,,Size,"78"" #3",,,,,HDBCNS78-3,5566.00,6292.00,4840.00,,,continue,,manual,True,True,,,,
cid-hd-brush-cutter-ns,,,,,,,,,,,,,,,,,,,,,,,,,,,,,https://cdn.shopify.com/s/files/1/0952/1977/7823/files/cid-skid-steer-heavy-duty-brush-cutter.png?v=1779306462,2,Heavy Duty Brush Cutter (No Stump) | Heavy Duty Skid Steer Attachment,
cid-hd-brush-cutter-ns,,,,,,,,,,,,,,,,,,,,,,,,,,,,,https://cdn.shopify.com/s/files/1/0952/1977/7823/files/CID-Skid-Steer-Heavy-Duty-Brush-Cutter-Main.jpg?v=1779306462,3,Heavy Duty Brush Cutter (No Stump) | Heavy Duty Skid Steer Attachment,
cid-hd-brush-cutter-ns,,,,,,,,,,,,,,,,,,,,,,,,,,,,,https://cdn.shopify.com/s/files/1/0952/1977/7823/files/CID-Skid-Steer-Heavy-Duty-Brush-Cutter-Back.jpg?v=1779306461,4,Heavy Duty Brush Cutter (No Stump) | Heavy Duty Skid Steer Attachment,
cid-hd-brush-cutter-ns,,,,,,,,,,,,,,,,,,,,,,,,,,,,,https://cdn.shopify.com/s/files/1/0952/1977/7823/files/CID-Skid-Steer-Heavy-Duty-Brush-Cutter-LS1.jpg?v=1779306462,5,Heavy Duty Brush Cutter (No Stump) | Heavy Duty Skid Steer Attachment,
cid-hd-brush-cutter-ns,,,,,,,,,,,,,,,,,,,,,,,,,,,,,https://cdn.shopify.com/s/files/1/0952/1977/7823/files/CID-Skid-Steer-Heavy-Duty-Brush-Cutter-Side.jpg?v=1779306461,6,Heavy Duty Brush Cutter (No Stump) | Heavy Duty Skid Steer Attachment,
cid-hd-demolition-gb,MERGE,Heavy-Duty Demolition Grapple Bucket - Heavy-Duty Attachment,"<p><strong>Heavy-Duty Demolition Grapple Bucket - Heavy-Duty Attachment</strong> is a jobsite-ready equipment attachment for contractors who need dependable performance without wasted downtime.</p>
<ul>
<li>
<strong>Heavy-duty build</strong> for daily construction, grading, land clearing, material handling, and utility work.</li>
<li>
<strong>Machine compatibility support</strong> helps confirm coupler, mount, hydraulic flow, and sizing before purchase.</li>
<li>
<strong>Freight support</strong> available for large attachments and commercial delivery needs.</li>
<li>
<strong>Fleet and dealer pricing</strong> available for qualified repeat buyers.</li>
</ul>
<p>Heavy Iron Supply Co. supplies attachments, rubber tracks, and undercarriage parts for working machines nationwide.</p>",CID Attachments,Skid Steer Attachment,"Bucket, Skid Steer, Skid Steer Attachment",Active,TRUE,web,attachment,TRUE,Size,"72""",,,,,HDDD72,3529.35,3989.70,3069.00,,,continue,,manual,True,True,https://cdn.shopify.com/s/files/1/0952/1977/7823/files/cid-grapple-bucket-demolition_5be50a72-f02a-4c45-b19e-fcb40baf0beb.webp?v=1779040396,1,Heavy Duty Demolition Grapple Bucket | Heavy Duty Skid Steer Attachment,
cid-hd-demolition-gb,,,,,,,,,,,,Size,"78""",,,,,HDDD78,3671.95,4150.90,3193.00,,,continue,,manual,True,True,,,,
cid-hd-demolition-gb,,,,,,,,,,,,,,,,,,,,,,,,,,,,,https://cdn.shopify.com/s/files/1/0952/1977/7823/files/CID-DEMOLITION-GRAPPLE-BUCKET__89712_26811ed9-ecc5-474f-b096-a85449af2c9c.png?v=1779306406,2,Heavy Duty Demolition Grapple Bucket | Heavy Duty Skid Steer Attachment,
cid-hd-grapple-bucket,MERGE,Heavy Duty Grapple Bucket for Skid Steers,"<p>The Skid Steer Heavy Duty Grapple Bucket is built for tough cleanup and material handling jobs where durability matters. Designed for skid steers up to 65&nbsp;HP, this bucket features 1/2&quot; thick tines, dual 2&quot; x 10&quot; cylinders, and a 6&quot; x 3/4&quot; cutting edge for dependable clamping and long wear life. The open-tine bottom allows dirt and small debris to fall through, making it ideal for clearing brush, logs, rocks, and construction debris.</p><p><strong>Key features</strong></p><ul><li>Available in widths from 60&quot; to 84&quot;</li><li>Designed for machines up to 65&nbsp;HP</li><li>Optional weld-on teeth and bolt-on edge</li><li>1/2&quot; thick tines with dual 2&quot; x 10&quot; cylinders</li><li>6&quot; x 3/4&quot; cutting edge</li><li>Bolt-on sides included</li></ul>",CID Attachments,Skid Steer Attachment,"Bucket, Skid Steer, Skid Steer Attachment",Active,TRUE,web,attachment,TRUE,Size,"60""",Teeth,Standard,,,HDGB60,2787.60,3151.20,2424.00,,,continue,,manual,True,True,https://cdn.shopify.com/s/files/1/0952/1977/7823/files/cid-grapple-bucket-heavy-duty_c355dc41-c087-4195-b05b-232dfa863674.webp?v=1779040396,1,Heavy Duty Grapple Bucket | Heavy Duty Skid Steer Attachment,"{""width_in"":60,""has_teeth"":false,""rated_hp"":""Up to 65 HP"",""cylinder_size"":""2\"" x 10\"""",""bolt_on_sides"":""Included"",""tine_thickness_in"":0.5,""cutting_edge"":""6\"" x 3/4\"""",""bolt_on_edge"":""Optional"",""cylinder_rod_protector"":""Optional"",""machine_type"":""Skid Steer"",""open_tine_height_in"":40,""length_in"":34,""weight_lbs"":709,""teeth"":""Standard"",""weld_on_teeth"":""Optional"",""sku"":""HDGB60"",""family_handle"":""cid-hd-grapple-bucket"",""family_title"":""Heavy Duty Grapple Bucket for Skid Steers""}"
cid-hd-grapple-bucket,,,,,,,,,,,,Size,"63""",Teeth,Standard,,,HDGB63,2880.75,3256.50,2505.00,744,lb,continue,,manual,True,True,,,,"{""width_in"":63,""has_teeth"":false,""rated_hp"":""Up to 65 HP"",""cylinder_size"":""2\"" x 10\"""",""bolt_on_sides"":""Included"",""tine_thickness_in"":0.5,""cutting_edge"":""6\"" x 3/4\"""",""bolt_on_edge"":""Optional"",""cylinder_rod_protector"":""Optional"",""machine_type"":""Skid Steer"",""teeth"":""Standard"",""weld_on_teeth"":""Optional"",""weight_lbs"":744,""sku"":""HDGB63"",""family_handle"":""cid-hd-grapple-bucket"",""family_title"":""Heavy Duty Grapple Bucket for Skid Steers""}"
cid-hd-grapple-bucket,,,,,,,,,,,,Size,"63""",Teeth,With Teeth,,,HDGB63T,3211.95,3630.90,2793.00,793,lb,continue,,manual,True,True,,,,"{""width_in"":63,""has_teeth"":true,""rated_hp"":""Up to 65 HP"",""cylinder_size"":""2\"" x 10\"""",""bolt_on_sides"":""Included"",""tine_thickness_in"":0.5,""cutting_edge"":""6\"" x 3/4\"""",""bolt_on_edge"":""Optional"",""cylinder_rod_protector"":""Optional"",""machine_type"":""Skid Steer"",""teeth"":""With Teeth"",""weld_on_teeth"":""With Teeth"",""weight_lbs"":793,""sku"":""HDGB63T"",""family_handle"":""cid-hd-grapple-bucket"",""family_title"":""Heavy Duty Grapple Bucket for Skid Steers""}"
cid-hd-grapple-bucket,,,,,,,,,,,,Size,"66""",Teeth,Standard,,,HDGB66,2973.90,3361.80,2586.00,775,lb,continue,,manual,True,True,,,,"{""width_in"":66,""has_teeth"":false,""rated_hp"":""Up to 65 HP"",""cylinder_size"":""2\"" x 10\"""",""bolt_on_sides"":""Included"",""tine_thickness_in"":0.5,""cutting_edge"":""6\"" x 3/4\"""",""bolt_on_edge"":""Optional"",""cylinder_rod_protector"":""Optional"",""machine_type"":""Skid Steer"",""teeth"":""Standard"",""weld_on_teeth"":""Optional"",""weight_lbs"":775,""sku"":""HDGB66"",""family_handle"":""cid-hd-grapple-bucket"",""family_title"":""Heavy Duty Grapple Bucket for Skid Steers""}"
cid-hd-grapple-bucket,,,,,,,,,,,,Size,"66""",Teeth,With Teeth,,,HDGB66T,3305.10,3736.20,2874.00,824,lb,continue,,manual,True,True,,,,"{""width_in"":66,""has_teeth"":true,""rated_hp"":""Up to 65 HP"",""cylinder_size"":""2\"" x 10\"""",""bolt_on_sides"":""Included"",""tine_thickness_in"":0.5,""cutting_edge"":""6\"" x 3/4\"""",""bolt_on_edge"":""Optional"",""cylinder_rod_protector"":""Optional"",""machine_type"":""Skid Steer"",""teeth"":""With Teeth"",""weld_on_teeth"":""With Teeth"",""weight_lbs"":824,""sku"":""HDGB66T"",""family_handle"":""cid-hd-grapple-bucket"",""family_title"":""Heavy Duty Grapple Bucket for Skid Steers""}"
cid-hd-grapple-bucket,,,,,,,,,,,,Size,"72""",Teeth,Standard,,,HDGB72,3117.65,3524.30,2711.00,847,lb,continue,,manual,True,True,,,,"{""width_in"":72,""has_teeth"":false,""rated_hp"":""Up to 65 HP"",""cylinder_size"":""2\"" x 10\"""",""bolt_on_sides"":""Included"",""tine_thickness_in"":0.5,""cutting_edge"":""6\"" x 3/4\"""",""bolt_on_edge"":""Optional"",""cylinder_rod_protector"":""Optional"",""machine_type"":""Skid Steer"",""teeth"":""Standard"",""weld_on_teeth"":""Optional"",""weight_lbs"":847,""sku"":""HDGB72"",""family_handle"":""cid-hd-grapple-bucket"",""family_title"":""Heavy Duty Grapple Bucket for Skid Steers""}"
cid-hd-grapple-bucket,,,,,,,,,,,,Size,"72""",Teeth,With Teeth,,,HDGB72T,3447.70,3897.40,2998.00,860,lb,continue,,manual,True,True,,,,"{""width_in"":72,""has_teeth"":true,""rated_hp"":""Up to 65 HP"",""cylinder_size"":""2\"" x 10\"""",""bolt_on_sides"":""Included"",""tine_thickness_in"":0.5,""cutting_edge"":""6\"" x 3/4\"""",""bolt_on_edge"":""Optional"",""cylinder_rod_protector"":""Optional"",""machine_type"":""Skid Steer"",""teeth"":""With Teeth"",""weld_on_teeth"":""With Teeth"",""weight_lbs"":860,""sku"":""HDGB72T"",""family_handle"":""cid-hd-grapple-bucket"",""family_title"":""Heavy Duty Grapple Bucket for Skid Steers""}"
cid-hd-grapple-bucket,,,,,,,,,,,,Size,"78""",Teeth,Standard,,,HDGB78,3259.10,3684.20,2834.00,850,lb,continue,,manual,True,True,,,,"{""width_in"":78,""has_teeth"":false,""rated_hp"":""Up to 65 HP"",""cylinder_size"":""2\"" x 10\"""",""bolt_on_sides"":""Included"",""tine_thickness_in"":0.5,""cutting_edge"":""6\"" x 3/4\"""",""bolt_on_edge"":""Optional"",""cylinder_rod_protector"":""Optional"",""machine_type"":""Skid Steer"",""teeth"":""Standard"",""weld_on_teeth"":""Optional"",""weight_lbs"":850,""sku"":""HDGB78"",""family_handle"":""cid-hd-grapple-bucket"",""family_title"":""Heavy Duty Grapple Bucket for Skid Steers""}"
cid-hd-grapple-bucket,,,,,,,,,,,,Size,"78""",Teeth,With Teeth,,,HDGB78T,3589.15,4057.30,3121.00,906,lb,continue,,manual,True,True,,,,"{""width_in"":78,""has_teeth"":true,""rated_hp"":""Up to 65 HP"",""cylinder_size"":""2\"" x 10\"""",""bolt_on_sides"":""Included"",""tine_thickness_in"":0.5,""cutting_edge"":""6\"" x 3/4\"""",""bolt_on_edge"":""Optional"",""cylinder_rod_protector"":""Optional"",""machine_type"":""Skid Steer"",""teeth"":""With Teeth"",""weld_on_teeth"":""With Teeth"",""weight_lbs"":906,""sku"":""HDGB78T"",""family_handle"":""cid-hd-grapple-bucket"",""family_title"":""Heavy Duty Grapple Bucket for Skid Steers""}"
cid-hd-grapple-bucket,,,,,,,,,,,,Size,"81""",Teeth,Standard,,,HDGB81,3353.40,3790.80,2916.00,866,lb,continue,,manual,True,True,,,,"{""width_in"":81,""has_teeth"":false,""rated_hp"":""Up to 65 HP"",""cylinder_size"":""2\"" x 10\"""",""bolt_on_sides"":""Included"",""tine_thickness_in"":0.5,""cutting_edge"":""6\"" x 3/4\"""",""bolt_on_edge"":""Optional"",""cylinder_rod_protector"":""Optional"",""machine_type"":""Skid Steer"",""teeth"":""Standard"",""weld_on_teeth"":""Optional"",""weight_lbs"":866,""sku"":""HDGB81"",""family_handle"":""cid-hd-grapple-bucket"",""family_title"":""Heavy Duty Grapple Bucket for Skid Steers""}"
cid-hd-grapple-bucket,,,,,,,,,,,,Size,"81""",Teeth,With Teeth,,,HDGB81T,3684.60,4165.20,3204.00,929,lb,continue,,manual,True,True,,,,"{""width_in"":81,""has_teeth"":true,""rated_hp"":""Up to 65 HP"",""cylinder_size"":""2\"" x 10\"""",""bolt_on_sides"":""Included"",""tine_thickness_in"":0.5,""cutting_edge"":""6\"" x 3/4\"""",""bolt_on_edge"":""Optional"",""cylinder_rod_protector"":""Optional"",""machine_type"":""Skid Steer"",""teeth"":""With Teeth"",""weld_on_teeth"":""With Teeth"",""weight_lbs"":929,""sku"":""HDGB81T"",""family_handle"":""cid-hd-grapple-bucket"",""family_title"":""Heavy Duty Grapple Bucket for Skid Steers""}"
cid-hd-grapple-bucket,,,,,,,,,,,,Size,"84""",Teeth,Standard,,,HDGB84,3447.70,3897.40,2998.00,,,continue,,manual,True,True,,,,"{""width_in"":84,""has_teeth"":false,""rated_hp"":""Up to 65 HP"",""cylinder_size"":""2\"" x 10\"""",""bolt_on_sides"":""Included"",""tine_thickness_in"":0.5,""cutting_edge"":""6\"" x 3/4\"""",""bolt_on_edge"":""Optional"",""cylinder_rod_protector"":""Optional"",""machine_type"":""Skid Steer"",""teeth"":""Standard"",""weld_on_teeth"":""Optional"",""sku"":""HDGB84"",""family_handle"":""cid-hd-grapple-bucket"",""family_title"":""Heavy Duty Grapple Bucket for Skid Steers""}"
cid-hd-grapple-bucket,,,,,,,,,,,,Size,"84""",Teeth,With Teeth,,,HDGB84T,3778.90,4271.80,3286.00,,,continue,,manual,True,True,,,,"{""width_in"":84,""has_teeth"":true,""rated_hp"":""Up to 65 HP"",""cylinder_size"":""2\"" x 10\"""",""bolt_on_sides"":""Included"",""tine_thickness_in"":0.5,""cutting_edge"":""6\"" x 3/4\"""",""bolt_on_edge"":""Optional"",""cylinder_rod_protector"":""Optional"",""machine_type"":""Skid Steer"",""teeth"":""With Teeth"",""weld_on_teeth"":""With Teeth"",""sku"":""HDGB84T"",""family_handle"":""cid-hd-grapple-bucket"",""family_title"":""Heavy Duty Grapple Bucket for Skid Steers""}"
cid-hd-grapple-bucket,,,,,,,,,,,,,,,,,,,,,,,,,,,,,https://cdn.shopify.com/s/files/1/0952/1977/7823/files/cid-grapple-bucket-heavy-duty.png?v=1779305881,2,Heavy Duty Grapple Bucket | Heavy Duty Skid Steer Attachment,
cid-hd-grapple-rake,MERGE,Heavy-Duty Grapple Rake - Heavy-Duty Attachment,"<p><strong>Heavy-Duty Grapple Rake - Heavy-Duty Attachment</strong> is a jobsite-ready equipment attachment for contractors who need dependable performance without wasted downtime.</p>
<ul>
<li>
<strong>Heavy-duty build</strong> for daily construction, grading, land clearing, material handling, and utility work.</li>
<li>
<strong>Machine compatibility support</strong> helps confirm coupler, mount, hydraulic flow, and sizing before purchase.</li>
<li>
<strong>Freight support</strong> available for large attachments and commercial delivery needs.</li>
<li>
<strong>Fleet and dealer pricing</strong> available for qualified repeat buyers.</li>
</ul>
<p>Heavy Iron Supply Co. supplies attachments, rubber tracks, and undercarriage parts for working machines nationwide.</p>",CID Attachments,Skid Steer Attachment,"Grapple, Skid Steer, Skid Steer Attachment",Active,TRUE,web,attachment,TRUE,Size,"63""",,,,,HDGR63,3156.75,3568.50,2745.00,777,lb,continue,,manual,True,True,https://cdn.shopify.com/s/files/1/0952/1977/7823/files/cid-grapple-rake-mini_1bb8c2b4-b13f-468f-a886-9274969aeffc.webp?v=1779040396,1,Heavy Duty Grapple Rake | Heavy Duty Skid Steer Attachment,
cid-hd-grapple-rake,,,,,,,,,,,,Size,"66""",,,,,HDGR66,3199.30,3616.60,2782.00,814,lb,continue,,manual,True,True,,,,
cid-hd-grapple-rake,,,,,,,,,,,,Size,"72""",,,,,HDGR72,3348.80,3785.60,2912.00,874,lb,continue,,manual,True,True,,,,
cid-hd-grapple-rake,,,,,,,,,,,,Size,"78""",,,,,HDGR78,3491.40,3946.80,3036.00,888,lb,continue,,manual,True,True,,,,
cid-hd-grapple-rake,,,,,,,,,,,,Size,"81""",,,,,HDGR81,3539.70,4001.40,3078.00,950,lb,continue,,manual,True,True,,,,
cid-hd-grapple-rake,,,,,,,,,,,,Size,"84""",,,,,HDGR84,3586.85,4054.70,3119.00,955,lb,continue,,manual,True,True,,,,
cid-hd-grapple-rake,,,,,,,,,,,,Size,"96""",,,,,HDGR96,3922.65,4434.30,3411.00,1056,lb,continue,,manual,True,True,,,,
cid-hd-grapple-rake,,,,,,,,,,,,,,,,,,,,,,,,,,,,,https://cdn.shopify.com/s/files/1/0952/1977/7823/files/cid-heavy-duty-grapple-rake-attachment.png?v=1779305987,2,Heavy Duty Grapple Rake | Heavy Duty Skid Steer Attachment,
cid-hd-grapple-rake,,,,,,,,,,,,,,,,,,,,,,,,,,,,,https://cdn.shopify.com/s/files/1/0952/1977/7823/files/cid-heavy-duty-grapple-rake.png?v=1779305987,3,Heavy Duty Grapple Rake | Heavy Duty Skid Steer Attachment,
cid-hd-grapple-rake,,,,,,,,,,,,,,,,,,,,,,,,,,,,,https://cdn.shopify.com/s/files/1/0952/1977/7823/files/Cid-heavy-duty-grapple-rake-tines.png?v=1779305988,4,Heavy Duty Grapple Rake | Heavy Duty Skid Steer Attachment,
cid-hd-grapple-rake,,,,,,,,,,,,,,,,,,,,,,,,,,,,,https://cdn.shopify.com/s/files/1/0952/1977/7823/files/cid-heavy-duty-grapple-rake-mounting-plate.png?v=1779305988,5,Heavy Duty Grapple Rake | Heavy Duty Skid Steer Attachment,
cid-hd-rock-bucket,MERGE,Heavy-Duty Rock Bucket - Heavy-Duty Attachment,"<p><strong>Heavy-Duty Rock Bucket - Heavy-Duty Attachment</strong> is a jobsite-ready equipment attachment for contractors who need dependable performance without wasted downtime.</p>
<ul>
<li>
<strong>Heavy-duty build</strong> for daily construction, grading, land clearing, material handling, and utility work.</li>
<li>
<strong>Machine compatibility support</strong> helps confirm coupler, mount, hydraulic flow, and sizing before purchase.</li>
<li>
<strong>Freight support</strong> available for large attachments and commercial delivery needs.</li>
<li>
<strong>Fleet and dealer pricing</strong> available for qualified repeat buyers.</li>
</ul>
<p>Heavy Iron Supply Co. supplies attachments, rubber tracks, and undercarriage parts for working machines nationwide.</p>",CID Attachments,Skid Steer Attachment,"Bucket, Skid Steer, Skid Steer Attachment",Active,TRUE,web,attachment,TRUE,Size,"60""",Teeth,Standard,,,HDRB60,1437.50,1625.00,1250.00,414,lb,continue,,manual,True,True,https://cdn.shopify.com/s/files/1/0952/1977/7823/files/cid-rock-bucket-standard_2a58f21c-edd3-4fc6-9919-617859ce98df.webp?v=1779040396,1,Heavy Duty Rock Bucket | Heavy Duty Skid Steer Attachment,"{""mpn"":""HDRB60"",""duty"":""heavy_duty"",""fits"":""Universal skid steer, CTL & compact tractor quick-attach"",""brand"":""CID"",""family"":""Heavy-Duty Rock Bucket"",""width_in"":60,""weight_lbs"":414,""availability"":""MadeToOrder"",""cutting_edge"":""Smooth"",""product_type"":""Bucket"",""weight_estimated"":true,""has_teeth"":false,""teeth"":""Standard"",""weld_on_teeth"":""Optional"",""sku"":""HDRB60"",""family_handle"":""cid-hd-rock-bucket"",""family_title"":""Heavy-Duty Rock Bucket - Heavy-Duty Attachment""}"
cid-hd-rock-bucket,,,,,,,,,,,,Size,"63""",Teeth,Standard,,,HDRB63,1523.75,1722.50,1325.00,435,lb,continue,,manual,True,True,,,,"{""mpn"":""HDRB63"",""duty"":""heavy_duty"",""fits"":""Universal skid steer, CTL & compact tractor quick-attach"",""brand"":""CID"",""family"":""Heavy-Duty Rock Bucket"",""width_in"":63,""weight_lbs"":435,""availability"":""MadeToOrder"",""cutting_edge"":""Smooth"",""product_type"":""Bucket"",""has_teeth"":false,""teeth"":""Standard"",""weld_on_teeth"":""Optional"",""sku"":""HDRB63"",""family_handle"":""cid-hd-rock-bucket"",""family_title"":""Heavy-Duty Rock Bucket - Heavy-Duty Attachment""}"
cid-hd-rock-bucket,,,,,,,,,,,,Size,"63""",Teeth,With Teeth,,,HDRB63T,1913.60,2163.20,1664.00,497,lb,continue,,manual,True,True,,,,"{""mpn"":""HDRB63T"",""duty"":""heavy_duty"",""fits"":""Universal skid steer, CTL & compact tractor quick-attach"",""brand"":""CID"",""family"":""Heavy-Duty Rock Bucket"",""width_in"":63,""weight_lbs"":497,""availability"":""MadeToOrder"",""cutting_edge"":""Bolt-on teeth"",""product_type"":""Bucket"",""has_teeth"":true,""teeth"":""With Teeth"",""weld_on_teeth"":""With Teeth"",""sku"":""HDRB63T"",""family_handle"":""cid-hd-rock-bucket"",""family_title"":""Heavy-Duty Rock Bucket - Heavy-Duty Attachment""}"
cid-hd-rock-bucket,,,,,,,,,,,,Size,"66""",Teeth,Standard,,,HDRB66,1610.00,1820.00,1400.00,572,lb,continue,,manual,True,True,,,,"{""mpn"":""HDRB66"",""duty"":""heavy_duty"",""fits"":""Universal skid steer, CTL & compact tractor quick-attach"",""brand"":""CID"",""family"":""Heavy-Duty Rock Bucket"",""width_in"":66,""weight_lbs"":572,""availability"":""MadeToOrder"",""cutting_edge"":""Smooth"",""product_type"":""Bucket"",""has_teeth"":false,""teeth"":""Standard"",""weld_on_teeth"":""Optional"",""sku"":""HDRB66"",""family_handle"":""cid-hd-rock-bucket"",""family_title"":""Heavy-Duty Rock Bucket - Heavy-Duty Attachment""}"
cid-hd-rock-bucket,,,,,,,,,,,,Size,"66""",Teeth,With Teeth,,,HDRB66T,2040.10,2306.20,1774.00,606,lb,continue,,manual,True,True,,,,"{""mpn"":""HDRB66T"",""duty"":""heavy_duty"",""fits"":""Universal skid steer, CTL & compact tractor quick-attach"",""brand"":""CID"",""family"":""Heavy-Duty Rock Bucket"",""width_in"":66,""weight_lbs"":606,""availability"":""MadeToOrder"",""cutting_edge"":""Bolt-on teeth"",""product_type"":""Bucket"",""has_teeth"":true,""teeth"":""With Teeth"",""weld_on_teeth"":""With Teeth"",""sku"":""HDRB66T"",""family_handle"":""cid-hd-rock-bucket"",""family_title"":""Heavy-Duty Rock Bucket - Heavy-Duty Attachment""}"
cid-hd-rock-bucket,,,,,,,,,,,,Size,"72""",Teeth,Standard,,,HDRB72,1696.25,1917.50,1475.00,524,lb,continue,,manual,True,True,,,,"{""mpn"":""HDRB72"",""duty"":""heavy_duty"",""fits"":""Universal skid steer, CTL & compact tractor quick-attach"",""brand"":""CID"",""family"":""Heavy-Duty Rock Bucket"",""width_in"":72,""weight_lbs"":524,""availability"":""MadeToOrder"",""cutting_edge"":""Smooth"",""product_type"":""Bucket"",""has_teeth"":false,""teeth"":""Standard"",""weld_on_teeth"":""Optional"",""sku"":""HDRB72"",""family_handle"":""cid-hd-rock-bucket"",""family_title"":""Heavy-Duty Rock Bucket - Heavy-Duty Attachment""}"
cid-hd-rock-bucket,,,,,,,,,,,,Size,"72""",Teeth,With Teeth,,,HDRB72T,2165.45,2447.90,1883.00,652,lb,continue,,manual,True,True,,,,"{""mpn"":""HDRB72T"",""duty"":""heavy_duty"",""fits"":""Universal skid steer, CTL & compact tractor quick-attach"",""brand"":""CID"",""family"":""Heavy-Duty Rock Bucket"",""width_in"":72,""weight_lbs"":652,""availability"":""MadeToOrder"",""cutting_edge"":""Bolt-on teeth"",""product_type"":""Bucket"",""has_teeth"":true,""teeth"":""With Teeth"",""weld_on_teeth"":""With Teeth"",""sku"":""HDRB72T"",""family_handle"":""cid-hd-rock-bucket"",""family_title"":""Heavy-Duty Rock Bucket - Heavy-Duty Attachment""}"
cid-hd-rock-bucket,,,,,,,,,,,,Size,"78""",Teeth,Standard,,,HDRB78,1781.35,2013.70,1549.00,658,lb,continue,,manual,True,True,,,,"{""mpn"":""HDRB78"",""duty"":""heavy_duty"",""fits"":""Universal skid steer, CTL & compact tractor quick-attach"",""brand"":""CID"",""family"":""Heavy-Duty Rock Bucket"",""width_in"":78,""weight_lbs"":658,""availability"":""MadeToOrder"",""cutting_edge"":""Smooth"",""product_type"":""Bucket"",""has_teeth"":false,""teeth"":""Standard"",""weld_on_teeth"":""Optional"",""sku"":""HDRB78"",""family_handle"":""cid-hd-rock-bucket"",""family_title"":""Heavy-Duty Rock Bucket - Heavy-Duty Attachment""}"
cid-hd-rock-bucket,,,,,,,,,,,,Size,"78""",Teeth,With Teeth,,,HDRB78T,2289.65,2588.30,1991.00,778,lb,continue,,manual,True,True,,,,"{""mpn"":""HDRB78T"",""duty"":""heavy_duty"",""fits"":""Universal skid steer, CTL & compact tractor quick-attach"",""brand"":""CID"",""family"":""Heavy-Duty Rock Bucket"",""width_in"":78,""weight_lbs"":778,""availability"":""MadeToOrder"",""cutting_edge"":""Bolt-on teeth"",""product_type"":""Bucket"",""has_teeth"":true,""teeth"":""With Teeth"",""weld_on_teeth"":""With Teeth"",""sku"":""HDRB78T"",""family_handle"":""cid-hd-rock-bucket"",""family_title"":""Heavy-Duty Rock Bucket - Heavy-Duty Attachment""}"
cid-hd-rock-bucket,,,,,,,,,,,,Size,"81""",Teeth,Standard,,,HDRB81,1866.45,2109.90,1623.00,680,lb,continue,,manual,True,True,,,,"{""mpn"":""HDRB81"",""duty"":""heavy_duty"",""fits"":""Universal skid steer, CTL & compact tractor quick-attach"",""brand"":""CID"",""family"":""Heavy-Duty Rock Bucket"",""width_in"":81,""weight_lbs"":680,""availability"":""MadeToOrder"",""cutting_edge"":""Smooth"",""product_type"":""Bucket"",""has_teeth"":false,""teeth"":""Standard"",""weld_on_teeth"":""Optional"",""sku"":""HDRB81"",""family_handle"":""cid-hd-rock-bucket"",""family_title"":""Heavy-Duty Rock Bucket - Heavy-Duty Attachment""}"
cid-hd-rock-bucket,,,,,,,,,,,,Size,"81""",Teeth,With Teeth,,,HDRB81T,2416.15,2731.30,2101.00,820,lb,continue,,manual,True,True,,,,"{""mpn"":""HDRB81T"",""duty"":""heavy_duty"",""fits"":""Universal skid steer, CTL & compact tractor quick-attach"",""brand"":""CID"",""family"":""Heavy-Duty Rock Bucket"",""width_in"":81,""weight_lbs"":820,""availability"":""MadeToOrder"",""cutting_edge"":""Bolt-on teeth"",""product_type"":""Bucket"",""has_teeth"":true,""teeth"":""With Teeth"",""weld_on_teeth"":""With Teeth"",""sku"":""HDRB81T"",""family_handle"":""cid-hd-rock-bucket"",""family_title"":""Heavy-Duty Rock Bucket - Heavy-Duty Attachment""}"
cid-hd-rock-bucket,,,,,,,,,,,,Size,"84""",Teeth,Standard,,,HDRB84,1945.80,2199.60,1692.00,695,lb,continue,,manual,True,True,,,,"{""mpn"":""HDRB84"",""duty"":""heavy_duty"",""fits"":""Universal skid steer, CTL & compact tractor quick-attach"",""brand"":""CID"",""family"":""Heavy-Duty Rock Bucket"",""width_in"":84,""weight_lbs"":695,""availability"":""MadeToOrder"",""cutting_edge"":""Smooth"",""product_type"":""Bucket"",""has_teeth"":false,""teeth"":""Standard"",""weld_on_teeth"":""Optional"",""sku"":""HDRB84"",""family_handle"":""cid-hd-rock-bucket"",""family_title"":""Heavy-Duty Rock Bucket - Heavy-Duty Attachment""}"
cid-hd-rock-bucket,,,,,,,,,,,,Size,"84""",Teeth,With Teeth,,,HDRB84T,2539.20,2870.40,2208.00,,,continue,,manual,True,True,,,,"{""mpn"":""HDRB84T"",""duty"":""heavy_duty"",""fits"":""Universal skid steer, CTL & compact tractor quick-attach"",""brand"":""CID"",""family"":""Heavy-Duty Rock Bucket"",""width_in"":84,""weight_lbs"":765,""availability"":""MadeToOrder"",""cutting_edge"":""Bolt-on teeth"",""product_type"":""Bucket"",""weight_estimated"":true,""has_teeth"":true,""teeth"":""With Teeth"",""weld_on_teeth"":""With Teeth"",""sku"":""HDRB84T"",""family_handle"":""cid-hd-rock-bucket"",""family_title"":""Heavy-Duty Rock Bucket - Heavy-Duty Attachment""}"
cid-hd-rock-bucket,,,,,,,,,,,,Size,"96""",Teeth,Standard,,,HDRB96,2196.50,2483.00,1910.00,734,lb,continue,,manual,True,True,,,,
cid-hd-rock-bucket,,,,,,,,,,,,Size,"96""",Teeth,With Teeth,,,HDRB96T,2788.75,3152.50,2425.00,,,continue,,manual,True,True,,,,"{""mpn"":""HDRB96T"",""duty"":""heavy_duty"",""fits"":""Universal skid steer, CTL & compact tractor quick-attach"",""brand"":""CID"",""family"":""Heavy-Duty Rock Bucket"",""width_in"":96,""weight_lbs"":914,""availability"":""MadeToOrder"",""cutting_edge"":""Bolt-on teeth"",""product_type"":""Bucket"",""weight_estimated"":true,""has_teeth"":true,""teeth"":""With Teeth"",""weld_on_teeth"":""With Teeth"",""sku"":""HDRB96T"",""family_handle"":""cid-hd-rock-bucket"",""family_title"":""Heavy-Duty Rock Bucket - Heavy-Duty Attachment""}"
cid-hd-rock-bucket,,,,,,,,,,,,,,,,,,,,,,,,,,,,,https://cdn.shopify.com/s/files/1/0952/1977/7823/files/HDRB66-66in-Rock-Bucket_00460.png?v=1779306121,2,Heavy Duty Rock Bucket | Heavy Duty Skid Steer Attachment,
cid-hd-rock-bucket,,,,,,,,,,,,,,,,,,,,,,,,,,,,,https://cdn.shopify.com/s/files/1/0952/1977/7823/files/HDRB66-66in-Rock-Bucket_00438.png?v=1779306120,3,Heavy Duty Rock Bucket | Heavy Duty Skid Steer Attachment,
cid-hd-rock-bucket,,,,,,,,,,,,,,,,,,,,,,,,,,,,,https://cdn.shopify.com/s/files/1/0952/1977/7823/files/cid-rock-bucket-xtreme_f12e5191-b7ad-4e69-a47b-0bc68aae9d40.webp?v=1782092041,4,Heavy Duty Rock Bucket | Heavy Duty Skid Steer Attachment,
cid-hd-rock-grapple,MERGE,Heavy-Duty Skid Steer Grapple - Heavy-Duty Attachment,"<p><strong>Heavy-Duty Skid Steer Grapple - Heavy-Duty Attachment</strong> is a jobsite-ready equipment attachment for contractors who need dependable performance without wasted downtime.</p>
<ul>
<li>
<strong>Heavy-duty build</strong> for daily construction, grading, land clearing, material handling, and utility work.</li>
<li>
<strong>Machine compatibility support</strong> helps confirm coupler, mount, hydraulic flow, and sizing before purchase.</li>
<li>
<strong>Freight support</strong> available for large attachments and commercial delivery needs.</li>
<li>
<strong>Fleet and dealer pricing</strong> available for qualified repeat buyers.</li>
</ul>
<p>Heavy Iron Supply Co. supplies attachments, rubber tracks, and undercarriage parts for working machines nationwide.</p>",CID Attachments,Skid Steer Attachment,"Grapple, Skid Steer, Skid Steer Attachment",Active,TRUE,web,attachment,TRUE,Size,"63""",Teeth,Standard,,,HDROKG63,3305.10,3736.20,2874.00,750,lb,continue,,manual,True,True,https://cdn.shopify.com/s/files/1/0952/1977/7823/files/cid-grapple-skid-steer_dcb9b64c-8dcd-4814-b71e-28eb85ae0fe7.webp?v=1779040396,1,Heavy Duty Rock Grapple | Heavy Duty Skid Steer Attachment,
cid-hd-rock-grapple,,,,,,,,,,,,Size,"63""",Teeth,With Teeth,,,HDROKG63T,3751.30,4240.60,3262.00,799,lb,continue,,manual,True,True,,,,
cid-hd-rock-grapple,,,,,,,,,,,,Size,"66""",Teeth,Standard,,,HDROKG66,3337.30,3772.60,2902.00,851,lb,continue,,manual,True,True,,,,
cid-hd-rock-grapple,,,,,,,,,,,,Size,"66""",Teeth,With Teeth,,,HDROKG66T,3806.50,4303.00,3310.00,950,lb,continue,,manual,True,True,,,,
cid-hd-rock-grapple,,,,,,,,,,,,Size,"72""",Teeth,Standard,,,HDROKG72,3399.40,3842.80,2956.00,900,lb,continue,,manual,True,True,,,,
cid-hd-rock-grapple,,,,,,,,,,,,Size,"72""",Teeth,With Teeth,,,HDROKG72T,3870.90,4375.80,3366.00,902,lb,continue,,manual,True,True,,,,
cid-hd-rock-grapple,,,,,,,,,,,,Size,"78""",Teeth,Standard,,,HDROKG78,3494.85,3950.70,3039.00,941,lb,continue,,manual,True,True,,,,
cid-hd-rock-grapple,,,,,,,,,,,,Size,"78""",Teeth,With Teeth,,,HDROKG78T,3937.60,4451.20,3424.00,942,lb,continue,,manual,True,True,,,,
cid-hd-rock-grapple,,,,,,,,,,,,Size,"81""",Teeth,Standard,,,HDROKG81,3540.85,4002.70,3079.00,960,lb,continue,,manual,True,True,,,,
cid-hd-rock-grapple,,,,,,,,,,,,Size,"81""",Teeth,With Teeth,,,HDROKG81T,4015.80,4539.60,3492.00,963,lb,continue,,manual,True,True,,,,
cid-hd-rock-grapple,,,,,,,,,,,,Size,"84""",Teeth,Standard,,,HDROKG84,3588.00,4056.00,3120.00,982,lb,continue,,manual,True,True,,,,
cid-hd-rock-grapple,,,,,,,,,,,,Size,"84""",Teeth,With Teeth,,,HDROKG84T,4094.00,4628.00,3560.00,,,continue,,manual,True,True,,,,
cid-hd-rock-grapple,,,,,,,,,,,,,,,,,,,,,,,,,,,,,https://cdn.shopify.com/s/files/1/0952/1977/7823/files/Heavy_Duty_Rock_Grapple_-_CID.png?v=1779306305,2,Heavy Duty Rock Grapple | Heavy Duty Skid Steer Attachment,
cid-hd-rock-grapple,,,,,,,,,,,,,,,,,,,,,,,,,,,,,https://cdn.shopify.com/s/files/1/0952/1977/7823/files/HDROKG81-81in-HD-Rock-Grapple_09915.png?v=1779306305,3,Heavy Duty Rock Grapple | Heavy Duty Skid Steer Attachment,
cid-hd-rock-grapple,,,,,,,,,,,,,,,,,,,,,,,,,,,,,https://cdn.shopify.com/s/files/1/0952/1977/7823/files/HDROKG81-81in-HD-Rock-Grapple_09939.png?v=1779306305,4,Heavy Duty Rock Grapple | Heavy Duty Skid Steer Attachment,
cid-hd-root-grapple,MERGE,Heavy-Duty Root Grapple - Heavy-Duty Attachment,"<p><strong>Heavy-Duty Root Grapple - Heavy-Duty Attachment</strong> is a jobsite-ready equipment attachment for contractors who need dependable performance without wasted downtime.</p>
<ul>
<li>
<strong>Heavy-duty build</strong> for daily construction, grading, land clearing, material handling, and utility work.</li>
<li>
<strong>Machine compatibility support</strong> helps confirm coupler, mount, hydraulic flow, and sizing before purchase.</li>
<li>
<strong>Freight support</strong> available for large attachments and commercial delivery needs.</li>
<li>
<strong>Fleet and dealer pricing</strong> available for qualified repeat buyers.</li>
</ul>
<p>Heavy Iron Supply Co. supplies attachments, rubber tracks, and undercarriage parts for working machines nationwide.</p>",CID Attachments,Skid Steer Attachment,"Grapple, Skid Steer, Skid Steer Attachment",Active,TRUE,web,attachment,TRUE,Size,"60""",,,,,HDRG60,2396.60,2709.20,2084.00,614,lb,continue,,manual,True,True,https://cdn.shopify.com/s/files/1/0952/1977/7823/files/cid-grapple-skid-steer_c21c152c-25b3-4de7-b9e5-8003f53fb244.webp?v=1779040396,1,Heavy Duty Root Grapple | Heavy Duty Skid Steer Attachment,
cid-hd-root-grapple,,,,,,,,,,,,Size,"63""",,,,,HDRG63,2433.40,2750.80,2116.00,645,lb,continue,,manual,True,True,,,,
cid-hd-root-grapple,,,,,,,,,,,,Size,"66""",,,,,HDRG66,2471.35,2793.70,2149.00,631,lb,continue,,manual,True,True,,,,
cid-hd-root-grapple,,,,,,,,,,,,Size,"72""",,,,,HDRG72,2559.90,2893.80,2226.00,668,lb,continue,,manual,True,True,,,,
cid-hd-root-grapple,,,,,,,,,,,,Size,"78""",,,,,HDRG78,2649.60,2995.20,2304.00,680,lb,continue,,manual,True,True,,,,
cid-hd-root-grapple,,,,,,,,,,,,Size,"81""",,,,,HDRG81,2693.30,3044.60,2342.00,742,lb,continue,,manual,True,True,,,,
cid-hd-root-grapple,,,,,,,,,,,,,,,,,,,,,,,,,,,,,https://cdn.shopify.com/s/files/1/0952/1977/7823/files/HDRG78-78in-HD-Root-Grapple00257.png?v=1779306181,2,Heavy Duty Root Grapple | Heavy Duty Skid Steer Attachment,
cid-hd-root-grapple,,,,,,,,,,,,,,,,,,,,,,,,,,,,,https://cdn.shopify.com/s/files/1/0952/1977/7823/files/HDRG78-78in-HD-Root-Grapple00244.png?v=1779306178,3,Heavy Duty Root Grapple | Heavy Duty Skid Steer Attachment,
cid-hd-snow-plow-hyd,MERGE,Heavy-Duty Snow Plow (Hydraulic) - Heavy-Duty Attachment,"<p><strong>Heavy-Duty Snow Plow (Hydraulic) - Heavy-Duty Attachment</strong> is a jobsite-ready equipment attachment for contractors who need dependable performance without wasted downtime.</p>
<ul>
<li>
<strong>Heavy-duty build</strong> for daily construction, grading, land clearing, material handling, and utility work.</li>
<li>
<strong>Machine compatibility support</strong> helps confirm coupler, mount, hydraulic flow, and sizing before purchase.</li>
<li>
<strong>Freight support</strong> available for large attachments and commercial delivery needs.</li>
<li>
<strong>Fleet and dealer pricing</strong> available for qualified repeat buyers.</li>
</ul>
<p>Heavy Iron Supply Co. supplies attachments, rubber tracks, and undercarriage parts for working machines nationwide.</p>",CID Attachments,Skid Steer Attachment,"Skid Steer, Skid Steer Attachment, Snow Equipment",Active,TRUE,web,attachment,TRUE,Size,"108""",,,,,HDSPLOW108,3149.85,3560.70,2739.00,843,lb,continue,,manual,True,True,https://cdn.shopify.com/s/files/1/0952/1977/7823/files/Heavy_Duty_Snow_Plow-e1707860566545.png?v=1779306351,1,CID Heavy Duty Snow Plow Hydraulic | Heavy Iron Supply Co,
cid-hd-snow-plow-hyd,,,,,,,,,,,,Size,"120""",,,,,HDSPLOW120,3367.20,3806.40,2928.00,953,lb,continue,,manual,True,True,,,,
cid-hd-snow-plow-hyd,,,,,,,,,,,,Size,"72""",,,,,HDSPLOW72,2770.35,3131.70,2409.00,720,lb,continue,,manual,True,True,,,,
cid-hd-snow-plow-hyd,,,,,,,,,,,,Size,"84""",,,,,HDSPLOW84,2878.45,3253.90,2503.00,776,lb,continue,,manual,True,True,,,,
cid-hd-snow-plow-hyd,,,,,,,,,,,,Size,"96""",,,,,HDSPLOW96,2987.70,3377.40,2598.00,815,lb,continue,,manual,True,True,,,,
cid-hd-snow-plow-man,MERGE,Heavy-Duty Snow Plow (Manual) - Heavy-Duty Attachment,"<p><strong>Heavy-Duty Snow Plow (Manual) - Heavy-Duty Attachment</strong> is a jobsite-ready equipment attachment for contractors who need dependable performance without wasted downtime.</p>
<ul>
<li>
<strong>Heavy-duty build</strong> for daily construction, grading, land clearing, material handling, and utility work.</li>
<li>
<strong>Machine compatibility support</strong> helps confirm coupler, mount, hydraulic flow, and sizing before purchase.</li>
<li>
<strong>Freight support</strong> available for large attachments and commercial delivery needs.</li>
<li>
<strong>Fleet and dealer pricing</strong> available for qualified repeat buyers.</li>
</ul>
<p>Heavy Iron Supply Co. supplies attachments, rubber tracks, and undercarriage parts for working machines nationwide.</p>",CID Attachments,Skid Steer Attachment,"Skid Steer, Skid Steer Attachment, Snow Equipment",Active,TRUE,web,attachment,TRUE,Size,"108""",,,,,HDSPLOWM108,2931.35,3313.70,2549.00,928,lb,continue,,manual,True,True,https://cdn.shopify.com/s/files/1/0952/1977/7823/files/CID-heavy-duty-Manual_Snow_Plow.png?v=1779306291,1,CID Heavy Duty Manual Snow Plow | Heavy Iron Supply Co,
cid-hd-snow-plow-man,,,,,,,,,,,,Size,"120""",,,,,HDSPLOWM120,3149.85,3560.70,2739.00,1031,lb,continue,,manual,True,True,,,,
cid-hd-snow-plow-man,,,,,,,,,,,,Size,"72""",,,,,HDSPLOWM72,2553.00,2886.00,2220.00,732,lb,continue,,manual,True,True,,,,
cid-hd-snow-plow-man,,,,,,,,,,,,Size,"84""",,,,,HDSPLOWM84,2661.10,3008.20,2314.00,776,lb,continue,,manual,True,True,,,,
cid-hd-snow-plow-man,,,,,,,,,,,,Size,"96""",,,,,HDSPLOWM96,2770.35,3131.70,2409.00,825,lb,continue,,manual,True,True,,,,
cid-hd-snow-plow-man,,,,,,,,,,,,,,,,,,,,,,,,,,,,,https://cdn.shopify.com/s/files/1/0952/1977/7823/files/CID-heavy-duty-Manual_Snow_Plow_1.png?v=1779306291,2,CID Heavy Duty Manual Snow Plow | Heavy Iron Supply Co,
cid-hd-tractor-bucket,MERGE,Heavy-Duty Tractor Bucket - Heavy-Duty Attachment,"<p><strong>Heavy-Duty Tractor Bucket - Heavy-Duty Attachment</strong> is a jobsite-ready equipment attachment for contractors who need dependable performance without wasted downtime.</p>
<ul>
<li>
<strong>Heavy-duty build</strong> for daily construction, grading, land clearing, material handling, and utility work.</li>
<li>
<strong>Machine compatibility support</strong> helps confirm coupler, mount, hydraulic flow, and sizing before purchase.</li>
<li>
<strong>Freight support</strong> available for large attachments and commercial delivery needs.</li>
<li>
<strong>Fleet and dealer pricing</strong> available for qualified repeat buyers.</li>
</ul>
<p>Heavy Iron Supply Co. supplies attachments, rubber tracks, and undercarriage parts for working machines nationwide.</p>",CID Attachments,Skid Steer Attachment,"Agriculture, Compact Tractor, Skid Steer Attachment",Active,TRUE,web,attachment,TRUE,Size,"48""",,,,,CTRAC48,749.80,847.60,652.00,361,lb,continue,,manual,True,True,https://cdn.shopify.com/s/files/1/0952/1977/7823/files/cid-tractor-bucket-heavy-duty_23358b05-07a7-4d62-8d1d-43d43d9886a1.webp?v=1779040396,1,Heavy Duty Tractor Bucket | Heavy Duty Skid Steer Attachment,
cid-hd-tractor-bucket,,,,,,,,,,,,Size,"54""",,,,,CTRAC54,790.05,893.10,687.00,,,continue,,manual,True,True,,,,"{""mpn"":""CTRAC54"",""duty"":""compact_mini"",""fits"":""Compact tractor quick-attach"",""brand"":""CID"",""family"":""Compact Tractor Bucket"",""width_in"":54,""weight_lbs"":371,""availability"":""MadeToOrder"",""cutting_edge"":""Smooth"",""product_type"":""Bucket"",""weight_estimated"":true,""has_teeth"":false,""sku"":""CTRAC54"",""family_handle"":""cid-hd-tractor-bucket"",""family_title"":""Heavy-Duty Tractor Bucket - Heavy-Duty Attachment""}"
cid-hd-tractor-bucket,,,,,,,,,,,,Size,"60""",,,,,CTRAC60,829.15,937.30,721.00,381,lb,continue,,manual,True,True,,,,"{""mpn"":""CTRAC60"",""duty"":""compact_mini"",""fits"":""Compact tractor quick-attach"",""brand"":""CID"",""family"":""Compact Tractor Bucket"",""width_in"":60,""weight_lbs"":381,""availability"":""MadeToOrder"",""cutting_edge"":""Smooth"",""product_type"":""Bucket"",""has_teeth"":false,""sku"":""CTRAC60"",""family_handle"":""cid-hd-tractor-bucket"",""family_title"":""Heavy-Duty Tractor Bucket - Heavy-Duty Attachment""}"
cid-hd-tractor-bucket,,,,,,,,,,,,Size,"63""",,,,,CTRAC63,862.50,975.00,750.00,401,lb,continue,,manual,True,True,,,,"{""mpn"":""CTRAC63"",""duty"":""compact_mini"",""fits"":""Compact tractor quick-attach"",""brand"":""CID"",""family"":""Compact Tractor Bucket"",""width_in"":63,""weight_lbs"":401,""availability"":""MadeToOrder"",""cutting_edge"":""Smooth"",""product_type"":""Bucket"",""has_teeth"":false,""sku"":""CTRAC63"",""family_handle"":""cid-hd-tractor-bucket"",""family_title"":""Heavy-Duty Tractor Bucket - Heavy-Duty Attachment""}"
cid-hd-tractor-bucket,,,,,,,,,,,,Size,"66""",,,,,CTRAC66,893.55,1010.10,777.00,336,lb,continue,,manual,True,True,,,,"{""mpn"":""CTRAC66"",""duty"":""compact_mini"",""fits"":""Compact tractor quick-attach"",""brand"":""CID"",""family"":""Compact Tractor Bucket"",""width_in"":66,""weight_lbs"":336,""availability"":""MadeToOrder"",""cutting_edge"":""Smooth"",""product_type"":""Bucket"",""has_teeth"":false,""sku"":""CTRAC66"",""family_handle"":""cid-hd-tractor-bucket"",""family_title"":""Heavy-Duty Tractor Bucket - Heavy-Duty Attachment""}"
cid-hd-tractor-bucket,,,,,,,,,,,,Size,"72""",,,,,CTRAC72,957.95,1082.90,833.00,356,lb,continue,,manual,True,True,,,,"{""mpn"":""CTRAC72"",""duty"":""compact_mini"",""fits"":""Compact tractor quick-attach"",""brand"":""CID"",""family"":""Compact Tractor Bucket"",""width_in"":72,""weight_lbs"":356,""availability"":""MadeToOrder"",""cutting_edge"":""Smooth"",""product_type"":""Bucket"",""has_teeth"":false,""sku"":""CTRAC72"",""family_handle"":""cid-hd-tractor-bucket"",""family_title"":""Heavy-Duty Tractor Bucket - Heavy-Duty Attachment""}"
cid-hd-tractor-bucket,,,,,,,,,,,,Size,"63""",,,,,TRAC63,978.65,1106.30,851.00,435,lb,continue,,manual,True,True,,,,"{""mpn"":""TRAC63"",""duty"":""heavy_duty"",""fits"":""Compact tractor quick-attach"",""brand"":""CID"",""family"":""Heavy-Duty Tractor Bucket"",""width_in"":63,""weight_lbs"":435,""availability"":""MadeToOrder"",""cutting_edge"":""Smooth"",""product_type"":""Bucket"",""has_teeth"":false,""sku"":""TRAC63"",""family_handle"":""cid-hd-tractor-bucket"",""family_title"":""Heavy-Duty Tractor Bucket - Heavy-Duty Attachment""}"
cid-hd-tractor-bucket,,,,,,,,,,,,Size,"66""",,,,,TRAC66,1016.60,1149.20,884.00,455,lb,continue,,manual,True,True,,,,"{""mpn"":""TRAC66"",""duty"":""heavy_duty"",""fits"":""Compact tractor quick-attach"",""brand"":""CID"",""family"":""Heavy-Duty Tractor Bucket"",""width_in"":66,""weight_lbs"":455,""availability"":""MadeToOrder"",""cutting_edge"":""Smooth"",""product_type"":""Bucket"",""weight_estimated"":true,""has_teeth"":false,""sku"":""TRAC66"",""family_handle"":""cid-hd-tractor-bucket"",""family_title"":""Heavy-Duty Tractor Bucket - Heavy-Duty Attachment""}"
cid-hd-tractor-bucket,,,,,,,,,,,,Size,"72""",,,,,TRAC72,1093.65,1236.30,951.00,410,lb,continue,,manual,True,True,,,,"{""mpn"":""TRAC72"",""duty"":""heavy_duty"",""fits"":""Compact tractor quick-attach"",""brand"":""CID"",""family"":""Heavy-Duty Tractor Bucket"",""width_in"":72,""weight_lbs"":410,""availability"":""MadeToOrder"",""cutting_edge"":""Smooth"",""product_type"":""Bucket"",""has_teeth"":false,""sku"":""TRAC72"",""family_handle"":""cid-hd-tractor-bucket"",""family_title"":""Heavy-Duty Tractor Bucket - Heavy-Duty Attachment""}"
cid-hd-tractor-bucket,,,,,,,,,,,,Size,"78""",,,,,TRAC78,1171.85,1324.70,1019.00,500,lb,continue,,manual,True,True,,,,"{""mpn"":""TRAC78"",""duty"":""heavy_duty"",""fits"":""Compact tractor quick-attach"",""brand"":""CID"",""family"":""Heavy-Duty Tractor Bucket"",""width_in"":78,""weight_lbs"":500,""availability"":""MadeToOrder"",""cutting_edge"":""Smooth"",""product_type"":""Bucket"",""has_teeth"":false,""sku"":""TRAC78"",""family_handle"":""cid-hd-tractor-bucket"",""family_title"":""Heavy-Duty Tractor Bucket - Heavy-Duty Attachment""}"
cid-hd-tractor-bucket,,,,,,,,,,,,Size,"81""",,,,,TRAC81,1210.95,1368.90,1053.00,525,lb,continue,,manual,True,True,,,,"{""mpn"":""TRAC81"",""duty"":""heavy_duty"",""fits"":""Compact tractor quick-attach"",""brand"":""CID"",""family"":""Heavy-Duty Tractor Bucket"",""width_in"":81,""weight_lbs"":525,""availability"":""MadeToOrder"",""cutting_edge"":""Smooth"",""product_type"":""Bucket"",""has_teeth"":false,""sku"":""TRAC81"",""family_handle"":""cid-hd-tractor-bucket"",""family_title"":""Heavy-Duty Tractor Bucket - Heavy-Duty Attachment""}"
cid-hd-tractor-bucket,,,,,,,,,,,,Size,"84""",,,,,TRAC84,1247.75,1410.50,1085.00,462,lb,continue,,manual,True,True,,,,
cid-hd-tractor-bucket,,,,,,,,,,,,,,,,,,,,,,,,,,,,,https://cdn.shopify.com/s/files/1/0952/1977/7823/files/84-tractor-bucktet-hi-rez-b_wfinal.png?v=1779306360,2,Heavy Duty Tractor Bucket | Heavy Duty Skid Steer Attachment,
cid-hd-tractor-bucket,,,,,,,,,,,,,,,,,,,,,,,,,,,,,https://cdn.shopify.com/s/files/1/0952/1977/7823/files/cid-tractor-bucket-heavy-duty_3a32a743-3367-4017-bdfe-e47ac60501fe.webp?v=1782092041,3,Heavy Duty Tractor Bucket | Heavy Duty Skid Steer Attachment,
cid-high-dump-bucket,MERGE,High Dump Bucket - Heavy-Duty Attachment,"<p><strong>High Dump Bucket - Heavy-Duty Attachment</strong> is a jobsite-ready equipment attachment for contractors who need dependable performance without wasted downtime.</p>
<ul>
<li>
<strong>Heavy-duty build</strong> for daily construction, grading, land clearing, material handling, and utility work.</li>
<li>
<strong>Machine compatibility support</strong> helps confirm coupler, mount, hydraulic flow, and sizing before purchase.</li>
<li>
<strong>Freight support</strong> available for large attachments and commercial delivery needs.</li>
<li>
<strong>Fleet and dealer pricing</strong> available for qualified repeat buyers.</li>
</ul>
<p>Heavy Iron Supply Co. supplies attachments, rubber tracks, and undercarriage parts for working machines nationwide.</p>",CID Attachments,Skid Steer Attachment,"Bucket, Skid Steer, Skid Steer Attachment",Active,TRUE,web,attachment,TRUE,Size,"60""",,,,,HDB60,3287.85,3716.70,2859.00,971,lb,continue,,manual,True,True,https://cdn.shopify.com/s/files/1/0952/1977/7823/files/CID_high-dump-bucket.png?v=1779306279,1,CID High Dump Bucket | Heavy Iron Supply Co,
cid-high-dump-bucket,,,,,,,,,,,,Size,"72""",,,,,HDB72,3428.15,3875.30,2981.00,1057,lb,continue,,manual,True,True,,,,"{""mpn"":""HDB72"",""fits"":""Universal skid steer & compact track loader quick-attach"",""brand"":""CID"",""family"":""High Dump Bucket"",""width_in"":72,""weight_lbs"":1057,""availability"":""MadeToOrder"",""cutting_edge"":""Smooth"",""product_type"":""Bucket"",""has_teeth"":false,""sku"":""HDB72"",""family_handle"":""cid-high-dump-bucket"",""family_title"":""High Dump Bucket - Heavy-Duty Attachment""}"
cid-high-dump-bucket,,,,,,,,,,,,Size,"78""",,,,,HDB78,3569.60,4035.20,3104.00,1069,lb,continue,,manual,True,True,,,,"{""mpn"":""HDB78"",""fits"":""Universal skid steer & compact track loader quick-attach"",""brand"":""CID"",""family"":""High Dump Bucket"",""width_in"":78,""weight_lbs"":1069,""availability"":""MadeToOrder"",""cutting_edge"":""Smooth"",""product_type"":""Bucket"",""weight_estimated"":true,""has_teeth"":false,""sku"":""HDB78"",""family_handle"":""cid-high-dump-bucket"",""family_title"":""High Dump Bucket - Heavy-Duty Attachment""}"
cid-high-dump-bucket,,,,,,,,,,,,Size,"84""",,,,,HDB84,3709.90,4193.80,3226.00,1151,lb,continue,,manual,True,True,,,,"{""mpn"":""HDB84"",""fits"":""Universal skid steer & compact track loader quick-attach"",""brand"":""CID"",""family"":""High Dump Bucket"",""width_in"":84,""weight_lbs"":1151,""availability"":""MadeToOrder"",""cutting_edge"":""Smooth"",""product_type"":""Bucket"",""has_teeth"":false,""sku"":""HDB84"",""family_handle"":""cid-high-dump-bucket"",""family_title"":""High Dump Bucket - Heavy-Duty Attachment""}"
cid-high-dump-bucket,,,,,,,,,,,,Size,"96""",,,,,HDB96,3991.65,4512.30,3471.00,1243,lb,continue,,manual,True,True,,,,"{""mpn"":""HDB96"",""fits"":""Universal skid steer & compact track loader quick-attach"",""brand"":""CID"",""family"":""High Dump Bucket"",""width_in"":96,""weight_lbs"":1243,""availability"":""MadeToOrder"",""cutting_edge"":""Smooth"",""product_type"":""Bucket"",""has_teeth"":false,""sku"":""HDB96"",""family_handle"":""cid-high-dump-bucket"",""family_title"":""High Dump Bucket - Heavy-Duty Attachment""}"
cid-high-dump-bucket,,,,,,,,,,,,Size,HDBS,,,,,HDBS,2236.75,2528.50,1945.00,432,lb,continue,,manual,True,True,,,,
cid-high-dump-bucket,,,,,,,,,,,,,,,,,,,,,,,,,,,,,https://cdn.shopify.com/s/files/1/0952/1977/7823/files/CID_high-dump-bucket_1.png?v=1779306279,2,CID High Dump Bucket | Heavy Iron Supply Co,
cid-high-dump-bucket,,,,,,,,,,,,,,,,,,,,,,,,,,,,,https://cdn.shopify.com/s/files/1/0952/1977/7823/files/CID_high-dump-bucket_3.png?v=1779306280,3,CID High Dump Bucket | Heavy Iron Supply Co,
cid-high-dump-bucket,,,,,,,,,,,,,,,,,,,,,,,,,,,,,https://cdn.shopify.com/s/files/1/0952/1977/7823/files/CID_high-dump-bucket_5.png?v=1779306279,4,CID High Dump Bucket | Heavy Iron Supply Co,
cid-high-dump-bucket,,,,,,,,,,,,,,,,,,,,,,,,,,,,,https://cdn.shopify.com/s/files/1/0952/1977/7823/files/CID_high-dump-bucket_6.png?v=1779306279,5,CID High Dump Bucket | Heavy Iron Supply Co,
cid-high-dump-bucket,,,,,,,,,,,,,,,,,,,,,,,,,,,,,https://cdn.bfldr.com/71PUUW3G/at/k62q9r3r5gbcg9x4z64kv/CID-Skid-Steer-X-Treme-Duty-High-Dump-Bucket_5.png?auto=webp&format=png,6,CID High Dump Bucket | Heavy Iron Supply Co,
cid-hydraulic-breaker,MERGE,CID Hydraulic Breaker,"<p><strong>CID Hydraulic Breaker</strong> is a jobsite-ready CID attachment for contractors who need dependable performance without wasted downtime.</p><ul><li><strong>Heavy-duty build</strong> for construction, grading, land clearing, and material handling.</li><li><strong>Machine compatibility support</strong> — confirm coupler, mount, hydraulic flow, and sizing before purchase.</li><li><strong>Freight support</strong> available for large attachments.</li></ul><p>Heavy Iron Supply Co. supplies CID attachments, rubber tracks, and undercarriage parts nationwide.</p>",CID Attachments,Skid Steer Attachment,"Attachment, cid-attachments, breaker, other",Active,TRUE,web,attachment,TRUE,Size,CBR1000,,,,,CBR1000,11583.95,13094.90,10073.00,1124,lb,continue,,manual,True,True,,,,
cid-hydraulic-breaker,,,,,,,,,,,,Size,CBR1200,,,,,CBR1200,14107.05,15947.10,12267.00,1324,lb,continue,,manual,True,True,,,,
cid-hydraulic-breaker,,,,,,,,,,,,Size,CBR225,,,,,CBR225,5330.25,6025.50,4635.00,269,lb,continue,,manual,True,True,,,,
cid-hydraulic-breaker,,,,,,,,,,,,Size,CBR500,,,,,CBR500,6688.40,7560.80,5816.00,419,lb,continue,,manual,True,True,,,,
cid-hydraulic-breaker,,,,,,,,,,,,Size,CBR650,,,,,CBR650,8911.35,10073.70,7749.00,618,lb,continue,,manual,True,True,,,,
cid-hydraulic-breaker,,,,,,,,,,,,Size,CBR850,,,,,CBR850,9493.25,10731.50,8255.00,772,lb,continue,,manual,True,True,,,,
cid-hydraulic-breaker,,,,,,,,,,,,Size,"12""",,,,,CBR850-12,1307.55,1478.10,1137.00,,,continue,,manual,True,True,,,,
cid-hydraulic-breaker,,,,,,,,,,,,Size,CBRM-SS,,,,,CBRM-SS,548.55,620.10,477.00,,,continue,,manual,True,True,,,,
cid-industrial-tl-bucket,MERGE,Industrial Track Loader Bucket - Heavy-Duty Attachment,"<p><strong>Industrial Track Loader Bucket - Heavy-Duty Attachment</strong> is a jobsite-ready equipment attachment for contractors who need dependable performance without wasted downtime.</p>
<ul>
<li>
<strong>Heavy-duty build</strong> for daily construction, grading, land clearing, material handling, and utility work.</li>
<li>
<strong>Machine compatibility support</strong> helps confirm coupler, mount, hydraulic flow, and sizing before purchase.</li>
<li>
<strong>Freight support</strong> available for large attachments and commercial delivery needs.</li>
<li>
<strong>Fleet and dealer pricing</strong> available for qualified repeat buyers.</li>
</ul>
<p>Heavy Iron Supply Co. supplies attachments, rubber tracks, and undercarriage parts for working machines nationwide.</p>",CID Attachments,Skid Steer Attachment,"Bucket, Skid Steer, Skid Steer Attachment",Active,TRUE,web,attachment,TRUE,Size,"72""",Teeth,Standard,,,ITAKB72,1715.80,1939.60,1492.00,689,lb,continue,,manual,True,True,https://cdn.shopify.com/s/files/1/0952/1977/7823/files/cid-track-loader-bucket-industrial_71077f33-568c-40bc-a27d-f9848035a215.webp?v=1779040397,1,Industrial Track Loader Bucket | Heavy Duty Skid Steer Attachment,"{""mpn"":""ITAKB72"",""duty"":""industrial"",""fits"":""Universal skid steer & compact track loader quick-attach"",""brand"":""CID"",""family"":""Industrial Track Loader Bucket"",""width_in"":72,""weight_lbs"":689,""availability"":""MadeToOrder"",""cutting_edge"":""Smooth"",""product_type"":""Bucket"",""has_teeth"":false,""teeth"":""Standard"",""weld_on_teeth"":""Optional"",""sku"":""ITAKB72"",""family_handle"":""cid-industrial-tl-bucket"",""family_title"":""Industrial Track Loader Bucket - Heavy-Duty Attachment""}"
cid-industrial-tl-bucket,,,,,,,,,,,,Size,"72""",Teeth,With Teeth,,,ITAKB72T,2040.10,2306.20,1774.00,730,lb,continue,,manual,True,True,,,,"{""mpn"":""ITAKB72T"",""duty"":""industrial"",""fits"":""Universal skid steer & compact track loader quick-attach"",""brand"":""CID"",""family"":""Industrial Track Loader Bucket"",""width_in"":72,""weight_lbs"":730,""availability"":""MadeToOrder"",""cutting_edge"":""Bolt-on teeth"",""product_type"":""Bucket"",""has_teeth"":true,""teeth"":""With Teeth"",""weld_on_teeth"":""With Teeth"",""sku"":""ITAKB72T"",""family_handle"":""cid-industrial-tl-bucket"",""family_title"":""Industrial Track Loader Bucket - Heavy-Duty Attachment""}"
cid-industrial-tl-bucket,,,,,,,,,,,,Size,"74""",Teeth,Standard,,,ITAKB74,1749.15,1977.30,1521.00,708,lb,continue,,manual,True,True,,,,
cid-industrial-tl-bucket,,,,,,,,,,,,Size,"74""",Teeth,With Teeth,,,ITAKB74T,2081.50,2353.00,1810.00,,,continue,,manual,True,True,,,,"{""mpn"":""ITAKB74T"",""duty"":""industrial"",""fits"":""Universal skid steer & compact track loader quick-attach"",""brand"":""CID"",""family"":""Industrial Track Loader Bucket"",""width_in"":74,""weight_lbs"":728,""availability"":""MadeToOrder"",""cutting_edge"":""Bolt-on teeth"",""product_type"":""Bucket"",""weight_estimated"":true,""has_teeth"":true,""teeth"":""With Teeth"",""weld_on_teeth"":""With Teeth"",""sku"":""ITAKB74T"",""family_handle"":""cid-industrial-tl-bucket"",""family_title"":""Industrial Track Loader Bucket - Heavy-Duty Attachment""}"
cid-industrial-tl-bucket,,,,,,,,,,,,Size,"76""",Teeth,Standard,,,ITAKB76,1783.65,2016.30,1551.00,727,lb,continue,,manual,True,True,,,,"{""mpn"":""ITAKB76"",""duty"":""industrial"",""fits"":""Universal skid steer & compact track loader quick-attach"",""brand"":""CID"",""family"":""Industrial Track Loader Bucket"",""width_in"":76,""weight_lbs"":727,""availability"":""MadeToOrder"",""cutting_edge"":""Smooth"",""product_type"":""Bucket"",""weight_estimated"":true,""has_teeth"":false,""teeth"":""Standard"",""weld_on_teeth"":""Optional"",""sku"":""ITAKB76"",""family_handle"":""cid-industrial-tl-bucket"",""family_title"":""Industrial Track Loader Bucket - Heavy-Duty Attachment""}"
cid-industrial-tl-bucket,,,,,,,,,,,,Size,"76""",Teeth,With Teeth,,,ITAKB76T,2126.35,2403.70,1849.00,,,continue,,manual,True,True,,,,"{""mpn"":""ITAKB76T"",""duty"":""industrial"",""fits"":""Universal skid steer & compact track loader quick-attach"",""brand"":""CID"",""family"":""Industrial Track Loader Bucket"",""width_in"":76,""weight_lbs"":741,""availability"":""MadeToOrder"",""cutting_edge"":""Bolt-on teeth"",""product_type"":""Bucket"",""weight_estimated"":true,""has_teeth"":true,""teeth"":""With Teeth"",""weld_on_teeth"":""With Teeth"",""sku"":""ITAKB76T"",""family_handle"":""cid-industrial-tl-bucket"",""family_title"":""Industrial Track Loader Bucket - Heavy-Duty Attachment""}"
cid-industrial-tl-bucket,,,,,,,,,,,,Size,"78""",Teeth,Standard,,,ITAKB78,1818.15,2055.30,1581.00,729,lb,continue,,manual,True,True,,,,"{""mpn"":""ITAKB78"",""duty"":""industrial"",""fits"":""Universal skid steer & compact track loader quick-attach"",""brand"":""CID"",""family"":""Industrial Track Loader Bucket"",""width_in"":78,""weight_lbs"":729,""availability"":""MadeToOrder"",""cutting_edge"":""Smooth"",""product_type"":""Bucket"",""has_teeth"":false,""teeth"":""Standard"",""weld_on_teeth"":""Optional"",""sku"":""ITAKB78"",""family_handle"":""cid-industrial-tl-bucket"",""family_title"":""Industrial Track Loader Bucket - Heavy-Duty Attachment""}"
cid-industrial-tl-bucket,,,,,,,,,,,,Size,"78""",Teeth,With Teeth,,,ITAKB78T,2165.45,2447.90,1883.00,791,lb,continue,,manual,True,True,,,,"{""mpn"":""ITAKB78T"",""duty"":""industrial"",""fits"":""Universal skid steer & compact track loader quick-attach"",""brand"":""CID"",""family"":""Industrial Track Loader Bucket"",""width_in"":78,""weight_lbs"":791,""availability"":""MadeToOrder"",""cutting_edge"":""Bolt-on teeth"",""product_type"":""Bucket"",""has_teeth"":true,""teeth"":""With Teeth"",""weld_on_teeth"":""With Teeth"",""sku"":""ITAKB78T"",""family_handle"":""cid-industrial-tl-bucket"",""family_title"":""Industrial Track Loader Bucket - Heavy-Duty Attachment""}"
cid-industrial-tl-bucket,,,,,,,,,,,,Size,"80""",Teeth,Standard,,,ITAKB80,1871.05,2115.10,1627.00,739,lb,continue,,manual,True,True,,,,"{""mpn"":""ITAKB80"",""duty"":""industrial"",""fits"":""Universal skid steer & compact track loader quick-attach"",""brand"":""CID"",""family"":""Industrial Track Loader Bucket"",""width_in"":80,""weight_lbs"":739,""availability"":""MadeToOrder"",""cutting_edge"":""Smooth"",""product_type"":""Bucket"",""has_teeth"":false,""teeth"":""Standard"",""weld_on_teeth"":""Optional"",""sku"":""ITAKB80"",""family_handle"":""cid-industrial-tl-bucket"",""family_title"":""Industrial Track Loader Bucket - Heavy-Duty Attachment""}"
cid-industrial-tl-bucket,,,,,,,,,,,,Size,"80""",Teeth,With Teeth,,,ITAKB80T,2216.05,2505.10,1927.00,809,lb,continue,,manual,True,True,,,,"{""mpn"":""ITAKB80T"",""duty"":""industrial"",""fits"":""Universal skid steer & compact track loader quick-attach"",""brand"":""CID"",""family"":""Industrial Track Loader Bucket"",""width_in"":80,""weight_lbs"":809,""availability"":""MadeToOrder"",""cutting_edge"":""Bolt-on teeth"",""product_type"":""Bucket"",""has_teeth"":true,""teeth"":""With Teeth"",""weld_on_teeth"":""With Teeth"",""sku"":""ITAKB80T"",""family_handle"":""cid-industrial-tl-bucket"",""family_title"":""Industrial Track Loader Bucket - Heavy-Duty Attachment""}"
cid-industrial-tl-bucket,,,,,,,,,,,,Size,"84""",Teeth,Standard,,,ITAKB84,1919.35,2169.70,1669.00,750,lb,continue,,manual,True,True,,,,"{""mpn"":""ITAKB84"",""duty"":""industrial"",""fits"":""Universal skid steer & compact track loader quick-attach"",""brand"":""CID"",""family"":""Industrial Track Loader Bucket"",""width_in"":84,""weight_lbs"":750,""availability"":""MadeToOrder"",""cutting_edge"":""Smooth"",""product_type"":""Bucket"",""has_teeth"":false,""teeth"":""Standard"",""weld_on_teeth"":""Optional"",""sku"":""ITAKB84"",""family_handle"":""cid-industrial-tl-bucket"",""family_title"":""Industrial Track Loader Bucket - Heavy-Duty Attachment""}"
cid-industrial-tl-bucket,,,,,,,,,,,,Size,"84""",Teeth,With Teeth,,,ITAKB84T,2266.65,2562.30,1971.00,813,lb,continue,,manual,True,True,,,,"{""mpn"":""ITAKB84T"",""duty"":""industrial"",""fits"":""Universal skid steer & compact track loader quick-attach"",""brand"":""CID"",""family"":""Industrial Track Loader Bucket"",""width_in"":84,""weight_lbs"":813,""availability"":""MadeToOrder"",""cutting_edge"":""Bolt-on teeth"",""product_type"":""Bucket"",""has_teeth"":true,""teeth"":""With Teeth"",""weld_on_teeth"":""With Teeth"",""sku"":""ITAKB84T"",""family_handle"":""cid-industrial-tl-bucket"",""family_title"":""Industrial Track Loader Bucket - Heavy-Duty Attachment""}"
cid-industrial-tl-bucket,,,,,,,,,,,,Size,"90""",Teeth,Standard,,,ITAKB90,2036.65,2302.30,1771.00,804,lb,continue,,manual,True,True,,,,"{""mpn"":""ITAKB90"",""duty"":""industrial"",""fits"":""Universal skid steer & compact track loader quick-attach"",""brand"":""CID"",""family"":""Industrial Track Loader Bucket"",""width_in"":90,""weight_lbs"":804,""availability"":""MadeToOrder"",""cutting_edge"":""Smooth"",""product_type"":""Bucket"",""weight_estimated"":true,""has_teeth"":false,""teeth"":""Standard"",""weld_on_teeth"":""Optional"",""sku"":""ITAKB90"",""family_handle"":""cid-industrial-tl-bucket"",""family_title"":""Industrial Track Loader Bucket - Heavy-Duty Attachment""}"
cid-industrial-tl-bucket,,,,,,,,,,,,Size,"90""",Teeth,With Teeth,,,ITAKB90T,2389.70,2701.40,2078.00,,,continue,,manual,True,True,,,,"{""mpn"":""ITAKB90T"",""duty"":""industrial"",""fits"":""Universal skid steer & compact track loader quick-attach"",""brand"":""CID"",""family"":""Industrial Track Loader Bucket"",""width_in"":90,""weight_lbs"":828,""availability"":""MadeToOrder"",""cutting_edge"":""Bolt-on teeth"",""product_type"":""Bucket"",""weight_estimated"":true,""has_teeth"":true,""teeth"":""With Teeth"",""weld_on_teeth"":""With Teeth"",""sku"":""ITAKB90T"",""family_handle"":""cid-industrial-tl-bucket"",""family_title"":""Industrial Track Loader Bucket - Heavy-Duty Attachment""}"
cid-industrial-tl-bucket,,,,,,,,,,,,Size,"96""",Teeth,Standard,,,ITAKB96,2149.35,2429.70,1869.00,857,lb,continue,,manual,True,True,,,,"{""mpn"":""ITAKB96"",""duty"":""industrial"",""fits"":""Universal skid steer & compact track loader quick-attach"",""brand"":""CID"",""family"":""Industrial Track Loader Bucket"",""width_in"":96,""weight_lbs"":857,""availability"":""MadeToOrder"",""cutting_edge"":""Smooth"",""product_type"":""Bucket"",""weight_estimated"":true,""has_teeth"":false,""teeth"":""Standard"",""weld_on_teeth"":""Optional"",""sku"":""ITAKB96"",""family_handle"":""cid-industrial-tl-bucket"",""family_title"":""Industrial Track Loader Bucket - Heavy-Duty Attachment""}"
cid-industrial-tl-bucket,,,,,,,,,,,,Size,"96""",Teeth,With Teeth,,,ITAKB96T,2511.60,2839.20,2184.00,,,continue,,manual,True,True,,,,"{""mpn"":""ITAKB96T"",""duty"":""industrial"",""fits"":""Universal skid steer & compact track loader quick-attach"",""brand"":""CID"",""family"":""Industrial Track Loader Bucket"",""width_in"":96,""weight_lbs"":865,""availability"":""MadeToOrder"",""cutting_edge"":""Bolt-on teeth"",""product_type"":""Bucket"",""weight_estimated"":true,""has_teeth"":true,""teeth"":""With Teeth"",""weld_on_teeth"":""With Teeth"",""sku"":""ITAKB96T"",""family_handle"":""cid-industrial-tl-bucket"",""family_title"":""Industrial Track Loader Bucket - Heavy-Duty Attachment""}"
cid-industrial-tl-bucket,,,,,,,,,,,,,,,,,,,,,,,,,,,,,https://cdn.shopify.com/s/files/1/0952/1977/7823/files/Industrial_Track_Loader_Bucket_-_CID.png?v=1779305939,2,Industrial Track Loader Bucket | Heavy Duty Skid Steer Attachment,
cid-industrial-tl-bucket,,,,,,,,,,,,,,,,,,,,,,,,,,,,,https://cdn.shopify.com/s/files/1/0952/1977/7823/files/cid-track-loader-bucket-industrial_5d40d3ba-e829-4a5e-9edf-e157b7ea31d8.webp?v=1782092041,3,Industrial Track Loader Bucket | Heavy Duty Skid Steer Attachment,
cid-land-leveler,MERGE,Land Leveler - Heavy-Duty Attachment,"<p><strong>Land Leveler - Heavy-Duty Attachment</strong> is a jobsite-ready equipment attachment for contractors who need dependable performance without wasted downtime.</p>
<ul>
<li>
<strong>Heavy-duty build</strong> for daily construction, grading, land clearing, material handling, and utility work.</li>
<li>
<strong>Machine compatibility support</strong> helps confirm coupler, mount, hydraulic flow, and sizing before purchase.</li>
<li>
<strong>Freight support</strong> available for large attachments and commercial delivery needs.</li>
<li>
<strong>Fleet and dealer pricing</strong> available for qualified repeat buyers.</li>
</ul>
<p>Heavy Iron Supply Co. supplies attachments, rubber tracks, and undercarriage parts for working machines nationwide.</p>",CID Attachments,Skid Steer Attachment,"Grader, Skid Steer, Skid Steer Attachment",Active,TRUE,web,attachment,TRUE,Size,"48""",,,,,LL48,1001.65,1132.30,871.00,,,continue,,manual,True,True,https://cdn.shopify.com/s/files/1/0952/1977/7823/files/cid-land-leveler-mini_fe5a5247-67d6-4a87-b37a-f1d2ebd49c5a.webp?v=1779040396,1,Land Leveler | Heavy Duty Skid Steer Attachment,
cid-land-leveler,,,,,,,,,,,,Size,"60""",,,,,LL60,1146.55,1296.10,997.00,,,continue,,manual,True,True,,,,
cid-land-leveler,,,,,,,,,,,,Size,"72""",,,,,LL72,1290.30,1458.60,1122.00,471,lb,continue,,manual,True,True,,,,
cid-land-leveler,,,,,,,,,,,,Size,"78""",,,,,LL78,1434.05,1621.10,1247.00,497,lb,continue,,manual,True,True,,,,
cid-land-leveler,,,,,,,,,,,,Size,"84""",,,,,LL84,1575.50,1781.00,1370.00,523,lb,continue,,manual,True,True,,,,
cid-land-leveler,,,,,,,,,,,,,,,,,,,,,,,,,,,,,https://cdn.shopify.com/s/files/1/0952/1977/7823/files/Land-LevelerLand-Leveler-Gray-Machine-Mockup.png?v=1779305839,2,Land Leveler | Heavy Duty Skid Steer Attachment,
cid-lb-bucket,MERGE,Long Bottom Bucket - Heavy-Duty Attachment,"<p><strong>Long Bottom Bucket - Heavy-Duty Attachment</strong> is a jobsite-ready equipment attachment for contractors who need dependable performance without wasted downtime.</p>
<ul>
<li>
<strong>Heavy-duty build</strong> for daily construction, grading, land clearing, material handling, and utility work.</li>
<li>
<strong>Machine compatibility support</strong> helps confirm coupler, mount, hydraulic flow, and sizing before purchase.</li>
<li>
<strong>Freight support</strong> available for large attachments and commercial delivery needs.</li>
<li>
<strong>Fleet and dealer pricing</strong> available for qualified repeat buyers.</li>
</ul>
<p>Heavy Iron Supply Co. supplies attachments, rubber tracks, and undercarriage parts for working machines nationwide.</p>",CID Attachments,Skid Steer Attachment,"Bucket, Skid Steer, Skid Steer Attachment",Active,TRUE,web,attachment,TRUE,Size,"48""",Teeth,Standard,,,LBB48,744.05,841.10,647.00,,,continue,,manual,True,True,https://cdn.shopify.com/s/files/1/0952/1977/7823/files/cid-bucket-long-bottom_af23f0a2-6f34-4284-99be-8feeabd62f54.webp?v=1779040396,1,Long Bottom Bucket | Heavy Duty Skid Steer Attachment,
cid-lb-bucket,,,,,,,,,,,,Size,"48""",Teeth,With Teeth,,,LBB48T,1044.20,1180.40,908.00,,,continue,,manual,True,True,,,,"{""mpn"":""LBB48T"",""fits"":""Universal skid steer & compact track loader quick-attach"",""brand"":""CID"",""family"":""Long-Bottom Bucket"",""width_in"":48,""weight_lbs"":353,""availability"":""MadeToOrder"",""cutting_edge"":""Bolt-on teeth"",""product_type"":""Bucket"",""weight_estimated"":true,""has_teeth"":true,""teeth"":""With Teeth"",""weld_on_teeth"":""With Teeth"",""sku"":""LBB48T"",""family_handle"":""cid-lb-bucket"",""family_title"":""Long Bottom Bucket - Heavy-Duty Attachment""}"
cid-lb-bucket,,,,,,,,,,,,Size,"54""",Teeth,Standard,,,LBB54,842.95,952.90,733.00,,,continue,,manual,True,True,,,,"{""mpn"":""LBB54"",""fits"":""Universal skid steer & compact track loader quick-attach"",""brand"":""CID"",""family"":""Long-Bottom Bucket"",""width_in"":54,""weight_lbs"":385,""availability"":""MadeToOrder"",""cutting_edge"":""Smooth"",""product_type"":""Bucket"",""weight_estimated"":true,""has_teeth"":false,""teeth"":""Standard"",""weld_on_teeth"":""Optional"",""sku"":""LBB54"",""family_handle"":""cid-lb-bucket"",""family_title"":""Long Bottom Bucket - Heavy-Duty Attachment""}"
cid-lb-bucket,,,,,,,,,,,,Size,"54""",Teeth,With Teeth,,,LBB54T,1143.10,1292.20,994.00,418,lb,continue,,manual,True,True,,,,"{""mpn"":""LBB54T"",""fits"":""Universal skid steer & compact track loader quick-attach"",""brand"":""CID"",""family"":""Long-Bottom Bucket"",""width_in"":54,""weight_lbs"":418,""availability"":""MadeToOrder"",""cutting_edge"":""Bolt-on teeth"",""product_type"":""Bucket"",""has_teeth"":true,""teeth"":""With Teeth"",""weld_on_teeth"":""With Teeth"",""sku"":""LBB54T"",""family_handle"":""cid-lb-bucket"",""family_title"":""Long Bottom Bucket - Heavy-Duty Attachment""}"
cid-lb-bucket,,,,,,,,,,,,Size,"60""",Teeth,Standard,,,LBB60,941.85,1064.70,819.00,,,continue,,manual,True,True,,,,"{""mpn"":""LBB60"",""fits"":""Universal skid steer & compact track loader quick-attach"",""brand"":""CID"",""family"":""Long-Bottom Bucket"",""width_in"":60,""weight_lbs"":417,""availability"":""MadeToOrder"",""cutting_edge"":""Smooth"",""product_type"":""Bucket"",""weight_estimated"":true,""has_teeth"":false,""teeth"":""Standard"",""weld_on_teeth"":""Optional"",""sku"":""LBB60"",""family_handle"":""cid-lb-bucket"",""family_title"":""Long Bottom Bucket - Heavy-Duty Attachment""}"
cid-lb-bucket,,,,,,,,,,,,Size,"60""",Teeth,With Teeth,,,LBB60T,1242.00,1404.00,1080.00,,,continue,,manual,True,True,,,,"{""mpn"":""LBB60T"",""fits"":""Universal skid steer & compact track loader quick-attach"",""brand"":""CID"",""family"":""Long-Bottom Bucket"",""width_in"":60,""weight_lbs"":417,""availability"":""MadeToOrder"",""cutting_edge"":""Bolt-on teeth"",""product_type"":""Bucket"",""weight_estimated"":true,""has_teeth"":true,""teeth"":""With Teeth"",""weld_on_teeth"":""With Teeth"",""sku"":""LBB60T"",""family_handle"":""cid-lb-bucket"",""family_title"":""Long Bottom Bucket - Heavy-Duty Attachment""}"
cid-lb-bucket,,,,,,,,,,,,Size,"63""",Teeth,Standard,,,LBB63,987.85,1116.70,859.00,414,lb,continue,,manual,True,True,,,,"{""mpn"":""LBB63"",""fits"":""Universal skid steer & compact track loader quick-attach"",""brand"":""CID"",""family"":""Long-Bottom Bucket"",""width_in"":63,""weight_lbs"":414,""availability"":""MadeToOrder"",""cutting_edge"":""Smooth"",""product_type"":""Bucket"",""has_teeth"":false,""teeth"":""Standard"",""weld_on_teeth"":""Optional"",""sku"":""LBB63"",""family_handle"":""cid-lb-bucket"",""family_title"":""Long Bottom Bucket - Heavy-Duty Attachment""}"
cid-lb-bucket,,,,,,,,,,,,Size,"63""",Teeth,With Teeth,,,LBB63T,1233.95,1394.90,1073.00,440,lb,continue,,manual,True,True,,,,"{""mpn"":""LBB63T"",""fits"":""Universal skid steer & compact track loader quick-attach"",""brand"":""CID"",""family"":""Long-Bottom Bucket"",""width_in"":63,""weight_lbs"":440,""availability"":""MadeToOrder"",""cutting_edge"":""Bolt-on teeth"",""product_type"":""Bucket"",""has_teeth"":true,""teeth"":""With Teeth"",""weld_on_teeth"":""With Teeth"",""sku"":""LBB63T"",""family_handle"":""cid-lb-bucket"",""family_title"":""Long Bottom Bucket - Heavy-Duty Attachment""}"
cid-lb-bucket,,,,,,,,,,,,Size,"66""",Teeth,Standard,,,LBB66,1033.85,1168.70,899.00,423,lb,continue,,manual,True,True,,,,"{""mpn"":""LBB66"",""fits"":""Universal skid steer & compact track loader quick-attach"",""brand"":""CID"",""family"":""Long-Bottom Bucket"",""width_in"":66,""weight_lbs"":423,""availability"":""MadeToOrder"",""cutting_edge"":""Smooth"",""product_type"":""Bucket"",""has_teeth"":false,""teeth"":""Standard"",""weld_on_teeth"":""Optional"",""sku"":""LBB66"",""family_handle"":""cid-lb-bucket"",""family_title"":""Long Bottom Bucket - Heavy-Duty Attachment""}"
cid-lb-bucket,,,,,,,,,,,,Size,"66""",Teeth,With Teeth,,,LBB66T,1339.75,1514.50,1165.00,487,lb,continue,,manual,True,True,,,,"{""mpn"":""LBB66T"",""fits"":""Universal skid steer & compact track loader quick-attach"",""brand"":""CID"",""family"":""Long-Bottom Bucket"",""width_in"":66,""weight_lbs"":487,""availability"":""MadeToOrder"",""cutting_edge"":""Bolt-on teeth"",""product_type"":""Bucket"",""has_teeth"":true,""teeth"":""With Teeth"",""weld_on_teeth"":""With Teeth"",""sku"":""LBB66T"",""family_handle"":""cid-lb-bucket"",""family_title"":""Long Bottom Bucket - Heavy-Duty Attachment""}"
cid-lb-bucket,,,,,,,,,,,,Size,"72""",Teeth,Standard,,,LBB72,1132.75,1280.50,985.00,460,lb,continue,,manual,True,True,,,,"{""mpn"":""LBB72"",""fits"":""Universal skid steer & compact track loader quick-attach"",""brand"":""CID"",""family"":""Long-Bottom Bucket"",""width_in"":72,""weight_lbs"":460,""availability"":""MadeToOrder"",""cutting_edge"":""Smooth"",""product_type"":""Bucket"",""has_teeth"":false,""teeth"":""Standard"",""weld_on_teeth"":""Optional"",""sku"":""LBB72"",""family_handle"":""cid-lb-bucket"",""family_title"":""Long Bottom Bucket - Heavy-Duty Attachment""}"
cid-lb-bucket,,,,,,,,,,,,Size,"72""",Teeth,With Teeth,,,LBB72T,1436.35,1623.70,1249.00,511,lb,continue,,manual,True,True,,,,"{""mpn"":""LBB72T"",""fits"":""Universal skid steer & compact track loader quick-attach"",""brand"":""CID"",""family"":""Long-Bottom Bucket"",""width_in"":72,""weight_lbs"":511,""availability"":""MadeToOrder"",""cutting_edge"":""Bolt-on teeth"",""product_type"":""Bucket"",""has_teeth"":true,""teeth"":""With Teeth"",""weld_on_teeth"":""With Teeth"",""sku"":""LBB72T"",""family_handle"":""cid-lb-bucket"",""family_title"":""Long Bottom Bucket - Heavy-Duty Attachment""}"
cid-lb-bucket,,,,,,,,,,,,Size,"74""",Teeth,Standard,,,LBB74,1171.85,1324.70,1019.00,459,lb,continue,,manual,True,True,,,,"{""mpn"":""LBB74"",""fits"":""Universal skid steer & compact track loader quick-attach"",""brand"":""CID"",""family"":""Long-Bottom Bucket"",""width_in"":74,""weight_lbs"":459,""availability"":""MadeToOrder"",""cutting_edge"":""Smooth"",""product_type"":""Bucket"",""has_teeth"":false,""teeth"":""Standard"",""weld_on_teeth"":""Optional"",""sku"":""LBB74"",""family_handle"":""cid-lb-bucket"",""family_title"":""Long Bottom Bucket - Heavy-Duty Attachment""}"
cid-lb-bucket,,,,,,,,,,,,Size,"74""",Teeth,With Teeth,,,LBB74T,1493.85,1688.70,1299.00,,,continue,,manual,True,True,,,,"{""mpn"":""LBB74T"",""fits"":""Universal skid steer & compact track loader quick-attach"",""brand"":""CID"",""family"":""Long-Bottom Bucket"",""width_in"":74,""weight_lbs"":493,""availability"":""MadeToOrder"",""cutting_edge"":""Bolt-on teeth"",""product_type"":""Bucket"",""weight_estimated"":true,""has_teeth"":true,""teeth"":""With Teeth"",""weld_on_teeth"":""With Teeth"",""sku"":""LBB74T"",""family_handle"":""cid-lb-bucket"",""family_title"":""Long Bottom Bucket - Heavy-Duty Attachment""}"
cid-lb-bucket,,,,,,,,,,,,Size,"78""",Teeth,Standard,,,LBB78,1227.05,1387.10,1067.00,488,lb,continue,,manual,True,True,,,,"{""mpn"":""LBB78"",""fits"":""Universal skid steer & compact track loader quick-attach"",""brand"":""CID"",""family"":""Long-Bottom Bucket"",""width_in"":78,""weight_lbs"":488,""availability"":""MadeToOrder"",""cutting_edge"":""Smooth"",""product_type"":""Bucket"",""has_teeth"":false,""teeth"":""Standard"",""weld_on_teeth"":""Optional"",""sku"":""LBB78"",""family_handle"":""cid-lb-bucket"",""family_title"":""Long Bottom Bucket - Heavy-Duty Attachment""}"
cid-lb-bucket,,,,,,,,,,,,Size,"78""",Teeth,With Teeth,,,LBB78T,1555.95,1758.90,1353.00,523,lb,continue,,manual,True,True,,,,"{""mpn"":""LBB78T"",""fits"":""Universal skid steer & compact track loader quick-attach"",""brand"":""CID"",""family"":""Long-Bottom Bucket"",""width_in"":78,""weight_lbs"":523,""availability"":""MadeToOrder"",""cutting_edge"":""Bolt-on teeth"",""product_type"":""Bucket"",""has_teeth"":true,""teeth"":""With Teeth"",""weld_on_teeth"":""With Teeth"",""sku"":""LBB78T"",""family_handle"":""cid-lb-bucket"",""family_title"":""Long Bottom Bucket - Heavy-Duty Attachment""}"
cid-lb-bucket,,,,,,,,,,,,Size,"81""",Teeth,Standard,,,LBB81,1276.50,1443.00,1110.00,507,lb,continue,,manual,True,True,,,,"{""mpn"":""LBB81"",""fits"":""Universal skid steer & compact track loader quick-attach"",""brand"":""CID"",""family"":""Long-Bottom Bucket"",""width_in"":81,""weight_lbs"":507,""availability"":""MadeToOrder"",""cutting_edge"":""Smooth"",""product_type"":""Bucket"",""has_teeth"":false,""teeth"":""Standard"",""weld_on_teeth"":""Optional"",""sku"":""LBB81"",""family_handle"":""cid-lb-bucket"",""family_title"":""Long Bottom Bucket - Heavy-Duty Attachment""}"
cid-lb-bucket,,,,,,,,,,,,Size,"81""",Teeth,With Teeth,,,LBB81T,1606.55,1816.10,1397.00,542,lb,continue,,manual,True,True,,,,"{""mpn"":""LBB81T"",""fits"":""Universal skid steer & compact track loader quick-attach"",""brand"":""CID"",""family"":""Long-Bottom Bucket"",""width_in"":81,""weight_lbs"":542,""availability"":""MadeToOrder"",""cutting_edge"":""Bolt-on teeth"",""product_type"":""Bucket"",""has_teeth"":true,""teeth"":""With Teeth"",""weld_on_teeth"":""With Teeth"",""sku"":""LBB81T"",""family_handle"":""cid-lb-bucket"",""family_title"":""Long Bottom Bucket - Heavy-Duty Attachment""}"
cid-lb-bucket,,,,,,,,,,,,Size,"84""",Teeth,Standard,,,LBB84,1325.95,1498.90,1153.00,491,lb,continue,,manual,True,True,,,,"{""mpn"":""LBB84"",""fits"":""Universal skid steer & compact track loader quick-attach"",""brand"":""CID"",""family"":""Long-Bottom Bucket"",""width_in"":84,""weight_lbs"":491,""availability"":""MadeToOrder"",""cutting_edge"":""Smooth"",""product_type"":""Bucket"",""has_teeth"":false,""teeth"":""Standard"",""weld_on_teeth"":""Optional"",""sku"":""LBB84"",""family_handle"":""cid-lb-bucket"",""family_title"":""Long Bottom Bucket - Heavy-Duty Attachment""}"
cid-lb-bucket,,,,,,,,,,,,Size,"84""",Teeth,With Teeth,,,LBB84T,1652.55,1868.10,1437.00,577,lb,continue,,manual,True,True,,,,"{""mpn"":""LBB84T"",""fits"":""Universal skid steer & compact track loader quick-attach"",""brand"":""CID"",""family"":""Long-Bottom Bucket"",""width_in"":84,""weight_lbs"":577,""availability"":""MadeToOrder"",""cutting_edge"":""Bolt-on teeth"",""product_type"":""Bucket"",""has_teeth"":true,""teeth"":""With Teeth"",""weld_on_teeth"":""With Teeth"",""sku"":""LBB84T"",""family_handle"":""cid-lb-bucket"",""family_title"":""Long Bottom Bucket - Heavy-Duty Attachment""}"
cid-lb-bucket,,,,,,,,,,,,Size,"90""",Teeth,Standard,,,LBB90,1432.90,1619.80,1246.00,558,lb,continue,,manual,True,True,,,,"{""mpn"":""LBB90"",""fits"":""Universal skid steer & compact track loader quick-attach"",""brand"":""CID"",""family"":""Long-Bottom Bucket"",""width_in"":90,""weight_lbs"":558,""availability"":""MadeToOrder"",""cutting_edge"":""Smooth"",""product_type"":""Bucket"",""has_teeth"":false,""teeth"":""Standard"",""weld_on_teeth"":""Optional"",""sku"":""LBB90"",""family_handle"":""cid-lb-bucket"",""family_title"":""Long Bottom Bucket - Heavy-Duty Attachment""}"
cid-lb-bucket,,,,,,,,,,,,Size,"90""",Teeth,With Teeth,,,LBB90T,1769.85,2000.70,1539.00,621,lb,continue,,manual,True,True,,,,"{""mpn"":""LBB90T"",""fits"":""Universal skid steer & compact track loader quick-attach"",""brand"":""CID"",""family"":""Long-Bottom Bucket"",""width_in"":90,""weight_lbs"":621,""availability"":""MadeToOrder"",""cutting_edge"":""Bolt-on teeth"",""product_type"":""Bucket"",""has_teeth"":true,""teeth"":""With Teeth"",""weld_on_teeth"":""With Teeth"",""sku"":""LBB90T"",""family_handle"":""cid-lb-bucket"",""family_title"":""Long Bottom Bucket - Heavy-Duty Attachment""}"
cid-lb-bucket,,,,,,,,,,,,Size,"96""",Teeth,Standard,,,LBB96,1539.85,1740.70,1339.00,595,lb,continue,,manual,True,True,,,,"{""mpn"":""LBB96"",""fits"":""Universal skid steer & compact track loader quick-attach"",""brand"":""CID"",""family"":""Long-Bottom Bucket"",""width_in"":96,""weight_lbs"":595,""availability"":""MadeToOrder"",""cutting_edge"":""Smooth"",""product_type"":""Bucket"",""has_teeth"":false,""teeth"":""Standard"",""weld_on_teeth"":""Optional"",""sku"":""LBB96"",""family_handle"":""cid-lb-bucket"",""family_title"":""Long Bottom Bucket - Heavy-Duty Attachment""}"
cid-lb-bucket,,,,,,,,,,,,Size,"96""",Teeth,With Teeth,,,LBB96T,1884.85,2130.70,1639.00,658,lb,continue,,manual,True,True,,,,"{""mpn"":""LBB96T"",""fits"":""Universal skid steer & compact track loader quick-attach"",""brand"":""CID"",""family"":""Long-Bottom Bucket"",""width_in"":96,""weight_lbs"":658,""availability"":""MadeToOrder"",""cutting_edge"":""Bolt-on teeth"",""product_type"":""Bucket"",""has_teeth"":true,""teeth"":""With Teeth"",""weld_on_teeth"":""With Teeth"",""sku"":""LBB96T"",""family_handle"":""cid-lb-bucket"",""family_title"":""Long Bottom Bucket - Heavy-Duty Attachment""}"
cid-lb-bucket,,,,,,,,,,,,,,,,,,,,,,,,,,,,,https://cdn.shopify.com/s/files/1/0952/1977/7823/files/CID-Skid-Steer-Long-Bottom-Bucket.png?v=1779306101,2,Long Bottom Bucket | Heavy Duty Skid Steer Attachment,
cid-lb-bucket,,,,,,,,,,,,,,,,,,,,,,,,,,,,,https://cdn.shopify.com/s/files/1/0952/1977/7823/files/CID-Skid-Steer-Long-Bottom-Bucket_1.png?v=1779306101,3,Long Bottom Bucket | Heavy Duty Skid Steer Attachment,
cid-lb-bucket,,,,,,,,,,,,,,,,,,,,,,,,,,,,,https://cdn.shopify.com/s/files/1/0952/1977/7823/files/CID-Skid-Steer-Long-Bottom-Bucket_2.png?v=1779306101,4,Long Bottom Bucket | Heavy Duty Skid Steer Attachment,
cid-lb-bucket,,,,,,,,,,,,,,,,,,,,,,,,,,,,,https://cdn.shopify.com/s/files/1/0952/1977/7823/files/CID-Skid-Steer-Long-Bottom-Bucket_3.png?v=1779306101,5,Long Bottom Bucket | Heavy Duty Skid Steer Attachment,
cid-lb-bucket,,,,,,,,,,,,,,,,,,,,,,,,,,,,,https://cdn.shopify.com/s/files/1/0952/1977/7823/files/CID-Skid-Steer-Long-Bottom-Bucket_4.png?v=1779306101,6,Long Bottom Bucket | Heavy Duty Skid Steer Attachment,
cid-lb-bucket,,,,,,,,,,,,,,,,,,,,,,,,,,,,,https://cdn.shopify.com/s/files/1/0952/1977/7823/files/CID-Skid-Steer-Long-Bottom-Bucket_5.png?v=1779306101,7,Long Bottom Bucket | Heavy Duty Skid Steer Attachment,
cid-lb-bucket,,,,,,,,,,,,,,,,,,,,,,,,,,,,,https://cdn.shopify.com/s/files/1/0952/1977/7823/files/cid-bucket-long-bottom_ace1ccd3-2a61-41aa-a096-03a0ae05c8ed.webp?v=1782092041,8,Long Bottom Bucket | Heavy Duty Skid Steer Attachment,
cid-lp-bucket,MERGE,Low Profile Bucket - Heavy-Duty Attachment,"<p><strong>Low Profile Bucket - Heavy-Duty Attachment</strong> is a jobsite-ready equipment attachment for contractors who need dependable performance without wasted downtime.</p>
<ul>
<li>
<strong>Heavy-duty build</strong> for daily construction, grading, land clearing, material handling, and utility work.</li>
<li>
<strong>Machine compatibility support</strong> helps confirm coupler, mount, hydraulic flow, and sizing before purchase.</li>
<li>
<strong>Freight support</strong> available for large attachments and commercial delivery needs.</li>
<li>
<strong>Fleet and dealer pricing</strong> available for qualified repeat buyers.</li>
</ul>
<p>Heavy Iron Supply Co. supplies attachments, rubber tracks, and undercarriage parts for working machines nationwide.</p>",CID Attachments,Skid Steer Attachment,"Bucket, Skid Steer, Skid Steer Attachment",Active,TRUE,web,attachment,TRUE,Size,"48""",Teeth,Standard,,,LPB48,783.15,885.30,681.00,,,continue,,manual,True,True,https://cdn.shopify.com/s/files/1/0952/1977/7823/files/cid-bucket-low-profile_66c97a6e-49f2-472c-919e-bfcadf5fe974.webp?v=1779040396,1,Low Profile Bucket | Heavy Duty Skid Steer Attachment,
cid-lp-bucket,,,,,,,,,,,,Size,"54""",Teeth,Standard,,,LPB54,837.20,946.40,728.00,260,lb,continue,,manual,True,True,,,,"{""mpn"":""LPB54"",""fits"":""Mini skid steer (Dingo, MT50) quick-attach"",""brand"":""CID"",""family"":""Low-Profile Bucket"",""width_in"":54,""weight_lbs"":260,""availability"":""MadeToOrder"",""cutting_edge"":""Smooth"",""product_type"":""Bucket"",""has_teeth"":false,""teeth"":""Standard"",""weld_on_teeth"":""Optional"",""sku"":""LPB54"",""family_handle"":""cid-lp-bucket"",""family_title"":""Low Profile Bucket - Heavy-Duty Attachment""}"
cid-lp-bucket,,,,,,,,,,,,Size,"60""",Teeth,Standard,,,LPB60,891.25,1007.50,775.00,342,lb,continue,,manual,True,True,,,,"{""mpn"":""LPB60"",""fits"":""Mini skid steer (Dingo, MT50) quick-attach"",""brand"":""CID"",""family"":""Low-Profile Bucket"",""width_in"":60,""weight_lbs"":342,""availability"":""MadeToOrder"",""cutting_edge"":""Smooth"",""product_type"":""Bucket"",""has_teeth"":false,""teeth"":""Standard"",""weld_on_teeth"":""Optional"",""sku"":""LPB60"",""family_handle"":""cid-lp-bucket"",""family_title"":""Low Profile Bucket - Heavy-Duty Attachment""}"
cid-lp-bucket,,,,,,,,,,,,Size,"60""",Teeth,With Teeth,,,LPB60T,1193.70,1349.40,1038.00,379,lb,continue,,manual,True,True,,,,"{""mpn"":""LPB60T"",""fits"":""Mini skid steer (Dingo, MT50) quick-attach"",""brand"":""CID"",""family"":""Low-Profile Bucket"",""width_in"":60,""weight_lbs"":379,""availability"":""MadeToOrder"",""cutting_edge"":""Bolt-on teeth"",""product_type"":""Bucket"",""has_teeth"":true,""teeth"":""With Teeth"",""weld_on_teeth"":""With Teeth"",""sku"":""LPB60T"",""family_handle"":""cid-lp-bucket"",""family_title"":""Low Profile Bucket - Heavy-Duty Attachment""}"
cid-lp-bucket,,,,,,,,,,,,Size,"63""",Teeth,Standard,,,LPB63,928.05,1049.10,807.00,353,lb,continue,,manual,True,True,,,,"{""mpn"":""LPB63"",""fits"":""Mini skid steer (Dingo, MT50) quick-attach"",""brand"":""CID"",""family"":""Low-Profile Bucket"",""width_in"":63,""weight_lbs"":353,""availability"":""MadeToOrder"",""cutting_edge"":""Smooth"",""product_type"":""Bucket"",""has_teeth"":false,""teeth"":""Standard"",""weld_on_teeth"":""Optional"",""sku"":""LPB63"",""family_handle"":""cid-lp-bucket"",""family_title"":""Low Profile Bucket - Heavy-Duty Attachment""}"
cid-lp-bucket,,,,,,,,,,,,Size,"63""",Teeth,With Teeth,,,LPB63T,1224.75,1384.50,1065.00,402,lb,continue,,manual,True,True,,,,"{""mpn"":""LPB63T"",""fits"":""Mini skid steer (Dingo, MT50) quick-attach"",""brand"":""CID"",""family"":""Low-Profile Bucket"",""width_in"":63,""weight_lbs"":402,""availability"":""MadeToOrder"",""cutting_edge"":""Bolt-on teeth"",""product_type"":""Bucket"",""has_teeth"":true,""teeth"":""With Teeth"",""weld_on_teeth"":""With Teeth"",""sku"":""LPB63T"",""family_handle"":""cid-lp-bucket"",""family_title"":""Low Profile Bucket - Heavy-Duty Attachment""}"
cid-lp-bucket,,,,,,,,,,,,Size,"66""",Teeth,Standard,,,LPB66,964.85,1090.70,839.00,373,lb,continue,,manual,True,True,,,,"{""mpn"":""LPB66"",""fits"":""Mini skid steer (Dingo, MT50) quick-attach"",""brand"":""CID"",""family"":""Low-Profile Bucket"",""width_in"":66,""weight_lbs"":373,""availability"":""MadeToOrder"",""cutting_edge"":""Smooth"",""product_type"":""Bucket"",""has_teeth"":false,""teeth"":""Standard"",""weld_on_teeth"":""Optional"",""sku"":""LPB66"",""family_handle"":""cid-lp-bucket"",""family_title"":""Low Profile Bucket - Heavy-Duty Attachment""}"
cid-lp-bucket,,,,,,,,,,,,Size,"66""",Teeth,With Teeth,,,LPB66T,1270.75,1436.50,1105.00,422,lb,continue,,manual,True,True,,,,"{""mpn"":""LPB66T"",""fits"":""Mini skid steer (Dingo, MT50) quick-attach"",""brand"":""CID"",""family"":""Low-Profile Bucket"",""width_in"":66,""weight_lbs"":422,""availability"":""MadeToOrder"",""cutting_edge"":""Bolt-on teeth"",""product_type"":""Bucket"",""has_teeth"":true,""teeth"":""With Teeth"",""weld_on_teeth"":""With Teeth"",""sku"":""LPB66T"",""family_handle"":""cid-lp-bucket"",""family_title"":""Low Profile Bucket - Heavy-Duty Attachment""}"
cid-lp-bucket,,,,,,,,,,,,Size,"72""",Teeth,Standard,,,LPB72,1036.15,1171.30,901.00,393,lb,continue,,manual,True,True,,,,"{""mpn"":""LPB72"",""fits"":""Mini skid steer (Dingo, MT50) quick-attach"",""brand"":""CID"",""family"":""Low-Profile Bucket"",""width_in"":72,""weight_lbs"":393,""availability"":""MadeToOrder"",""cutting_edge"":""Smooth"",""product_type"":""Bucket"",""has_teeth"":false,""teeth"":""Standard"",""weld_on_teeth"":""Optional"",""sku"":""LPB72"",""family_handle"":""cid-lp-bucket"",""family_title"":""Low Profile Bucket - Heavy-Duty Attachment""}"
cid-lp-bucket,,,,,,,,,,,,Size,"72""",Teeth,With Teeth,,,LPB72T,1343.20,1518.40,1168.00,448,lb,continue,,manual,True,True,,,,"{""mpn"":""LPB72T"",""fits"":""Mini skid steer (Dingo, MT50) quick-attach"",""brand"":""CID"",""family"":""Low-Profile Bucket"",""width_in"":72,""weight_lbs"":448,""availability"":""MadeToOrder"",""cutting_edge"":""Bolt-on teeth"",""product_type"":""Bucket"",""has_teeth"":true,""teeth"":""With Teeth"",""weld_on_teeth"":""With Teeth"",""sku"":""LPB72T"",""family_handle"":""cid-lp-bucket"",""family_title"":""Low Profile Bucket - Heavy-Duty Attachment""}"
cid-lp-bucket,,,,,,,,,,,,Size,"74""",Teeth,Standard,,,LPB74,1069.50,1209.00,930.00,,,continue,,manual,True,True,,,,"{""mpn"":""LPB74"",""fits"":""Mini skid steer (Dingo, MT50) quick-attach"",""brand"":""CID"",""family"":""Low-Profile Bucket"",""width_in"":74,""weight_lbs"":433,""availability"":""MadeToOrder"",""cutting_edge"":""Smooth"",""product_type"":""Bucket"",""weight_estimated"":true,""has_teeth"":false,""teeth"":""Standard"",""weld_on_teeth"":""Optional"",""sku"":""LPB74"",""family_handle"":""cid-lp-bucket"",""family_title"":""Low Profile Bucket - Heavy-Duty Attachment""}"
cid-lp-bucket,,,,,,,,,,,,Size,"74""",Teeth,With Teeth,,,LPB74T,1375.40,1554.80,1196.00,459,lb,continue,,manual,True,True,,,,"{""mpn"":""LPB74T"",""fits"":""Mini skid steer (Dingo, MT50) quick-attach"",""brand"":""CID"",""family"":""Low-Profile Bucket"",""width_in"":74,""weight_lbs"":459,""availability"":""MadeToOrder"",""cutting_edge"":""Bolt-on teeth"",""product_type"":""Bucket"",""has_teeth"":true,""teeth"":""With Teeth"",""weld_on_teeth"":""With Teeth"",""sku"":""LPB74T"",""family_handle"":""cid-lp-bucket"",""family_title"":""Low Profile Bucket - Heavy-Duty Attachment""}"
cid-lp-bucket,,,,,,,,,,,,Size,"78""",Teeth,Standard,,,LPB78,1106.30,1250.60,962.00,421,lb,continue,,manual,True,True,,,,"{""mpn"":""LPB78"",""fits"":""Mini skid steer (Dingo, MT50) quick-attach"",""brand"":""CID"",""family"":""Low-Profile Bucket"",""width_in"":78,""weight_lbs"":421,""availability"":""MadeToOrder"",""cutting_edge"":""Smooth"",""product_type"":""Bucket"",""has_teeth"":false,""teeth"":""Standard"",""weld_on_teeth"":""Optional"",""sku"":""LPB78"",""family_handle"":""cid-lp-bucket"",""family_title"":""Low Profile Bucket - Heavy-Duty Attachment""}"
cid-lp-bucket,,,,,,,,,,,,Size,"78""",Teeth,With Teeth,,,LPB78T,1419.10,1604.20,1234.00,486,lb,continue,,manual,True,True,,,,"{""mpn"":""LPB78T"",""fits"":""Mini skid steer (Dingo, MT50) quick-attach"",""brand"":""CID"",""family"":""Low-Profile Bucket"",""width_in"":78,""weight_lbs"":486,""availability"":""MadeToOrder"",""cutting_edge"":""Bolt-on teeth"",""product_type"":""Bucket"",""has_teeth"":true,""teeth"":""With Teeth"",""weld_on_teeth"":""With Teeth"",""sku"":""LPB78T"",""family_handle"":""cid-lp-bucket"",""family_title"":""Low Profile Bucket - Heavy-Duty Attachment""}"
cid-lp-bucket,,,,,,,,,,,,Size,"81""",Teeth,Standard,,,LPB81,1143.10,1292.20,994.00,438,lb,continue,,manual,True,True,,,,"{""mpn"":""LPB81"",""fits"":""Mini skid steer (Dingo, MT50) quick-attach"",""brand"":""CID"",""family"":""Low-Profile Bucket"",""width_in"":81,""weight_lbs"":438,""availability"":""MadeToOrder"",""cutting_edge"":""Smooth"",""product_type"":""Bucket"",""has_teeth"":false,""teeth"":""Standard"",""weld_on_teeth"":""Optional"",""sku"":""LPB81"",""family_handle"":""cid-lp-bucket"",""family_title"":""Low Profile Bucket - Heavy-Duty Attachment""}"
cid-lp-bucket,,,,,,,,,,,,Size,"81""",Teeth,With Teeth,,,LPB81T,1458.20,1648.40,1268.00,495,lb,continue,,manual,True,True,,,,"{""mpn"":""LPB81T"",""fits"":""Mini skid steer (Dingo, MT50) quick-attach"",""brand"":""CID"",""family"":""Low-Profile Bucket"",""width_in"":81,""weight_lbs"":495,""availability"":""MadeToOrder"",""cutting_edge"":""Bolt-on teeth"",""product_type"":""Bucket"",""has_teeth"":true,""teeth"":""With Teeth"",""weld_on_teeth"":""With Teeth"",""sku"":""LPB81T"",""family_handle"":""cid-lp-bucket"",""family_title"":""Low Profile Bucket - Heavy-Duty Attachment""}"
cid-lp-bucket,,,,,,,,,,,,Size,"84""",Teeth,Standard,,,LPB84,1182.20,1336.40,1028.00,448,lb,continue,,manual,True,True,,,,"{""mpn"":""LPB84"",""fits"":""Mini skid steer (Dingo, MT50) quick-attach"",""brand"":""CID"",""family"":""Low-Profile Bucket"",""width_in"":84,""weight_lbs"":448,""availability"":""MadeToOrder"",""cutting_edge"":""Smooth"",""product_type"":""Bucket"",""has_teeth"":false,""teeth"":""Standard"",""weld_on_teeth"":""Optional"",""sku"":""LPB84"",""family_handle"":""cid-lp-bucket"",""family_title"":""Low Profile Bucket - Heavy-Duty Attachment""}"
cid-lp-bucket,,,,,,,,,,,,Size,"84""",Teeth,With Teeth,,,LPB84T,1498.45,1693.90,1303.00,514,lb,continue,,manual,True,True,,,,"{""mpn"":""LPB84T"",""fits"":""Mini skid steer (Dingo, MT50) quick-attach"",""brand"":""CID"",""family"":""Low-Profile Bucket"",""width_in"":84,""weight_lbs"":514,""availability"":""MadeToOrder"",""cutting_edge"":""Bolt-on teeth"",""product_type"":""Bucket"",""has_teeth"":true,""teeth"":""With Teeth"",""weld_on_teeth"":""With Teeth"",""sku"":""LPB84T"",""family_handle"":""cid-lp-bucket"",""family_title"":""Low Profile Bucket - Heavy-Duty Attachment""}"
cid-lp-bucket,,,,,,,,,,,,Size,"90""",Teeth,Standard,,,LPB90,1263.85,1428.70,1099.00,495,lb,continue,,manual,True,True,,,,"{""mpn"":""LPB90"",""fits"":""Mini skid steer (Dingo, MT50) quick-attach"",""brand"":""CID"",""family"":""Low-Profile Bucket"",""width_in"":90,""weight_lbs"":495,""availability"":""MadeToOrder"",""cutting_edge"":""Smooth"",""product_type"":""Bucket"",""has_teeth"":false,""teeth"":""Standard"",""weld_on_teeth"":""Optional"",""sku"":""LPB90"",""family_handle"":""cid-lp-bucket"",""family_title"":""Low Profile Bucket - Heavy-Duty Attachment""}"
cid-lp-bucket,,,,,,,,,,,,Size,"90""",Teeth,With Teeth,,,LPB90T,1582.40,1788.80,1376.00,565,lb,continue,,manual,True,True,,,,"{""mpn"":""LPB90T"",""fits"":""Mini skid steer (Dingo, MT50) quick-attach"",""brand"":""CID"",""family"":""Low-Profile Bucket"",""width_in"":90,""weight_lbs"":565,""availability"":""MadeToOrder"",""cutting_edge"":""Bolt-on teeth"",""product_type"":""Bucket"",""has_teeth"":true,""teeth"":""With Teeth"",""weld_on_teeth"":""With Teeth"",""sku"":""LPB90T"",""family_handle"":""cid-lp-bucket"",""family_title"":""Low Profile Bucket - Heavy-Duty Attachment""}"
cid-lp-bucket,,,,,,,,,,,,Size,"96""",Teeth,Standard,,,LPB96,1352.40,1528.80,1176.00,528,lb,continue,,manual,True,True,,,,"{""mpn"":""LPB96"",""fits"":""Mini skid steer (Dingo, MT50) quick-attach"",""brand"":""CID"",""family"":""Low-Profile Bucket"",""width_in"":96,""weight_lbs"":528,""availability"":""MadeToOrder"",""cutting_edge"":""Smooth"",""product_type"":""Bucket"",""has_teeth"":false,""teeth"":""Standard"",""weld_on_teeth"":""Optional"",""sku"":""LPB96"",""family_handle"":""cid-lp-bucket"",""family_title"":""Low Profile Bucket - Heavy-Duty Attachment""}"
cid-lp-bucket,,,,,,,,,,,,Size,"96""",Teeth,With Teeth,,,LPB96T,1667.50,1885.00,1450.00,598,lb,continue,,manual,True,True,,,,"{""mpn"":""LPB96T"",""fits"":""Mini skid steer (Dingo, MT50) quick-attach"",""brand"":""CID"",""family"":""Low-Profile Bucket"",""width_in"":96,""weight_lbs"":598,""availability"":""MadeToOrder"",""cutting_edge"":""Bolt-on teeth"",""product_type"":""Bucket"",""has_teeth"":true,""teeth"":""With Teeth"",""weld_on_teeth"":""With Teeth"",""sku"":""LPB96T"",""family_handle"":""cid-lp-bucket"",""family_title"":""Low Profile Bucket - Heavy-Duty Attachment""}"
cid-lp-bucket,,,,,,,,,,,,,,,,,,,,,,,,,,,,,https://cdn.shopify.com/s/files/1/0952/1977/7823/files/Mini_Skid_Steer_Low_Profile_Bucket.png?v=1779305947,2,Low Profile Bucket | Heavy Duty Skid Steer Attachment,
cid-lp-bucket,,,,,,,,,,,,,,,,,,,,,,,,,,,,,https://cdn.shopify.com/s/files/1/0952/1977/7823/files/cid-bucket-low-profile_a056cd1c-c024-48be-8cb6-d6810e38a3d5.webp?v=1782092041,3,Low Profile Bucket | Heavy Duty Skid Steer Attachment,
cid-manual-tree-saw,MERGE,Manual Tree Saw,"<p><strong>Manual Tree Saw</strong> is a jobsite-ready CID attachment for contractors who need dependable performance without wasted downtime.</p><ul><li><strong>Heavy-duty build</strong> for construction, grading, land clearing, and material handling.</li><li><strong>Machine compatibility support</strong> — confirm coupler, mount, hydraulic flow, and sizing before purchase.</li><li><strong>Freight support</strong> available for large attachments.</li></ul><p>Heavy Iron Supply Co. supplies CID attachments, rubber tracks, and undercarriage parts nationwide.</p>",CID Attachments,Skid Steer Attachment,"Attachment, cid-attachments",Active,TRUE,web,attachment,TRUE,Size,MTS1723,Flow (GPM),17-23 GPM,,,MTS1723,8140.85,9202.70,7079.00,867,lb,continue,,manual,True,True,,,,
cid-manure-fork,MERGE,Manure Fork,"<p><strong>Manure Fork</strong> is a jobsite-ready CID attachment for contractors who need dependable performance without wasted downtime.</p><ul><li><strong>Heavy-duty build</strong> for construction, grading, land clearing, and material handling.</li><li><strong>Machine compatibility support</strong> — confirm coupler, mount, hydraulic flow, and sizing before purchase.</li><li><strong>Freight support</strong> available for large attachments.</li></ul><p>Heavy Iron Supply Co. supplies CID attachments, rubber tracks, and undercarriage parts nationwide.</p>",CID Attachments,Skid Steer Attachment,"Attachment, cid-attachments, forks, grapple",Active,TRUE,web,attachment,TRUE,Size,"63""",,,,,XMF63,1806.65,2042.30,1571.00,,,continue,,manual,True,True,,,,
cid-manure-fork,,,,,,,,,,,,Size,"66""",,,,,XMF66,1863.00,2106.00,1620.00,547,lb,continue,,manual,True,True,,,,
cid-manure-fork,,,,,,,,,,,,Size,"72""",,,,,XMF72,2025.15,2289.30,1761.00,,,continue,,manual,True,True,,,,
cid-manure-fork,,,,,,,,,,,,Size,"78""",,,,,XMF78,2082.65,2354.30,1811.00,,,continue,,manual,True,True,,,,
cid-manure-fork,,,,,,,,,,,,Size,"81""",,,,,XMF81,2243.65,2536.30,1951.00,,,continue,,manual,True,True,,,,
cid-manure-fork,,,,,,,,,,,,Size,"84""",,,,,XMF84,2325.30,2628.60,2022.00,,,continue,,manual,True,True,,,,
cid-manure-fork,,,,,,,,,,,,Size,"96""",,,,,XMF96,2624.30,2966.60,2282.00,,,continue,,manual,True,True,,,,
cid-manure-fork,,,,,,,,,,,,Size,"63""",,,,,XMFG63,3321.20,3754.40,2888.00,810,lb,continue,,manual,True,True,,,,
cid-manure-fork,,,,,,,,,,,,Size,"66""",,,,,XMFG66,3430.45,3877.90,2983.00,830,lb,continue,,manual,True,True,,,,
cid-manure-fork,,,,,,,,,,,,Size,"72""",,,,,XMFG72,3540.85,4002.70,3079.00,877,lb,continue,,manual,True,True,,,,
cid-manure-fork,,,,,,,,,,,,Size,"78""",,,,,XMFG78,3653.55,4130.10,3177.00,897,lb,continue,,manual,True,True,,,,
cid-manure-fork,,,,,,,,,,,,Size,"81""",,,,,XMFG81,3760.50,4251.00,3270.00,944,lb,continue,,manual,True,True,,,,
cid-manure-fork,,,,,,,,,,,,Size,"84""",,,,,XMFG84,3873.20,4378.40,3368.00,954,lb,continue,,manual,True,True,,,,
cid-manure-fork,,,,,,,,,,,,Size,"96""",,,,,XMFG96,4382.65,4954.30,3811.00,,,continue,,manual,True,True,,,,
cid-mat-grapple,MERGE,Mat Grapple,"<p><strong>Mat Grapple</strong> is a jobsite-ready CID attachment for contractors who need dependable performance without wasted downtime.</p><ul><li><strong>Heavy-duty build</strong> for construction, grading, land clearing, and material handling.</li><li><strong>Machine compatibility support</strong> — confirm coupler, mount, hydraulic flow, and sizing before purchase.</li><li><strong>Freight support</strong> available for large attachments.</li></ul><p>Heavy Iron Supply Co. supplies CID attachments, rubber tracks, and undercarriage parts nationwide.</p>",CID Attachments,Skid Steer Attachment,"Attachment, cid-attachments, grapple",Active,TRUE,web,attachment,TRUE,Size,"60""",,,,,C3MG,2998.05,3389.10,2607.00,889,lb,continue,,manual,True,True,,,,
cid-mini-4n1-bucket,MERGE,Mini 4-in-1 Bucket,"<p><strong>Mini 4-in-1 Bucket</strong> is a jobsite-ready equipment attachment for contractors who need dependable performance without wasted downtime.</p>
<ul>
<li>
<strong>Heavy-duty build</strong> for daily construction, grading, land clearing, material handling, and utility work.</li>
<li>
<strong>Machine compatibility support</strong> helps confirm coupler, mount, hydraulic flow, and sizing before purchase.</li>
<li>
<strong>Freight support</strong> available for large attachments and commercial delivery needs.</li>
<li>
<strong>Fleet and dealer pricing</strong> available for qualified repeat buyers.</li>
</ul>
<p>Heavy Iron Supply Co. supplies attachments, rubber tracks, and undercarriage parts for working machines nationwide.</p>",CID Attachments,4-in-1 Buckets,"4-in-1 Buckets, Bucket, Mini Skid Steer",Active,TRUE,web,attachment,TRUE,Size,"36""",,,,,MINI4N1-36,1868.75,2112.50,1625.00,,,continue,,manual,True,True,https://cdn.shopify.com/s/files/1/0952/1977/7823/files/CID_tractor-compact-4-in-1-bucket_2.png?v=1779315255,1,Mini 4-in-1 Bucket | Heavy Iron Supply Co,"{""mpn"":""MINI4N1-36"",""duty"":""compact_mini"",""fits"":""Mini skid steer (Dingo, MT50) quick-attach"",""brand"":""CID"",""family"":""Mini 4-in-1 Bucket"",""width_in"":36,""weight_lbs"":93.0,""availability"":""MadeToOrder"",""cutting_edge"":""Smooth"",""product_type"":""Bucket"",""has_teeth"":false,""sku"":""MINI4N1-36"",""family_handle"":""cid-mini-4n1-bucket"",""family_title"":""Mini 4-in-1 Bucket""}"
cid-mini-4n1-bucket,,,,,,,,,,,,Size,"36"" w/ Teeth",,,,,MINI4N1-36T,2149.35,2429.70,1869.00,,,continue,,manual,True,True,,,,"{""mpn"":""MINI4N1-36T"",""duty"":""compact_mini"",""fits"":""Mini skid steer (Dingo, MT50) quick-attach"",""brand"":""CID"",""family"":""Mini 4-in-1 Bucket"",""width_in"":36,""weight_lbs"":93.0,""availability"":""MadeToOrder"",""cutting_edge"":""Bolt-on teeth"",""product_type"":""Bucket"",""has_teeth"":true,""sku"":""MINI4N1-36T"",""family_handle"":""cid-mini-4n1-bucket"",""family_title"":""Mini 4-in-1 Bucket""}"
cid-mini-4n1-bucket,,,,,,,,,,,,Size,"44""",,,,,MINI4N1-44,2007.90,2269.80,1746.00,368,lb,continue,,manual,True,True,,,,"{""mpn"":""MINI4N1-44"",""fits"":""Mini skid steer (Dingo, MT50) quick-attach"",""brand"":""CID"",""family"":""Mini 4-in-1 Bucket"",""width_in"":44,""weight_lbs"":368,""availability"":""MadeToOrder"",""cutting_edge"":""Smooth"",""product_type"":""Bucket"",""has_teeth"":false,""sku"":""MINI4N1-44"",""family_handle"":""cid-mini-4n1-bucket"",""family_title"":""Mini 4-in-1 Bucket""}"
cid-mini-4n1-bucket,,,,,,,,,,,,Size,"44"" w/ Teeth",,,,,MINI4N1-44T,2160.85,2442.70,1879.00,400,lb,continue,,manual,True,True,,,,"{""mpn"":""MINI4N1-44T"",""fits"":""Mini skid steer (Dingo, MT50) quick-attach"",""brand"":""CID"",""family"":""Mini 4-in-1 Bucket"",""width_in"":44,""weight_lbs"":400,""availability"":""MadeToOrder"",""cutting_edge"":""Bolt-on teeth"",""product_type"":""Bucket"",""has_teeth"":true,""sku"":""MINI4N1-44T"",""family_handle"":""cid-mini-4n1-bucket"",""family_title"":""Mini 4-in-1 Bucket""}"
cid-mini-4n1-bucket,,,,,,,,,,,,Size,"48""",,,,,MINI4N1-48,2049.30,2316.60,1782.00,387,lb,continue,,manual,True,True,,,,"{""mpn"":""MINI4N1-48"",""fits"":""Mini skid steer (Dingo, MT50) quick-attach"",""brand"":""CID"",""family"":""Mini 4-in-1 Bucket"",""width_in"":48,""weight_lbs"":387,""availability"":""MadeToOrder"",""cutting_edge"":""Smooth"",""product_type"":""Bucket"",""has_teeth"":false,""sku"":""MINI4N1-48"",""family_handle"":""cid-mini-4n1-bucket"",""family_title"":""Mini 4-in-1 Bucket""}"
cid-mini-4n1-bucket,,,,,,,,,,,,Size,"48"" w/ Teeth",,,,,MINI4N1-48T,2195.35,2481.70,1909.00,369,lb,continue,,manual,True,True,,,,"{""mpn"":""MINI4N1-48T"",""duty"":""compact_mini"",""fits"":""Mini skid steer (Dingo, MT50) quick-attach"",""brand"":""CID"",""family"":""Mini 4-in-1 Bucket"",""width_in"":48,""weight_lbs"":369,""availability"":""MadeToOrder"",""cutting_edge"":""Bolt-on teeth"",""product_type"":""Bucket"",""weight_estimated"":true,""has_teeth"":true,""sku"":""MINI4N1-48T"",""family_handle"":""cid-mini-4n1-bucket"",""family_title"":""Mini 4-in-1 Bucket""}"
cid-mini-4n1-bucket,,,,,,,,,,,,Size,"54""",,,,,MINI4N1-54,2078.05,2349.10,1807.00,,,continue,,manual,True,True,,,,"{""mpn"":""MINI4N1-54"",""duty"":""compact_mini"",""fits"":""Mini skid steer (Dingo, MT50) quick-attach"",""brand"":""CID"",""family"":""Mini 4-in-1 Bucket"",""width_in"":54,""weight_lbs"":93.0,""availability"":""MadeToOrder"",""cutting_edge"":""Smooth"",""product_type"":""Bucket"",""has_teeth"":false,""sku"":""MINI4N1-54"",""family_handle"":""cid-mini-4n1-bucket"",""family_title"":""Mini 4-in-1 Bucket""}"
cid-mini-4n1-bucket,,,,,,,,,,,,Size,"54"" w/ Teeth",,,,,MINI4N1-54T,2241.35,2533.70,1949.00,,,continue,,manual,True,True,,,,"{""mpn"":""MINI4N1-54T"",""duty"":""compact_mini"",""fits"":""Mini skid steer (Dingo, MT50) quick-attach"",""brand"":""CID"",""family"":""Mini 4-in-1 Bucket"",""width_in"":54,""weight_lbs"":93.0,""availability"":""MadeToOrder"",""cutting_edge"":""Bolt-on teeth"",""product_type"":""Bucket"",""has_teeth"":true,""sku"":""MINI4N1-54T"",""family_handle"":""cid-mini-4n1-bucket"",""family_title"":""Mini 4-in-1 Bucket""}"
cid-mini-4n1-bucket,,,,,,,,,,,,Size,"60""",,,,,MINI4N1-60,2122.90,2399.80,1846.00,477,lb,continue,,manual,True,True,,,,"{""mpn"":""MINI4N1-60"",""duty"":""compact_mini"",""fits"":""Mini skid steer (Dingo, MT50) quick-attach"",""brand"":""CID"",""family"":""Mini 4-in-1 Bucket"",""width_in"":60,""weight_lbs"":477,""availability"":""MadeToOrder"",""cutting_edge"":""Smooth"",""product_type"":""Bucket"",""has_teeth"":false,""sku"":""MINI4N1-60"",""family_handle"":""cid-mini-4n1-bucket"",""family_title"":""Mini 4-in-1 Bucket""}"
cid-mini-4n1-bucket,,,,,,,,,,,,Size,"60"" w/ Teeth",,,,,MINI4N1-60T,2285.05,2583.10,1987.00,,,continue,,manual,True,True,,,,"{""mpn"":""MINI4N1-60T"",""duty"":""compact_mini"",""fits"":""Mini skid steer (Dingo, MT50) quick-attach"",""brand"":""CID"",""family"":""Mini 4-in-1 Bucket"",""width_in"":60,""weight_lbs"":93.0,""availability"":""MadeToOrder"",""cutting_edge"":""Bolt-on teeth"",""product_type"":""Bucket"",""has_teeth"":true,""sku"":""MINI4N1-60T"",""family_handle"":""cid-mini-4n1-bucket"",""family_title"":""Mini 4-in-1 Bucket""}"
cid-mini-4n1-bucket,,,,,,,,,,,,Size,"66""",,,,,MINI4N1-66,2168.90,2451.80,1886.00,550,lb,continue,,manual,True,True,,,,"{""mpn"":""MINI4N1-66"",""duty"":""compact_mini"",""fits"":""Mini skid steer (Dingo, MT50) quick-attach"",""brand"":""CID"",""family"":""Mini 4-in-1 Bucket"",""width_in"":66,""weight_lbs"":550,""availability"":""MadeToOrder"",""cutting_edge"":""Smooth"",""product_type"":""Bucket"",""has_teeth"":false,""sku"":""MINI4N1-66"",""family_handle"":""cid-mini-4n1-bucket"",""family_title"":""Mini 4-in-1 Bucket""}"
cid-mini-4n1-bucket,,,,,,,,,,,,Size,"66"" w/ Teeth",,,,,MINI4N1-66T,2328.75,2632.50,2025.00,,,continue,,manual,True,True,,,,"{""mpn"":""MINI4N1-66T"",""duty"":""compact_mini"",""fits"":""Mini skid steer (Dingo, MT50) quick-attach"",""brand"":""CID"",""family"":""Mini 4-in-1 Bucket"",""width_in"":66,""weight_lbs"":93.0,""availability"":""MadeToOrder"",""cutting_edge"":""Bolt-on teeth"",""product_type"":""Bucket"",""has_teeth"":true,""sku"":""MINI4N1-66T"",""family_handle"":""cid-mini-4n1-bucket"",""family_title"":""Mini 4-in-1 Bucket""}"
cid-mini-4n1-bucket,,,,,,,,,,,,Size,"72""",,,,,MINI4N1-72,2212.60,2501.20,1924.00,575,lb,continue,,manual,True,True,,,,"{""mpn"":""MINI4N1-72"",""duty"":""compact_mini"",""fits"":""Mini skid steer (Dingo, MT50) quick-attach"",""brand"":""CID"",""family"":""Mini 4-in-1 Bucket"",""width_in"":72,""weight_lbs"":575,""availability"":""MadeToOrder"",""cutting_edge"":""Smooth"",""product_type"":""Bucket"",""has_teeth"":false,""sku"":""MINI4N1-72"",""family_handle"":""cid-mini-4n1-bucket"",""family_title"":""Mini 4-in-1 Bucket""}"
cid-mini-4n1-bucket,,,,,,,,,,,,Size,"72"" w/ Teeth",,,,,MINI4N1-72T,2371.30,2680.60,2062.00,,,continue,,manual,True,True,,,,"{""mpn"":""MINI4N1-72T"",""duty"":""compact_mini"",""fits"":""Mini skid steer (Dingo, MT50) quick-attach"",""brand"":""CID"",""family"":""Mini 4-in-1 Bucket"",""width_in"":72,""weight_lbs"":397,""availability"":""MadeToOrder"",""cutting_edge"":""Bolt-on teeth"",""product_type"":""Bucket"",""weight_estimated"":true,""has_teeth"":true,""sku"":""MINI4N1-72T"",""family_handle"":""cid-mini-4n1-bucket"",""family_title"":""Mini 4-in-1 Bucket""}"
cid-mini-4n1-bucket,,,,,,,,,,,,,,,,,,,,,,,,,,,,,https://cdn.shopify.com/s/files/1/0952/1977/7823/files/cid-4-in-1-bucket-mini_4eaf161a-1004-4a29-ab87-c8299a960952.webp?v=1782091346,2,Mini 4-in-1 Bucket | Heavy Iron Supply Co,
cid-mini-frame,MERGE,Mini Loader Frame,"<p><strong>Mini Loader Frame</strong> is a jobsite-ready CID attachment for contractors who need dependable performance without wasted downtime.</p><ul><li><strong>Heavy-duty build</strong> for construction, grading, land clearing, and material handling.</li><li><strong>Machine compatibility support</strong> — confirm coupler, mount, hydraulic flow, and sizing before purchase.</li><li><strong>Freight support</strong> available for large attachments.</li></ul><p>Heavy Iron Supply Co. supplies CID attachments, rubber tracks, and undercarriage parts nationwide.</p>",CID Attachments,Skid Steer Attachment,"Attachment, cid-attachments, forks",Active,TRUE,web,attachment,TRUE,Size,DPFRAME,,,,,DPFRAME,335.80,379.60,292.00,128,lb,continue,,manual,True,True,,,,
cid-mini-frame,,,,,,,,,,,,Size,MTFRAME,,,,,MTFRAME,335.80,379.60,292.00,119,lb,continue,,manual,True,True,,,,
cid-mini-mp-power-rake,MERGE,Mini Multi-Purpose Power Rake,"<p><strong>Mini Multi-Purpose Power Rake</strong> is a jobsite-ready equipment attachment for contractors who need dependable performance without wasted downtime.</p>
<ul>
<li>
<strong>Heavy-duty build</strong> for daily construction, grading, land clearing, material handling, and utility work.</li>
<li>
<strong>Machine compatibility support</strong> helps confirm coupler, mount, hydraulic flow, and sizing before purchase.</li>
<li>
<strong>Freight support</strong> available for large attachments and commercial delivery needs.</li>
<li>
<strong>Fleet and dealer pricing</strong> available for qualified repeat buyers.</li>
</ul>
<p>Heavy Iron Supply Co. supplies attachments, rubber tracks, and undercarriage parts for working machines nationwide.</p>",CID Attachments,Power Rakes,"Grading Tool, Mini Skid Steer, Power Rakes",Active,TRUE,web,attachment,TRUE,Size,"44""",,,,,MINI-MPPR44,9287.40,10498.80,8076.00,600,lb,continue,,manual,True,True,https://cdn.shopify.com/s/files/1/0952/1977/7823/files/Mini_Skid_Steer_Multi_Purpose_Power_Rake_5_b6a5e9b9-b44d-437d-8607-08f8affe3342.png?v=1779315255,1,Mini Multi-Purpose Power Rake | Heavy Iron Supply Co,
cid-mini-mp-power-rake,,,,,,,,,,,,Size,MINIBP,,,,,MINIBP,552.00,624.00,480.00,124,lb,continue,,manual,True,True,,,,
cid-mini-mp-power-rake,,,,,,,,,,,,Size,MINIFRAME,,,,,MINIFRAME,335.80,379.60,292.00,,,continue,,manual,True,True,,,,
cid-mini-mp-power-rake,,,,,,,,,,,,Size,"44""",,,,,MINIGRDC44,1715.80,1939.60,1492.00,252,lb,continue,,manual,True,True,,,,
cid-mini-mp-power-rake,,,,,,,,,,,,Size,"48""",,,,,MINIGRDC48,1894.05,2141.10,1647.00,,,continue,,manual,True,True,,,,
cid-mini-mp-power-rake,,,,,,,,,,,,Size,"36""",,,,,MINILL36,492.20,556.40,428.00,135,lb,continue,,manual,True,True,,,,
cid-mini-mp-power-rake,,,,,,,,,,,,Size,"44""",,,,,MINILL44,525.55,594.10,457.00,149,lb,continue,,manual,True,True,,,,
cid-mini-mp-power-rake,,,,,,,,,,,,Size,"48""",,,,,MINILL48,588.80,665.60,512.00,159,lb,continue,,manual,True,True,,,,
cid-mini-mp-power-rake,,,,,,,,,,,,Size,"60""",,,,,MINILL60,686.55,776.10,597.00,,,continue,,manual,True,True,,,,
cid-mini-mp-power-rake,,,,,,,,,,,,Size,"36""",,,,,MINISNL36,608.35,687.70,529.00,,,continue,,manual,True,True,,,,
cid-mini-mp-power-rake,,,,,,,,,,,,Size,"42""",,,,,MINISNL42,650.90,735.80,566.00,,,continue,,manual,True,True,,,,
cid-mini-mp-power-rake,,,,,,,,,,,,Size,"44""",,,,,MINISNL44,692.30,782.60,602.00,,,continue,,manual,True,True,,,,
cid-mini-mp-power-rake,,,,,,,,,,,,Size,"48""",,,,,MINISNL48,733.70,829.40,638.00,237,lb,continue,,manual,True,True,,,,
cid-mini-mp-power-rake,,,,,,,,,,,,Size,"52""",,,,,MINISNL52,775.10,876.20,674.00,,,continue,,manual,True,True,,,,
cid-mini-mp-power-rake,,,,,,,,,,,,Size,"54""",,,,,MINISNL54,817.65,924.30,711.00,,,continue,,manual,True,True,,,,
cid-mini-mp-power-rake,,,,,,,,,,,,Size,"60""",,,,,MINISNL60,859.05,971.10,747.00,,,continue,,manual,True,True,,,,
cid-mini-mp-power-rake,,,,,,,,,,,,Size,"44""",,,,,MINITIL44,3119.95,3526.90,2713.00,561,lb,continue,,manual,True,True,,,,
cid-mini-mp-power-rake,,,,,,,,,,,,Size,"54""",,,,,MINITIL54,3398.25,3841.50,2955.00,,,continue,,manual,True,True,,,,
cid-mini-tree-reaper-1015,MERGE,Mini Tree Reaper Brush Cutter 10-15 GPM,"<p><strong>Mini Tree Reaper Brush Cutter 10-15 GPM</strong> is a jobsite-ready equipment attachment for contractors who need dependable performance without wasted downtime.</p>
<ul>
<li>
<strong>Heavy-duty build</strong> for daily construction, grading, land clearing, material handling, and utility work.</li>
<li>
<strong>Machine compatibility support</strong> helps confirm coupler, mount, hydraulic flow, and sizing before purchase.</li>
<li>
<strong>Freight support</strong> available for large attachments and commercial delivery needs.</li>
<li>
<strong>Fleet and dealer pricing</strong> available for qualified repeat buyers.</li>
</ul>
<p>Heavy Iron Supply Co. supplies attachments, rubber tracks, and undercarriage parts for working machines nationwide.</p>",CID Attachments,Brush Cutters,"Brush Cutter, Brush Cutters, Mini Skid Steer",Active,TRUE,web,attachment,TRUE,Size,MINIADH,,,,,MINIADH,2547.25,2879.50,2215.00,287,lb,continue,,manual,True,True,https://cdn.shopify.com/s/files/1/0952/1977/7823/files/cid-mini-skid-steer-tree-reaper-brush-cutter_6b2a5bd6-7767-4edd-8ef7-c9d035c89a30.png?v=1779315255,1,Mini Tree Reaper Brush Cutter 10-15 GPM | Heavy Iron Supply Co,
cid-mini-tree-reaper-1015,,,,,,,,,,,,Size,MINIADR,,,,,MINIADR,2547.25,2879.50,2215.00,,,continue,,manual,True,True,,,,
cid-mini-tree-reaper-1015,,,,,,,,,,,,Size,"40""",,,,,TRD-40,3529.35,3989.70,3069.00,558,lb,continue,,manual,True,True,,,,
cid-mini-tree-reaper-1015,,,,,,,,,,,,Size,"48""",,,,,TRD-48,3746.70,4235.40,3258.00,634,lb,continue,,manual,True,True,,,,
cid-monster-grapple-bucket,MERGE,Monster Grapple Bucket - Heavy-Duty Attachment,"<p><strong>Monster Grapple Bucket - Heavy-Duty Attachment</strong> is a jobsite-ready equipment attachment for contractors who need dependable performance without wasted downtime.</p>
<ul>
<li>
<strong>Heavy-duty build</strong> for daily construction, grading, land clearing, material handling, and utility work.</li>
<li>
<strong>Machine compatibility support</strong> helps confirm coupler, mount, hydraulic flow, and sizing before purchase.</li>
<li>
<strong>Freight support</strong> available for large attachments and commercial delivery needs.</li>
<li>
<strong>Fleet and dealer pricing</strong> available for qualified repeat buyers.</li>
</ul>
<p>Heavy Iron Supply Co. supplies attachments, rubber tracks, and undercarriage parts for working machines nationwide.</p>",CID Attachments,Skid Steer Attachment,"Bucket, Skid Steer, Skid Steer Attachment",Active,TRUE,web,attachment,TRUE,Size,"72""",,,,,MXDGB72,4678.20,5288.40,4068.00,1281,lb,continue,,manual,True,True,https://cdn.shopify.com/s/files/1/0952/1977/7823/files/cid-grapple-bucket-monster_d88b12d4-b961-452d-ad42-824db9498551.webp?v=1779040396,1,Monster Grapple Bucket | Heavy Duty Skid Steer Attachment,
cid-monster-grapple-bucket,,,,,,,,,,,,Size,"78""",,,,,MXDGB78,4817.35,5445.70,4189.00,1387,lb,continue,,manual,True,True,,,,
cid-monster-grapple-bucket,,,,,,,,,,,,Size,"84""",,,,,MXDGB84,5007.10,5660.20,4354.00,1494,lb,continue,,manual,True,True,,,,
cid-monster-grapple-bucket,,,,,,,,,,,,Size,"96""",,,,,MXDGB96,5384.30,6086.60,4682.00,1707,lb,continue,,manual,True,True,,,,
cid-monster-grapple-bucket,,,,,,,,,,,,,,,,,,,,,,,,,,,,,https://cdn.shopify.com/s/files/1/0952/1977/7823/files/Monster_Grapple_Bucket_-_CID.png?v=1779305822,2,Monster Grapple Bucket | Heavy Duty Skid Steer Attachment,
cid-monster-root-grapple,MERGE,Monster Root Grapple - Heavy-Duty Attachment,"<p><strong>Monster Root Grapple - Heavy-Duty Attachment</strong> is a jobsite-ready equipment attachment for contractors who need dependable performance without wasted downtime.</p>
<ul>
<li>
<strong>Heavy-duty build</strong> for daily construction, grading, land clearing, material handling, and utility work.</li>
<li>
<strong>Machine compatibility support</strong> helps confirm coupler, mount, hydraulic flow, and sizing before purchase.</li>
<li>
<strong>Freight support</strong> available for large attachments and commercial delivery needs.</li>
<li>
<strong>Fleet and dealer pricing</strong> available for qualified repeat buyers.</li>
</ul>
<p>Heavy Iron Supply Co. supplies attachments, rubber tracks, and undercarriage parts for working machines nationwide.</p>",CID Attachments,Skid Steer Attachment,"Grapple, Skid Steer, Skid Steer Attachment",Active,TRUE,web,attachment,TRUE,Size,"72""",,,,,MXDRG72,4440.15,5019.30,3861.00,1250,lb,continue,,manual,True,True,https://cdn.shopify.com/s/files/1/0952/1977/7823/files/cid-grapple-skid-steer_78760ba5-8b31-4c18-8d00-e9becd4b713a.webp?v=1779040396,1,Monster Root Grapple | Heavy Duty Skid Steer Attachment,
cid-monster-root-grapple,,,,,,,,,,,,Size,"78""",,,,,MXDRG78,4582.75,5180.50,3985.00,1271,lb,continue,,manual,True,True,,,,
cid-monster-root-grapple,,,,,,,,,,,,Size,"84""",,,,,MXDRG84,4772.50,5395.00,4150.00,1346,lb,continue,,manual,True,True,,,,
cid-monster-root-grapple,,,,,,,,,,,,Size,"96""",,,,,MXDRG96,5149.70,5821.40,4478.00,,,continue,,manual,True,True,,,,
cid-monster-root-grapple,,,,,,,,,,,,,,,,,,,,,,,,,,,,,https://cdn.shopify.com/s/files/1/0952/1977/7823/files/Monster_Root_Grapple_-_CID.png?v=1779306336,2,Monster Root Grapple | Heavy Duty Skid Steer Attachment,
cid-mp-angle-blade,MERGE,Multi-Purpose Angle Blade - Heavy-Duty Attachment,"<p><strong>Multi-Purpose Angle Blade - Heavy-Duty Attachment</strong> is a jobsite-ready equipment attachment for contractors who need dependable performance without wasted downtime.</p>
<ul>
<li>
<strong>Heavy-duty build</strong> for daily construction, grading, land clearing, material handling, and utility work.</li>
<li>
<strong>Machine compatibility support</strong> helps confirm coupler, mount, hydraulic flow, and sizing before purchase.</li>
<li>
<strong>Freight support</strong> available for large attachments and commercial delivery needs.</li>
<li>
<strong>Fleet and dealer pricing</strong> available for qualified repeat buyers.</li>
</ul>
<p>Heavy Iron Supply Co. supplies attachments, rubber tracks, and undercarriage parts for working machines nationwide.</p>",CID Attachments,Skid Steer Attachment,"Blade, Skid Steer, Skid Steer Attachment",Active,TRUE,web,attachment,TRUE,Size,"108""",,,,,MPAB108,3729.45,4215.90,3243.00,908,lb,continue,,manual,True,True,https://cdn.shopify.com/s/files/1/0952/1977/7823/files/CID_Multi-Purpose_Angle_Blade.png?v=1779305815,1,CID Multi-Purpose Angle Blade | Heavy Iron Supply Co,
cid-mp-angle-blade,,,,,,,,,,,,Size,"120""",,,,,MPAB120,4006.60,4529.20,3484.00,953,lb,continue,,manual,True,True,,,,
cid-mp-angle-blade,,,,,,,,,,,,Size,"72""",,,,,MPAB72,3268.30,3694.60,2842.00,810,lb,continue,,manual,True,True,,,,
cid-mp-angle-blade,,,,,,,,,,,,Size,"84""",,,,,MPAB84,3361.45,3799.90,2923.00,870,lb,continue,,manual,True,True,,,,
cid-mp-angle-blade,,,,,,,,,,,,Size,"96""",,,,,MPAB96,3545.45,4007.90,3083.00,863,lb,continue,,manual,True,True,,,,
cid-mp-angle-blade,,,,,,,,,,,,,,,,,,,,,,,,,,,,,https://cdn.shopify.com/s/files/1/0952/1977/7823/files/CID_Multi-Purpose_Angle_Blade_5a0daabb-babf-436d-8add-e61803dc5a96.png?v=1779305815,2,CID Multi-Purpose Angle Blade | Heavy Iron Supply Co,
cid-mp-power-rake,MERGE,Multi-Purpose Power Rake - Heavy-Duty Attachment,"<p><strong>Multi-Purpose Power Rake - Heavy-Duty Attachment</strong> is a jobsite-ready equipment attachment for contractors who need dependable performance without wasted downtime.</p>
<ul>
<li>
<strong>Heavy-duty build</strong> for daily construction, grading, land clearing, material handling, and utility work.</li>
<li>
<strong>Machine compatibility support</strong> helps confirm coupler, mount, hydraulic flow, and sizing before purchase.</li>
<li>
<strong>Freight support</strong> available for large attachments and commercial delivery needs.</li>
<li>
<strong>Fleet and dealer pricing</strong> available for qualified repeat buyers.</li>
</ul>
<p>Heavy Iron Supply Co. supplies attachments, rubber tracks, and undercarriage parts for working machines nationwide.</p>",CID Attachments,Skid Steer Attachment,"Grading Tool, Skid Steer, Skid Steer Attachment",Active,TRUE,web,attachment,TRUE,Size,"72""",,,,,MPPR72,10317.80,11663.60,8972.00,1393,lb,continue,,manual,True,True,https://cdn.shopify.com/s/files/1/0952/1977/7823/files/Mini_Skid_Steer_Multi_Purpose_Power_Rake_1.png?v=1779306021,1,CID Multi-Purpose Power Rake | Heavy Iron Supply Co,
cid-mp-power-rake,,,,,,,,,,,,Size,"78""",,,,,MPPR78,10776.65,12182.30,9371.00,,,continue,,manual,True,True,,,,
cid-mp-power-rake,,,,,,,,,,,,Size,"84""",,,,,MPPR84,11235.50,12701.00,9770.00,1522,lb,continue,,manual,True,True,,,,
cid-mp-power-rake,,,,,,,,,,,,,,,,,,,,,,,,,,,,,https://cdn.shopify.com/s/files/1/0952/1977/7823/files/Mini_Skid_Steer_Multi_Purpose_Power_Rake_3.png?v=1779306021,2,CID Multi-Purpose Power Rake | Heavy Iron Supply Co,
cid-mp-power-rake,,,,,,,,,,,,,,,,,,,,,,,,,,,,,https://cdn.shopify.com/s/files/1/0952/1977/7823/files/Mini_Skid_Steer_Multi_Purpose_Power_Rake_4.png?v=1779306021,3,CID Multi-Purpose Power Rake | Heavy Iron Supply Co,
cid-multi-way-head,MERGE,Multi-Way Head,"<p><strong>Multi-Way Head</strong> is a jobsite-ready CID attachment for contractors who need dependable performance without wasted downtime.</p><ul><li><strong>Heavy-duty build</strong> for construction, grading, land clearing, and material handling.</li><li><strong>Machine compatibility support</strong> — confirm coupler, mount, hydraulic flow, and sizing before purchase.</li><li><strong>Freight support</strong> available for large attachments.</li></ul><p>Heavy Iron Supply Co. supplies CID attachments, rubber tracks, and undercarriage parts nationwide.</p>",CID Attachments,Skid Steer Attachment,"Attachment, cid-attachments, other",Active,TRUE,web,attachment,TRUE,Size,2WAYHEAD,,,,,2WAYHEAD,230.00,260.00,200.00,,,continue,,manual,True,True,,,,
cid-multi-way-head,,,,,,,,,,,,Size,4WAYHEAD,,,,,4WAYHEAD,253.00,286.00,220.00,60,lb,continue,,manual,True,True,,,,
cid-pallet-fork-frame,MERGE,Pallet Fork & Frame,"<p><strong>Pallet Fork & Frame</strong> is a jobsite-ready CID attachment for contractors who need dependable performance without wasted downtime.</p><ul><li><strong>Heavy-duty build</strong> for construction, grading, land clearing, and material handling.</li><li><strong>Machine compatibility support</strong> — confirm coupler, mount, hydraulic flow, and sizing before purchase.</li><li><strong>Freight support</strong> available for large attachments.</li></ul><p>Heavy Iron Supply Co. supplies CID attachments, rubber tracks, and undercarriage parts nationwide.</p>",CID Attachments,Skid Steer Attachment,"Attachment, cid-attachments, brush-cutter, forks",Active,TRUE,web,attachment,TRUE,Size,CTFF,,,,,CTFF,608.35,687.70,529.00,,,continue,,manual,True,True,,,,
cid-pallet-fork-frame,,,,,,,,,,,,Size,HDFF,,,,,HDFF,799.25,903.50,695.00,,,continue,,manual,True,True,,,,
cid-pallet-fork-frame,,,,,,,,,,,,Size,HDFF5500,,,,,HDFF5500,967.15,1093.30,841.00,,,continue,,manual,True,True,,,,
cid-pallet-fork-frame,,,,,,,,,,,,Size,HHDFF,,,,,HHDFF,1651.40,1866.80,1436.00,409,lb,continue,,manual,True,True,,,,
cid-pallet-fork-frame,,,,,,,,,,,,Size,HHDFF5500,,,,,HHDFF5500,1728.45,1953.90,1503.00,476,lb,continue,,manual,True,True,,,,
cid-pallet-fork-frame,,,,,,,,,,,,Size,HWTFF5500,,,,,HWTFF5500,1759.50,1989.00,1530.00,415,lb,continue,,manual,True,True,,,,
cid-pallet-fork-frame,,,,,,,,,,,,Size,HXDFF,,,,,HXDFF,2111.40,2386.80,1836.00,632,lb,continue,,manual,True,True,,,,
cid-pallet-fork-frame,,,,,,,,,,,,Size,JD500HDFF,,,,,JD500HDFF,890.10,1006.20,774.00,,,continue,,manual,True,True,,,,
cid-pallet-fork-frame,,,,,,,,,,,,Size,JD500HDFRAME,,,,,JD500HDFRAME,601.45,679.90,523.00,,,continue,,manual,True,True,,,,
cid-pallet-fork-frame,,,,,,,,,,,,Size,SCTFF,,,,,SCTFF,545.10,616.20,474.00,,,continue,,manual,True,True,,,,
cid-pallet-fork-frame,,,,,,,,,,,,Size,SDFF,,,,,SDFF,646.30,730.60,562.00,,,continue,,manual,True,True,,,,
cid-pallet-fork-frame,,,,,,,,,,,,Size,WTFF,,,,,WTFF,831.45,939.90,723.00,,,continue,,manual,True,True,,,,
cid-pallet-fork-frame,,,,,,,,,,,,Size,WTFF5500,,,,,WTFF5500,999.35,1129.70,869.00,,,continue,,manual,True,True,,,,
cid-pickup-broom,MERGE,Pick-Up Broom - Heavy-Duty Attachment,"<p><strong>Pick-Up Broom - Heavy-Duty Attachment</strong> is a jobsite-ready equipment attachment for contractors who need dependable performance without wasted downtime.</p>
<ul>
<li>
<strong>Heavy-duty build</strong> for daily construction, grading, land clearing, material handling, and utility work.</li>
<li>
<strong>Machine compatibility support</strong> helps confirm coupler, mount, hydraulic flow, and sizing before purchase.</li>
<li>
<strong>Freight support</strong> available for large attachments and commercial delivery needs.</li>
<li>
<strong>Fleet and dealer pricing</strong> available for qualified repeat buyers.</li>
</ul>
<p>Heavy Iron Supply Co. supplies attachments, rubber tracks, and undercarriage parts for working machines nationwide.</p>",CID Attachments,Skid Steer Attachment,"Broom, Skid Steer, Skid Steer Attachment",Active,TRUE,web,attachment,TRUE,Size,"48""",,,,,PUBROOM48,4281.45,4839.90,3723.00,,,continue,,manual,True,True,https://cdn.shopify.com/s/files/1/0952/1977/7823/files/cid-sweeper-broom-xtreme_48123aaa-0282-4b78-a012-f246efcfaeb2.webp?v=1779040396,1,Pick-Up Broom | Heavy Duty Skid Steer Attachment,
cid-pickup-broom,,,,,,,,,,,,Size,"72""",,,,,PUBROOM72,5088.75,5752.50,4425.00,1133,lb,continue,,manual,True,True,,,,
cid-pickup-broom,,,,,,,,,,,,Size,"84""",,,,,PUBROOM84,5440.65,6150.30,4731.00,1276,lb,continue,,manual,True,True,,,,
cid-pickup-broom,,,,,,,,,,,,,,,,,,,,,,,,,,,,,https://cdn.shopify.com/s/files/1/0952/1977/7823/files/Pickup_Broom_-_CID_f9214ac3-340e-45c4-a5e0-b678ddcf1a6a.png?v=1779305671,2,Pick-Up Broom | Heavy Duty Skid Steer Attachment,
cid-pickup-broom,,,,,,,,,,,,,,,,,,,,,,,,,,,,,https://cdn.shopify.com/s/files/1/0952/1977/7823/files/Pickup_Broom_-_CID.png?v=1779305669,3,Pick-Up Broom | Heavy Duty Skid Steer Attachment,
cid-post-driver,MERGE,CID Post Driver,"<p><strong>CID Post Driver</strong> is a jobsite-ready CID attachment for contractors who need dependable performance without wasted downtime.</p><ul><li><strong>Heavy-duty build</strong> for construction, grading, land clearing, and material handling.</li><li><strong>Machine compatibility support</strong> — confirm coupler, mount, hydraulic flow, and sizing before purchase.</li><li><strong>Freight support</strong> available for large attachments.</li></ul><p>Heavy Iron Supply Co. supplies CID attachments, rubber tracks, and undercarriage parts nationwide.</p>",CID Attachments,Skid Steer Attachment,"Attachment, cid-attachments, other",Active,TRUE,web,attachment,TRUE,Size,HLS30T,,,,,HLS30T,3652.40,4128.80,3176.00,967,lb,continue,,manual,True,True,,,,
cid-post-driver,,,,,,,,,,,,Size,ILS30T,,,,,ILS30T,3652.40,4128.80,3176.00,967,lb,continue,,manual,True,True,,,,
cid-post-driver,,,,,,,,,,,,Size,PD1000,,,,,PD1000,6164.00,6968.00,5360.00,,,continue,,manual,True,True,,,,
cid-post-driver,,,,,,,,,,,,Size,PD750,,,,,PD750,5706.30,6450.60,4962.00,,,continue,,manual,True,True,,,,
cid-post-driver-mount,MERGE,Post Driver Mount,"<p><strong>Post Driver Mount</strong> is a jobsite-ready CID attachment for contractors who need dependable performance without wasted downtime.</p><ul><li><strong>Heavy-duty build</strong> for construction, grading, land clearing, and material handling.</li><li><strong>Machine compatibility support</strong> — confirm coupler, mount, hydraulic flow, and sizing before purchase.</li><li><strong>Freight support</strong> available for large attachments.</li></ul><p>Heavy Iron Supply Co. supplies CID attachments, rubber tracks, and undercarriage parts nationwide.</p>",CID Attachments,Skid Steer Attachment,"Attachment, cid-attachments, other",Active,TRUE,web,attachment,TRUE,Size,PDM-SS,,,,,PDM-SS,548.55,620.10,477.00,,,continue,,manual,True,True,,,,
cid-post-driver-mount,,,,,,,,,,,,Size,PDM-TILT,,,,,PDM-TILT,1715.80,1939.60,1492.00,,,continue,,manual,True,True,,,,
cid-quick-attach-plate,MERGE,Quick Attach Plate,"<p><strong>Quick Attach Plate</strong> is a jobsite-ready CID attachment for contractors who need dependable performance without wasted downtime.</p><ul><li><strong>Heavy-duty build</strong> for construction, grading, land clearing, and material handling.</li><li><strong>Machine compatibility support</strong> — confirm coupler, mount, hydraulic flow, and sizing before purchase.</li><li><strong>Freight support</strong> available for large attachments.</li></ul><p>Heavy Iron Supply Co. supplies CID attachments, rubber tracks, and undercarriage parts nationwide.</p>",CID Attachments,Skid Steer Attachment,"Attachment, cid-attachments, other",Active,TRUE,web,attachment,TRUE,Size,DQAP,,,,,DQAP,101.20,114.40,88.00,30,lb,continue,,manual,True,True,,,,
cid-quick-attach-plate,,,,,,,,,,,,Size,MTQAP,,,,,MTQAP,146.05,165.10,127.00,30,lb,continue,,manual,True,True,,,,
cid-quick-attach-plate,,,,,,,,,,,,Size,QAPLT,,,,,QAPLT,185.15,209.30,161.00,77,lb,continue,,manual,True,True,,,,
cid-quick-attach-plate,,,,,,,,,,,,Size,QAPLT1/2,,,,,QAPLT1/2,356.50,403.00,310.00,140,lb,continue,,manual,True,True,,,,
cid-quick-attach-plate,,,,,,,,,,,,Size,"8""",,,,,QAPLT3/8,288.65,326.30,251.00,113,lb,continue,,manual,True,True,,,,
cid-receiver-hitch,MERGE,Receiver Hitch,"<p><strong>Receiver Hitch</strong> is a jobsite-ready CID attachment for contractors who need dependable performance without wasted downtime.</p><ul><li><strong>Heavy-duty build</strong> for construction, grading, land clearing, and material handling.</li><li><strong>Machine compatibility support</strong> — confirm coupler, mount, hydraulic flow, and sizing before purchase.</li><li><strong>Freight support</strong> available for large attachments.</li></ul><p>Heavy Iron Supply Co. supplies CID attachments, rubber tracks, and undercarriage parts nationwide.</p>",CID Attachments,Skid Steer Attachment,"Attachment, cid-attachments, other",Active,TRUE,web,attachment,TRUE,Size,GNRH,,,,,GNRH,432.40,488.80,376.00,111,lb,continue,,manual,True,True,,,,
cid-rock-bucket,MERGE,Rock Bucket,"<p><strong>Rock Bucket</strong> is a jobsite-ready CID attachment for contractors who need dependable performance without wasted downtime.</p><ul><li><strong>Heavy-duty build</strong> for construction, grading, land clearing, and material handling.</li><li><strong>Machine compatibility support</strong> — confirm coupler, mount, hydraulic flow, and sizing before purchase.</li><li><strong>Freight support</strong> available for large attachments.</li></ul><p>Heavy Iron Supply Co. supplies CID attachments, rubber tracks, and undercarriage parts nationwide.</p>",CID Attachments,Skid Steer Attachment,"Attachment, cid-attachments, bucket",Active,TRUE,web,attachment,TRUE,Size,"36""",,,,,DRB36,653.20,738.40,568.00,195,lb,continue,,manual,True,True,https://cdn.shopify.com/s/files/1/0952/1977/7823/files/cid-rock-bucket-standard_c45a066b-56f8-4304-bc19-48d71c6d0073.webp?v=1782092041,1,Rock Bucket,
cid-rock-bucket,,,,,,,,,,,,Size,"44""",,,,,DRB44,713.00,806.00,620.00,174,lb,continue,,manual,True,True,,,,"{""mpn"":""DRB44"",""fits"":""Mini skid steer (Dingo, MT50) quick-attach"",""brand"":""CID"",""family"":""Mini Rock Bucket"",""width_in"":44,""weight_lbs"":174,""availability"":""MadeToOrder"",""cutting_edge"":""Smooth"",""product_type"":""Bucket"",""has_teeth"":false,""sku"":""DRB44"",""family_handle"":""cid-rock-bucket"",""family_title"":""Rock Bucket""}"
cid-rock-bucket,,,,,,,,,,,,Size,"48""",,,,,DRB48,752.10,850.20,654.00,244,lb,continue,,manual,True,True,,,,"{""mpn"":""DRB48"",""fits"":""Mini skid steer (Dingo, MT50) quick-attach"",""brand"":""CID"",""family"":""Mini Rock Bucket"",""width_in"":48,""weight_lbs"":244,""availability"":""MadeToOrder"",""cutting_edge"":""Smooth"",""product_type"":""Bucket"",""has_teeth"":false,""sku"":""DRB48"",""family_handle"":""cid-rock-bucket"",""family_title"":""Rock Bucket""}"
cid-rock-bucket,,,,,,,,,,,,Size,"36""",,,,,MTRB36,653.20,738.40,568.00,195,lb,continue,,manual,True,True,,,,"{""mpn"":""MTRB36"",""fits"":""Mini skid steer (Dingo, MT50) quick-attach"",""brand"":""CID"",""family"":""Mini Rock Bucket"",""width_in"":36,""weight_lbs"":195,""availability"":""MadeToOrder"",""cutting_edge"":""Smooth"",""product_type"":""Bucket"",""has_teeth"":false,""sku"":""MTRB36"",""family_handle"":""cid-rock-bucket"",""family_title"":""Rock Bucket""}"
cid-rock-bucket,,,,,,,,,,,,Size,"44""",,,,,MTRB44,713.00,806.00,620.00,174,lb,continue,,manual,True,True,,,,"{""mpn"":""MTRB44"",""fits"":""Mini skid steer (Dingo, MT50) quick-attach"",""brand"":""CID"",""family"":""Mini Rock Bucket"",""width_in"":44,""weight_lbs"":174,""availability"":""MadeToOrder"",""cutting_edge"":""Smooth"",""product_type"":""Bucket"",""has_teeth"":false,""sku"":""MTRB44"",""family_handle"":""cid-rock-bucket"",""family_title"":""Rock Bucket""}"
cid-rock-grapple-bucket-dingo,MERGE,Rock Grapple Bucket for Dingo,"<p><strong>Rock Grapple Bucket for Dingo</strong> is a jobsite-ready equipment attachment for contractors who need dependable performance without wasted downtime.</p>
<ul>
<li>
<strong>Heavy-duty build</strong> for daily construction, grading, land clearing, material handling, and utility work.</li>
<li>
<strong>Machine compatibility support</strong> helps confirm coupler, mount, hydraulic flow, and sizing before purchase.</li>
<li>
<strong>Freight support</strong> available for large attachments and commercial delivery needs.</li>
<li>
<strong>Fleet and dealer pricing</strong> available for qualified repeat buyers.</li>
</ul>
<p>Heavy Iron Supply Co. supplies attachments, rubber tracks, and undercarriage parts for working machines nationwide.</p>",CID Attachments,Grapple Buckets,"Bucket, Grapple Buckets, Skid Steer",Active,TRUE,web,attachment,TRUE,Size,"36"" Dingo",,,,,DROKG36,1329.40,1502.80,1156.00,,,continue,,manual,True,True,https://cdn.shopify.com/s/files/1/0952/1977/7823/files/CID-Mini-rock-grapple-bucket_1_49bda88a-7bbc-4c54-a0ab-91426a7d01ac.png?v=1779315256,1,Rock Grapple Bucket for Dingo | Heavy Iron Supply Co,
cid-rock-grapple-bucket-dingo,,,,,,,,,,,,Size,"44"" Dingo",,,,,DROKG44,1399.55,1582.10,1217.00,352,lb,continue,,manual,True,True,,,,
cid-rock-grapple-bucket-dingo,,,,,,,,,,,,Size,"48"" Dingo",,,,,DROKG48,1468.55,1660.10,1277.00,,,continue,,manual,True,True,,,,
cid-rock-grapple-bucket-mt50,MERGE,Rock Grapple Bucket for MT50,"<p><strong>Rock Grapple Bucket for MT50</strong> is a jobsite-ready equipment attachment for contractors who need dependable performance without wasted downtime.</p>
<ul>
<li>
<strong>Heavy-duty build</strong> for daily construction, grading, land clearing, material handling, and utility work.</li>
<li>
<strong>Machine compatibility support</strong> helps confirm coupler, mount, hydraulic flow, and sizing before purchase.</li>
<li>
<strong>Freight support</strong> available for large attachments and commercial delivery needs.</li>
<li>
<strong>Fleet and dealer pricing</strong> available for qualified repeat buyers.</li>
</ul>
<p>Heavy Iron Supply Co. supplies attachments, rubber tracks, and undercarriage parts for working machines nationwide.</p>",CID Attachments,Grapple Buckets,"Bucket, Grapple Buckets, Skid Steer",Active,TRUE,web,attachment,TRUE,Size,"36"" MT50",,,,,MTROKG36,1339.75,1514.50,1165.00,,,continue,,manual,True,True,https://cdn.shopify.com/s/files/1/0952/1977/7823/files/CID-Mini-rock-grapple-bucket_1.png?v=1779315255,1,Rock Grapple Bucket for MT50 | Heavy Iron Supply Co,
cid-rock-grapple-bucket-mt50,,,,,,,,,,,,Size,"44"" MT50",,,,,MTROKG44,1399.55,1582.10,1217.00,323,lb,continue,,manual,True,True,,,,
cid-root-grapple,MERGE,Root Grapple,"<p><strong>Root Grapple</strong> is a jobsite-ready CID attachment for contractors who need dependable performance without wasted downtime.</p><ul><li><strong>Heavy-duty build</strong> for construction, grading, land clearing, and material handling.</li><li><strong>Machine compatibility support</strong> — confirm coupler, mount, hydraulic flow, and sizing before purchase.</li><li><strong>Freight support</strong> available for large attachments.</li></ul><p>Heavy Iron Supply Co. supplies CID attachments, rubber tracks, and undercarriage parts nationwide.</p>",CID Attachments,Skid Steer Attachment,"Attachment, cid-attachments, grapple",Active,TRUE,web,attachment,TRUE,Size,"48""",,,,,CTDCRG48,2051.60,2319.20,1784.00,,,continue,,manual,True,True,,,,
cid-root-grapple,,,,,,,,,,,,Size,"48""",,,,,CTRG48,1495.00,1690.00,1300.00,,,continue,,manual,True,True,,,,
cid-root-grapple,,,,,,,,,,,,Size,"54""",,,,,CTRG54,1532.95,1732.90,1333.00,324,lb,continue,,manual,True,True,,,,
cid-root-grapple,,,,,,,,,,,,Size,"60""",,,,,CTRG60,1569.75,1774.50,1365.00,323,lb,continue,,manual,True,True,,,,
cid-root-grapple,,,,,,,,,,,,Size,"66""",,,,,CTRG66,1652.55,1868.10,1437.00,333,lb,continue,,manual,True,True,,,,
cid-root-grapple,,,,,,,,,,,,Size,"72""",,,,,CTRG72,1736.50,1963.00,1510.00,367,lb,continue,,manual,True,True,,,,
cid-root-grapple,,,,,,,,,,,,Size,"36""",,,,,DRG36,1207.50,1365.00,1050.00,278,lb,continue,,manual,True,True,,,,
cid-root-grapple,,,,,,,,,,,,Size,"42""",,,,,DRG42,1225.90,1385.80,1066.00,,,continue,,manual,True,True,,,,
cid-root-grapple,,,,,,,,,,,,Size,"44""",,,,,DRG44,1244.30,1406.60,1082.00,245,lb,continue,,manual,True,True,,,,
cid-root-grapple,,,,,,,,,,,,Size,"48""",,,,,DRG48,1281.10,1448.20,1114.00,324,lb,continue,,manual,True,True,,,,
cid-root-grapple,,,,,,,,,,,,Size,"54""",,,,,DRG54,1336.30,1510.60,1162.00,,,continue,,manual,True,True,,,,
cid-root-grapple,,,,,,,,,,,,Size,"48""",,,,,DRGDC48,1698.55,1920.10,1477.00,,,continue,,manual,True,True,,,,
cid-root-grapple,,,,,,,,,,,,Size,"36""",,,,,MTRG36,1207.50,1365.00,1050.00,286,lb,continue,,manual,True,True,,,,
cid-root-grapple,,,,,,,,,,,,Size,"44""",,,,,MTRG44,1244.30,1406.60,1082.00,297,lb,continue,,manual,True,True,,,,
cid-root-grapple,,,,,,,,,,,,Size,"48""",,,,,MTRG48,1281.10,1448.20,1114.00,302,lb,continue,,manual,True,True,,,,
cid-sd-4n1-bucket,MERGE,Standard Duty 4-in-1 Bucket - Heavy-Duty Attachment,"<p><strong>Standard Duty 4-in-1 Bucket - Heavy-Duty Attachment</strong> is a jobsite-ready equipment attachment for contractors who need dependable performance without wasted downtime.</p>
<ul>
<li>
<strong>Heavy-duty build</strong> for daily construction, grading, land clearing, material handling, and utility work.</li>
<li>
<strong>Machine compatibility support</strong> helps confirm coupler, mount, hydraulic flow, and sizing before purchase.</li>
<li>
<strong>Freight support</strong> available for large attachments and commercial delivery needs.</li>
<li>
<strong>Fleet and dealer pricing</strong> available for qualified repeat buyers.</li>
</ul>
<p>Heavy Iron Supply Co. supplies attachments, rubber tracks, and undercarriage parts for working machines nationwide.</p>",CID Attachments,Skid Steer Attachment,"Bucket, Skid Steer, Skid Steer Attachment",Active,TRUE,web,attachment,TRUE,Size,"54""",Teeth,Standard,,,SD4N1-54,2507.00,2834.00,2180.00,540,lb,continue,,manual,True,True,https://cdn.shopify.com/s/files/1/0952/1977/7823/files/cid-4-in-1-bucket-standard_4d80d2d3-c97b-4bdb-b3e1-9b4d5b434f46.webp?v=1779040396,1,Standard Duty 4-in-1 Bucket | Heavy Duty Skid Steer Attachment,"{""mpn"":""SD4N1-54"",""fits"":""Universal skid steer & compact track loader quick-attach"",""brand"":""CID"",""family"":""Standard-Duty 4-in-1 Bucket"",""width_in"":54,""weight_lbs"":540,""availability"":""MadeToOrder"",""cutting_edge"":""Smooth"",""product_type"":""Bucket"",""weight_estimated"":true,""has_teeth"":false,""teeth"":""Standard"",""weld_on_teeth"":""Optional"",""sku"":""SD4N1-54"",""family_handle"":""cid-sd-4n1-bucket"",""family_title"":""Standard Duty 4-in-1 Bucket - Heavy-Duty Attachment""}"
cid-sd-4n1-bucket,,,,,,,,,,,,Size,"54""",Teeth,With Teeth,,,SD4N1-54T,2766.90,3127.80,2406.00,,,continue,,manual,True,True,,,,"{""mpn"":""SD4N1-54T"",""fits"":""Universal skid steer & compact track loader quick-attach"",""brand"":""CID"",""family"":""Standard-Duty 4-in-1 Bucket"",""width_in"":54,""weight_lbs"":507,""availability"":""MadeToOrder"",""cutting_edge"":""Bolt-on teeth"",""product_type"":""Bucket"",""weight_estimated"":true,""has_teeth"":true,""teeth"":""With Teeth"",""weld_on_teeth"":""With Teeth"",""sku"":""SD4N1-54T"",""family_handle"":""cid-sd-4n1-bucket"",""family_title"":""Standard Duty 4-in-1 Bucket - Heavy-Duty Attachment""}"
cid-sd-4n1-bucket,,,,,,,,,,,,Size,"60""",Teeth,Standard,,,SD4N1-60,2551.85,2884.70,2219.00,600,lb,continue,,manual,True,True,,,,"{""mpn"":""SD4N1-60"",""fits"":""Universal skid steer & compact track loader quick-attach"",""brand"":""CID"",""family"":""Standard-Duty 4-in-1 Bucket"",""width_in"":60,""weight_lbs"":600,""availability"":""MadeToOrder"",""cutting_edge"":""Smooth"",""product_type"":""Bucket"",""has_teeth"":false,""teeth"":""Standard"",""weld_on_teeth"":""Optional"",""sku"":""SD4N1-60"",""family_handle"":""cid-sd-4n1-bucket"",""family_title"":""Standard Duty 4-in-1 Bucket - Heavy-Duty Attachment""}"
cid-sd-4n1-bucket,,,,,,,,,,,,Size,"60""",Teeth,With Teeth,,,SD4N1-60T,2811.75,3178.50,2445.00,,,continue,,manual,True,True,,,,"{""mpn"":""SD4N1-60T"",""fits"":""Universal skid steer & compact track loader quick-attach"",""brand"":""CID"",""family"":""Standard-Duty 4-in-1 Bucket"",""width_in"":60,""weight_lbs"":583,""availability"":""MadeToOrder"",""cutting_edge"":""Bolt-on teeth"",""product_type"":""Bucket"",""weight_estimated"":true,""has_teeth"":true,""teeth"":""With Teeth"",""weld_on_teeth"":""With Teeth"",""sku"":""SD4N1-60T"",""family_handle"":""cid-sd-4n1-bucket"",""family_title"":""Standard Duty 4-in-1 Bucket - Heavy-Duty Attachment""}"
cid-sd-4n1-bucket,,,,,,,,,,,,Size,"63""",Teeth,Standard,,,SD4N1-63,2596.70,2935.40,2258.00,630,lb,continue,,manual,True,True,,,,"{""mpn"":""SD4N1-63"",""fits"":""Universal skid steer & compact track loader quick-attach"",""brand"":""CID"",""family"":""Standard-Duty 4-in-1 Bucket"",""width_in"":63,""weight_lbs"":630,""availability"":""MadeToOrder"",""cutting_edge"":""Smooth"",""product_type"":""Bucket"",""weight_estimated"":true,""has_teeth"":false,""teeth"":""Standard"",""weld_on_teeth"":""Optional"",""sku"":""SD4N1-63"",""family_handle"":""cid-sd-4n1-bucket"",""family_title"":""Standard Duty 4-in-1 Bucket - Heavy-Duty Attachment""}"
cid-sd-4n1-bucket,,,,,,,,,,,,Size,"63""",Teeth,With Teeth,,,SD4N1-63T,2856.60,3229.20,2484.00,,,continue,,manual,True,True,,,,"{""mpn"":""SD4N1-63T"",""fits"":""Universal skid steer & compact track loader quick-attach"",""brand"":""CID"",""family"":""Standard-Duty 4-in-1 Bucket"",""width_in"":63,""weight_lbs"":621,""availability"":""MadeToOrder"",""cutting_edge"":""Bolt-on teeth"",""product_type"":""Bucket"",""weight_estimated"":true,""has_teeth"":true,""teeth"":""With Teeth"",""weld_on_teeth"":""With Teeth"",""sku"":""SD4N1-63T"",""family_handle"":""cid-sd-4n1-bucket"",""family_title"":""Standard Duty 4-in-1 Bucket - Heavy-Duty Attachment""}"
cid-sd-4n1-bucket,,,,,,,,,,,,Size,"66""",Teeth,Standard,,,SD4N1-66,2641.55,2986.10,2297.00,625,lb,continue,,manual,True,True,,,,"{""mpn"":""SD4N1-66"",""fits"":""Universal skid steer & compact track loader quick-attach"",""brand"":""CID"",""family"":""Standard-Duty 4-in-1 Bucket"",""width_in"":66,""weight_lbs"":625,""availability"":""MadeToOrder"",""cutting_edge"":""Smooth"",""product_type"":""Bucket"",""has_teeth"":false,""teeth"":""Standard"",""weld_on_teeth"":""Optional"",""sku"":""SD4N1-66"",""family_handle"":""cid-sd-4n1-bucket"",""family_title"":""Standard Duty 4-in-1 Bucket - Heavy-Duty Attachment""}"
cid-sd-4n1-bucket,,,,,,,,,,,,Size,"66""",Teeth,With Teeth,,,SD4N1-66T,2901.45,3279.90,2523.00,,,continue,,manual,True,True,,,,"{""mpn"":""SD4N1-66T"",""fits"":""Universal skid steer & compact track loader quick-attach"",""brand"":""CID"",""family"":""Standard-Duty 4-in-1 Bucket"",""width_in"":66,""weight_lbs"":659,""availability"":""MadeToOrder"",""cutting_edge"":""Bolt-on teeth"",""product_type"":""Bucket"",""weight_estimated"":true,""has_teeth"":true,""teeth"":""With Teeth"",""weld_on_teeth"":""With Teeth"",""sku"":""SD4N1-66T"",""family_handle"":""cid-sd-4n1-bucket"",""family_title"":""Standard Duty 4-in-1 Bucket - Heavy-Duty Attachment""}"
cid-sd-4n1-bucket,,,,,,,,,,,,Size,"72""",Teeth,Standard,,,SD4N1-72,2733.55,3090.10,2377.00,650,lb,continue,,manual,True,True,,,,"{""mpn"":""SD4N1-72"",""fits"":""Universal skid steer & compact track loader quick-attach"",""brand"":""CID"",""family"":""Standard-Duty 4-in-1 Bucket"",""width_in"":72,""weight_lbs"":650,""availability"":""MadeToOrder"",""cutting_edge"":""Smooth"",""product_type"":""Bucket"",""has_teeth"":false,""teeth"":""Standard"",""weld_on_teeth"":""Optional"",""sku"":""SD4N1-72"",""family_handle"":""cid-sd-4n1-bucket"",""family_title"":""Standard Duty 4-in-1 Bucket - Heavy-Duty Attachment""}"
cid-sd-4n1-bucket,,,,,,,,,,,,Size,"72""",Teeth,With Teeth,,,SD4N1-72T,2994.60,3385.20,2604.00,836,lb,continue,,manual,True,True,,,,"{""mpn"":""SD4N1-72T"",""fits"":""Universal skid steer & compact track loader quick-attach"",""brand"":""CID"",""family"":""Standard-Duty 4-in-1 Bucket"",""width_in"":72,""weight_lbs"":836,""availability"":""MadeToOrder"",""cutting_edge"":""Bolt-on teeth"",""product_type"":""Bucket"",""has_teeth"":true,""teeth"":""With Teeth"",""weld_on_teeth"":""With Teeth"",""sku"":""SD4N1-72T"",""family_handle"":""cid-sd-4n1-bucket"",""family_title"":""Standard Duty 4-in-1 Bucket - Heavy-Duty Attachment""}"
cid-sd-4n1-bucket,,,,,,,,,,,,,,,,,,,,,,,,,,,,,https://cdn.shopify.com/s/files/1/0952/1977/7823/files/CID-standard-duty-4-in-1-bucket_1.png?v=1779306326,2,Standard Duty 4-in-1 Bucket | Heavy Duty Skid Steer Attachment,
cid-sd-4n1-bucket,,,,,,,,,,,,,,,,,,,,,,,,,,,,,https://cdn.shopify.com/s/files/1/0952/1977/7823/files/CID-standard-duty-4-in-1-bucket_2.png?v=1779306326,3,Standard Duty 4-in-1 Bucket | Heavy Duty Skid Steer Attachment,
cid-sd-4n1-bucket,,,,,,,,,,,,,,,,,,,,,,,,,,,,,https://cdn.shopify.com/s/files/1/0952/1977/7823/files/CID-standard-duty-4-in-1-bucket_3.png?v=1779306326,4,Standard Duty 4-in-1 Bucket | Heavy Duty Skid Steer Attachment,
cid-sd-4n1-bucket,,,,,,,,,,,,,,,,,,,,,,,,,,,,,https://cdn.shopify.com/s/files/1/0952/1977/7823/files/CID-standard-duty-4-in-1-bucket_4.png?v=1779306326,5,Standard Duty 4-in-1 Bucket | Heavy Duty Skid Steer Attachment,
cid-sd-4n1-bucket,,,,,,,,,,,,,,,,,,,,,,,,,,,,,https://cdn.shopify.com/s/files/1/0952/1977/7823/files/CID-standard-duty-4-in-1-bucket_5.png?v=1779306326,6,Standard Duty 4-in-1 Bucket | Heavy Duty Skid Steer Attachment,
cid-sd-4n1-bucket,,,,,,,,,,,,,,,,,,,,,,,,,,,,,https://cdn.shopify.com/s/files/1/0952/1977/7823/files/cid-4-in-1-bucket-standard_13560beb-19d0-4a75-a901-ae2d89cd7e7d.webp?v=1782092041,7,Standard Duty 4-in-1 Bucket | Heavy Duty Skid Steer Attachment,
cid-sd-rock-bucket,MERGE,Standard Rock Bucket - Heavy-Duty Attachment,"<p><strong>Standard Rock Bucket - Heavy-Duty Attachment</strong> is a jobsite-ready equipment attachment for contractors who need dependable performance without wasted downtime.</p>
<ul>
<li>
<strong>Heavy-duty build</strong> for daily construction, grading, land clearing, material handling, and utility work.</li>
<li>
<strong>Machine compatibility support</strong> helps confirm coupler, mount, hydraulic flow, and sizing before purchase.</li>
<li>
<strong>Freight support</strong> available for large attachments and commercial delivery needs.</li>
<li>
<strong>Fleet and dealer pricing</strong> available for qualified repeat buyers.</li>
</ul>
<p>Heavy Iron Supply Co. supplies attachments, rubber tracks, and undercarriage parts for working machines nationwide.</p>",CID Attachments,Skid Steer Attachment,"Bucket, Skid Steer, Skid Steer Attachment",Active,TRUE,web,attachment,TRUE,Size,"60""",Teeth,Standard,,,SDVTRB60,1212.10,1370.20,1054.00,359,lb,continue,,manual,True,True,https://cdn.shopify.com/s/files/1/0952/1977/7823/files/cid-rock-bucket-standard_ec1ef080-6dd0-41fc-916b-e18d45bd263f.webp?v=1779040396,1,Standard Rock Bucket | Heavy Duty Skid Steer Attachment,"{""mpn"":""SDVTRB60"",""duty"":""standard"",""fits"":""Universal skid steer, CTL & compact tractor quick-attach"",""brand"":""CID"",""family"":""Standard-Duty Rock Bucket"",""width_in"":60,""weight_lbs"":359,""availability"":""MadeToOrder"",""cutting_edge"":""Smooth"",""product_type"":""Bucket"",""has_teeth"":false,""teeth"":""Standard"",""weld_on_teeth"":""Optional"",""sku"":""SDVTRB60"",""family_handle"":""cid-sd-rock-bucket"",""family_title"":""Standard Rock Bucket - Heavy-Duty Attachment""}"
cid-sd-rock-bucket,,,,,,,,,,,,Size,"63""",Teeth,Standard,,,SDVTRB63,1271.90,1437.80,1106.00,377,lb,continue,,manual,True,True,,,,"{""mpn"":""SDVTRB63"",""duty"":""standard"",""fits"":""Universal skid steer, CTL & compact tractor quick-attach"",""brand"":""CID"",""family"":""Standard-Duty Rock Bucket"",""width_in"":63,""weight_lbs"":377,""availability"":""MadeToOrder"",""cutting_edge"":""Smooth"",""product_type"":""Bucket"",""weight_estimated"":true,""has_teeth"":false,""teeth"":""Standard"",""weld_on_teeth"":""Optional"",""sku"":""SDVTRB63"",""family_handle"":""cid-sd-rock-bucket"",""family_title"":""Standard Rock Bucket - Heavy-Duty Attachment""}"
cid-sd-rock-bucket,,,,,,,,,,,,Size,"66""",Teeth,Standard,,,SDVTRB66,1332.85,1506.70,1159.00,385,lb,continue,,manual,True,True,,,,"{""mpn"":""SDVTRB66"",""duty"":""standard"",""fits"":""Universal skid steer, CTL & compact tractor quick-attach"",""brand"":""CID"",""family"":""Standard-Duty Rock Bucket"",""width_in"":66,""weight_lbs"":385,""availability"":""MadeToOrder"",""cutting_edge"":""Smooth"",""product_type"":""Bucket"",""weight_estimated"":true,""has_teeth"":false,""teeth"":""Standard"",""weld_on_teeth"":""Optional"",""sku"":""SDVTRB66"",""family_handle"":""cid-sd-rock-bucket"",""family_title"":""Standard Rock Bucket - Heavy-Duty Attachment""}"
cid-sd-rock-bucket,,,,,,,,,,,,Size,"72""",Teeth,Standard,,,SDVTRB72,1420.25,1605.50,1235.00,403,lb,continue,,manual,True,True,,,,"{""mpn"":""SDVTRB72"",""duty"":""standard"",""fits"":""Universal skid steer, CTL & compact tractor quick-attach"",""brand"":""CID"",""family"":""Standard-Duty Rock Bucket"",""width_in"":72,""weight_lbs"":403,""availability"":""MadeToOrder"",""cutting_edge"":""Smooth"",""product_type"":""Bucket"",""has_teeth"":false,""teeth"":""Standard"",""weld_on_teeth"":""Optional"",""sku"":""SDVTRB72"",""family_handle"":""cid-sd-rock-bucket"",""family_title"":""Standard Rock Bucket - Heavy-Duty Attachment""}"
cid-sd-rock-bucket,,,,,,,,,,,,Size,"78""",Teeth,Standard,,,SDVTRB78,1498.45,1693.90,1303.00,450,lb,continue,,manual,True,True,,,,"{""mpn"":""SDVTRB78"",""duty"":""standard"",""fits"":""Universal skid steer, CTL & compact tractor quick-attach"",""brand"":""CID"",""family"":""Standard-Duty Rock Bucket"",""width_in"":78,""weight_lbs"":450,""availability"":""MadeToOrder"",""cutting_edge"":""Smooth"",""product_type"":""Bucket"",""has_teeth"":false,""teeth"":""Standard"",""weld_on_teeth"":""Optional"",""sku"":""SDVTRB78"",""family_handle"":""cid-sd-rock-bucket"",""family_title"":""Standard Rock Bucket - Heavy-Duty Attachment""}"
cid-sd-rock-bucket,,,,,,,,,,,,Size,"81""",Teeth,Standard,,,SDVTRB81,1566.30,1770.60,1362.00,467,lb,continue,,manual,True,True,,,,"{""mpn"":""SDVTRB81"",""duty"":""standard"",""fits"":""Universal skid steer, CTL & compact tractor quick-attach"",""brand"":""CID"",""family"":""Standard-Duty Rock Bucket"",""width_in"":81,""weight_lbs"":467,""availability"":""MadeToOrder"",""cutting_edge"":""Smooth"",""product_type"":""Bucket"",""weight_estimated"":true,""has_teeth"":false,""teeth"":""Standard"",""weld_on_teeth"":""Optional"",""sku"":""SDVTRB81"",""family_handle"":""cid-sd-rock-bucket"",""family_title"":""Standard Rock Bucket - Heavy-Duty Attachment""}"
cid-sd-rock-bucket,,,,,,,,,,,,Size,"84""",Teeth,Standard,,,SDVTRB84,1695.10,1916.20,1474.00,485,lb,continue,,manual,True,True,,,,"{""mpn"":""SDVTRB84"",""duty"":""standard"",""fits"":""Universal skid steer, CTL & compact tractor quick-attach"",""brand"":""CID"",""family"":""Standard-Duty Rock Bucket"",""width_in"":84,""weight_lbs"":485,""availability"":""MadeToOrder"",""cutting_edge"":""Smooth"",""product_type"":""Bucket"",""weight_estimated"":true,""has_teeth"":false,""teeth"":""Standard"",""weld_on_teeth"":""Optional"",""sku"":""SDVTRB84"",""family_handle"":""cid-sd-rock-bucket"",""family_title"":""Standard Rock Bucket - Heavy-Duty Attachment""}"
cid-sd-rock-bucket,,,,,,,,,,,,,,,,,,,,,,,,,,,,,https://cdn.shopify.com/s/files/1/0952/1977/7823/files/CID-Skid-steer-Standard-Duty-Rock-Bucket.png?v=1779306008,2,Standard Rock Bucket | Heavy Duty Skid Steer Attachment,
cid-sd-rock-bucket,,,,,,,,,,,,,,,,,,,,,,,,,,,,,https://cdn.shopify.com/s/files/1/0952/1977/7823/files/cid-rock-bucket-standard_c45a066b-56f8-4304-bc19-48d71c6d0073.webp?v=1782092041,3,Standard Rock Bucket | Heavy Duty Skid Steer Attachment,
cid-severe-duty-grapple-rake,MERGE,Severe-Duty Grapple Rake,"<p><strong>Severe-Duty Grapple Rake</strong> is a jobsite-ready CID attachment for contractors who need dependable performance without wasted downtime.</p><ul><li><strong>Heavy-duty build</strong> for construction, grading, land clearing, and material handling.</li><li><strong>Machine compatibility support</strong> — confirm coupler, mount, hydraulic flow, and sizing before purchase.</li><li><strong>Freight support</strong> available for large attachments.</li></ul><p>Heavy Iron Supply Co. supplies CID attachments, rubber tracks, and undercarriage parts nationwide.</p>",CID Attachments,Skid Steer Attachment,"Attachment, cid-attachments, grapple",Active,TRUE,web,attachment,TRUE,Size,"72""",,,,,SVGR72,5227.90,5909.80,4546.00,1392,lb,continue,,manual,True,True,,,,
cid-severe-duty-grapple-rake,,,,,,,,,,,,Size,"84""",,,,,SVGR84,5764.95,6516.90,5013.00,1481,lb,continue,,manual,True,True,,,,
cid-severe-root-grapple,MERGE,Severe Duty Root Grapple - Heavy-Duty Attachment,"<p><strong>Severe Duty Root Grapple - Heavy-Duty Attachment</strong> is a jobsite-ready equipment attachment for contractors who need dependable performance without wasted downtime.</p>
<ul>
<li>
<strong>Heavy-duty build</strong> for daily construction, grading, land clearing, material handling, and utility work.</li>
<li>
<strong>Machine compatibility support</strong> helps confirm coupler, mount, hydraulic flow, and sizing before purchase.</li>
<li>
<strong>Freight support</strong> available for large attachments and commercial delivery needs.</li>
<li>
<strong>Fleet and dealer pricing</strong> available for qualified repeat buyers.</li>
</ul>
<p>Heavy Iron Supply Co. supplies attachments, rubber tracks, and undercarriage parts for working machines nationwide.</p>",CID Attachments,Skid Steer Attachment,"Grapple, Skid Steer, Skid Steer Attachment",Active,TRUE,web,attachment,TRUE,Size,"72""",,,,,SVRG72,3947.95,4462.90,3433.00,1074,lb,continue,,manual,True,True,https://cdn.shopify.com/s/files/1/0952/1977/7823/files/cid-grapple-skid-steer_ec500624-80d2-4d06-9b35-a7e237cfe472.webp?v=1779040396,1,Severe Duty Root Grapple | Heavy Duty Skid Steer Attachment,
cid-severe-root-grapple,,,,,,,,,,,,Size,"84""",,,,,SVRG84,4211.30,4760.60,3662.00,1144,lb,continue,,manual,True,True,,,,
cid-severe-root-grapple,,,,,,,,,,,,,,,,,,,,,,,,,,,,,https://cdn.shopify.com/s/files/1/0952/1977/7823/files/Severe-Root-Grapple-featured.png?v=1779305744,2,Severe Duty Root Grapple | Heavy Duty Skid Steer Attachment,
cid-severe-root-rake,MERGE,Severe Duty Root Rake - Heavy-Duty Attachment,"<p><strong>Severe Duty Root Rake - Heavy-Duty Attachment</strong> is a jobsite-ready equipment attachment for contractors who need dependable performance without wasted downtime.</p>
<ul>
<li>
<strong>Heavy-duty build</strong> for daily construction, grading, land clearing, material handling, and utility work.</li>
<li>
<strong>Machine compatibility support</strong> helps confirm coupler, mount, hydraulic flow, and sizing before purchase.</li>
<li>
<strong>Freight support</strong> available for large attachments and commercial delivery needs.</li>
<li>
<strong>Fleet and dealer pricing</strong> available for qualified repeat buyers.</li>
</ul>
<p>Heavy Iron Supply Co. supplies attachments, rubber tracks, and undercarriage parts for working machines nationwide.</p>",CID Attachments,Skid Steer Attachment,"Forestry Tool, Skid Steer, Skid Steer Attachment",Active,TRUE,web,attachment,TRUE,Size,"72""",,,,,SVRR72,2242.50,2535.00,1950.00,572,lb,continue,,manual,True,True,https://cdn.shopify.com/s/files/1/0952/1977/7823/files/cid-grapple-rake-mini_e87522fa-0c61-4de4-914e-245cd5243420.webp?v=1779040396,1,Severe Duty Root Rake | Heavy Duty Skid Steer Attachment,
cid-severe-root-rake,,,,,,,,,,,,Size,"84""",,,,,SVRR84,2452.95,2772.90,2133.00,663,lb,continue,,manual,True,True,,,,
cid-severe-root-rake,,,,,,,,,,,,Size,"96""",,,,,SVRR96,2661.10,3008.20,2314.00,750,lb,continue,,manual,True,True,,,,
cid-severe-root-rake,,,,,,,,,,,,,,,,,,,,,,,,,,,,,https://cdn.shopify.com/s/files/1/0952/1977/7823/files/CID_Root_Rake_96406655-0887-447f-8b5a-a4cc3fec2dd7.png?v=1779306130,2,Severe Duty Root Rake | Heavy Duty Skid Steer Attachment,
cid-skid-frame,MERGE,Skid Steer Frame,"<p><strong>Skid Steer Frame</strong> is a jobsite-ready CID attachment for contractors who need dependable performance without wasted downtime.</p><ul><li><strong>Heavy-duty build</strong> for construction, grading, land clearing, and material handling.</li><li><strong>Machine compatibility support</strong> — confirm coupler, mount, hydraulic flow, and sizing before purchase.</li><li><strong>Freight support</strong> available for large attachments.</li></ul><p>Heavy Iron Supply Co. supplies CID attachments, rubber tracks, and undercarriage parts nationwide.</p>",CID Attachments,Skid Steer Attachment,"Attachment, cid-attachments, brush-cutter",Active,TRUE,web,attachment,TRUE,Size,SDFRAME,,,,,SDFRAME,358.80,405.60,312.00,139,lb,continue,,manual,True,True,,,,
cid-skid-steer-adapter,MERGE,Skid Steer Adapter Plate,"<p><strong>Skid Steer Adapter Plate</strong> is a jobsite-ready CID attachment for contractors who need dependable performance without wasted downtime.</p><ul><li><strong>Heavy-duty build</strong> for construction, grading, land clearing, and material handling.</li><li><strong>Machine compatibility support</strong> — confirm coupler, mount, hydraulic flow, and sizing before purchase.</li><li><strong>Freight support</strong> available for large attachments.</li></ul><p>Heavy Iron Supply Co. supplies CID attachments, rubber tracks, and undercarriage parts nationwide.</p>",CID Attachments,Skid Steer Attachment,"Attachment, cid-attachments, other",Active,TRUE,web,attachment,TRUE,Size,BHTSS,,,,,BHTSS,1389.20,1570.40,1208.00,,,continue,,manual,True,True,,,,
cid-skid-steer-adapter,,,,,,,,,,,,Size,BTSS,,,,,BTSS,1097.10,1240.20,954.00,196,lb,continue,,manual,True,True,,,,
cid-skid-steer-adapter,,,,,,,,,,,,Size,DTMT50,,,,,DTMT50,1051.10,1188.20,914.00,108,lb,continue,,manual,True,True,,,,
cid-skid-steer-adapter,,,,,,,,,,,,Size,DTSS,,,,,DTSS,1097.10,1240.20,954.00,149,lb,continue,,manual,True,True,,,,
cid-skid-steer-adapter,,,,,,,,,,,,Size,EXTMT50,,,,,EXTMT50,1316.75,1488.50,1145.00,,,continue,,manual,True,True,,,,
cid-skid-steer-adapter,,,,,,,,,,,,Size,GTSS,,,,,GTSS,1170.70,1323.40,1018.00,145,lb,continue,,manual,True,True,,,,
cid-skid-steer-adapter,,,,,,,,,,,,Size,JD234TSS,,,,,JD234TSS,1060.30,1198.60,922.00,146,lb,continue,,manual,True,True,,,,
cid-skid-steer-adapter,,,,,,,,,,,,Size,JD245TSS,,,,,JD245TSS,1389.20,1570.40,1208.00,,,continue,,manual,True,True,,,,
cid-skid-steer-adapter,,,,,,,,,,,,Size,JD500TQ,,,,,JD500TQ,1608.85,1818.70,1399.00,,,continue,,manual,True,True,,,,
cid-skid-steer-adapter,,,,,,,,,,,,Size,JD500TSS,,,,,JD500TSS,1097.10,1240.20,954.00,154,lb,continue,,manual,True,True,,,,
cid-skid-steer-adapter,,,,,,,,,,,,Size,JD67TSS,,,,,JD67TSS,1279.95,1446.90,1113.00,197,lb,continue,,manual,True,True,,,,
cid-skid-steer-adapter,,,,,,,,,,,,Size,METSS,,,,,METSS,1608.85,1818.70,1399.00,204,lb,continue,,manual,True,True,,,,
cid-skid-steer-adapter,,,,,,,,,,,,Size,MT50TD,,,,,MT50TD,1227.05,1387.10,1067.00,,,continue,,manual,True,True,,,,
cid-skid-steer-adapter,,,,,,,,,,,,Size,MT50TSS,,,,,MT50TSS,1097.10,1240.20,954.00,,,continue,,manual,True,True,,,,
cid-skid-steer-adapter,,,,,,,,,,,,Size,MTSS,,,,,MTSS,1170.70,1323.40,1018.00,260,lb,continue,,manual,True,True,,,,
cid-skid-steer-adapter,,,,,,,,,,,,Size,OSNHTSS,,,,,OSNHTSS,1170.70,1323.40,1018.00,235,lb,continue,,manual,True,True,,,,
cid-skid-steer-adapter,,,,,,,,,,,,Size,POTSS,,,,,POTSS,1389.20,1570.40,1208.00,161,lb,continue,,manual,True,True,,,,
cid-skid-steer-adapter,,,,,,,,,,,,Size,QTJD500,,,,,QTJD500,1462.80,1653.60,1272.00,,,continue,,manual,True,True,,,,
cid-skid-steer-adapter,,,,,,,,,,,,Size,QTSS,,,,,QTSS,1114.35,1259.70,969.00,137,lb,continue,,manual,True,True,,,,
cid-skid-steer-adapter,,,,,,,,,,,,Size,RC30TD,,,,,RC30TD,1279.95,1446.90,1113.00,,,continue,,manual,True,True,,,,
cid-skid-steer-adapter,,,,,,,,,,,,Size,RC30TSS,,,,,RC30TSS,1097.10,1240.20,954.00,170,lb,continue,,manual,True,True,,,,
cid-skid-steer-adapter,,,,,,,,,,,,Size,SSTD,,,,,SSTD,1191.40,1346.80,1036.00,,,continue,,manual,True,True,,,,
cid-skid-steer-adapter,,,,,,,,,,,,Size,SSTJD400,,,,,SSTJD400,1389.20,1570.40,1208.00,151,lb,continue,,manual,True,True,,,,
cid-skid-steer-adapter,,,,,,,,,,,,Size,SSTJD500,,,,,SSTJD500,1389.20,1570.40,1208.00,151,lb,continue,,manual,True,True,,,,
cid-skid-steer-adapter,,,,,,,,,,,,Size,SSTMT50,,,,,SSTMT50,1051.10,1188.20,914.00,,,continue,,manual,True,True,,,,
cid-skid-steer-adapter,,,,,,,,,,,,Size,SSTQ,,,,,SSTQ,1542.15,1743.30,1341.00,138,lb,continue,,manual,True,True,,,,
cid-skid-steer-adapter,,,,,,,,,,,,Size,YLTSS,,,,,YLTSS,1097.10,1240.20,954.00,,,continue,,manual,True,True,,,,
cid-snow-blower,MERGE,Snow Blower - Heavy-Duty Attachment,"<p><strong>Snow Blower - Heavy-Duty Attachment</strong> is a jobsite-ready equipment attachment for contractors who need dependable performance without wasted downtime.</p>
<ul>
<li>
<strong>Heavy-duty build</strong> for daily construction, grading, land clearing, material handling, and utility work.</li>
<li>
<strong>Machine compatibility support</strong> helps confirm coupler, mount, hydraulic flow, and sizing before purchase.</li>
<li>
<strong>Freight support</strong> available for large attachments and commercial delivery needs.</li>
<li>
<strong>Fleet and dealer pricing</strong> available for qualified repeat buyers.</li>
</ul>
<p>Heavy Iron Supply Co. supplies attachments, rubber tracks, and undercarriage parts for working machines nationwide.</p>",CID Attachments,Skid Steer Attachment,"Skid Steer, Skid Steer Attachment, Snow Equipment",Active,TRUE,web,attachment,TRUE,Size,"60""",,,,,SBLOW60,7118.50,8047.00,6190.00,618,lb,continue,,manual,True,True,https://cdn.shopify.com/s/files/1/0952/1977/7823/files/cid-snow-blower-xtreme_9f5396ad-1aae-4533-8dbd-668a6f2bb685.webp?v=1779040396,1,Snow Blower | Heavy Duty Skid Steer Attachment,
cid-snow-blower,,,,,,,,,,,,Size,"66""",,,,,SBLOW66,7484.20,8460.40,6508.00,,,continue,,manual,True,True,,,,
cid-snow-blower,,,,,,,,,,,,Size,"72""",,,,,SBLOW72,7593.45,8583.90,6603.00,741,lb,continue,,manual,True,True,,,,
cid-snow-blower,,,,,,,,,,,,Size,"78""",,,,,SBLOW78,7668.20,8668.40,6668.00,803,lb,continue,,manual,True,True,,,,
cid-snow-blower,,,,,,,,,,,,Size,"84""",,,,,SBLOW84,7849.90,8873.80,6826.00,865,lb,continue,,manual,True,True,,,,
cid-snow-blower,,,,,,,,,,,,,,,,,,,,,,,,,,,,,https://cdn.shopify.com/s/files/1/0952/1977/7823/files/CID_Skid_Steer_OutlineAndSnowblower.png?v=1779305860,2,Snow Blower | Heavy Duty Skid Steer Attachment,
cid-snow-blower,,,,,,,,,,,,,,,,,,,,,,,,,,,,,https://cdn.shopify.com/s/files/1/0952/1977/7823/files/CID_Snowblower_Blowing_Snow_In_Use1.png?v=1779305858,3,Snow Blower | Heavy Duty Skid Steer Attachment,
cid-snow-blower,,,,,,,,,,,,,,,,,,,,,,,,,,,,,https://cdn.shopify.com/s/files/1/0952/1977/7823/files/CID_Snowblower_Blowing_Snow_In_Use3.png?v=1779305858,4,Snow Blower | Heavy Duty Skid Steer Attachment,
cid-snow-litter-bucket,MERGE,Snow-N-Litter Bucket - Heavy-Duty Attachment,"<p><strong>Snow-N-Litter Bucket - Heavy-Duty Attachment</strong> is a jobsite-ready equipment attachment for contractors who need dependable performance without wasted downtime.</p>
<ul>
<li>
<strong>Heavy-duty build</strong> for daily construction, grading, land clearing, material handling, and utility work.</li>
<li>
<strong>Machine compatibility support</strong> helps confirm coupler, mount, hydraulic flow, and sizing before purchase.</li>
<li>
<strong>Freight support</strong> available for large attachments and commercial delivery needs.</li>
<li>
<strong>Fleet and dealer pricing</strong> available for qualified repeat buyers.</li>
</ul>
<p>Heavy Iron Supply Co. supplies attachments, rubber tracks, and undercarriage parts for working machines nationwide.</p>",CID Attachments,Skid Steer Attachment,"Bucket, Skid Steer, Skid Steer Attachment",Active,TRUE,web,attachment,TRUE,Size,"102""",,,,,SNLB102,1927.40,2178.80,1676.00,,,continue,,manual,True,True,https://cdn.shopify.com/s/files/1/0952/1977/7823/files/cid-snow-litter-bucket-xtreme_5f7be050-8bb5-429e-97e1-e3d365f50eb5.webp?v=1779040396,1,Snow-N-Litter Bucket | Heavy Duty Skid Steer Attachment,"{""mpn"":""SNLB102"",""duty"":""xtreme"",""fits"":""Universal skid steer & compact track loader quick-attach"",""brand"":""CID"",""family"":""Snow-N-Litter Bucket"",""width_in"":102,""weight_lbs"":939,""availability"":""MadeToOrder"",""cutting_edge"":""Smooth"",""product_type"":""Bucket"",""weight_estimated"":true,""has_teeth"":false,""sku"":""SNLB102"",""family_handle"":""cid-snow-litter-bucket"",""family_title"":""Snow-N-Litter Bucket - Heavy-Duty Attachment""}"
cid-snow-litter-bucket,,,,,,,,,,,,Size,"48""",,,,,SNLB48,1013.15,1145.30,881.00,,,continue,,manual,True,True,,,,
cid-snow-litter-bucket,,,,,,,,,,,,Size,"54""",,,,,SNLB54,1070.65,1210.30,931.00,,,continue,,manual,True,True,,,,
cid-snow-litter-bucket,,,,,,,,,,,,Size,"60""",,,,,SNLB60,1547.90,1749.80,1346.00,329,lb,continue,,manual,True,True,,,,
cid-snow-litter-bucket,,,,,,,,,,,,Size,"63""",,,,,SNLB63,1175.30,1328.60,1022.00,457,lb,continue,,manual,True,True,,,,
cid-snow-litter-bucket,,,,,,,,,,,,Size,"66""",,,,,SNLB66,1224.75,1384.50,1065.00,478,lb,continue,,manual,True,True,,,,
cid-snow-litter-bucket,,,,,,,,,,,,Size,"68""",,,,,SNLB68,1275.35,1441.70,1109.00,,,continue,,manual,True,True,,,,
cid-snow-litter-bucket,,,,,,,,,,,,Size,"72""",,,,,SNLB72,1325.95,1498.90,1153.00,497,lb,continue,,manual,True,True,,,,
cid-snow-litter-bucket,,,,,,,,,,,,Size,"74""",,,,,SNLB74,1377.70,1557.40,1198.00,,,continue,,manual,True,True,,,,
cid-snow-litter-bucket,,,,,,,,,,,,Size,"78""",,,,,SNLB78,1429.45,1615.90,1243.00,539,lb,continue,,manual,True,True,,,,
cid-snow-litter-bucket,,,,,,,,,,,,Size,"81""",,,,,SNLB81,1482.35,1675.70,1289.00,545,lb,continue,,manual,True,True,,,,
cid-snow-litter-bucket,,,,,,,,,,,,Size,"84""",,,,,SNLB84,1529.50,1729.00,1330.00,565,lb,continue,,manual,True,True,,,,
cid-snow-litter-bucket,,,,,,,,,,,,Size,"90""",,,,,SNLB90,1661.75,1878.50,1445.00,607,lb,continue,,manual,True,True,,,,
cid-snow-litter-bucket,,,,,,,,,,,,Size,"96""",,,,,SNLB96,1789.40,2022.80,1556.00,657,lb,continue,,manual,True,True,,,,
cid-snow-litter-bucket,,,,,,,,,,,,,,,,,,,,,,,,,,,,,https://cdn.shopify.com/s/files/1/0952/1977/7823/files/Mini-Snow-Litter-Bucket_07995.png?v=1779306197,2,Snow-N-Litter Bucket | Heavy Duty Skid Steer Attachment,
cid-snow-litter-bucket,,,,,,,,,,,,,,,,,,,,,,,,,,,,,https://cdn.shopify.com/s/files/1/0952/1977/7823/files/Mini-Snow-Litter-Bucket_07982.png?v=1779306196,3,Snow-N-Litter Bucket | Heavy Duty Skid Steer Attachment,
cid-snow-litter-bucket,,,,,,,,,,,,,,,,,,,,,,,,,,,,,https://cdn.shopify.com/s/files/1/0952/1977/7823/files/cid-snow-litter-bucket-xtreme_784cfb24-57f1-4bf1-a73b-11e5504c24a2.webp?v=1782092041,4,Snow-N-Litter Bucket | Heavy Duty Skid Steer Attachment,
cid-standard-duty-excavator-cutter,MERGE,Standard-Duty Excavator Cutter,"<p><strong>Standard-Duty Excavator Cutter</strong> is a jobsite-ready CID attachment for contractors who need dependable performance without wasted downtime.</p><ul><li><strong>Heavy-duty build</strong> for construction, grading, land clearing, and material handling.</li><li><strong>Machine compatibility support</strong> — confirm coupler, mount, hydraulic flow, and sizing before purchase.</li><li><strong>Freight support</strong> available for large attachments.</li></ul><p>Heavy Iron Supply Co. supplies CID attachments, rubber tracks, and undercarriage parts nationwide.</p>",CID Attachments,Skid Steer Attachment,"Attachment, cid-attachments, brush-cutter",Active,TRUE,web,attachment,TRUE,Size,"44""",Flow (GPM),12-17 GPM,,,SDEX1217-44,3804.20,4300.40,3308.00,552,lb,continue,,manual,True,True,,,,
cid-standard-duty-excavator-cutter,,,,,,,,,,,,Size,"44""",Flow (GPM),17-24 GPM,,,SDEX1724-44,3804.20,4300.40,3308.00,700,lb,continue,,manual,True,True,,,,
cid-std-brush-cutter,MERGE,Standard Brush Cutter - Heavy-Duty Attachment,"<p><strong>Standard Brush Cutter - Heavy-Duty Attachment</strong> is a jobsite-ready equipment attachment for contractors who need dependable performance without wasted downtime.</p>
<ul>
<li>
<strong>Heavy-duty build</strong> for daily construction, grading, land clearing, material handling, and utility work.</li>
<li>
<strong>Machine compatibility support</strong> helps confirm coupler, mount, hydraulic flow, and sizing before purchase.</li>
<li>
<strong>Freight support</strong> available for large attachments and commercial delivery needs.</li>
<li>
<strong>Fleet and dealer pricing</strong> available for qualified repeat buyers.</li>
</ul>
<p>Heavy Iron Supply Co. supplies attachments, rubber tracks, and undercarriage parts for working machines nationwide.</p>",CID Attachments,Skid Steer Attachment,"Brush Cutter, Skid Steer, Skid Steer Attachment",Active,TRUE,web,attachment,TRUE,Size,"60""",,,,,SDBC60,3778.90,4271.80,3286.00,833,lb,continue,,manual,True,True,https://cdn.shopify.com/s/files/1/0952/1977/7823/files/cid-brush-cutter-attachment_ee7a82bb-922e-4ea7-89c4-24b14bb28550.webp?v=1779040397,1,Standard Brush Cutter | Heavy Duty Skid Steer Attachment,
cid-std-brush-cutter,,,,,,,,,,,,Size,"72""",,,,,SDBC72,3945.65,4460.30,3431.00,971,lb,continue,,manual,True,True,,,,
cid-std-brush-cutter,,,,,,,,,,,,,,,,,,,,,,,,,,,,,https://cdn.shopify.com/s/files/1/0952/1977/7823/files/Excavator-Cutter-Gray-1000x1000-a006145.png?v=1779306166,2,Standard Brush Cutter | Heavy Duty Skid Steer Attachment,
cid-std-grapple-bucket,MERGE,Standard Grapple Bucket - Heavy-Duty Attachment,"<p><strong>Standard Grapple Bucket - Heavy-Duty Attachment</strong> is a jobsite-ready equipment attachment for contractors who need dependable performance without wasted downtime.</p>
<ul>
<li>
<strong>Heavy-duty build</strong> for daily construction, grading, land clearing, material handling, and utility work.</li>
<li>
<strong>Machine compatibility support</strong> helps confirm coupler, mount, hydraulic flow, and sizing before purchase.</li>
<li>
<strong>Freight support</strong> available for large attachments and commercial delivery needs.</li>
<li>
<strong>Fleet and dealer pricing</strong> available for qualified repeat buyers.</li>
</ul>
<p>Heavy Iron Supply Co. supplies attachments, rubber tracks, and undercarriage parts for working machines nationwide.</p>",CID Attachments,Skid Steer Attachment,"Bucket, Skid Steer, Skid Steer Attachment",Active,TRUE,web,attachment,TRUE,Size,"63""",,,,,SGB63,2341.40,2646.80,2036.00,632,lb,continue,,manual,True,True,https://cdn.shopify.com/s/files/1/0952/1977/7823/files/cid-grapple-bucket-standard_644c6889-d591-470d-9529-9ef83a575666.webp?v=1779040396,1,Standard Grapple Bucket | Heavy Duty Skid Steer Attachment,
cid-std-grapple-bucket,,,,,,,,,,,,Size,"66""",,,,,SGB66,2427.65,2744.30,2111.00,700,lb,continue,,manual,True,True,,,,
cid-std-grapple-bucket,,,,,,,,,,,,Size,"72""",,,,,SGB72,2561.05,2895.10,2227.00,727,lb,continue,,manual,True,True,,,,
cid-std-grapple-bucket,,,,,,,,,,,,,,,,,,,,,,,,,,,,,https://cdn.shopify.com/s/files/1/0952/1977/7823/files/cid_standard-duty-skid-steer-grapple-bucket.png?v=1779306422,2,Standard Grapple Bucket | Heavy Duty Skid Steer Attachment,
cid-std-grapple-rake,MERGE,Standard Grapple Rake - Heavy-Duty Attachment,"<p><strong>Standard Grapple Rake - Heavy-Duty Attachment</strong> is a jobsite-ready equipment attachment for contractors who need dependable performance without wasted downtime.</p>
<ul>
<li>
<strong>Heavy-duty build</strong> for daily construction, grading, land clearing, material handling, and utility work.</li>
<li>
<strong>Machine compatibility support</strong> helps confirm coupler, mount, hydraulic flow, and sizing before purchase.</li>
<li>
<strong>Freight support</strong> available for large attachments and commercial delivery needs.</li>
<li>
<strong>Fleet and dealer pricing</strong> available for qualified repeat buyers.</li>
</ul>
<p>Heavy Iron Supply Co. supplies attachments, rubber tracks, and undercarriage parts for working machines nationwide.</p>",CID Attachments,Skid Steer Attachment,"Grapple, Skid Steer, Skid Steer Attachment",Active,TRUE,web,attachment,TRUE,Size,"63""",,,,,ARSGR63,2411.55,2726.10,2097.00,455,lb,continue,,manual,True,True,https://cdn.shopify.com/s/files/1/0952/1977/7823/files/CID-Standard-Duty-AR-Grapple-Rake_1.png?v=1779305999,1,CID Standard Duty Grapple Rake | Heavy Iron Supply Co,
cid-std-grapple-rake,,,,,,,,,,,,Size,"66""",,,,,ARSGR66,2472.50,2795.00,2150.00,425,lb,continue,,manual,True,True,,,,
cid-std-grapple-rake,,,,,,,,,,,,Size,"72""",,,,,ARSGR72,2601.30,2940.60,2262.00,550,lb,continue,,manual,True,True,,,,
cid-std-grapple-rake,,,,,,,,,,,,,,,,,,,,,,,,,,,,,https://cdn.shopify.com/s/files/1/0952/1977/7823/files/CID-Standard-Duty-AR-Grapple-Rake_2.png?v=1779305999,2,CID Standard Duty Grapple Rake | Heavy Iron Supply Co,
cid-std-grapple-rake,,,,,,,,,,,,,,,,,,,,,,,,,,,,,https://cdn.shopify.com/s/files/1/0952/1977/7823/files/CID-Standard-Duty-AR-Grapple-Rake_3.png?v=1779306000,3,CID Standard Duty Grapple Rake | Heavy Iron Supply Co,
cid-std-rock-grapple,MERGE,Standard Rock Grapple - Heavy-Duty Attachment,"<p><strong>Standard Rock Grapple - Heavy-Duty Attachment</strong> is a jobsite-ready equipment attachment for contractors who need dependable performance without wasted downtime.</p>
<ul>
<li>
<strong>Heavy-duty build</strong> for daily construction, grading, land clearing, material handling, and utility work.</li>
<li>
<strong>Machine compatibility support</strong> helps confirm coupler, mount, hydraulic flow, and sizing before purchase.</li>
<li>
<strong>Freight support</strong> available for large attachments and commercial delivery needs.</li>
<li>
<strong>Fleet and dealer pricing</strong> available for qualified repeat buyers.</li>
</ul>
<p>Heavy Iron Supply Co. supplies attachments, rubber tracks, and undercarriage parts for working machines nationwide.</p>",CID Attachments,Skid Steer Attachment,"Grapple, Skid Steer, Skid Steer Attachment",Active,TRUE,web,attachment,TRUE,Size,"60""",,,,,SDROKGVT60,2185.00,2470.00,1900.00,623,lb,continue,,manual,True,True,https://cdn.shopify.com/s/files/1/0952/1977/7823/files/cid-grapple-skid-steer_d70cc046-3f8f-449b-b40f-19d830d86ba4.webp?v=1779040396,1,Standard Rock Grapple | Heavy Duty Skid Steer Attachment,
cid-std-rock-grapple,,,,,,,,,,,,Size,"63""",,,,,SDROKGVT63,2241.35,2533.70,1949.00,628,lb,continue,,manual,True,True,,,,
cid-std-rock-grapple,,,,,,,,,,,,Size,"66""",,,,,SDROKGVT66,2297.70,2597.40,1998.00,632,lb,continue,,manual,True,True,,,,
cid-std-rock-grapple,,,,,,,,,,,,Size,"72""",,,,,SDROKGVT72,2409.25,2723.50,2095.00,653,lb,continue,,manual,True,True,,,,
cid-std-rock-grapple,,,,,,,,,,,,Size,"78""",,,,,SDROKGVT78,2521.95,2850.90,2193.00,674,lb,continue,,manual,True,True,,,,
cid-std-rock-grapple,,,,,,,,,,,,Size,"81""",,,,,SDROKGVT81,2633.50,2977.00,2290.00,685,lb,continue,,manual,True,True,,,,
cid-std-rock-grapple,,,,,,,,,,,,Size,"84""",,,,,SDROKGVT84,2746.20,3104.40,2388.00,697,lb,continue,,manual,True,True,,,,
cid-std-rock-grapple,,,,,,,,,,,,,,,,,,,,,,,,,,,,,https://cdn.shopify.com/s/files/1/0952/1977/7823/files/HDROKG81-81in-HD-Rock-Grapple_09937.png?v=1779306111,2,Standard Rock Grapple | Heavy Duty Skid Steer Attachment,
cid-std-root-grapple,MERGE,Standard Root Grapple - Heavy-Duty Attachment,"<p><strong>Standard Root Grapple - Heavy-Duty Attachment</strong> is a jobsite-ready equipment attachment for contractors who need dependable performance without wasted downtime.</p>
<ul>
<li>
<strong>Heavy-duty build</strong> for daily construction, grading, land clearing, material handling, and utility work.</li>
<li>
<strong>Machine compatibility support</strong> helps confirm coupler, mount, hydraulic flow, and sizing before purchase.</li>
<li>
<strong>Freight support</strong> available for large attachments and commercial delivery needs.</li>
<li>
<strong>Fleet and dealer pricing</strong> available for qualified repeat buyers.</li>
</ul>
<p>Heavy Iron Supply Co. supplies attachments, rubber tracks, and undercarriage parts for working machines nationwide.</p>",CID Attachments,Skid Steer Attachment,"Grapple, Skid Steer, Skid Steer Attachment",Active,TRUE,web,attachment,TRUE,Size,"60""",,,,,SRG60,2186.15,2471.30,1901.00,,,continue,,manual,True,True,https://cdn.shopify.com/s/files/1/0952/1977/7823/files/cid-grapple-skid-steer_0f8ba623-f725-45c2-924a-2e7fb225ec6c.webp?v=1779040396,1,Standard Root Grapple | Heavy Duty Skid Steer Attachment,
cid-std-root-grapple,,,,,,,,,,,,Size,"63""",,,,,SRG63,2231.00,2522.00,1940.00,553,lb,continue,,manual,True,True,,,,
cid-std-root-grapple,,,,,,,,,,,,Size,"66""",,,,,SRG66,2274.70,2571.40,1978.00,559,lb,continue,,manual,True,True,,,,
cid-std-root-grapple,,,,,,,,,,,,Size,"72""",,,,,SRG72,2318.40,2620.80,2016.00,583,lb,continue,,manual,True,True,,,,
cid-std-root-grapple,,,,,,,,,,,,Size,"78""",,,,,SRG78,2362.10,2670.20,2054.00,631,lb,continue,,manual,True,True,,,,
cid-std-root-grapple,,,,,,,,,,,,Size,"81""",,,,,SRG81,2383.95,2694.90,2073.00,655,lb,continue,,manual,True,True,,,,
cid-std-root-grapple,,,,,,,,,,,,Size,"84""",,,,,SRG84,2405.80,2719.60,2092.00,675,lb,continue,,manual,True,True,,,,
cid-std-root-grapple,,,,,,,,,,,,,,,,,,,,,,,,,,,,,https://cdn.shopify.com/s/files/1/0952/1977/7823/files/CID-Skid-Steer-Standard-Duty-Root-Grapple_1.png?v=1779305874,2,Standard Root Grapple | Heavy Duty Skid Steer Attachment,
cid-std-root-grapple,,,,,,,,,,,,,,,,,,,,,,,,,,,,,https://cdn.shopify.com/s/files/1/0952/1977/7823/files/CID-Skid-Steer-Standard-Duty-Root-Grapple_2.png?v=1779305873,3,Standard Root Grapple | Heavy Duty Skid Steer Attachment,
cid-std-root-grapple,,,,,,,,,,,,,,,,,,,,,,,,,,,,,https://cdn.shopify.com/s/files/1/0952/1977/7823/files/CID-Skid-Steer-Standard-Duty-Root-Grapple_3.png?v=1779305874,4,Standard Root Grapple | Heavy Duty Skid Steer Attachment,
cid-std-root-grapple,,,,,,,,,,,,,,,,,,,,,,,,,,,,,https://cdn.shopify.com/s/files/1/0952/1977/7823/files/CID-Skid-Steer-Standard-Duty-Root-Grapple_4.png?v=1779305874,5,Standard Root Grapple | Heavy Duty Skid Steer Attachment,
cid-std-root-grapple,,,,,,,,,,,,,,,,,,,,,,,,,,,,,https://cdn.shopify.com/s/files/1/0952/1977/7823/files/CID-Skid-Steer-Standard-Duty-Root-Grapple_5.png?v=1779305874,6,Standard Root Grapple | Heavy Duty Skid Steer Attachment,
cid-stump-grapple,MERGE,Stump Grapple,"<p><strong>Stump Grapple</strong> is a jobsite-ready CID attachment for contractors who need dependable performance without wasted downtime.</p><ul><li><strong>Heavy-duty build</strong> for construction, grading, land clearing, and material handling.</li><li><strong>Machine compatibility support</strong> — confirm coupler, mount, hydraulic flow, and sizing before purchase.</li><li><strong>Freight support</strong> available for large attachments.</li></ul><p>Heavy Iron Supply Co. supplies CID attachments, rubber tracks, and undercarriage parts nationwide.</p>",CID Attachments,Skid Steer Attachment,"Attachment, cid-attachments",Active,TRUE,web,attachment,TRUE,Size,CTSG,,,,,CTSG,1731.90,1957.80,1506.00,418,lb,continue,,manual,True,True,,,,
cid-sub-compact-tractor-frame,MERGE,Sub-Compact Tractor Frame,"<p><strong>Sub-Compact Tractor Frame</strong> is a jobsite-ready CID attachment for contractors who need dependable performance without wasted downtime.</p><ul><li><strong>Heavy-duty build</strong> for construction, grading, land clearing, and material handling.</li><li><strong>Machine compatibility support</strong> — confirm coupler, mount, hydraulic flow, and sizing before purchase.</li><li><strong>Freight support</strong> available for large attachments.</li></ul><p>Heavy Iron Supply Co. supplies CID attachments, rubber tracks, and undercarriage parts nationwide.</p>",CID Attachments,Skid Steer Attachment,"Attachment, cid-attachments",Active,TRUE,web,attachment,TRUE,Size,SCTFRAME,,,,,SCTFRAME,301.30,340.60,262.00,104,lb,continue,,manual,True,True,,,,
cid-sv-4n1-bucket,MERGE,Severe Duty 4-in-1 Bucket - Heavy-Duty Attachment,"<p><strong>Severe Duty 4-in-1 Bucket - Heavy-Duty Attachment</strong> is a jobsite-ready equipment attachment for contractors who need dependable performance without wasted downtime.</p>
<ul>
<li>
<strong>Heavy-duty build</strong> for daily construction, grading, land clearing, material handling, and utility work.</li>
<li>
<strong>Machine compatibility support</strong> helps confirm coupler, mount, hydraulic flow, and sizing before purchase.</li>
<li>
<strong>Freight support</strong> available for large attachments and commercial delivery needs.</li>
<li>
<strong>Fleet and dealer pricing</strong> available for qualified repeat buyers.</li>
</ul>
<p>Heavy Iron Supply Co. supplies attachments, rubber tracks, and undercarriage parts for working machines nationwide.</p>",CID Attachments,Skid Steer Attachment,"Bucket, Skid Steer, Skid Steer Attachment",Active,TRUE,web,attachment,TRUE,Size,"72""",Teeth,Standard,,,SV4N1-72,4444.75,5024.50,3865.00,1203,lb,continue,,manual,True,True,https://cdn.shopify.com/s/files/1/0952/1977/7823/files/cid-4-in-1-bucket-standard_6ea4a1bc-2467-4130-a448-28b5d5d6b100.webp?v=1779040396,1,Severe Duty 4-in-1 Bucket | Heavy Duty Skid Steer Attachment,
cid-sv-4n1-bucket,,,,,,,,,,,,Size,"72""",Teeth,With Teeth,,,SV4N1-72T,4881.75,5518.50,4245.00,,,continue,,manual,True,True,,,,
cid-sv-4n1-bucket,,,,,,,,,,,,Size,"78""",Teeth,Standard,,,SV4N1-78,4573.55,5170.10,3977.00,1303,lb,continue,,manual,True,True,,,,
cid-sv-4n1-bucket,,,,,,,,,,,,Size,"78""",Teeth,With Teeth,,,SV4N1-78T,5129.00,5798.00,4460.00,,,continue,,manual,True,True,,,,
cid-sv-4n1-bucket,,,,,,,,,,,,Size,"81""",Teeth,Standard,,,SV4N1-81,4926.60,5569.20,4284.00,1353,lb,continue,,manual,True,True,,,,
cid-sv-4n1-bucket,,,,,,,,,,,,Size,"81""",Teeth,With Teeth,,,SV4N1-81T,5549.90,6273.80,4826.00,1417,lb,continue,,manual,True,True,,,,
cid-sv-4n1-bucket,,,,,,,,,,,,Size,"84""",Teeth,Standard,,,SV4N1-84,5172.70,5847.40,4498.00,1403,lb,continue,,manual,True,True,,,,
cid-sv-4n1-bucket,,,,,,,,,,,,Size,"84""",Teeth,With Teeth,,,SV4N1-84T,5797.15,6553.30,5041.00,,,continue,,manual,True,True,,,,
cid-sv-4n1-bucket,,,,,,,,,,,,,,,,,,,,,,,,,,,,,https://cdn.shopify.com/s/files/1/0952/1977/7823/files/CID-severe-duty-4-in-1-bucket.png?v=1779306255,2,Severe Duty 4-in-1 Bucket | Heavy Duty Skid Steer Attachment,
cid-sv-4n1-bucket,,,,,,,,,,,,,,,,,,,,,,,,,,,,,https://cdn.shopify.com/s/files/1/0952/1977/7823/files/CID-severe-duty-4-in-1-bucket_2.png?v=1779306252,3,Severe Duty 4-in-1 Bucket | Heavy Duty Skid Steer Attachment,
cid-sv-4n1-bucket,,,,,,,,,,,,,,,,,,,,,,,,,,,,,https://cdn.shopify.com/s/files/1/0952/1977/7823/files/CID-severe-duty-4-in-1-bucket_3.png?v=1779306252,4,Severe Duty 4-in-1 Bucket | Heavy Duty Skid Steer Attachment,
cid-sv-4n1-bucket,,,,,,,,,,,,,,,,,,,,,,,,,,,,,https://cdn.shopify.com/s/files/1/0952/1977/7823/files/CID-severe-duty-4-in-1-bucket_5.png?v=1779306252,5,Severe Duty 4-in-1 Bucket | Heavy Duty Skid Steer Attachment,
cid-sv-4n1-bucket,,,,,,,,,,,,,,,,,,,,,,,,,,,,,https://cdn.shopify.com/s/files/1/0952/1977/7823/files/CID-severe-duty-4-in-1-bucket_6.png?v=1779306252,6,Severe Duty 4-in-1 Bucket | Heavy Duty Skid Steer Attachment,
cid-sv-4n1-bucket,,,,,,,,,,,,,,,,,,,,,,,,,,,,,https://cdn.shopify.com/s/files/1/0952/1977/7823/files/CID-severe-duty-4-in-1-bucket_8.png?v=1779306252,7,Severe Duty 4-in-1 Bucket | Heavy Duty Skid Steer Attachment,
cid-tooth-bar,MERGE,Tooth Bar,"<p><strong>Tooth Bar</strong> is a jobsite-ready CID attachment for contractors who need dependable performance without wasted downtime.</p><ul><li><strong>Heavy-duty build</strong> for construction, grading, land clearing, and material handling.</li><li><strong>Machine compatibility support</strong> — confirm coupler, mount, hydraulic flow, and sizing before purchase.</li><li><strong>Freight support</strong> available for large attachments.</li></ul><p>Heavy Iron Supply Co. supplies CID attachments, rubber tracks, and undercarriage parts nationwide.</p>",CID Attachments,Skid Steer Attachment,"Attachment, cid-attachments, other",Active,TRUE,web,attachment,TRUE,Size,"85""",,,,,10TB,624.45,705.90,543.00,129,lb,continue,,manual,True,True,,,,
cid-tooth-bar,,,,,,,,,,,,Size,"93""",,,,,11TB,676.20,764.40,588.00,,,continue,,manual,True,True,,,,
cid-tooth-bar,,,,,,,,,,,,Size,"37""",,,,,5TB,347.30,392.60,302.00,65,lb,continue,,manual,True,True,,,,
cid-tooth-bar,,,,,,,,,,,,Size,"47""",,,,,6TB,404.80,457.60,352.00,,,continue,,manual,True,True,,,,
cid-tooth-bar,,,,,,,,,,,,Size,"57""",,,,,7TB,456.55,516.10,397.00,87,lb,continue,,manual,True,True,,,,
cid-tooth-bar,,,,,,,,,,,,Size,"66""",,,,,8TB,515.20,582.40,448.00,104,lb,continue,,manual,True,True,,,,
cid-tooth-bar,,,,,,,,,,,,Size,"75""",,,,,9TB,566.95,640.90,493.00,119,lb,continue,,manual,True,True,,,,
cid-tree-reaper-1626,MERGE,Tree Reaper Brush Cutter 16-26 GPM - Heavy-Duty Attachment,"<p><strong>Tree Reaper Brush Cutter 16-26 GPM - Heavy-Duty Attachment</strong> is a jobsite-ready equipment attachment for contractors who need dependable performance without wasted downtime.</p>
<ul>
<li>
<strong>Heavy-duty build</strong> for daily construction, grading, land clearing, material handling, and utility work.</li>
<li>
<strong>Machine compatibility support</strong> helps confirm coupler, mount, hydraulic flow, and sizing before purchase.</li>
<li>
<strong>Freight support</strong> available for large attachments and commercial delivery needs.</li>
<li>
<strong>Fleet and dealer pricing</strong> available for qualified repeat buyers.</li>
</ul>
<p>Heavy Iron Supply Co. supplies attachments, rubber tracks, and undercarriage parts for working machines nationwide.</p>",CID Attachments,Skid Steer Attachment,"Brush Cutter, Skid Steer, Skid Steer Attachment",Active,TRUE,web,attachment,TRUE,Size,"60""",Cutting Deck,Standard,,,TR1626-60,6059.35,6849.70,5269.00,1121,lb,continue,,manual,True,True,https://cdn.shopify.com/s/files/1/0952/1977/7823/files/cid-mini-skid-steer-tree-reaper-brush-cutter.png?v=1779306203,1,CID Tree Reaper 16-26 GPM | Heavy Iron Supply Co,
cid-tree-reaper-1626,,,,,,,,,,,,Size,"72""",Cutting Deck,Standard,,,TR1626-72,6143.30,6944.60,5342.00,1321,lb,continue,,manual,True,True,,,,
cid-tree-reaper-1626,,,,,,,,,,,,Size,"78""",Cutting Deck,Standard,,,TR1626-78,6404.35,7239.70,5569.00,1391,lb,continue,,manual,True,True,,,,
cid-tree-reaper-1626,,,,,,,,,,,,Size,"84""",Cutting Deck,Standard,,,TR1626-84,6893.10,7792.20,5994.00,1689,lb,continue,,manual,True,True,,,,
cid-tree-reaper-1626,,,,,,,,,,,,Size,"72""",Teeth,Mulching Teeth,,,TR3048-72MT,11320.60,12797.20,9844.00,1640,lb,continue,,manual,True,True,,,,
cid-tree-reaper-1626,,,,,,,,,,,,Size,"78""",Teeth,Mulching Teeth,,,TR3048-78MT,11495.40,12994.80,9996.00,1748,lb,continue,,manual,True,True,,,,
cid-tree-reaper-1626,,,,,,,,,,,,Size,"84""",Teeth,Mulching Teeth,,,TR3048-84MT,11736.90,13267.80,10206.00,1947,lb,continue,,manual,True,True,,,,
cid-tree-reaper-1727,MERGE,Tree Reaper Brush Cutter 17-27 GPM,"<p><strong>Tree Reaper Brush Cutter 17-27 GPM</strong> is a jobsite-ready equipment attachment for contractors who need dependable performance without wasted downtime.</p>
<ul>
<li>
<strong>Heavy-duty build</strong> for daily construction, grading, land clearing, material handling, and utility work.</li>
<li>
<strong>Machine compatibility support</strong> helps confirm coupler, mount, hydraulic flow, and sizing before purchase.</li>
<li>
<strong>Freight support</strong> available for large attachments and commercial delivery needs.</li>
<li>
<strong>Fleet and dealer pricing</strong> available for qualified repeat buyers.</li>
</ul>
<p>Heavy Iron Supply Co. supplies attachments, rubber tracks, and undercarriage parts for working machines nationwide.</p>",CID Attachments,Brush Cutters,"Brush Cutter, Brush Cutters, Skid Steer",Active,TRUE,web,attachment,TRUE,Size,"60""",,,,,TR1727-60,6528.55,7380.10,5677.00,1156,lb,continue,,manual,True,True,https://cdn.shopify.com/s/files/1/0952/1977/7823/files/cid-mini-skid-steer-tree-reaper-brush-cutter_429b3567-0409-4bb7-971e-822bbcb3ab1f.png?v=1779315255,1,Tree Reaper Brush Cutter 17-27 GPM | Heavy Iron Supply Co,
cid-tree-reaper-1727,,,,,,,,,,,,Size,"72""",,,,,TR1727-72,6606.75,7468.50,5745.00,1347,lb,continue,,manual,True,True,,,,
cid-tree-reaper-1727,,,,,,,,,,,,Size,"78""",,,,,TR1727-78,6997.75,7910.50,6085.00,1418,lb,continue,,manual,True,True,,,,
cid-tree-reaper-1727,,,,,,,,,,,,Size,"84""",,,,,TR1727-84,7257.65,8204.30,6311.00,1739,lb,continue,,manual,True,True,,,,
cid-tree-shear,MERGE,Tree Shear,"<p><strong>Tree Shear</strong> is a jobsite-ready CID attachment for contractors who need dependable performance without wasted downtime.</p><ul><li><strong>Heavy-duty build</strong> for construction, grading, land clearing, and material handling.</li><li><strong>Machine compatibility support</strong> — confirm coupler, mount, hydraulic flow, and sizing before purchase.</li><li><strong>Freight support</strong> available for large attachments.</li></ul><p>Heavy Iron Supply Co. supplies CID attachments, rubber tracks, and undercarriage parts nationwide.</p>",CID Attachments,Skid Steer Attachment,"Attachment, cid-attachments, brush-cutter",Active,TRUE,web,attachment,TRUE,Size,NRTS,,,,,NRTS,3644.35,4119.70,3169.00,977,lb,continue,,manual,True,True,,,,
cid-tree-shear,,,,,,,,,,,,Size,TRSH-HYD,,,,,TRSH-HYD,5794.85,6550.70,5039.00,1056,lb,continue,,manual,True,True,,,,
cid-tree-shear,,,,,,,,,,,,Size,TRSHM,,,,,TRSHM,4450.50,5031.00,3870.00,999,lb,continue,,manual,True,True,,,,
cid-tree-spade,MERGE,Tree Spade,"<p><strong>Tree Spade</strong> is a jobsite-ready CID attachment for contractors who need dependable performance without wasted downtime.</p><ul><li><strong>Heavy-duty build</strong> for construction, grading, land clearing, and material handling.</li><li><strong>Machine compatibility support</strong> — confirm coupler, mount, hydraulic flow, and sizing before purchase.</li><li><strong>Freight support</strong> available for large attachments.</li></ul><p>Heavy Iron Supply Co. supplies CID attachments, rubber tracks, and undercarriage parts nationwide.</p>",CID Attachments,Skid Steer Attachment,"Attachment, cid-attachments, other",Active,TRUE,web,attachment,TRUE,Size,"40""",,,,,TREESPADE40,860.20,972.40,748.00,246,lb,continue,,manual,True,True,,,,
cid-tree-spade,,,,,,,,,,,,Size,"48""",,,,,TREESPADE48,952.20,1076.40,828.00,270,lb,continue,,manual,True,True,,,,
cid-tree-stump-remover,MERGE,Tree & Stump Remover,"<p><strong>Tree & Stump Remover</strong> is a jobsite-ready CID attachment for contractors who need dependable performance without wasted downtime.</p><ul><li><strong>Heavy-duty build</strong> for construction, grading, land clearing, and material handling.</li><li><strong>Machine compatibility support</strong> — confirm coupler, mount, hydraulic flow, and sizing before purchase.</li><li><strong>Freight support</strong> available for large attachments.</li></ul><p>Heavy Iron Supply Co. supplies CID attachments, rubber tracks, and undercarriage parts nationwide.</p>",CID Attachments,Skid Steer Attachment,"Attachment, cid-attachments",Active,TRUE,web,attachment,TRUE,Size,TTSR,,,,,TTSR,3708.75,4192.50,3225.00,667,lb,continue,,manual,True,True,,,,
cid-trencher-chain,MERGE,Trencher Chain,"<p><strong>Trencher Chain</strong> is a jobsite-ready CID attachment for contractors who need dependable performance without wasted downtime.</p><ul><li><strong>Heavy-duty build</strong> for construction, grading, land clearing, and material handling.</li><li><strong>Machine compatibility support</strong> — confirm coupler, mount, hydraulic flow, and sizing before purchase.</li><li><strong>Freight support</strong> available for large attachments.</li></ul><p>Heavy Iron Supply Co. supplies CID attachments, rubber tracks, and undercarriage parts nationwide.</p>",CID Attachments,Skid Steer Attachment,"Attachment, cid-attachments, trencher",Active,TRUE,web,attachment,TRUE,Size,"8""",,,,,CID2034,1035.00,1170.00,900.00,,,continue,,manual,True,True,,,,
cid-trencher-chain,,,,,,,,,,,,Size,"8""",,,,,CID2035,1894.05,2141.10,1647.00,,,continue,,manual,True,True,,,,
cid-trencher-chain,,,,,,,,,,,,Size,"8""",,,,,CID2036,2142.45,2421.90,1863.00,,,continue,,manual,True,True,,,,
cid-trencher-chain,,,,,,,,,,,,Size,"8""",,,,,CID2037,1227.05,1387.10,1067.00,,,continue,,manual,True,True,,,,
cid-trencher-chain,,,,,,,,,,,,Size,"8""",,,,,CID2038,1978.00,2236.00,1720.00,229,lb,continue,,manual,True,True,,,,
cid-trencher-chain,,,,,,,,,,,,Size,"8""",,,,,CID2039,3031.40,3426.80,2636.00,235,lb,continue,,manual,True,True,,,,
cid-trencher-chain,,,,,,,,,,,,Size,"48""",,,,,CID2046,1789.40,2022.80,1556.00,,,continue,,manual,True,True,,,,
cid-trencher-chain,,,,,,,,,,,,Size,"36""",,,,,XTRENCH36,5301.50,5993.00,4610.00,668,lb,continue,,manual,True,True,,,,
cid-trencher-chain,,,,,,,,,,,,Size,"48""",,,,,XTRENCH48,5383.15,6085.30,4681.00,708,lb,continue,,manual,True,True,,,,
cid-turkey-litter-bucket,MERGE,Turkey Litter Bucket - Heavy-Duty Attachment,"<p><strong>Turkey Litter Bucket - Heavy-Duty Attachment</strong> is a jobsite-ready equipment attachment for contractors who need dependable performance without wasted downtime.</p>
<ul>
<li>
<strong>Heavy-duty build</strong> for daily construction, grading, land clearing, material handling, and utility work.</li>
<li>
<strong>Machine compatibility support</strong> helps confirm coupler, mount, hydraulic flow, and sizing before purchase.</li>
<li>
<strong>Freight support</strong> available for large attachments and commercial delivery needs.</li>
<li>
<strong>Fleet and dealer pricing</strong> available for qualified repeat buyers.</li>
</ul>
<p>Heavy Iron Supply Co. supplies attachments, rubber tracks, and undercarriage parts for working machines nationwide.</p>",CID Attachments,Skid Steer Attachment,"Bucket, Skid Steer, Skid Steer Attachment",Active,TRUE,web,attachment,TRUE,Size,"60""",,,,,TLB60,1803.20,2038.40,1568.00,526,lb,continue,,manual,True,True,https://cdn.shopify.com/s/files/1/0952/1977/7823/files/cid-turkey-litter-bucket_17e36d47-fa83-4f15-ab3f-2a2b71fc9d05.webp?v=1779040396,1,Turkey Litter Bucket | Heavy Duty Skid Steer Attachment,
cid-turkey-litter-bucket,,,,,,,,,,,,Size,"66""",,,,,TLB66,1934.30,2186.60,1682.00,579,lb,continue,,manual,True,True,,,,"{""mpn"":""TLB66"",""fits"":""Universal skid steer & compact track loader quick-attach"",""brand"":""CID"",""family"":""Turkey Litter Bucket"",""width_in"":66,""weight_lbs"":579,""availability"":""MadeToOrder"",""cutting_edge"":""Smooth"",""product_type"":""Bucket"",""weight_estimated"":true,""has_teeth"":false,""sku"":""TLB66"",""family_handle"":""cid-turkey-litter-bucket"",""family_title"":""Turkey Litter Bucket - Heavy-Duty Attachment""}"
cid-turkey-litter-bucket,,,,,,,,,,,,Size,"72""",,,,,TLB72,2064.25,2333.50,1795.00,631,lb,continue,,manual,True,True,,,,"{""mpn"":""TLB72"",""fits"":""Universal skid steer & compact track loader quick-attach"",""brand"":""CID"",""family"":""Turkey Litter Bucket"",""width_in"":72,""weight_lbs"":631,""availability"":""MadeToOrder"",""cutting_edge"":""Smooth"",""product_type"":""Bucket"",""weight_estimated"":true,""has_teeth"":false,""sku"":""TLB72"",""family_handle"":""cid-turkey-litter-bucket"",""family_title"":""Turkey Litter Bucket - Heavy-Duty Attachment""}"
cid-turkey-litter-bucket,,,,,,,,,,,,Size,"78""",,,,,TLB78,2231.00,2522.00,1940.00,684,lb,continue,,manual,True,True,,,,"{""mpn"":""TLB78"",""fits"":""Universal skid steer & compact track loader quick-attach"",""brand"":""CID"",""family"":""Turkey Litter Bucket"",""width_in"":78,""weight_lbs"":684,""availability"":""MadeToOrder"",""cutting_edge"":""Smooth"",""product_type"":""Bucket"",""has_teeth"":false,""sku"":""TLB78"",""family_handle"":""cid-turkey-litter-bucket"",""family_title"":""Turkey Litter Bucket - Heavy-Duty Attachment""}"
cid-turkey-litter-bucket,,,,,,,,,,,,Size,"81""",,,,,TLB81,2295.40,2594.80,1996.00,779,lb,continue,,manual,True,True,,,,"{""mpn"":""TLB81"",""fits"":""Universal skid steer & compact track loader quick-attach"",""brand"":""CID"",""family"":""Turkey Litter Bucket"",""width_in"":81,""weight_lbs"":779,""availability"":""MadeToOrder"",""cutting_edge"":""Smooth"",""product_type"":""Bucket"",""weight_estimated"":true,""has_teeth"":false,""sku"":""TLB81"",""family_handle"":""cid-turkey-litter-bucket"",""family_title"":""Turkey Litter Bucket - Heavy-Duty Attachment""}"
cid-turkey-litter-bucket,,,,,,,,,,,,Size,"84""",,,,,TLB84,2360.95,2668.90,2053.00,808,lb,continue,,manual,True,True,,,,"{""mpn"":""TLB84"",""fits"":""Universal skid steer & compact track loader quick-attach"",""brand"":""CID"",""family"":""Turkey Litter Bucket"",""width_in"":84,""weight_lbs"":808,""availability"":""MadeToOrder"",""cutting_edge"":""Smooth"",""product_type"":""Bucket"",""has_teeth"":false,""sku"":""TLB84"",""family_handle"":""cid-turkey-litter-bucket"",""family_title"":""Turkey Litter Bucket - Heavy-Duty Attachment""}"
cid-turkey-litter-bucket,,,,,,,,,,,,Size,"90""",,,,,TLB90,2482.85,2806.70,2159.00,826,lb,continue,,manual,True,True,,,,"{""mpn"":""TLB90"",""fits"":""Universal skid steer & compact track loader quick-attach"",""brand"":""CID"",""family"":""Turkey Litter Bucket"",""width_in"":90,""weight_lbs"":826,""availability"":""MadeToOrder"",""cutting_edge"":""Smooth"",""product_type"":""Bucket"",""weight_estimated"":true,""has_teeth"":false,""sku"":""TLB90"",""family_handle"":""cid-turkey-litter-bucket"",""family_title"":""Turkey Litter Bucket - Heavy-Duty Attachment""}"
cid-turkey-litter-bucket,,,,,,,,,,,,Size,"96""",,,,,TLB96,2604.75,2944.50,2265.00,881,lb,continue,,manual,True,True,,,,"{""mpn"":""TLB96"",""fits"":""Universal skid steer & compact track loader quick-attach"",""brand"":""CID"",""family"":""Turkey Litter Bucket"",""width_in"":96,""weight_lbs"":881,""availability"":""MadeToOrder"",""cutting_edge"":""Smooth"",""product_type"":""Bucket"",""has_teeth"":false,""sku"":""TLB96"",""family_handle"":""cid-turkey-litter-bucket"",""family_title"":""Turkey Litter Bucket - Heavy-Duty Attachment""}"
cid-turkey-litter-bucket,,,,,,,,,,,,Size,TLBHS,,,,,TLBHS,941.85,1064.70,819.00,233,lb,continue,,manual,True,True,,,,
cid-turkey-litter-bucket,,,,,,,,,,,,,,,,,,,,,,,,,,,,,https://cdn.shopify.com/s/files/1/0952/1977/7823/files/Turkey_Litter_Bucket_-_CID.png?v=1779306344,2,Turkey Litter Bucket | Heavy Duty Skid Steer Attachment,
cid-turkey-litter-bucket,,,,,,,,,,,,,,,,,,,,,,,,,,,,,https://cdn.shopify.com/s/files/1/0952/1977/7823/files/cid-turkey-litter-bucket_ee627ebe-698d-47e3-8b8b-2c17e6dc84bb.webp?v=1782092041,3,Turkey Litter Bucket | Heavy Duty Skid Steer Attachment,
cid-ultra-root-grapple,MERGE,Ultra Root Grapple - Heavy-Duty Attachment,"<p><strong>Ultra Root Grapple - Heavy-Duty Attachment</strong> is a jobsite-ready equipment attachment for contractors who need dependable performance without wasted downtime.</p>
<ul>
<li>
<strong>Heavy-duty build</strong> for daily construction, grading, land clearing, material handling, and utility work.</li>
<li>
<strong>Machine compatibility support</strong> helps confirm coupler, mount, hydraulic flow, and sizing before purchase.</li>
<li>
<strong>Freight support</strong> available for large attachments and commercial delivery needs.</li>
<li>
<strong>Fleet and dealer pricing</strong> available for qualified repeat buyers.</li>
</ul>
<p>Heavy Iron Supply Co. supplies attachments, rubber tracks, and undercarriage parts for working machines nationwide.</p>",CID Attachments,Skid Steer Attachment,"Grapple, Skid Steer, Skid Steer Attachment",Active,TRUE,web,attachment,TRUE,Size,"60""",,,,,ULRG60,2157.40,2438.80,1876.00,537,lb,continue,,manual,True,True,https://cdn.shopify.com/s/files/1/0952/1977/7823/files/cid-grapple-skid-steer_00d3ecfd-5d62-480f-ad0b-809d66146179.webp?v=1779040396,1,Ultra Root Grapple | Heavy Duty Skid Steer Attachment,
cid-ultra-root-grapple,,,,,,,,,,,,Size,"66""",,,,,ULRG66,2374.75,2684.50,2065.00,564,lb,continue,,manual,True,True,,,,
cid-ultra-root-grapple,,,,,,,,,,,,Size,"72""",,,,,ULRG72,2565.65,2900.30,2231.00,579,lb,continue,,manual,True,True,,,,
cid-ultra-root-grapple,,,,,,,,,,,,,,,,,,,,,,,,,,,,,https://cdn.shopify.com/s/files/1/0952/1977/7823/files/cid-ultra-duty-root-grapple.png?v=1779305734,2,Ultra Root Grapple | Heavy Duty Skid Steer Attachment,
cid-x-4n1-bucket,MERGE,X-Treme 4-in-1 Bucket - Heavy-Duty Attachment,"<p><strong>X-Treme 4-in-1 Bucket - Heavy-Duty Attachment</strong> is a jobsite-ready equipment attachment for contractors who need dependable performance without wasted downtime.</p>
<ul>
<li>
<strong>Heavy-duty build</strong> for daily construction, grading, land clearing, material handling, and utility work.</li>
<li>
<strong>Machine compatibility support</strong> helps confirm coupler, mount, hydraulic flow, and sizing before purchase.</li>
<li>
<strong>Freight support</strong> available for large attachments and commercial delivery needs.</li>
<li>
<strong>Fleet and dealer pricing</strong> available for qualified repeat buyers.</li>
</ul>
<p>Heavy Iron Supply Co. supplies attachments, rubber tracks, and undercarriage parts for working machines nationwide.</p>",CID Attachments,Skid Steer Attachment,"Bucket, Skid Steer, Skid Steer Attachment",Active,TRUE,web,attachment,TRUE,Size,"72""",Teeth,Standard,,,X4N1-72,4253.85,4808.70,3699.00,1253,lb,continue,,manual,True,True,https://cdn.shopify.com/s/files/1/0952/1977/7823/files/cid-4-in-1-bucket-standard_8f87db03-8bcd-4f96-b528-f9b1e2235489.webp?v=1779040396,1,X-Treme 4-in-1 Bucket | Heavy Duty Skid Steer Attachment,"{""mpn"":""X4N1-72"",""duty"":""xtreme"",""fits"":""Universal skid steer & compact track loader quick-attach"",""brand"":""CID"",""family"":""X-treme 4-in-1 Bucket"",""width_in"":72,""weight_lbs"":1253,""availability"":""MadeToOrder"",""cutting_edge"":""Smooth"",""product_type"":""Bucket"",""has_teeth"":false,""teeth"":""Standard"",""weld_on_teeth"":""Optional"",""sku"":""X4N1-72"",""family_handle"":""cid-x-4n1-bucket"",""family_title"":""X-Treme 4-in-1 Bucket - Heavy-Duty Attachment""}"
cid-x-4n1-bucket,,,,,,,,,,,,Size,"72""",Teeth,With Teeth,,,X4N1-72T,4514.90,5103.80,3926.00,1312,lb,continue,,manual,True,True,,,,
cid-x-4n1-bucket,,,,,,,,,,,,Size,"78""",Teeth,Standard,,,X4N1-78,4427.50,5005.00,3850.00,1321,lb,continue,,manual,True,True,,,,"{""mpn"":""X4N1-78"",""duty"":""xtreme"",""fits"":""Universal skid steer & compact track loader quick-attach"",""brand"":""CID"",""family"":""X-treme 4-in-1 Bucket"",""width_in"":78,""weight_lbs"":1321,""availability"":""MadeToOrder"",""cutting_edge"":""Smooth"",""product_type"":""Bucket"",""has_teeth"":false,""teeth"":""Standard"",""weld_on_teeth"":""Optional"",""sku"":""X4N1-78"",""family_handle"":""cid-x-4n1-bucket"",""family_title"":""X-Treme 4-in-1 Bucket - Heavy-Duty Attachment""}"
cid-x-4n1-bucket,,,,,,,,,,,,Size,"78""",Teeth,With Teeth,,,X4N1-78T,4687.40,5298.80,4076.00,1391,lb,continue,,manual,True,True,,,,
cid-x-4n1-bucket,,,,,,,,,,,,Size,"81""",Teeth,Standard,,,X4N1-81,4514.90,5103.80,3926.00,1378,lb,continue,,manual,True,True,,,,
cid-x-4n1-bucket,,,,,,,,,,,,Size,"81""",Teeth,With Teeth,,,X4N1-81T,4774.80,5397.60,4152.00,1436,lb,continue,,manual,True,True,,,,
cid-x-4n1-bucket,,,,,,,,,,,,Size,"84""",Teeth,Standard,,,X4N1-84,4602.30,5202.60,4002.00,1409,lb,continue,,manual,True,True,,,,"{""mpn"":""X4N1-84"",""duty"":""xtreme"",""fits"":""Universal skid steer & compact track loader quick-attach"",""brand"":""CID"",""family"":""X-treme 4-in-1 Bucket"",""width_in"":84,""weight_lbs"":1409,""availability"":""MadeToOrder"",""cutting_edge"":""Smooth"",""product_type"":""Bucket"",""has_teeth"":false,""teeth"":""Standard"",""weld_on_teeth"":""Optional"",""sku"":""X4N1-84"",""family_handle"":""cid-x-4n1-bucket"",""family_title"":""X-Treme 4-in-1 Bucket - Heavy-Duty Attachment""}"
cid-x-4n1-bucket,,,,,,,,,,,,Size,"84""",Teeth,With Teeth,,,X4N1-84T,4862.20,5496.40,4228.00,1448,lb,continue,,manual,True,True,,,,
cid-x-4n1-bucket,,,,,,,,,,,,,,,,,,,,,,,,,,,,,https://cdn.shopify.com/s/files/1/0952/1977/7823/files/CID-x-treme-duty-4-in-1-bucket_2.png?v=1779305767,2,X-Treme 4-in-1 Bucket | Heavy Duty Skid Steer Attachment,
cid-x-4n1-bucket,,,,,,,,,,,,,,,,,,,,,,,,,,,,,https://cdn.shopify.com/s/files/1/0952/1977/7823/files/CID-x-treme-duty-4-in-1-bucket_4.png?v=1779305767,3,X-Treme 4-in-1 Bucket | Heavy Duty Skid Steer Attachment,
cid-x-4n1-bucket,,,,,,,,,,,,,,,,,,,,,,,,,,,,,https://cdn.shopify.com/s/files/1/0952/1977/7823/files/CID-x-treme-duty-4-in-1-bucket_5.png?v=1779305768,4,X-Treme 4-in-1 Bucket | Heavy Duty Skid Steer Attachment,
cid-x-4n1-bucket,,,,,,,,,,,,,,,,,,,,,,,,,,,,,https://cdn.shopify.com/s/files/1/0952/1977/7823/files/CID-x-treme-duty-4-in-1-bucket_6.png?v=1779305768,5,X-Treme 4-in-1 Bucket | Heavy Duty Skid Steer Attachment,
cid-x-4n1-bucket,,,,,,,,,,,,,,,,,,,,,,,,,,,,,https://cdn.shopify.com/s/files/1/0952/1977/7823/files/CID-x-treme-duty-4-in-1-bucket_3.png?v=1779305767,6,X-Treme 4-in-1 Bucket | Heavy Duty Skid Steer Attachment,
cid-x-4n1-bucket,,,,,,,,,,,,,,,,,,,,,,,,,,,,,https://cdn.shopify.com/s/files/1/0952/1977/7823/files/CID-x-treme-duty-4-in-1-bucket_1.png?v=1779305767,7,X-Treme 4-in-1 Bucket | Heavy Duty Skid Steer Attachment,
cid-x-4n1-bucket,,,,,,,,,,,,,,,,,,,,,,,,,,,,,https://cdn.shopify.com/s/files/1/0952/1977/7823/files/cid-4-in-1-bucket-standard_13560beb-19d0-4a75-a901-ae2d89cd7e7d.webp?v=1782092041,8,X-Treme 4-in-1 Bucket | Heavy Duty Skid Steer Attachment,
cid-xd-rock-bucket,MERGE,X-Treme Duty Rock Bucket - Heavy-Duty Attachment,"<p><strong>X-Treme Duty Rock Bucket - Heavy-Duty Attachment</strong> is a jobsite-ready equipment attachment for contractors who need dependable performance without wasted downtime.</p>
<ul>
<li>
<strong>Heavy-duty build</strong> for daily construction, grading, land clearing, material handling, and utility work.</li>
<li>
<strong>Machine compatibility support</strong> helps confirm coupler, mount, hydraulic flow, and sizing before purchase.</li>
<li>
<strong>Freight support</strong> available for large attachments and commercial delivery needs.</li>
<li>
<strong>Fleet and dealer pricing</strong> available for qualified repeat buyers.</li>
</ul>
<p>Heavy Iron Supply Co. supplies attachments, rubber tracks, and undercarriage parts for working machines nationwide.</p>",CID Attachments,Skid Steer Attachment,"Bucket, Skid Steer, Skid Steer Attachment",Active,TRUE,web,attachment,TRUE,Size,"102""",Teeth,Standard,,,XDRB102,2947.45,3331.90,2563.00,957,lb,continue,,manual,True,True,https://cdn.shopify.com/s/files/1/0952/1977/7823/files/cid-rock-bucket-xtreme_773365d5-2d82-480a-a13f-83a94d698bc7.webp?v=1779040396,1,X-Treme Duty Rock Bucket | Heavy Duty Skid Steer Attachment,"{""mpn"":""XDRB102"",""duty"":""xtreme"",""fits"":""Universal skid steer, CTL & compact tractor quick-attach"",""brand"":""CID"",""family"":""X-treme Rock Bucket"",""width_in"":102,""weight_lbs"":957,""availability"":""MadeToOrder"",""cutting_edge"":""Smooth"",""product_type"":""Bucket"",""weight_estimated"":true,""has_teeth"":false,""teeth"":""Standard"",""weld_on_teeth"":""Optional"",""sku"":""XDRB102"",""family_handle"":""cid-xd-rock-bucket"",""family_title"":""X-Treme Duty Rock Bucket - Heavy-Duty Attachment""}"
cid-xd-rock-bucket,,,,,,,,,,,,Size,"60""",Teeth,Standard,,,XDRB60,1771.00,2002.00,1540.00,635,lb,continue,,manual,True,True,,,,"{""mpn"":""XDRB60"",""duty"":""xtreme"",""fits"":""Universal skid steer, CTL & compact tractor quick-attach"",""brand"":""CID"",""family"":""X-treme Rock Bucket"",""width_in"":60,""weight_lbs"":635,""availability"":""MadeToOrder"",""cutting_edge"":""Smooth"",""product_type"":""Bucket"",""weight_estimated"":true,""has_teeth"":false,""teeth"":""Standard"",""weld_on_teeth"":""Optional"",""sku"":""XDRB60"",""family_handle"":""cid-xd-rock-bucket"",""family_title"":""X-Treme Duty Rock Bucket - Heavy-Duty Attachment""}"
cid-xd-rock-bucket,,,,,,,,,,,,Size,"66""",Teeth,Standard,,,XDRB66,1929.70,2181.40,1678.00,699,lb,continue,,manual,True,True,,,,"{""mpn"":""XDRB66"",""duty"":""xtreme"",""fits"":""Universal skid steer, CTL & compact tractor quick-attach"",""brand"":""CID"",""family"":""X-treme Rock Bucket"",""width_in"":66,""weight_lbs"":699,""availability"":""MadeToOrder"",""cutting_edge"":""Smooth"",""product_type"":""Bucket"",""has_teeth"":false,""teeth"":""Standard"",""weld_on_teeth"":""Optional"",""sku"":""XDRB66"",""family_handle"":""cid-xd-rock-bucket"",""family_title"":""X-Treme Duty Rock Bucket - Heavy-Duty Attachment""}"
cid-xd-rock-bucket,,,,,,,,,,,,Size,"72""",Teeth,Standard,,,XDRB72,2099.90,2373.80,1826.00,697,lb,continue,,manual,True,True,,,,"{""mpn"":""XDRB72"",""duty"":""xtreme"",""fits"":""Universal skid steer, CTL & compact tractor quick-attach"",""brand"":""CID"",""family"":""X-treme Rock Bucket"",""width_in"":72,""weight_lbs"":697,""availability"":""MadeToOrder"",""cutting_edge"":""Smooth"",""product_type"":""Bucket"",""has_teeth"":false,""teeth"":""Standard"",""weld_on_teeth"":""Optional"",""sku"":""XDRB72"",""family_handle"":""cid-xd-rock-bucket"",""family_title"":""X-Treme Duty Rock Bucket - Heavy-Duty Attachment""}"
cid-xd-rock-bucket,,,,,,,,,,,,Size,"78""",Teeth,Standard,,,XDRB78,2274.70,2571.40,1978.00,735,lb,continue,,manual,True,True,,,,"{""mpn"":""XDRB78"",""duty"":""xtreme"",""fits"":""Universal skid steer, CTL & compact tractor quick-attach"",""brand"":""CID"",""family"":""X-treme Rock Bucket"",""width_in"":78,""weight_lbs"":735,""availability"":""MadeToOrder"",""cutting_edge"":""Smooth"",""product_type"":""Bucket"",""has_teeth"":false,""teeth"":""Standard"",""weld_on_teeth"":""Optional"",""sku"":""XDRB78"",""family_handle"":""cid-xd-rock-bucket"",""family_title"":""X-Treme Duty Rock Bucket - Heavy-Duty Attachment""}"
cid-xd-rock-bucket,,,,,,,,,,,,Size,"81""",Teeth,Standard,,,XDRB81,2327.60,2631.20,2024.00,759,lb,continue,,manual,True,True,,,,"{""mpn"":""XDRB81"",""duty"":""xtreme"",""fits"":""Universal skid steer, CTL & compact tractor quick-attach"",""brand"":""CID"",""family"":""X-treme Rock Bucket"",""width_in"":81,""weight_lbs"":759,""availability"":""MadeToOrder"",""cutting_edge"":""Smooth"",""product_type"":""Bucket"",""has_teeth"":false,""teeth"":""Standard"",""weld_on_teeth"":""Optional"",""sku"":""XDRB81"",""family_handle"":""cid-xd-rock-bucket"",""family_title"":""X-Treme Duty Rock Bucket - Heavy-Duty Attachment""}"
cid-xd-rock-bucket,,,,,,,,,,,,Size,"84""",Teeth,Standard,,,XDRB84,2405.80,2719.60,2092.00,788,lb,continue,,manual,True,True,,,,"{""mpn"":""XDRB84"",""duty"":""xtreme"",""fits"":""Universal skid steer, CTL & compact tractor quick-attach"",""brand"":""CID"",""family"":""X-treme Rock Bucket"",""width_in"":84,""weight_lbs"":788,""availability"":""MadeToOrder"",""cutting_edge"":""Smooth"",""product_type"":""Bucket"",""has_teeth"":false,""teeth"":""Standard"",""weld_on_teeth"":""Optional"",""sku"":""XDRB84"",""family_handle"":""cid-xd-rock-bucket"",""family_title"":""X-Treme Duty Rock Bucket - Heavy-Duty Attachment""}"
cid-xd-rock-bucket,,,,,,,,,,,,Size,"90""",Teeth,Standard,,,XDRB90,2586.35,2923.70,2249.00,844,lb,continue,,manual,True,True,,,,"{""mpn"":""XDRB90"",""duty"":""xtreme"",""fits"":""Universal skid steer, CTL & compact tractor quick-attach"",""brand"":""CID"",""family"":""X-treme Rock Bucket"",""width_in"":90,""weight_lbs"":844,""availability"":""MadeToOrder"",""cutting_edge"":""Smooth"",""product_type"":""Bucket"",""weight_estimated"":true,""has_teeth"":false,""teeth"":""Standard"",""weld_on_teeth"":""Optional"",""sku"":""XDRB90"",""family_handle"":""cid-xd-rock-bucket"",""family_title"":""X-Treme Duty Rock Bucket - Heavy-Duty Attachment""}"
cid-xd-rock-bucket,,,,,,,,,,,,Size,"96""",Teeth,Standard,,,XDRB96,2766.90,3127.80,2406.00,900,lb,continue,,manual,True,True,,,,"{""mpn"":""XDRB96"",""duty"":""xtreme"",""fits"":""Universal skid steer, CTL & compact tractor quick-attach"",""brand"":""CID"",""family"":""X-treme Rock Bucket"",""width_in"":96,""weight_lbs"":900,""availability"":""MadeToOrder"",""cutting_edge"":""Smooth"",""product_type"":""Bucket"",""weight_estimated"":true,""has_teeth"":false,""teeth"":""Standard"",""weld_on_teeth"":""Optional"",""sku"":""XDRB96"",""family_handle"":""cid-xd-rock-bucket"",""family_title"":""X-Treme Duty Rock Bucket - Heavy-Duty Attachment""}"
cid-xd-rock-bucket,,,,,,,,,,,,,,,,,,,,,,,,,,,,,https://cdn.shopify.com/s/files/1/0952/1977/7823/files/CID-Skid-Steer-Xtreme-Rock-Bucket.png?v=1779306397,2,X-Treme Duty Rock Bucket | Heavy Duty Skid Steer Attachment,
cid-xd-rock-bucket,,,,,,,,,,,,,,,,,,,,,,,,,,,,,https://cdn.shopify.com/s/files/1/0952/1977/7823/files/CID-Skid-Steer-Xtreme-Rock-Bucket-LS1.jpg?v=1779306397,3,X-Treme Duty Rock Bucket | Heavy Duty Skid Steer Attachment,
cid-xd-rock-bucket,,,,,,,,,,,,,,,,,,,,,,,,,,,,,https://cdn.shopify.com/s/files/1/0952/1977/7823/files/CID-Skid-Steer-Xtreme-Rock-Bucket-LS2.jpg?v=1779306397,4,X-Treme Duty Rock Bucket | Heavy Duty Skid Steer Attachment,
cid-xd-rock-bucket,,,,,,,,,,,,,,,,,,,,,,,,,,,,,https://cdn.shopify.com/s/files/1/0952/1977/7823/files/cid-rock-bucket-xtreme_f12e5191-b7ad-4e69-a47b-0bc68aae9d40.webp?v=1782092041,5,X-Treme Duty Rock Bucket | Heavy Duty Skid Steer Attachment,
cid-xtreme-bc-1626,MERGE,X-Treme 16-26 GPM Brush Cutter - Heavy-Duty Attachment,"<p><strong>X-Treme 16-26 GPM Brush Cutter - Heavy-Duty Attachment</strong> is a jobsite-ready equipment attachment for contractors who need dependable performance without wasted downtime.</p>
<ul>
<li>
<strong>Heavy-duty build</strong> for daily construction, grading, land clearing, material handling, and utility work.</li>
<li>
<strong>Machine compatibility support</strong> helps confirm coupler, mount, hydraulic flow, and sizing before purchase.</li>
<li>
<strong>Freight support</strong> available for large attachments and commercial delivery needs.</li>
<li>
<strong>Fleet and dealer pricing</strong> available for qualified repeat buyers.</li>
</ul>
<p>Heavy Iron Supply Co. supplies attachments, rubber tracks, and undercarriage parts for working machines nationwide.</p>",CID Attachments,Skid Steer Attachment,"Brush Cutter, Skid Steer, Skid Steer Attachment",Active,TRUE,web,attachment,TRUE,Size,"60""",Cutting Deck,Standard,,,XBC1626-60,6400.90,7235.80,5566.00,,,continue,,manual,True,True,https://cdn.shopify.com/s/files/1/0952/1977/7823/files/XtremeBrushCutter_WithMachine.png?v=1779306083,1,CID X-Treme Brush Cutter 16-26 GPM | Heavy Iron Supply Co,
cid-xtreme-bc-1626,,,,,,,,,,,,Size,"60""",Cutting Deck,Mulching Teeth,,,XBC1626-60MT,6716.00,7592.00,5840.00,1450,lb,continue,,manual,True,True,,,,
cid-xtreme-bc-1626,,,,,,,,,,,,Size,"72""",Cutting Deck,Standard,,,XBC1626-72,6791.90,7677.80,5906.00,,,continue,,manual,True,True,,,,
cid-xtreme-bc-1626,,,,,,,,,,,,Size,"72""",Cutting Deck,Mulching Teeth,,,XBC1626-72MT,7177.15,8113.30,6241.00,1602,lb,continue,,manual,True,True,,,,
cid-xtreme-bc-1626,,,,,,,,,,,,Size,"78""",Cutting Deck,Standard,,,XBC1626-78,7184.05,8121.10,6247.00,,,continue,,manual,True,True,,,,
cid-xtreme-bc-1626,,,,,,,,,,,,Size,"78""",Cutting Deck,Mulching Teeth,,,XBC1626-78MT,7570.45,8557.90,6583.00,1726,lb,continue,,manual,True,True,,,,
cid-xtreme-bc-1626,,,,,,,,,,,,Size,"84""",Cutting Deck,Standard,,,XBC1626-84,7548.60,8533.20,6564.00,,,continue,,manual,True,True,,,,
cid-xtreme-bc-1626,,,,,,,,,,,,Size,"84""",Cutting Deck,Mulching Teeth,,,XBC1626-84MT,7935.00,8970.00,6900.00,1879,lb,continue,,manual,True,True,,,,
cid-xtreme-bc-1626,,,,,,,,,,,,Size,"60""",Teeth,Mulching Teeth,,,XBC1730-60MT,7098.95,8024.90,6173.00,1450,lb,continue,,manual,True,True,,,,
cid-xtreme-bc-1626,,,,,,,,,,,,Size,"72""",Teeth,Mulching Teeth,,,XBC1730-72MT,7540.55,8524.10,6557.00,1602,lb,continue,,manual,True,True,,,,
cid-xtreme-bc-1626,,,,,,,,,,,,Size,"78""",Teeth,Mulching Teeth,,,XBC1730-78MT,7958.00,8996.00,6920.00,1726,lb,continue,,manual,True,True,,,,
cid-xtreme-bc-1626,,,,,,,,,,,,Size,"84""",Teeth,Mulching Teeth,,,XBC1730-84MT,8329.45,9415.90,7243.00,1879,lb,continue,,manual,True,True,,,,
cid-xtreme-bc-1727,MERGE,X-Treme 17-27 GPM Brush Cutter,"<p><strong>X-Treme 17-27 GPM Brush Cutter</strong> is a jobsite-ready equipment attachment for contractors who need dependable performance without wasted downtime.</p>
<ul>
<li>
<strong>Heavy-duty build</strong> for daily construction, grading, land clearing, material handling, and utility work.</li>
<li>
<strong>Machine compatibility support</strong> helps confirm coupler, mount, hydraulic flow, and sizing before purchase.</li>
<li>
<strong>Freight support</strong> available for large attachments and commercial delivery needs.</li>
<li>
<strong>Fleet and dealer pricing</strong> available for qualified repeat buyers.</li>
</ul>
<p>Heavy Iron Supply Co. supplies attachments, rubber tracks, and undercarriage parts for working machines nationwide.</p>",CID Attachments,Brush Cutters,"Brush Cutter, Brush Cutters, Skid Steer",Active,TRUE,web,attachment,TRUE,Size,"60""",,,,,XBC1730-60,6783.85,7668.70,5899.00,1335,lb,continue,,manual,True,True,https://cdn.shopify.com/s/files/1/0952/1977/7823/files/XtremeBrushCutter_WithMachine-1000x1000-a006145.png?v=1779315255,1,X-Treme 17-27 GPM Brush Cutter | Heavy Iron Supply Co,
cid-xtreme-bc-1727,,,,,,,,,,,,Size,"72""",,,,,XBC1730-72,7155.30,8088.60,6222.00,1587,lb,continue,,manual,True,True,,,,
cid-xtreme-bc-1727,,,,,,,,,,,,Size,"78""",,,,,XBC1730-78,7572.75,8560.50,6585.00,1660,lb,continue,,manual,True,True,,,,
cid-xtreme-bc-1727,,,,,,,,,,,,Size,"84""",,,,,XBC1730-84,7944.20,8980.40,6908.00,1848,lb,continue,,manual,True,True,,,,
cid-xtreme-bc-1727,,,,,,,,,,,,,,,,,,,,,,,,,,,,,https://cdn.shopify.com/s/files/1/0952/1977/7823/files/XtremeBrushCutter_WithMachine_f2c2c01f-cb11-4ff3-82c9-782513702a09.png?v=1779315255,2,X-Treme 17-27 GPM Brush Cutter | Heavy Iron Supply Co,
cid-xtreme-bc-lf,MERGE,X-Treme 14-20 GPM Brush Cutter (No Case Drain) - Heavy-Duty Attachment,"<p><strong>X-Treme 14-20 GPM Brush Cutter (No Case Drain) - Heavy-Duty Attachment</strong> is a jobsite-ready equipment attachment for contractors who need dependable performance without wasted downtime.</p>
<ul>
<li>
<strong>Heavy-duty build</strong> for daily construction, grading, land clearing, material handling, and utility work.</li>
<li>
<strong>Machine compatibility support</strong> helps confirm coupler, mount, hydraulic flow, and sizing before purchase.</li>
<li>
<strong>Freight support</strong> available for large attachments and commercial delivery needs.</li>
<li>
<strong>Fleet and dealer pricing</strong> available for qualified repeat buyers.</li>
</ul>
<p>Heavy Iron Supply Co. supplies attachments, rubber tracks, and undercarriage parts for working machines nationwide.</p>",CID Attachments,Skid Steer Attachment,"Brush Cutter, Case, Skid Steer, Skid Steer Attachment",Active,TRUE,web,attachment,TRUE,Size,"60""",Cutting Deck,Mulching Teeth,,,XBCLF60MT,8501.95,9610.90,7393.00,1379,lb,continue,,manual,True,True,https://cdn.shopify.com/s/files/1/0952/1977/7823/files/XtremeBrushCutter_WithMachine_8feaa153-7984-4e4d-a114-ca00f35c89ef.png?v=1779306149,1,CID X-Treme Brush Cutter LF | Heavy Iron Supply Co,
cid-xtreme-bc-lf,,,,,,,,,,,,Size,"72""",Cutting Deck,Mulching Teeth,,,XBCLF72MT,9135.60,10327.20,7944.00,1761,lb,continue,,manual,True,True,,,,
cid-xtreme-bc-lf,,,,,,,,,,,,Size,"78""",Cutting Deck,Mulching Teeth,,,XBCLF78MT,9673.80,10935.60,8412.00,1759,lb,continue,,manual,True,True,,,,
cid-xtreme-bc-lf,,,,,,,,,,,,Size,"84""",Cutting Deck,Standard,,,XBCLF84,7023.05,7939.10,6107.00,,,continue,,manual,True,True,,,,
cid-xtreme-bc-lf,,,,,,,,,,,,Size,"84""",Cutting Deck,Mulching Teeth,,,XBCLF84MT,10175.20,11502.40,8848.00,,,continue,,manual,True,True,,,,
cid-xtreme-bc-mf,MERGE,X-Treme 20-30 GPM Brush Cutter (No Case Drain) - Heavy-Duty Attachment,"<p><strong>X-Treme 20-30 GPM Brush Cutter (No Case Drain) - Heavy-Duty Attachment</strong> is a jobsite-ready equipment attachment for contractors who need dependable performance without wasted downtime.</p>
<ul>
<li>
<strong>Heavy-duty build</strong> for daily construction, grading, land clearing, material handling, and utility work.</li>
<li>
<strong>Machine compatibility support</strong> helps confirm coupler, mount, hydraulic flow, and sizing before purchase.</li>
<li>
<strong>Freight support</strong> available for large attachments and commercial delivery needs.</li>
<li>
<strong>Fleet and dealer pricing</strong> available for qualified repeat buyers.</li>
</ul>
<p>Heavy Iron Supply Co. supplies attachments, rubber tracks, and undercarriage parts for working machines nationwide.</p>",CID Attachments,Skid Steer Attachment,"Brush Cutter, Case, Skid Steer, Skid Steer Attachment",Active,TRUE,web,attachment,TRUE,Size,"60""",Cutting Deck,Mulching Teeth,,,XBCMF60MT,9876.20,11164.40,8588.00,1557,lb,continue,,manual,True,True,https://cdn.shopify.com/s/files/1/0952/1977/7823/files/XtremeBrushCutter_WithMachine_1463939e-6420-47ef-8ee0-40c9f360d0f5.png?v=1779306385,1,CID X-Treme Brush Cutter MF | Heavy Iron Supply Co,
cid-xtreme-bc-mf,,,,,,,,,,,,Size,"72""",Cutting Deck,Mulching Teeth,,,XBCMF72MT,10483.40,11850.80,9116.00,1704,lb,continue,,manual,True,True,,,,
cid-xtreme-bc-mf,,,,,,,,,,,,Size,"78""",Cutting Deck,Standard,,,XBCMF78,7618.75,8612.50,6625.00,2016,lb,continue,,manual,True,True,,,,
cid-xtreme-bc-mf,,,,,,,,,,,,Size,"78""",Cutting Deck,Mulching Teeth,,,XBCMF78MT,10992.85,12426.70,9559.00,1820,lb,continue,,manual,True,True,,,,
cid-xtreme-bc-mf,,,,,,,,,,,,Size,"84""",Cutting Deck,Standard,,,XBCMF84,7983.30,9024.60,6942.00,,,continue,,manual,True,True,,,,
cid-xtreme-bc-mf,,,,,,,,,,,,Size,"84""",Cutting Deck,Mulching Teeth,,,XBCMF84MT,11493.10,12992.20,9994.00,,,continue,,manual,True,True,,,,
cid-xtreme-grapple-bucket,MERGE,X-Treme Grapple Bucket - Heavy-Duty Attachment,"<p><strong>X-Treme Grapple Bucket - Heavy-Duty Attachment</strong> is a jobsite-ready equipment attachment for contractors who need dependable performance without wasted downtime.</p>
<ul>
<li>
<strong>Heavy-duty build</strong> for daily construction, grading, land clearing, material handling, and utility work.</li>
<li>
<strong>Machine compatibility support</strong> helps confirm coupler, mount, hydraulic flow, and sizing before purchase.</li>
<li>
<strong>Freight support</strong> available for large attachments and commercial delivery needs.</li>
<li>
<strong>Fleet and dealer pricing</strong> available for qualified repeat buyers.</li>
</ul>
<p>Heavy Iron Supply Co. supplies attachments, rubber tracks, and undercarriage parts for working machines nationwide.</p>",CID Attachments,Skid Steer Attachment,"Bucket, Skid Steer, Skid Steer Attachment",Active,TRUE,web,attachment,TRUE,Size,"66""",Teeth,Standard,,,XGB66,3543.15,4005.30,3081.00,1030,lb,continue,,manual,True,True,https://cdn.shopify.com/s/files/1/0952/1977/7823/files/cid-grapple-bucket-xtreme_340c8769-c126-4f79-a70b-efc5c5335c6f.webp?v=1779040397,1,X-Treme Grapple Bucket | Heavy Duty Skid Steer Attachment,
cid-xtreme-grapple-bucket,,,,,,,,,,,,Size,"66""",Teeth,With Teeth,,,XGB66T,3966.35,4483.70,3449.00,1093,lb,continue,,manual,True,True,,,,
cid-xtreme-grapple-bucket,,,,,,,,,,,,Size,"72""",Teeth,Standard,,,XGB72,3636.30,4110.60,3162.00,1088,lb,continue,,manual,True,True,,,,
cid-xtreme-grapple-bucket,,,,,,,,,,,,Size,"72""",Teeth,With Teeth,,,XGB72T,4014.65,4538.30,3491.00,1127,lb,continue,,manual,True,True,,,,
cid-xtreme-grapple-bucket,,,,,,,,,,,,Size,"78""",Teeth,Standard,,,XGB78,3778.90,4271.80,3286.00,1098,lb,continue,,manual,True,True,,,,
cid-xtreme-grapple-bucket,,,,,,,,,,,,Size,"78""",Teeth,With Teeth,,,XGB78T,4110.10,4646.20,3574.00,1154,lb,continue,,manual,True,True,,,,
cid-xtreme-grapple-bucket,,,,,,,,,,,,Size,"81""",Teeth,Standard,,,XGB81,3824.90,4323.80,3326.00,1131,lb,continue,,manual,True,True,,,,
cid-xtreme-grapple-bucket,,,,,,,,,,,,Size,"81""",Teeth,With Teeth,,,XGB81T,4156.10,4698.20,3614.00,1189,lb,continue,,manual,True,True,,,,
cid-xtreme-grapple-bucket,,,,,,,,,,,,Size,"84""",Teeth,Standard,,,XGB84,3872.05,4377.10,3367.00,1173,lb,continue,,manual,True,True,,,,
cid-xtreme-grapple-bucket,,,,,,,,,,,,Size,"84""",Teeth,With Teeth,,,XGB84T,4203.25,4751.50,3655.00,1217,lb,continue,,manual,True,True,,,,
cid-xtreme-grapple-bucket,,,,,,,,,,,,Size,"96""",Teeth,Standard,,,XGB96,4110.10,4646.20,3574.00,1245,lb,continue,,manual,True,True,,,,
cid-xtreme-grapple-bucket,,,,,,,,,,,,Size,"96""",Teeth,With Teeth,,,XGB96T,4440.15,5019.30,3861.00,1336,lb,continue,,manual,True,True,,,,
cid-xtreme-grapple-bucket,,,,,,,,,,,,,,,,,,,,,,,,,,,,,https://cdn.shopify.com/s/files/1/0952/1977/7823/files/Mini-Skid-Steer-X-Treme-Duty-Grapple-Bucket.png?v=1779306074,2,X-Treme Grapple Bucket | Heavy Duty Skid Steer Attachment,
cid-xtreme-grapple-bucket,,,,,,,,,,,,,,,,,,,,,,,,,,,,,https://cdn.shopify.com/s/files/1/0952/1977/7823/files/Mini-Skid-Steer-X-Treme-Duty-Grapple-Bucket_1.png?v=1779306074,3,X-Treme Grapple Bucket | Heavy Duty Skid Steer Attachment,
cid-xtreme-grapple-bucket,,,,,,,,,,,,,,,,,,,,,,,,,,,,,https://cdn.shopify.com/s/files/1/0952/1977/7823/files/Mini-Skid-Steer-X-Treme-Duty-Grapple-Bucket_2.png?v=1779306074,4,X-Treme Grapple Bucket | Heavy Duty Skid Steer Attachment,
cid-xtreme-grapple-rake,MERGE,X-Treme Grapple Rake - Heavy-Duty Attachment,"<p><strong>X-Treme Grapple Rake - Heavy-Duty Attachment</strong> is a jobsite-ready equipment attachment for contractors who need dependable performance without wasted downtime.</p>
<ul>
<li>
<strong>Heavy-duty build</strong> for daily construction, grading, land clearing, material handling, and utility work.</li>
<li>
<strong>Machine compatibility support</strong> helps confirm coupler, mount, hydraulic flow, and sizing before purchase.</li>
<li>
<strong>Freight support</strong> available for large attachments and commercial delivery needs.</li>
<li>
<strong>Fleet and dealer pricing</strong> available for qualified repeat buyers.</li>
</ul>
<p>Heavy Iron Supply Co. supplies attachments, rubber tracks, and undercarriage parts for working machines nationwide.</p>",CID Attachments,Skid Steer Attachment,"Grapple, Skid Steer, Skid Steer Attachment",Active,TRUE,web,attachment,TRUE,Size,"63""",Teeth,With Teeth,,,XGR63T,3460.35,3911.70,3009.00,824,lb,continue,,manual,True,True,https://cdn.shopify.com/s/files/1/0952/1977/7823/files/cid-grapple-rake-mini_caf649da-88f6-4418-b378-f1906a09ef44.webp?v=1779040396,1,X-Treme Grapple Rake | Heavy Duty Skid Steer Attachment,
cid-xtreme-grapple-rake,,,,,,,,,,,,Size,"66""",Teeth,With Teeth,,,XGR66T,3506.35,3963.70,3049.00,863,lb,continue,,manual,True,True,,,,
cid-xtreme-grapple-rake,,,,,,,,,,,,Size,"72""",Teeth,With Teeth,,,XGR72T,3644.35,4119.70,3169.00,937,lb,continue,,manual,True,True,,,,
cid-xtreme-grapple-rake,,,,,,,,,,,,Size,"78""",Teeth,With Teeth,,,XGR78T,3829.50,4329.00,3330.00,954,lb,continue,,manual,True,True,,,,
cid-xtreme-grapple-rake,,,,,,,,,,,,Size,"81""",Teeth,With Teeth,,,XGR81T,3899.65,4408.30,3391.00,1012,lb,continue,,manual,True,True,,,,
cid-xtreme-grapple-rake,,,,,,,,,,,,Size,"84""",Teeth,With Teeth,,,XGR84T,3967.50,4485.00,3450.00,1016,lb,continue,,manual,True,True,,,,
cid-xtreme-grapple-rake,,,,,,,,,,,,Size,"96""",Teeth,With Teeth,,,XGR96T,4152.65,4694.30,3611.00,1099,lb,continue,,manual,True,True,,,,
cid-xtreme-grapple-rake,,,,,,,,,,,,,,,,,,,,,,,,,,,,,https://cdn.shopify.com/s/files/1/0952/1977/7823/files/cid-x-treme-grapple-rake-attachment.png?v=1779306036,2,X-Treme Grapple Rake | Heavy Duty Skid Steer Attachment,
cid-xtreme-grapple-rake,,,,,,,,,,,,,,,,,,,,,,,,,,,,,https://cdn.shopify.com/s/files/1/0952/1977/7823/files/xid-x-treme-duty-grapple-rake.png?v=1779306035,3,X-Treme Grapple Rake | Heavy Duty Skid Steer Attachment,
cid-xtreme-grapple-rake,,,,,,,,,,,,,,,,,,,,,,,,,,,,,https://cdn.shopify.com/s/files/1/0952/1977/7823/files/xid-x-treme-duty-grapple-rake-mountin-plate.png?v=1779306035,4,X-Treme Grapple Rake | Heavy Duty Skid Steer Attachment,
cid-xtreme-grapple-rake,,,,,,,,,,,,,,,,,,,,,,,,,,,,,https://cdn.shopify.com/s/files/1/0952/1977/7823/files/Cid-x-treme-duty-grapple-rake-on-kubota.png?v=1779306036,5,X-Treme Grapple Rake | Heavy Duty Skid Steer Attachment,
cid-xtreme-hyd-angle-blade,MERGE,X-Treme Hydraulic Angle Blade - Heavy-Duty Attachment,"<p><strong>X-Treme Hydraulic Angle Blade - Heavy-Duty Attachment</strong> is a jobsite-ready equipment attachment for contractors who need dependable performance without wasted downtime.</p>
<ul>
<li>
<strong>Heavy-duty build</strong> for daily construction, grading, land clearing, material handling, and utility work.</li>
<li>
<strong>Machine compatibility support</strong> helps confirm coupler, mount, hydraulic flow, and sizing before purchase.</li>
<li>
<strong>Freight support</strong> available for large attachments and commercial delivery needs.</li>
<li>
<strong>Fleet and dealer pricing</strong> available for qualified repeat buyers.</li>
</ul>
<p>Heavy Iron Supply Co. supplies attachments, rubber tracks, and undercarriage parts for working machines nationwide.</p>",CID Attachments,Skid Steer Attachment,"Blade, Skid Steer, Skid Steer Attachment",Active,TRUE,web,attachment,TRUE,Size,"48""",,,,,XHAB48,4716.15,5331.30,4101.00,785,lb,continue,,manual,True,True,https://cdn.shopify.com/s/files/1/0952/1977/7823/files/CID_Multi-Purpose_Angle_Blade_5f60b0a3-059c-47db-b888-2b39f0f9b1ab.png?v=1779306418,1,CID X-Treme Hydraulic Angle Blade | Heavy Iron Supply Co,
cid-xtreme-hyd-angle-blade,,,,,,,,,,,,Size,"60""",,,,,XHAB60,4909.35,5549.70,4269.00,833,lb,continue,,manual,True,True,,,,
cid-xtreme-hyd-angle-blade,,,,,,,,,,,,Size,"72""",,,,,XHAB72,5097.95,5762.90,4433.00,912,lb,continue,,manual,True,True,,,,
cid-xtreme-hyd-angle-blade,,,,,,,,,,,,Size,"84""",,,,,XHAB84,5304.95,5996.90,4613.00,1029,lb,continue,,manual,True,True,,,,
cid-xtreme-hyd-angle-blade,,,,,,,,,,,,Size,"96""",,,,,XHAB96,5514.25,6233.50,4795.00,1101,lb,continue,,manual,True,True,,,,
cid-xtreme-man-angle-blade,MERGE,X-Treme Manual Angle Blade - Heavy-Duty Attachment,"<p><strong>X-Treme Manual Angle Blade - Heavy-Duty Attachment</strong> is a jobsite-ready equipment attachment for contractors who need dependable performance without wasted downtime.</p>
<ul>
<li>
<strong>Heavy-duty build</strong> for daily construction, grading, land clearing, material handling, and utility work.</li>
<li>
<strong>Machine compatibility support</strong> helps confirm coupler, mount, hydraulic flow, and sizing before purchase.</li>
<li>
<strong>Freight support</strong> available for large attachments and commercial delivery needs.</li>
<li>
<strong>Fleet and dealer pricing</strong> available for qualified repeat buyers.</li>
</ul>
<p>Heavy Iron Supply Co. supplies attachments, rubber tracks, and undercarriage parts for working machines nationwide.</p>",CID Attachments,Skid Steer Attachment,"Blade, Skid Steer, Skid Steer Attachment",Active,TRUE,web,attachment,TRUE,Size,"48""",,,,,XMAB48,3674.25,4153.50,3195.00,770,lb,continue,,manual,True,True,https://cdn.shopify.com/s/files/1/0952/1977/7823/files/Hydraulic-Angle-Broom-Skid-Steer-2V71824.png?v=1779306062,1,CID X-Treme Manual Angle Blade | Heavy Iron Supply Co,
cid-xtreme-man-angle-blade,,,,,,,,,,,,Size,"60""",,,,,XMAB60,3867.45,4371.90,3363.00,818,lb,continue,,manual,True,True,,,,
cid-xtreme-man-angle-blade,,,,,,,,,,,,Size,"72""",,,,,XMAB72,4056.05,4585.10,3527.00,897,lb,continue,,manual,True,True,,,,
cid-xtreme-man-angle-blade,,,,,,,,,,,,Size,"84""",,,,,XMAB84,4263.05,4819.10,3707.00,1012,lb,continue,,manual,True,True,,,,
cid-xtreme-man-angle-blade,,,,,,,,,,,,Size,"96""",,,,,XMAB96,4472.35,5055.70,3889.00,1055,lb,continue,,manual,True,True,,,,
cid-xtreme-man-angle-blade,,,,,,,,,,,,,,,,,,,,,,,,,,,,,https://cdn.shopify.com/s/files/1/0952/1977/7823/files/X-Treme_Broom_newDesign_Pic_NewCore_Pic_717.png?v=1779306064,2,CID X-Treme Manual Angle Blade | Heavy Iron Supply Co,
cid-xtreme-man-angle-blade,,,,,,,,,,,,,,,,,,,,,,,,,,,,,https://cdn.shopify.com/s/files/1/0952/1977/7823/files/NEWBROOMSIDEPROFILE.png?v=1779306064,3,CID X-Treme Manual Angle Blade | Heavy Iron Supply Co,
cid-xtreme-mini-power-rake-hyd,MERGE,X-Treme Mini Power Rake (Hydraulic Angle),"<p><strong>X-Treme Mini Power Rake (Hydraulic Angle)</strong> is a jobsite-ready equipment attachment for contractors who need dependable performance without wasted downtime.</p>
<ul>
<li>
<strong>Heavy-duty build</strong> for daily construction, grading, land clearing, material handling, and utility work.</li>
<li>
<strong>Machine compatibility support</strong> helps confirm coupler, mount, hydraulic flow, and sizing before purchase.</li>
<li>
<strong>Freight support</strong> available for large attachments and commercial delivery needs.</li>
<li>
<strong>Fleet and dealer pricing</strong> available for qualified repeat buyers.</li>
</ul>
<p>Heavy Iron Supply Co. supplies attachments, rubber tracks, and undercarriage parts for working machines nationwide.</p>",CID Attachments,Power Rakes,"Grading Tool, Mini Skid Steer, Power Rakes",Active,TRUE,web,attachment,TRUE,Size,"36"" Dingo",,,,,MINI-XPWR36-D,6704.50,7579.00,5830.00,574,lb,continue,,manual,True,True,https://cdn.shopify.com/s/files/1/0952/1977/7823/files/CID-Skid-Steer-Power-Rake_2_53567d18-2fc8-40d3-a20e-0cc516152804.png?v=1779315255,1,X-Treme Mini Power Rake (Hydraulic Angle) | Heavy Iron Supply Co,
cid-xtreme-mini-power-rake-hyd,,,,,,,,,,,,Size,"36"" MT50",,,,,MINI-XPWR36-MT50,6704.50,7579.00,5830.00,599,lb,continue,,manual,True,True,,,,
cid-xtreme-mini-power-rake-hyd,,,,,,,,,,,,Size,"48"" Dingo",,,,,MINI-XPWR48-D,7314.00,8268.00,6360.00,627,lb,continue,,manual,True,True,,,,
cid-xtreme-mini-power-rake-hyd,,,,,,,,,,,,Size,"48"" MT50",,,,,MINI-XPWR48-MT50,7314.00,8268.00,6360.00,652,lb,continue,,manual,True,True,,,,
cid-xtreme-mini-power-rake-hyd,,,,,,,,,,,,Size,"48"" RC30",,,,,MINI-XPWR48-RC30,7314.00,8268.00,6360.00,655,lb,continue,,manual,True,True,,,,
cid-xtreme-mini-power-rake-hyd,,,,,,,,,,,,Size,"60"" Dingo",,,,,MINI-XPWR60-D,7923.50,8957.00,6890.00,664,lb,continue,,manual,True,True,,,,
cid-xtreme-mini-power-rake-hyd,,,,,,,,,,,,Size,"60"" MT50",,,,,MINI-XPWR60-MT50,7923.50,8957.00,6890.00,689,lb,continue,,manual,True,True,,,,
cid-xtreme-mini-power-rake-hyd,,,,,,,,,,,,Size,"60"" RC30",,,,,MINI-XPWR60-RC30,7923.50,8957.00,6890.00,692,lb,continue,,manual,True,True,,,,
cid-xtreme-mini-power-rake-hyd,,,,,,,,,,,,Size,"60"" Universal",,,,,MINI-XPWR60-UNI,7923.50,8957.00,6890.00,758,lb,continue,,manual,True,True,,,,
cid-xtreme-mini-power-rake-hyd,,,,,,,,,,,,,,,,,,,,,,,,,,,,,https://cdn.shopify.com/s/files/1/0952/1977/7823/files/CID-Skid-Steer-Power-Rake_3_f126f8f9-609c-4aac-a068-1258d2bc7731.png?v=1779315255,2,X-Treme Mini Power Rake (Hydraulic Angle) | Heavy Iron Supply Co,
cid-xtreme-mini-power-rake-hyd,,,,,,,,,,,,,,,,,,,,,,,,,,,,,https://cdn.shopify.com/s/files/1/0952/1977/7823/files/CID-Skid-Steer-Power-Rake_5_c0c18d94-b562-4dd2-b864-02ec1a82f0f4.png?v=1779315255,3,X-Treme Mini Power Rake (Hydraulic Angle) | Heavy Iron Supply Co,
cid-xtreme-mini-power-rake-man,MERGE,X-Treme Mini Power Rake (Manual Angle),"<p><strong>X-Treme Mini Power Rake (Manual Angle)</strong> is a jobsite-ready equipment attachment for contractors who need dependable performance without wasted downtime.</p>
<ul>
<li>
<strong>Heavy-duty build</strong> for daily construction, grading, land clearing, material handling, and utility work.</li>
<li>
<strong>Machine compatibility support</strong> helps confirm coupler, mount, hydraulic flow, and sizing before purchase.</li>
<li>
<strong>Freight support</strong> available for large attachments and commercial delivery needs.</li>
<li>
<strong>Fleet and dealer pricing</strong> available for qualified repeat buyers.</li>
</ul>
<p>Heavy Iron Supply Co. supplies attachments, rubber tracks, and undercarriage parts for working machines nationwide.</p>",CID Attachments,Power Rakes,"Grading Tool, Mini Skid Steer, Power Rakes",Active,TRUE,web,attachment,TRUE,Size,"36"" Dingo",,,,,MINI-XPWRM36-D,5485.50,6201.00,4770.00,526,lb,continue,,manual,True,True,https://cdn.shopify.com/s/files/1/0952/1977/7823/files/CID-Skid-Steer-Power-Rake_3_ac988eb9-c2a0-4c38-b2e7-43185be4708c.png?v=1779315255,1,X-Treme Mini Power Rake (Manual Angle) | Heavy Iron Supply Co,
cid-xtreme-mini-power-rake-man,,,,,,,,,,,,Size,"36"" MT50",,,,,MINI-XPWRM36-MT50,5485.50,6201.00,4770.00,599,lb,continue,,manual,True,True,,,,
cid-xtreme-mini-power-rake-man,,,,,,,,,,,,Size,"48"" Dingo",,,,,MINI-XPWRM48-D,6095.00,6890.00,5300.00,565,lb,continue,,manual,True,True,,,,
cid-xtreme-mini-power-rake-man,,,,,,,,,,,,Size,"48"" MT50",,,,,MINI-XPWRM48-MT50,6095.00,6890.00,5300.00,590,lb,continue,,manual,True,True,,,,
cid-xtreme-mini-power-rake-man,,,,,,,,,,,,Size,"48"" RC30",,,,,MINI-XPWRM48-RC30,6095.00,6890.00,5300.00,593,lb,continue,,manual,True,True,,,,
cid-xtreme-mini-power-rake-man,,,,,,,,,,,,Size,"60"" Dingo",,,,,MINI-XPWRM60-D,6704.50,7579.00,5830.00,604,lb,continue,,manual,True,True,,,,
cid-xtreme-mini-power-rake-man,,,,,,,,,,,,Size,"60"" MT50",,,,,MINI-XPWRM60-MT50,6704.50,7579.00,5830.00,629,lb,continue,,manual,True,True,,,,
cid-xtreme-mini-power-rake-man,,,,,,,,,,,,Size,"60"" RC30",,,,,MINI-XPWRM60-RC30,6704.50,7579.00,5830.00,632,lb,continue,,manual,True,True,,,,
cid-xtreme-mini-power-rake-man,,,,,,,,,,,,Size,"60"" Universal",,,,,MINI-XPWRM60-UNI,6704.50,7579.00,5830.00,698,lb,continue,,manual,True,True,,,,
cid-xtreme-mini-power-rake-man,,,,,,,,,,,,,,,,,,,,,,,,,,,,,https://cdn.shopify.com/s/files/1/0952/1977/7823/files/X-Treme_Power_Rake_-_IC_Gray_-_Decals_9ce9238d-31cf-4eea-89d3-f7ccafee0d5f.png?v=1779315256,2,X-Treme Mini Power Rake (Manual Angle) | Heavy Iron Supply Co,
cid-xtreme-mini-power-rake-man,,,,,,,,,,,,,,,,,,,,,,,,,,,,,https://cdn.shopify.com/s/files/1/0952/1977/7823/files/CID-Skid-Steer-Power-Rake_5_eb8fa066-ab7a-45ad-920b-56aa9c3bbb93.png?v=1779315255,3,X-Treme Mini Power Rake (Manual Angle) | Heavy Iron Supply Co,
cid-xtreme-power-rake-hyd,MERGE,X-Treme Power Rake (Hydraulic Angle) - Heavy-Duty Attachment,"<p><strong>X-Treme Power Rake (Hydraulic Angle) - Heavy-Duty Attachment</strong> is a jobsite-ready equipment attachment for contractors who need dependable performance without wasted downtime.</p>
<ul>
<li>
<strong>Heavy-duty build</strong> for daily construction, grading, land clearing, material handling, and utility work.</li>
<li>
<strong>Machine compatibility support</strong> helps confirm coupler, mount, hydraulic flow, and sizing before purchase.</li>
<li>
<strong>Freight support</strong> available for large attachments and commercial delivery needs.</li>
<li>
<strong>Fleet and dealer pricing</strong> available for qualified repeat buyers.</li>
</ul>
<p>Heavy Iron Supply Co. supplies attachments, rubber tracks, and undercarriage parts for working machines nationwide.</p>",CID Attachments,Skid Steer Attachment,"Grading Tool, Skid Steer, Skid Steer Attachment",Active,TRUE,web,attachment,TRUE,Size,"72""",,,,,XPWR72,9367.90,10589.80,8146.00,1041,lb,continue,,manual,True,True,https://cdn.shopify.com/s/files/1/0952/1977/7823/files/CID-Skid-Steer-Power-Rake_1.png?v=1779305897,1,CID X-Treme Power Rake Hydraulic | Heavy Iron Supply Co,
cid-xtreme-power-rake-hyd,,,,,,,,,,,,Size,"90""",,,,,XPWR90,10068.25,11381.50,8755.00,1142,lb,continue,,manual,True,True,,,,
cid-xtreme-power-rake-hyd,,,,,,,,,,,,,,,,,,,,,,,,,,,,,https://cdn.shopify.com/s/files/1/0952/1977/7823/files/CID-Skid-Steer-Power-Rake_2.png?v=1779305898,2,CID X-Treme Power Rake Hydraulic | Heavy Iron Supply Co,
cid-xtreme-power-rake-man,MERGE,X-Treme Power Rake (Manual Angle) - Heavy-Duty Attachment,"<p><strong>X-Treme Power Rake (Manual Angle) - Heavy-Duty Attachment</strong> is a jobsite-ready equipment attachment for contractors who need dependable performance without wasted downtime.</p>
<ul>
<li>
<strong>Heavy-duty build</strong> for daily construction, grading, land clearing, material handling, and utility work.</li>
<li>
<strong>Machine compatibility support</strong> helps confirm coupler, mount, hydraulic flow, and sizing before purchase.</li>
<li>
<strong>Freight support</strong> available for large attachments and commercial delivery needs.</li>
<li>
<strong>Fleet and dealer pricing</strong> available for qualified repeat buyers.</li>
</ul>
<p>Heavy Iron Supply Co. supplies attachments, rubber tracks, and undercarriage parts for working machines nationwide.</p>",CID Attachments,Skid Steer Attachment,"Grading Tool, Skid Steer, Skid Steer Attachment",Active,TRUE,web,attachment,TRUE,Size,"72""",,,,,XPWRM72,9039.00,10218.00,7860.00,,,continue,,manual,True,True,https://cdn.shopify.com/s/files/1/0952/1977/7823/files/X-Treme_Power_Rake_-_IC_Gray_-_Decals.png?v=1779305955,1,CID X-Treme Power Rake Manual | Heavy Iron Supply Co,
cid-xtreme-power-rake-man,,,,,,,,,,,,Size,"90""",,,,,XPWRM90,9601.35,10853.70,8349.00,,,continue,,manual,True,True,,,,
cid-xtreme-ripper,MERGE,X-Treme Ripper - Heavy-Duty Attachment,"<p><strong>X-Treme Ripper - Heavy-Duty Attachment</strong> is a jobsite-ready equipment attachment for contractors who need dependable performance without wasted downtime.</p>
<ul>
<li>
<strong>Heavy-duty build</strong> for daily construction, grading, land clearing, material handling, and utility work.</li>
<li>
<strong>Machine compatibility support</strong> helps confirm coupler, mount, hydraulic flow, and sizing before purchase.</li>
<li>
<strong>Freight support</strong> available for large attachments and commercial delivery needs.</li>
<li>
<strong>Fleet and dealer pricing</strong> available for qualified repeat buyers.</li>
</ul>
<p>Heavy Iron Supply Co. supplies attachments, rubber tracks, and undercarriage parts for working machines nationwide.</p>",CID Attachments,Skid Steer Attachment,"Grading Tool, Skid Steer, Skid Steer Attachment",Active,TRUE,web,attachment,TRUE,Size,"44""",,,,,XR44,1196.00,1352.00,1040.00,,,continue,,manual,True,True,https://cdn.shopify.com/s/files/1/0952/1977/7823/files/ripper.png?v=1779306435,1,CID X-Treme Ripper | Heavy Iron Supply Co,
cid-xtreme-ripper,,,,,,,,,,,,Size,"48""",,,,,XR48,1288.00,1456.00,1120.00,,,continue,,manual,True,True,,,,
cid-xtreme-ripper,,,,,,,,,,,,Size,"60""",,,,,XR60,1362.75,1540.50,1185.00,300,lb,continue,,manual,True,True,,,,
cid-xtreme-ripper,,,,,,,,,,,,Size,"72""",,,,,XR72,1453.60,1643.20,1264.00,392,lb,continue,,manual,True,True,,,,
cid-xtreme-ripper,,,,,,,,,,,,Size,"78""",,,,,XR78,1519.15,1717.30,1321.00,391,lb,continue,,manual,True,True,,,,
cid-xtreme-ripper,,,,,,,,,,,,Size,"84""",,,,,XR84,1545.60,1747.20,1344.00,427,lb,continue,,manual,True,True,,,,
cid-xtreme-ripper,,,,,,,,,,,,Size,"96""",,,,,XR96,1636.45,1849.90,1423.00,465,lb,continue,,manual,True,True,,,,
cid-xtreme-ripper,,,,,,,,,,,,,,,,,,,,,,,,,,,,,https://cdn.shopify.com/s/files/1/0952/1977/7823/files/cid-skid-steer-ripper-clsoeout-1__13977.png?v=1779306434,2,CID X-Treme Ripper | Heavy Iron Supply Co,
cid-xtreme-ripper-wfr,MERGE,X-Treme Ripper with Finishing Rake - Heavy-Duty Attachment,"<p><strong>X-Treme Ripper with Finishing Rake - Heavy-Duty Attachment</strong> is a jobsite-ready equipment attachment for contractors who need dependable performance without wasted downtime.</p>
<ul>
<li>
<strong>Heavy-duty build</strong> for daily construction, grading, land clearing, material handling, and utility work.</li>
<li>
<strong>Machine compatibility support</strong> helps confirm coupler, mount, hydraulic flow, and sizing before purchase.</li>
<li>
<strong>Freight support</strong> available for large attachments and commercial delivery needs.</li>
<li>
<strong>Fleet and dealer pricing</strong> available for qualified repeat buyers.</li>
</ul>
<p>Heavy Iron Supply Co. supplies attachments, rubber tracks, and undercarriage parts for working machines nationwide.</p>",CID Attachments,Skid Steer Attachment,"Grading Tool, Skid Steer, Skid Steer Attachment",Active,TRUE,web,attachment,TRUE,Size,"44""",,,,,XRWFR44,1447.85,1636.70,1259.00,,,continue,,manual,True,True,https://cdn.shopify.com/s/files/1/0952/1977/7823/files/CID_Root_Rake_a58d76e6-318b-443b-ae2b-08f6cbf02e56.png?v=1779315528,1,X-Treme Ripper with Finishing Rake | Heavy Iron Supply Co,
cid-xtreme-ripper-wfr,,,,,,,,,,,,Size,"48""",,,,,XRWFR48,1544.45,1745.90,1343.00,,,continue,,manual,True,True,,,,
cid-xtreme-ripper-wfr,,,,,,,,,,,,Size,"60""",,,,,XRWFR60,1642.20,1856.40,1428.00,,,continue,,manual,True,True,,,,
cid-xtreme-ripper-wfr,,,,,,,,,,,,Size,"72""",,,,,XRWFR72,1787.10,2020.20,1554.00,448,lb,continue,,manual,True,True,,,,
cid-xtreme-ripper-wfr,,,,,,,,,,,,Size,"78""",,,,,XRWFR78,1914.75,2164.50,1665.00,449,lb,continue,,manual,True,True,,,,
cid-xtreme-ripper-wfr,,,,,,,,,,,,Size,"84""",,,,,XRWFR84,1933.15,2185.30,1681.00,498,lb,continue,,manual,True,True,,,,
cid-xtreme-ripper-wfr,,,,,,,,,,,,Size,"96""",,,,,XRWFR96,2078.05,2349.10,1807.00,,,continue,,manual,True,True,,,,
cid-xtreme-ripper-wfr,,,,,,,,,,,,,,,,,,,,,,,,,,,,,https://cdn.shopify.com/s/files/1/0952/1977/7823/files/CID_Root_Rake_1e679e39-1017-44f4-ad76-4c8fb06afc57.png?v=1779315529,2,X-Treme Ripper with Finishing Rake | Heavy Iron Supply Co,
cid-xtreme-rock-grapple,MERGE,X-Treme Duty Rock Grapple - Heavy-Duty Attachment,"<p><strong>X-Treme Duty Rock Grapple - Heavy-Duty Attachment</strong> is a jobsite-ready equipment attachment for contractors who need dependable performance without wasted downtime.</p>
<ul>
<li>
<strong>Heavy-duty build</strong> for daily construction, grading, land clearing, material handling, and utility work.</li>
<li>
<strong>Machine compatibility support</strong> helps confirm coupler, mount, hydraulic flow, and sizing before purchase.</li>
<li>
<strong>Freight support</strong> available for large attachments and commercial delivery needs.</li>
<li>
<strong>Fleet and dealer pricing</strong> available for qualified repeat buyers.</li>
</ul>
<p>Heavy Iron Supply Co. supplies attachments, rubber tracks, and undercarriage parts for working machines nationwide.</p>",CID Attachments,Skid Steer Attachment,"Grapple, Skid Steer, Skid Steer Attachment",Active,TRUE,web,attachment,TRUE,Size,"60""",,,,,XROKG60,3665.05,4143.10,3187.00,913,lb,continue,,manual,True,True,https://cdn.shopify.com/s/files/1/0952/1977/7823/files/cid-grapple-skid-steer_abb9f064-4bd9-4b41-9547-46b1145db72e.webp?v=1779040396,1,X-Treme Duty Rock Grapple | Heavy Duty Skid Steer Attachment,
cid-xtreme-rock-grapple,,,,,,,,,,,,Size,"66""",,,,,XROKG66,3763.95,4254.90,3273.00,1018,lb,continue,,manual,True,True,,,,
cid-xtreme-rock-grapple,,,,,,,,,,,,Size,"72""",,,,,XROKG72,3860.55,4364.10,3357.00,1064,lb,continue,,manual,True,True,,,,
cid-xtreme-rock-grapple,,,,,,,,,,,,Size,"78""",,,,,XROKG78,3976.70,4495.40,3458.00,1110,lb,continue,,manual,True,True,,,,
cid-xtreme-rock-grapple,,,,,,,,,,,,Size,"81""",,,,,XROKG81,4048.00,4576.00,3520.00,1082,lb,continue,,manual,True,True,,,,
cid-xtreme-rock-grapple,,,,,,,,,,,,Size,"84""",,,,,XROKG84,4115.85,4652.70,3579.00,1160,lb,continue,,manual,True,True,,,,
cid-xtreme-rock-grapple,,,,,,,,,,,,Size,"90""",,,,,XROKG90,4291.80,4851.60,3732.00,,,continue,,manual,True,True,,,,
cid-xtreme-rock-grapple,,,,,,,,,,,,Size,"96""",,,,,XROKG96,4466.60,5049.20,3884.00,,,continue,,manual,True,True,,,,
cid-xtreme-rock-grapple,,,,,,,,,,,,,,,,,,,,,,,,,,,,,https://cdn.shopify.com/s/files/1/0952/1977/7823/files/XtremeDutyRockGrapple_WithMachine.png?v=1779306311,2,X-Treme Duty Rock Grapple | Heavy Duty Skid Steer Attachment,
cid-xtreme-root-grapple,MERGE,X-Treme Root Grapple - Heavy-Duty Attachment,"<p><strong>X-Treme Root Grapple - Heavy-Duty Attachment</strong> is a jobsite-ready equipment attachment for contractors who need dependable performance without wasted downtime.</p>
<ul>
<li>
<strong>Heavy-duty build</strong> for daily construction, grading, land clearing, material handling, and utility work.</li>
<li>
<strong>Machine compatibility support</strong> helps confirm coupler, mount, hydraulic flow, and sizing before purchase.</li>
<li>
<strong>Freight support</strong> available for large attachments and commercial delivery needs.</li>
<li>
<strong>Fleet and dealer pricing</strong> available for qualified repeat buyers.</li>
</ul>
<p>Heavy Iron Supply Co. supplies attachments, rubber tracks, and undercarriage parts for working machines nationwide.</p>",CID Attachments,Skid Steer Attachment,"Grapple, Skid Steer, Skid Steer Attachment",Active,TRUE,web,attachment,TRUE,Size,"63""",,,,,XRG63,2990.00,3380.00,2600.00,843,lb,continue,,manual,True,True,https://cdn.shopify.com/s/files/1/0952/1977/7823/files/cid-grapple-skid-steer_c4ad97ef-1721-47cf-83cf-dff1ba43d2c0.webp?v=1779040396,1,X-Treme Root Grapple | Heavy Duty Skid Steer Attachment,
cid-xtreme-root-grapple,,,,,,,,,,,,Size,"66""",,,,,XRG66,3034.85,3430.70,2639.00,859,lb,continue,,manual,True,True,,,,
cid-xtreme-root-grapple,,,,,,,,,,,,Size,"72""",,,,,XRG72,3125.70,3533.40,2718.00,911,lb,continue,,manual,True,True,,,,
cid-xtreme-root-grapple,,,,,,,,,,,,Size,"78""",,,,,XRG78,3216.55,3636.10,2797.00,920,lb,continue,,manual,True,True,,,,
cid-xtreme-root-grapple,,,,,,,,,,,,Size,"81""",,,,,XRG81,3307.40,3738.80,2876.00,962,lb,continue,,manual,True,True,,,,
cid-xtreme-root-grapple,,,,,,,,,,,,Size,"84""",,,,,XRG84,3398.25,3841.50,2955.00,969,lb,continue,,manual,True,True,,,,
cid-xtreme-root-grapple,,,,,,,,,,,,Size,"90""",,,,,XRG90,3553.50,4017.00,3090.00,991,lb,continue,,manual,True,True,,,,
cid-xtreme-root-grapple,,,,,,,,,,,,Size,"96""",,,,,XRG96,3707.60,4191.20,3224.00,1015,lb,continue,,manual,True,True,,,,
cid-xtreme-root-grapple,,,,,,,,,,,,,,,,,,,,,,,,,,,,,https://cdn.shopify.com/s/files/1/0952/1977/7823/files/X-Treme-Duty-Root-Grapple-Gray-Machine-Mockup.png?v=1779306141,2,X-Treme Root Grapple | Heavy Duty Skid Steer Attachment,
cid-xtreme-root-grapple,,,,,,,,,,,,,,,,,,,,,,,,,,,,,https://cdn.shopify.com/s/files/1/0952/1977/7823/files/XRG81-S-81in-Xtreme-Root-Grapple00345.png?v=1779306142,3,X-Treme Root Grapple | Heavy Duty Skid Steer Attachment,
cid-xtreme-root-rake,MERGE,X-Treme Root Rake - Heavy-Duty Attachment,"<p><strong>X-Treme Root Rake - Heavy-Duty Attachment</strong> is a jobsite-ready equipment attachment for contractors who need dependable performance without wasted downtime.</p>
<ul>
<li>
<strong>Heavy-duty build</strong> for daily construction, grading, land clearing, material handling, and utility work.</li>
<li>
<strong>Machine compatibility support</strong> helps confirm coupler, mount, hydraulic flow, and sizing before purchase.</li>
<li>
<strong>Freight support</strong> available for large attachments and commercial delivery needs.</li>
<li>
<strong>Fleet and dealer pricing</strong> available for qualified repeat buyers.</li>
</ul>
<p>Heavy Iron Supply Co. supplies attachments, rubber tracks, and undercarriage parts for working machines nationwide.</p>",CID Attachments,Skid Steer Attachment,"Forestry Tool, Skid Steer, Skid Steer Attachment",Active,TRUE,web,attachment,TRUE,Size,"66""",,,,,XRR66,1592.75,1800.50,1385.00,450,lb,continue,,manual,True,True,https://cdn.shopify.com/s/files/1/0952/1977/7823/files/cid-grapple-rake-mini_01fd8e19-cf7c-4ae0-94f4-44a2320b5a3d.webp?v=1779040396,1,X-Treme Root Rake | Heavy Duty Skid Steer Attachment,
cid-xtreme-root-rake,,,,,,,,,,,,Size,"72""",,,,,XRR72,1696.25,1917.50,1475.00,452,lb,continue,,manual,True,True,,,,
cid-xtreme-root-rake,,,,,,,,,,,,Size,"78""",,,,,XRR78,1767.55,1998.10,1537.00,512,lb,continue,,manual,True,True,,,,
cid-xtreme-root-rake,,,,,,,,,,,,Size,"84""",,,,,XRR84,1838.85,2078.70,1599.00,517,lb,continue,,manual,True,True,,,,
cid-xtreme-root-rake,,,,,,,,,,,,Size,"96""",,,,,XRR96,1910.15,2159.30,1661.00,584,lb,continue,,manual,True,True,,,,
cid-xtreme-root-rake,,,,,,,,,,,,,,,,,,,,,,,,,,,,,https://cdn.shopify.com/s/files/1/0952/1977/7823/files/CID_Root_Rake_87e1cd7d-ca93-4d05-9d87-e682e1e9b6f1.png?v=1779305788,2,X-Treme Root Rake | Heavy Duty Skid Steer Attachment,
cid-xtreme-root-rake,,,,,,,,,,,,,,,,,,,,,,,,,,,,,https://cdn.shopify.com/s/files/1/0952/1977/7823/files/CID_Root_Rake.png?v=1779305786,3,X-Treme Root Rake | Heavy Duty Skid Steer Attachment,
cid-xtreme-rotary-tiller,MERGE,X-Treme 20-40 GPM Rotary Tiller - Heavy-Duty Attachment,"<p><strong>X-Treme 20-40 GPM Rotary Tiller - Heavy-Duty Attachment</strong> is a jobsite-ready equipment attachment for contractors who need dependable performance without wasted downtime.</p>
<ul>
<li>
<strong>Heavy-duty build</strong> for daily construction, grading, land clearing, material handling, and utility work.</li>
<li>
<strong>Machine compatibility support</strong> helps confirm coupler, mount, hydraulic flow, and sizing before purchase.</li>
<li>
<strong>Freight support</strong> available for large attachments and commercial delivery needs.</li>
<li>
<strong>Fleet and dealer pricing</strong> available for qualified repeat buyers.</li>
</ul>
<p>Heavy Iron Supply Co. supplies attachments, rubber tracks, and undercarriage parts for working machines nationwide.</p>",CID Attachments,Skid Steer Attachment,"Agriculture, Skid Steer, Skid Steer Attachment",Active,TRUE,web,attachment,TRUE,Size,"72""",,,,,XTHF72,4870.25,5505.50,4235.00,856,lb,continue,,manual,True,True,https://cdn.shopify.com/s/files/1/0952/1977/7823/files/Rotary-Tiller_07751.png?v=1779305798,1,CID X-Treme Rotary Tiller | Heavy Iron Supply Co,
cid-xtreme-rotary-tiller,,,,,,,,,,,,Size,"84""",,,,,XTHF84,5139.35,5809.70,4469.00,949,lb,continue,,manual,True,True,,,,
cid-xtreme-rotary-tiller,,,,,,,,,,,,Size,"72""",Flow (GPM),14-20 GPM,,,XTLF72,3617.90,4089.80,3146.00,794,lb,continue,,manual,True,True,,,,
cid-xtreme-rotary-tiller,,,,,,,,,,,,,,,,,,,,,,,,,,,,,https://cdn.shopify.com/s/files/1/0952/1977/7823/files/Rotary-Tiller_07746.png?v=1779305797,2,CID X-Treme Rotary Tiller | Heavy Iron Supply Co,
cid-xtreme-snow-plow-hyd,MERGE,X-Treme Snow Plow (Hydraulic) - Heavy-Duty Attachment,"<p><strong>X-Treme Snow Plow (Hydraulic) - Heavy-Duty Attachment</strong> is a jobsite-ready equipment attachment for contractors who need dependable performance without wasted downtime.</p>
<ul>
<li>
<strong>Heavy-duty build</strong> for daily construction, grading, land clearing, material handling, and utility work.</li>
<li>
<strong>Machine compatibility support</strong> helps confirm coupler, mount, hydraulic flow, and sizing before purchase.</li>
<li>
<strong>Freight support</strong> available for large attachments and commercial delivery needs.</li>
<li>
<strong>Fleet and dealer pricing</strong> available for qualified repeat buyers.</li>
</ul>
<p>Heavy Iron Supply Co. supplies attachments, rubber tracks, and undercarriage parts for working machines nationwide.</p>",CID Attachments,Skid Steer Attachment,"Skid Steer, Skid Steer Attachment, Snow Equipment",Active,TRUE,web,attachment,TRUE,Size,"108""",,,,,XSPLOW108,3257.95,3682.90,2833.00,1062,lb,continue,,manual,True,True,https://cdn.shopify.com/s/files/1/0952/1977/7823/files/X-treme_Snow_Plow_-_CID.png?v=1779305848,1,CID X-Treme Snow Plow Hydraulic | Heavy Iron Supply Co,
cid-xtreme-snow-plow-hyd,,,,,,,,,,,,Size,"120""",,,,,XSPLOW120,3475.30,3928.60,3022.00,1180,lb,continue,,manual,True,True,,,,
cid-xtreme-snow-plow-hyd,,,,,,,,,,,,Size,"144""",,,,,XSPLOW144,4073.30,4604.60,3542.00,1311,lb,continue,,manual,True,True,,,,
cid-xtreme-snow-plow-hyd,,,,,,,,,,,,Size,"72""",,,,,XSPLOW72,2878.45,3253.90,2503.00,812,lb,continue,,manual,True,True,,,,
cid-xtreme-snow-plow-hyd,,,,,,,,,,,,Size,"84""",,,,,XSPLOW84,2983.10,3372.20,2594.00,857,lb,continue,,manual,True,True,,,,
cid-xtreme-snow-plow-hyd,,,,,,,,,,,,Size,"96""",,,,,XSPLOW96,3095.80,3499.60,2692.00,948,lb,continue,,manual,True,True,,,,
cid-xtreme-snow-plow-man,MERGE,X-Treme Snow Plow (Manual) - Heavy-Duty Attachment,"<p><strong>X-Treme Snow Plow (Manual) - Heavy-Duty Attachment</strong> is a jobsite-ready equipment attachment for contractors who need dependable performance without wasted downtime.</p>
<ul>
<li>
<strong>Heavy-duty build</strong> for daily construction, grading, land clearing, material handling, and utility work.</li>
<li>
<strong>Machine compatibility support</strong> helps confirm coupler, mount, hydraulic flow, and sizing before purchase.</li>
<li>
<strong>Freight support</strong> available for large attachments and commercial delivery needs.</li>
<li>
<strong>Fleet and dealer pricing</strong> available for qualified repeat buyers.</li>
</ul>
<p>Heavy Iron Supply Co. supplies attachments, rubber tracks, and undercarriage parts for working machines nationwide.</p>",CID Attachments,Skid Steer Attachment,"Skid Steer, Skid Steer Attachment, Snow Equipment",Active,TRUE,web,attachment,TRUE,Size,"108""",,,,,XSPLOWM108,3039.45,3435.90,2643.00,1062,lb,continue,,manual,True,True,https://cdn.shopify.com/s/files/1/0952/1977/7823/files/cid-X-Treme-Duty-Manual-Snow-Plow.png?v=1779306376,1,CID X-Treme Manual Snow Plow | Heavy Iron Supply Co,
cid-xtreme-snow-plow-man,,,,,,,,,,,,Size,"120""",,,,,XSPLOWM120,3257.95,3682.90,2833.00,1180,lb,continue,,manual,True,True,,,,
cid-xtreme-snow-plow-man,,,,,,,,,,,,Size,"144""",,,,,XSPLOWM144,3637.45,4111.90,3163.00,1311,lb,continue,,manual,True,True,,,,
cid-xtreme-snow-plow-man,,,,,,,,,,,,Size,"72""",,,,,XSPLOWM72,2661.10,3008.20,2314.00,812,lb,continue,,manual,True,True,,,,
cid-xtreme-snow-plow-man,,,,,,,,,,,,Size,"84""",,,,,XSPLOWM84,2765.75,3126.50,2405.00,857,lb,continue,,manual,True,True,,,,
cid-xtreme-snow-plow-man,,,,,,,,,,,,Size,"96""",,,,,XSPLOWM96,2878.45,3253.90,2503.00,948,lb,continue,,manual,True,True,,,,
cid-xtreme-snow-pusher,MERGE,X-Treme Snow Pusher - Heavy-Duty Attachment,"<p><strong>X-Treme Snow Pusher - Heavy-Duty Attachment</strong> is a jobsite-ready equipment attachment for contractors who need dependable performance without wasted downtime.</p>
<ul>
<li>
<strong>Heavy-duty build</strong> for daily construction, grading, land clearing, material handling, and utility work.</li>
<li>
<strong>Machine compatibility support</strong> helps confirm coupler, mount, hydraulic flow, and sizing before purchase.</li>
<li>
<strong>Freight support</strong> available for large attachments and commercial delivery needs.</li>
<li>
<strong>Fleet and dealer pricing</strong> available for qualified repeat buyers.</li>
</ul>
<p>Heavy Iron Supply Co. supplies attachments, rubber tracks, and undercarriage parts for working machines nationwide.</p>",CID Attachments,Skid Steer Attachment,"Skid Steer, Skid Steer Attachment, Snow Equipment",Active,TRUE,web,attachment,TRUE,Size,"120""",,,,,CTSPUSH120,1891.75,2138.50,1645.00,,,continue,,manual,True,True,https://cdn.shopify.com/s/files/1/0952/1977/7823/files/cid-snow-pusher-compact_b6d31c5c-9148-45ef-ad0d-3a21c68d722e.webp?v=1779040396,1,X-Treme Snow Pusher | Heavy Duty Skid Steer Attachment,
cid-xtreme-snow-pusher,,,,,,,,,,,,Size,"48""",,,,,CTSPUSH48,1375.40,1554.80,1196.00,,,continue,,manual,True,True,,,,
cid-xtreme-snow-pusher,,,,,,,,,,,,Size,"60""",,,,,CTSPUSH60,1463.95,1654.90,1273.00,309,lb,continue,,manual,True,True,,,,
cid-xtreme-snow-pusher,,,,,,,,,,,,Size,"72""",,,,,CTSPUSH72,1552.50,1755.00,1350.00,859,lb,continue,,manual,True,True,,,,
cid-xtreme-snow-pusher,,,,,,,,,,,,Size,"84""",,,,,CTSPUSH84,1642.20,1856.40,1428.00,445,lb,continue,,manual,True,True,,,,
cid-xtreme-snow-pusher,,,,,,,,,,,,Size,"96""",,,,,CTSPUSH96,1788.25,2021.50,1555.00,,,continue,,manual,True,True,,,,
cid-xtreme-snow-pusher,,,,,,,,,,,,Size,"108""",,,,,SPUSH108,3232.65,3654.30,2811.00,1016,lb,continue,,manual,True,True,,,,
cid-xtreme-snow-pusher,,,,,,,,,,,,Size,"120""",,,,,SPUSH120,3525.90,3985.80,3066.00,1052,lb,continue,,manual,True,True,,,,
cid-xtreme-snow-pusher,,,,,,,,,,,,Size,"144""",,,,,SPUSH144,3820.30,4318.60,3322.00,1133,lb,continue,,manual,True,True,,,,
cid-xtreme-snow-pusher,,,,,,,,,,,,Size,"60""",,,,,SPUSH60,2349.45,2655.90,2043.00,713,lb,continue,,manual,True,True,,,,
cid-xtreme-snow-pusher,,,,,,,,,,,,Size,"72""",,,,,SPUSH72,2546.10,2878.20,2214.00,856,lb,continue,,manual,True,True,,,,
cid-xtreme-snow-pusher,,,,,,,,,,,,Size,"84""",,,,,SPUSH84,2742.75,3100.50,2385.00,892,lb,continue,,manual,True,True,,,,
cid-xtreme-snow-pusher,,,,,,,,,,,,Size,"90""",,,,,SPUSH90,2839.35,3209.70,2469.00,904,lb,continue,,manual,True,True,,,,
cid-xtreme-snow-pusher,,,,,,,,,,,,Size,"96""",,,,,SPUSH96,2938.25,3321.50,2555.00,951,lb,continue,,manual,True,True,,,,
cid-xtreme-snow-pusher,,,,,,,,,,,,,,,,,,,,,,,,,,,,,https://cdn.shopify.com/s/files/1/0952/1977/7823/files/X-Treme_Snow_Pusher_-_CID.png?v=1779305807,2,X-Treme Snow Pusher | Heavy Duty Skid Steer Attachment,
cid-xtreme-tl-bucket,MERGE,X-Treme Track Loader Bucket - Heavy-Duty Attachment,"<p><strong>X-Treme Track Loader Bucket - Heavy-Duty Attachment</strong> is a jobsite-ready equipment attachment for contractors who need dependable performance without wasted downtime.</p>
<ul>
<li>
<strong>Heavy-duty build</strong> for daily construction, grading, land clearing, material handling, and utility work.</li>
<li>
<strong>Machine compatibility support</strong> helps confirm coupler, mount, hydraulic flow, and sizing before purchase.</li>
<li>
<strong>Freight support</strong> available for large attachments and commercial delivery needs.</li>
<li>
<strong>Fleet and dealer pricing</strong> available for qualified repeat buyers.</li>
</ul>
<p>Heavy Iron Supply Co. supplies attachments, rubber tracks, and undercarriage parts for working machines nationwide.</p>",CID Attachments,Skid Steer Attachment,"Bucket, Skid Steer, Skid Steer Attachment",Active,TRUE,web,attachment,TRUE,Size,"66""",Teeth,Standard,,,TAKB66,1656.00,1872.00,1440.00,644,lb,continue,,manual,True,True,https://cdn.shopify.com/s/files/1/0952/1977/7823/files/cid-track-loader-bucket-xtreme_255dbdbc-85da-4112-9afa-93506f305277.webp?v=1779040396,1,X-Treme Track Loader Bucket | Heavy Duty Skid Steer Attachment,
cid-xtreme-tl-bucket,,,,,,,,,,,,Size,"66""",Teeth,With Teeth,,,TAKB66T,1958.45,2213.90,1703.00,,,continue,,manual,True,True,,,,"{""mpn"":""TAKB66T"",""duty"":""xtreme"",""fits"":""Universal skid steer & compact track loader quick-attach"",""brand"":""CID"",""family"":""X-treme Track Loader Bucket"",""width_in"":66,""weight_lbs"":681,""availability"":""MadeToOrder"",""cutting_edge"":""Bolt-on teeth"",""product_type"":""Bucket"",""weight_estimated"":true,""has_teeth"":true,""teeth"":""With Teeth"",""weld_on_teeth"":""With Teeth"",""sku"":""TAKB66T"",""family_handle"":""cid-xtreme-tl-bucket"",""family_title"":""X-Treme Track Loader Bucket - Heavy-Duty Attachment""}"
cid-xtreme-tl-bucket,,,,,,,,,,,,Size,"72""",Teeth,Standard,,,TAKB72,1733.05,1959.10,1507.00,703,lb,continue,,manual,True,True,,,,"{""mpn"":""TAKB72"",""duty"":""xtreme"",""fits"":""Universal skid steer & compact track loader quick-attach"",""brand"":""CID"",""family"":""X-treme Track Loader Bucket"",""width_in"":72,""weight_lbs"":703,""availability"":""MadeToOrder"",""cutting_edge"":""Smooth"",""product_type"":""Bucket"",""has_teeth"":false,""teeth"":""Standard"",""weld_on_teeth"":""Optional"",""sku"":""TAKB72"",""family_handle"":""cid-xtreme-tl-bucket"",""family_title"":""X-Treme Track Loader Bucket - Heavy-Duty Attachment""}"
cid-xtreme-tl-bucket,,,,,,,,,,,,Size,"72""",Teeth,With Teeth,,,TAKB72T,2051.60,2319.20,1784.00,760,lb,continue,,manual,True,True,,,,"{""mpn"":""TAKB72T"",""duty"":""xtreme"",""fits"":""Universal skid steer & compact track loader quick-attach"",""brand"":""CID"",""family"":""X-treme Track Loader Bucket"",""width_in"":72,""weight_lbs"":760,""availability"":""MadeToOrder"",""cutting_edge"":""Bolt-on teeth"",""product_type"":""Bucket"",""has_teeth"":true,""teeth"":""With Teeth"",""weld_on_teeth"":""With Teeth"",""sku"":""TAKB72T"",""family_handle"":""cid-xtreme-tl-bucket"",""family_title"":""X-Treme Track Loader Bucket - Heavy-Duty Attachment""}"
cid-xtreme-tl-bucket,,,,,,,,,,,,Size,"74""",Teeth,Standard,,,TAKB74,1808.95,2044.90,1573.00,723,lb,continue,,manual,True,True,,,,"{""mpn"":""TAKB74"",""duty"":""xtreme"",""fits"":""Universal skid steer & compact track loader quick-attach"",""brand"":""CID"",""family"":""X-treme Track Loader Bucket"",""width_in"":74,""weight_lbs"":723,""availability"":""MadeToOrder"",""cutting_edge"":""Smooth"",""product_type"":""Bucket"",""weight_estimated"":true,""has_teeth"":false,""teeth"":""Standard"",""weld_on_teeth"":""Optional"",""sku"":""TAKB74"",""family_handle"":""cid-xtreme-tl-bucket"",""family_title"":""X-Treme Track Loader Bucket - Heavy-Duty Attachment""}"
cid-xtreme-tl-bucket,,,,,,,,,,,,Size,"74""",Teeth,With Teeth,,,TAKB74T,2143.60,2423.20,1864.00,,,continue,,manual,True,True,,,,"{""mpn"":""TAKB74T"",""duty"":""xtreme"",""fits"":""Universal skid steer & compact track loader quick-attach"",""brand"":""CID"",""family"":""X-treme Track Loader Bucket"",""width_in"":74,""weight_lbs"":750,""availability"":""MadeToOrder"",""cutting_edge"":""Bolt-on teeth"",""product_type"":""Bucket"",""weight_estimated"":true,""has_teeth"":true,""teeth"":""With Teeth"",""weld_on_teeth"":""With Teeth"",""sku"":""TAKB74T"",""family_handle"":""cid-xtreme-tl-bucket"",""family_title"":""X-Treme Track Loader Bucket - Heavy-Duty Attachment""}"
cid-xtreme-tl-bucket,,,,,,,,,,,,Size,"78""",Teeth,Standard,,,TAKB78,1884.85,2130.70,1639.00,745,lb,continue,,manual,True,True,,,,"{""mpn"":""TAKB78"",""duty"":""xtreme"",""fits"":""Universal skid steer & compact track loader quick-attach"",""brand"":""CID"",""family"":""X-treme Track Loader Bucket"",""width_in"":78,""weight_lbs"":745,""availability"":""MadeToOrder"",""cutting_edge"":""Smooth"",""product_type"":""Bucket"",""has_teeth"":false,""teeth"":""Standard"",""weld_on_teeth"":""Optional"",""sku"":""TAKB78"",""family_handle"":""cid-xtreme-tl-bucket"",""family_title"":""X-Treme Track Loader Bucket - Heavy-Duty Attachment""}"
cid-xtreme-tl-bucket,,,,,,,,,,,,Size,"78""",Teeth,With Teeth,,,TAKB78T,2235.60,2527.20,1944.00,816,lb,continue,,manual,True,True,,,,"{""mpn"":""TAKB78T"",""duty"":""xtreme"",""fits"":""Universal skid steer & compact track loader quick-attach"",""brand"":""CID"",""family"":""X-treme Track Loader Bucket"",""width_in"":78,""weight_lbs"":816,""availability"":""MadeToOrder"",""cutting_edge"":""Bolt-on teeth"",""product_type"":""Bucket"",""has_teeth"":true,""teeth"":""With Teeth"",""weld_on_teeth"":""With Teeth"",""sku"":""TAKB78T"",""family_handle"":""cid-xtreme-tl-bucket"",""family_title"":""X-Treme Track Loader Bucket - Heavy-Duty Attachment""}"
cid-xtreme-tl-bucket,,,,,,,,,,,,Size,"80""",Teeth,With Teeth,,,TAKB80T,2275.85,2572.70,1979.00,,,continue,,manual,True,True,,,,"{""mpn"":""TAKB80T"",""duty"":""xtreme"",""fits"":""Universal skid steer & compact track loader quick-attach"",""brand"":""CID"",""family"":""X-treme Track Loader Bucket"",""width_in"":80,""weight_lbs"":801,""availability"":""MadeToOrder"",""cutting_edge"":""Bolt-on teeth"",""product_type"":""Bucket"",""weight_estimated"":true,""has_teeth"":true,""teeth"":""With Teeth"",""weld_on_teeth"":""With Teeth"",""sku"":""TAKB80T"",""family_handle"":""cid-xtreme-tl-bucket"",""family_title"":""X-Treme Track Loader Bucket - Heavy-Duty Attachment""}"
cid-xtreme-tl-bucket,,,,,,,,,,,,Size,"81""",Teeth,Standard,,,TAKB81,1963.05,2219.10,1707.00,787,lb,continue,,manual,True,True,,,,"{""mpn"":""TAKB81"",""duty"":""xtreme"",""fits"":""Universal skid steer & compact track loader quick-attach"",""brand"":""CID"",""family"":""X-treme Track Loader Bucket"",""width_in"":81,""weight_lbs"":787,""availability"":""MadeToOrder"",""cutting_edge"":""Smooth"",""product_type"":""Bucket"",""has_teeth"":false,""teeth"":""Standard"",""weld_on_teeth"":""Optional"",""sku"":""TAKB81"",""family_handle"":""cid-xtreme-tl-bucket"",""family_title"":""X-Treme Track Loader Bucket - Heavy-Duty Attachment""}"
cid-xtreme-tl-bucket,,,,,,,,,,,,Size,"81""",Teeth,With Teeth,,,TAKB81T,2317.25,2619.50,2015.00,834,lb,continue,,manual,True,True,,,,"{""mpn"":""TAKB81T"",""duty"":""xtreme"",""fits"":""Universal skid steer & compact track loader quick-attach"",""brand"":""CID"",""family"":""X-treme Track Loader Bucket"",""width_in"":81,""weight_lbs"":834,""availability"":""MadeToOrder"",""cutting_edge"":""Bolt-on teeth"",""product_type"":""Bucket"",""has_teeth"":true,""teeth"":""With Teeth"",""weld_on_teeth"":""With Teeth"",""sku"":""TAKB81T"",""family_handle"":""cid-xtreme-tl-bucket"",""family_title"":""X-Treme Track Loader Bucket - Heavy-Duty Attachment""}"
cid-xtreme-tl-bucket,,,,,,,,,,,,Size,"84""",Teeth,Standard,,,TAKB84,2036.65,2302.30,1771.00,811,lb,continue,,manual,True,True,,,,"{""mpn"":""TAKB84"",""duty"":""xtreme"",""fits"":""Universal skid steer & compact track loader quick-attach"",""brand"":""CID"",""family"":""X-treme Track Loader Bucket"",""width_in"":84,""weight_lbs"":811,""availability"":""MadeToOrder"",""cutting_edge"":""Smooth"",""product_type"":""Bucket"",""has_teeth"":false,""teeth"":""Standard"",""weld_on_teeth"":""Optional"",""sku"":""TAKB84"",""family_handle"":""cid-xtreme-tl-bucket"",""family_title"":""X-Treme Track Loader Bucket - Heavy-Duty Attachment""}"
cid-xtreme-tl-bucket,,,,,,,,,,,,Size,"84""",Teeth,With Teeth,,,TAKB84T,2394.30,2706.60,2082.00,855,lb,continue,,manual,True,True,,,,"{""mpn"":""TAKB84T"",""duty"":""xtreme"",""fits"":""Universal skid steer & compact track loader quick-attach"",""brand"":""CID"",""family"":""X-treme Track Loader Bucket"",""width_in"":84,""weight_lbs"":855,""availability"":""MadeToOrder"",""cutting_edge"":""Bolt-on teeth"",""product_type"":""Bucket"",""has_teeth"":true,""teeth"":""With Teeth"",""weld_on_teeth"":""With Teeth"",""sku"":""TAKB84T"",""family_handle"":""cid-xtreme-tl-bucket"",""family_title"":""X-Treme Track Loader Bucket - Heavy-Duty Attachment""}"
cid-xtreme-tl-bucket,,,,,,,,,,,,Size,"90""",Teeth,Standard,,,TAKB90,2174.65,2458.30,1891.00,867,lb,continue,,manual,True,True,,,,"{""mpn"":""TAKB90"",""duty"":""xtreme"",""fits"":""Universal skid steer & compact track loader quick-attach"",""brand"":""CID"",""family"":""X-treme Track Loader Bucket"",""width_in"":90,""weight_lbs"":867,""availability"":""MadeToOrder"",""cutting_edge"":""Smooth"",""product_type"":""Bucket"",""has_teeth"":false,""teeth"":""Standard"",""weld_on_teeth"":""Optional"",""sku"":""TAKB90"",""family_handle"":""cid-xtreme-tl-bucket"",""family_title"":""X-Treme Track Loader Bucket - Heavy-Duty Attachment""}"
cid-xtreme-tl-bucket,,,,,,,,,,,,Size,"90""",Teeth,With Teeth,,,TAKB90T,2543.80,2875.60,2212.00,933,lb,continue,,manual,True,True,,,,"{""mpn"":""TAKB90T"",""duty"":""xtreme"",""fits"":""Universal skid steer & compact track loader quick-attach"",""brand"":""CID"",""family"":""X-treme Track Loader Bucket"",""width_in"":90,""weight_lbs"":933,""availability"":""MadeToOrder"",""cutting_edge"":""Bolt-on teeth"",""product_type"":""Bucket"",""has_teeth"":true,""teeth"":""With Teeth"",""weld_on_teeth"":""With Teeth"",""sku"":""TAKB90T"",""family_handle"":""cid-xtreme-tl-bucket"",""family_title"":""X-Treme Track Loader Bucket - Heavy-Duty Attachment""}"
cid-xtreme-tl-bucket,,,,,,,,,,,,Size,"96""",Teeth,Standard,,,TAKB96,2311.50,2613.00,2010.00,923,lb,continue,,manual,True,True,,,,"{""mpn"":""TAKB96"",""duty"":""xtreme"",""fits"":""Universal skid steer & compact track loader quick-attach"",""brand"":""CID"",""family"":""X-treme Track Loader Bucket"",""width_in"":96,""weight_lbs"":923,""availability"":""MadeToOrder"",""cutting_edge"":""Smooth"",""product_type"":""Bucket"",""has_teeth"":false,""teeth"":""Standard"",""weld_on_teeth"":""Optional"",""sku"":""TAKB96"",""family_handle"":""cid-xtreme-tl-bucket"",""family_title"":""X-Treme Track Loader Bucket - Heavy-Duty Attachment""}"
cid-xtreme-tl-bucket,,,,,,,,,,,,Size,"96""",Teeth,With Teeth,,,TAKB96T,2689.85,3040.70,2339.00,933,lb,continue,,manual,True,True,,,,"{""mpn"":""TAKB96T"",""duty"":""xtreme"",""fits"":""Universal skid steer & compact track loader quick-attach"",""brand"":""CID"",""family"":""X-treme Track Loader Bucket"",""width_in"":96,""weight_lbs"":933,""availability"":""MadeToOrder"",""cutting_edge"":""Bolt-on teeth"",""product_type"":""Bucket"",""has_teeth"":true,""teeth"":""With Teeth"",""weld_on_teeth"":""With Teeth"",""sku"":""TAKB96T"",""family_handle"":""cid-xtreme-tl-bucket"",""family_title"":""X-Treme Track Loader Bucket - Heavy-Duty Attachment""}"
cid-xtreme-tl-bucket,,,,,,,,,,,,,,,,,,,,,,,,,,,,,https://cdn.shopify.com/s/files/1/0952/1977/7823/files/X-treme_Track_Loader_Bucket_-_CID.png?v=1779305778,2,X-Treme Track Loader Bucket | Heavy Duty Skid Steer Attachment,
cid-xtreme-tl-bucket,,,,,,,,,,,,,,,,,,,,,,,,,,,,,https://cdn.shopify.com/s/files/1/0952/1977/7823/files/X-treme_Track_Loader_Bucket_-_CID_1855362e-caa6-4e43-9296-2ebc47bd6a18.png?v=1779305778,3,X-Treme Track Loader Bucket | Heavy Duty Skid Steer Attachment,
cid-xtreme-tl-bucket,,,,,,,,,,,,,,,,,,,,,,,,,,,,,https://cdn.shopify.com/s/files/1/0952/1977/7823/files/cid-track-loader-bucket-xtreme_1c2fefc6-ff71-4b57-ac77-f770abd59ef8.webp?v=1782092041,4,X-Treme Track Loader Bucket | Heavy Duty Skid Steer Attachment,
cid-xtreme-tractor-bucket,MERGE,X-Treme Tractor Bucket - Heavy-Duty Attachment,"<p><strong>X-Treme Tractor Bucket - Heavy-Duty Attachment</strong> is a jobsite-ready equipment attachment for contractors who need dependable performance without wasted downtime.</p>
<ul>
<li>
<strong>Heavy-duty build</strong> for daily construction, grading, land clearing, material handling, and utility work.</li>
<li>
<strong>Machine compatibility support</strong> helps confirm coupler, mount, hydraulic flow, and sizing before purchase.</li>
<li>
<strong>Freight support</strong> available for large attachments and commercial delivery needs.</li>
<li>
<strong>Fleet and dealer pricing</strong> available for qualified repeat buyers.</li>
</ul>
<p>Heavy Iron Supply Co. supplies attachments, rubber tracks, and undercarriage parts for working machines nationwide.</p>",CID Attachments,Skid Steer Attachment,"Agriculture, Compact Tractor, Skid Steer Attachment",Active,TRUE,web,attachment,TRUE,Size,"102""",,,,,XTRAC102,2446.05,2765.10,2127.00,1036,lb,continue,,manual,True,True,https://cdn.shopify.com/s/files/1/0952/1977/7823/files/cid-tractor-bucket-xtreme_8dba0dd4-b0b4-44cf-9716-aa10a626fc19.webp?v=1779040397,1,X-Treme Tractor Bucket | Heavy Duty Skid Steer Attachment,"{""mpn"":""XTRAC102"",""duty"":""xtreme"",""fits"":""Compact tractor quick-attach"",""brand"":""CID"",""family"":""X-treme Tractor Bucket"",""width_in"":102,""weight_lbs"":1036,""availability"":""MadeToOrder"",""cutting_edge"":""Smooth"",""product_type"":""Bucket"",""weight_estimated"":true,""has_teeth"":false,""sku"":""XTRAC102"",""family_handle"":""cid-xtreme-tractor-bucket"",""family_title"":""X-Treme Tractor Bucket - Heavy-Duty Attachment""}"
cid-xtreme-tractor-bucket,,,,,,,,,,,,Size,"108""",,,,,XTRAC108,2580.60,2917.20,2244.00,1097,lb,continue,,manual,True,True,,,,"{""mpn"":""XTRAC108"",""duty"":""xtreme"",""fits"":""Compact tractor quick-attach"",""brand"":""CID"",""family"":""X-treme Tractor Bucket"",""width_in"":108,""weight_lbs"":1097,""availability"":""MadeToOrder"",""cutting_edge"":""Smooth"",""product_type"":""Bucket"",""weight_estimated"":true,""has_teeth"":false,""sku"":""XTRAC108"",""family_handle"":""cid-xtreme-tractor-bucket"",""family_title"":""X-Treme Tractor Bucket - Heavy-Duty Attachment""}"
cid-xtreme-tractor-bucket,,,,,,,,,,,,Size,"72""",,,,,XTRAC72,1683.60,1903.20,1464.00,653,lb,continue,,manual,True,True,,,,"{""mpn"":""XTRAC72"",""duty"":""xtreme"",""fits"":""Compact tractor quick-attach"",""brand"":""CID"",""family"":""X-treme Tractor Bucket"",""width_in"":72,""weight_lbs"":653,""availability"":""MadeToOrder"",""cutting_edge"":""Smooth"",""product_type"":""Bucket"",""has_teeth"":false,""sku"":""XTRAC72"",""family_handle"":""cid-xtreme-tractor-bucket"",""family_title"":""X-Treme Tractor Bucket - Heavy-Duty Attachment""}"
cid-xtreme-tractor-bucket,,,,,,,,,,,,Size,"78""",,,,,XTRAC78,1788.25,2021.50,1555.00,707,lb,continue,,manual,True,True,,,,"{""mpn"":""XTRAC78"",""duty"":""xtreme"",""fits"":""Compact tractor quick-attach"",""brand"":""CID"",""family"":""X-treme Tractor Bucket"",""width_in"":78,""weight_lbs"":707,""availability"":""MadeToOrder"",""cutting_edge"":""Smooth"",""product_type"":""Bucket"",""weight_estimated"":true,""has_teeth"":false,""sku"":""XTRAC78"",""family_handle"":""cid-xtreme-tractor-bucket"",""family_title"":""X-Treme Tractor Bucket - Heavy-Duty Attachment""}"
cid-xtreme-tractor-bucket,,,,,,,,,,,,Size,"84""",,,,,XTRAC84,1889.45,2135.90,1643.00,747,lb,continue,,manual,True,True,,,,"{""mpn"":""XTRAC84"",""duty"":""xtreme"",""fits"":""Compact tractor quick-attach"",""brand"":""CID"",""family"":""X-treme Tractor Bucket"",""width_in"":84,""weight_lbs"":747,""availability"":""MadeToOrder"",""cutting_edge"":""Smooth"",""product_type"":""Bucket"",""has_teeth"":false,""sku"":""XTRAC84"",""family_handle"":""cid-xtreme-tractor-bucket"",""family_title"":""X-Treme Tractor Bucket - Heavy-Duty Attachment""}"
cid-xtreme-tractor-bucket,,,,,,,,,,,,Size,"90""",,,,,XTRAC90,2017.10,2280.20,1754.00,800,lb,continue,,manual,True,True,,,,"{""mpn"":""XTRAC90"",""duty"":""xtreme"",""fits"":""Compact tractor quick-attach"",""brand"":""CID"",""family"":""X-treme Tractor Bucket"",""width_in"":90,""weight_lbs"":800,""availability"":""MadeToOrder"",""cutting_edge"":""Smooth"",""product_type"":""Bucket"",""weight_estimated"":true,""has_teeth"":false,""sku"":""XTRAC90"",""family_handle"":""cid-xtreme-tractor-bucket"",""family_title"":""X-Treme Tractor Bucket - Heavy-Duty Attachment""}"
cid-xtreme-tractor-bucket,,,,,,,,,,,,Size,"96""",,,,,XTRAC96,2147.05,2427.10,1867.00,975,lb,continue,,manual,True,True,,,,"{""mpn"":""XTRAC96"",""duty"":""xtreme"",""fits"":""Compact tractor quick-attach"",""brand"":""CID"",""family"":""X-treme Tractor Bucket"",""width_in"":96,""weight_lbs"":975,""availability"":""MadeToOrder"",""cutting_edge"":""Smooth"",""product_type"":""Bucket"",""has_teeth"":false,""sku"":""XTRAC96"",""family_handle"":""cid-xtreme-tractor-bucket"",""family_title"":""X-Treme Tractor Bucket - Heavy-Duty Attachment""}"
cid-xtreme-tractor-bucket,,,,,,,,,,,,,,,,,,,,,,,,,,,,,https://cdn.shopify.com/s/files/1/0952/1977/7823/files/X-treme_Tractor_Bucket_-_CID.png?v=1779305923,2,X-Treme Tractor Bucket | Heavy Duty Skid Steer Attachment,
cid-xtreme-tractor-bucket,,,,,,,,,,,,,,,,,,,,,,,,,,,,,https://cdn.shopify.com/s/files/1/0952/1977/7823/files/cid-tractor-bucket-xtreme_eca2048a-ea4a-4616-97ad-3d1fe93fca7d.webp?v=1782092041,3,X-Treme Tractor Bucket | Heavy Duty Skid Steer Attachment,
