Handle,Command,Top Row,Variant SKU,Metafield: custom.fitment_json [json]
tnt1504867hdv,MERGE,TRUE,TNT1504867HDV,"{""verified"":true,""machine_type"":"""",""track_size"":""150x48Bx67"",""fits"":[{""make"":""Toro"",""model"":""DINGO TX1000"",""machine_type"":"""",""track_size"":""150x48Bx67"",""model_key"":""toro-dingo-tx1000""}],""display_text"":""Fits select Toro and other machines using 150x48Bx67 rubber tracks.""}"
tnt160876328xd,MERGE,TRUE,TNT160876328XD,"{""verified"":true,""machine_type"":""Mini Track Loader"",""track_size"":""160x87.63x28"",""fits"":[{""make"":""Toro"",""model"":""DINGO TX413"",""machine_type"":"""",""track_size"":""160x87.63x28"",""model_key"":""toro-dingo-tx413""},{""make"":""Toro"",""model"":""DINGO TX425"",""machine_type"":"""",""track_size"":""160x87.63x28"",""model_key"":""toro-dingo-tx425""},{""make"":""Toro"",""model"":""DINGO TX427"",""machine_type"":"""",""track_size"":""160x87.63x28"",""model_key"":""toro-dingo-tx427""},{""make"":""Toro"",""model"":""DINGO TX520"",""machine_type"":"""",""track_size"":""160x87.63x28"",""model_key"":""toro-dingo-tx520""},{""make"":""Toro"",""model"":""DINGO TX525"",""machine_type"":"""",""track_size"":""160x87.63x28"",""model_key"":""toro-dingo-tx525""},{""make"":""Toro"",""model"":""TX420"",""machine_type"":""Mini Track Loader"",""track_size"":""160x87.63x28"",""model_key"":""toro-tx420""}],""display_text"":""Fits select Toro and other mini track loader using 160x87.63x28 rubber tracks.""}"
tnt160876328xdnm,MERGE,TRUE,TNT160876328XDNM,"{""verified"":true,""machine_type"":""Mini Track Loader"",""track_size"":""160x87.63x28"",""fits"":[{""make"":""Toro"",""model"":""DINGO TX413"",""machine_type"":"""",""track_size"":""160x87.63x28"",""model_key"":""toro-dingo-tx413""},{""make"":""Toro"",""model"":""DINGO TX425"",""machine_type"":"""",""track_size"":""160x87.63x28"",""model_key"":""toro-dingo-tx425""},{""make"":""Toro"",""model"":""DINGO TX427"",""machine_type"":"""",""track_size"":""160x87.63x28"",""model_key"":""toro-dingo-tx427""},{""make"":""Toro"",""model"":""DINGO TX520"",""machine_type"":"""",""track_size"":""160x87.63x28"",""model_key"":""toro-dingo-tx520""},{""make"":""Toro"",""model"":""DINGO TX525"",""machine_type"":"""",""track_size"":""160x87.63x28"",""model_key"":""toro-dingo-tx525""},{""make"":""Toro"",""model"":""TX420"",""machine_type"":""Mini Track Loader"",""track_size"":""160x87.63x28"",""model_key"":""toro-tx420""}],""display_text"":""Fits select Toro and other mini track loader using 160x87.63x28 rubber tracks.""}"
tnt160876337xd,MERGE,TRUE,TNT160876337XD,"{""verified"":true,""machine_type"":"""",""track_size"":""160x87.63x37"",""fits"":[{""make"":""Toro"",""model"":""DINGO TX1000"",""machine_type"":"""",""track_size"":""160x87.63x37"",""model_key"":""toro-dingo-tx1000""}],""display_text"":""Fits select Toro and other machines using 160x87.63x37 rubber tracks.""}"
tnt160876337xdnm,MERGE,TRUE,TNT160876337XDNM,"{""verified"":true,""machine_type"":"""",""track_size"":""160x87.63x37"",""fits"":[{""make"":""Toro"",""model"":""DINGO TX1000"",""machine_type"":"""",""track_size"":""160x87.63x37"",""model_key"":""toro-dingo-tx1000""}],""display_text"":""Fits select Toro and other machines using 160x87.63x37 rubber tracks.""}"
tnt1806039hd,MERGE,TRUE,TNT1806039HD,"{""verified"":true,""machine_type"":""Mini Excavator"",""track_size"":""180x60x39"",""fits"":[{""make"":""Canycom"",""model"":""SC30"",""machine_type"":""Mini Excavator"",""track_size"":""180x60x39"",""model_key"":""canycom-sc30""}],""display_text"":""Fits select Canycom and other mini excavator using 180x60x39 rubber tracks.""}"
tnt1807233hd,MERGE,TRUE,TNT1807233HD,"{""verified"":true,""machine_type"":""Mini Track Loader"",""track_size"":""180x72x33"",""fits"":[{""make"":""Hitachi"",""model"":""EX5"",""machine_type"":""Mini Track Loader"",""track_size"":""180x72x33"",""model_key"":""hitachi-ex5""}],""display_text"":""Fits select Hitachi and other mini track loader using 180x72x33 rubber tracks.""}"
tnt1807236hd,MERGE,TRUE,TNT1807236HD,"{""verified"":true,""machine_type"":""Mini Track Loader"",""track_size"":""180x72x36"",""fits"":[{""make"":""Boxer"",""model"":""118 (Trencher)"",""machine_type"":""Mini Track Loader"",""track_size"":""180x72x36"",""model_key"":""boxer-118-trencher""},{""make"":""Boxer"",""model"":""320"",""machine_type"":""Mini Track Loader"",""track_size"":""180x72x36"",""model_key"":""boxer-320""},{""make"":""Boxer"",""model"":""322D"",""machine_type"":""Mini Track Loader"",""track_size"":""180x72x36"",""model_key"":""boxer-322d""}],""display_text"":""Fits select Boxer and other mini track loader using 180x72x36 rubber tracks.""}"
tnt1807237hdc,MERGE,TRUE,TNT1807237HDC,"{""verified"":true,""machine_type"":""Mini Track Loader"",""track_size"":""180x72x37"",""fits"":[{""make"":""Kubota"",""model"":""K008"",""machine_type"":""Mini Track Loader"",""track_size"":""180x72x37"",""model_key"":""kubota-k008""},{""make"":""Kubota"",""model"":""K008 5"",""machine_type"":"""",""track_size"":""180x72x37"",""model_key"":""kubota-k008-5""},{""make"":""Kubota"",""model"":""K008-2"",""machine_type"":""Mini Track Loader"",""track_size"":""180x72x37"",""model_key"":""kubota-k008-2""},{""make"":""Kubota"",""model"":""K008-3"",""machine_type"":""Mini Track Loader"",""track_size"":""180x72x37"",""model_key"":""kubota-k008-3""},{""make"":""Kubota"",""model"":""K008DH"",""machine_type"":""Mini Track Loader"",""track_size"":""180x72x37"",""model_key"":""kubota-k008dh""},{""make"":""Kubota"",""model"":""KX008"",""machine_type"":""Mini Excavator"",""track_size"":""180x72x37"",""model_key"":""kubota-kx008""},{""make"":""Takeuchi"",""model"":""TB 108"",""machine_type"":"""",""track_size"":""180x72x37"",""model_key"":""takeuchi-tb-108""},{""make"":""Takeuchi"",""model"":""TB07"",""machine_type"":""Mini Track Loader"",""track_size"":""180x72x37"",""model_key"":""takeuchi-tb07""},{""make"":""Yanmar"",""model"":""SV08"",""machine_type"":"""",""track_size"":""180x72x37"",""model_key"":""yanmar-sv08""}],""display_text"":""Fits select Kubota, Takeuchi, and Yanmar and other mini track loader using 180x72x37 rubber tracks.""}"
tnt1807239hd,MERGE,TRUE,TNT1807239HD,"{""verified"":true,""machine_type"":""Mini Track Loader"",""track_size"":""180x72x39"",""fits"":[{""make"":""Bobcat"",""model"":""418"",""machine_type"":""Mini Track Loader"",""track_size"":""180x72x39"",""model_key"":""bobcat-418""},{""make"":""Bobcat"",""model"":""E08"",""machine_type"":""Mini Track Loader"",""track_size"":""180x72x39"",""model_key"":""bobcat-e08""},{""make"":""Bobcat"",""model"":""E10"",""machine_type"":""Mini Excavator"",""track_size"":""180x72x39"",""model_key"":""bobcat-e10""},{""make"":""Bobcat"",""model"":""MT50"",""machine_type"":""Mini Track Loader"",""track_size"":""180x72x39"",""model_key"":""bobcat-mt50""},{""make"":""Bobcat"",""model"":""MT52"",""machine_type"":""Mini Track Loader"",""track_size"":""180x72x39"",""model_key"":""bobcat-mt52""},{""make"":""Bobcat"",""model"":""MT55"",""machine_type"":""Mini Track Loader"",""track_size"":""180x72x39"",""model_key"":""bobcat-mt55""},{""make"":""Bobcat"",""model"":""X418"",""machine_type"":"""",""track_size"":""180x72x39"",""model_key"":""bobcat-x418""},{""make"":""Ditch Witch"",""model"":""JT2510"",""machine_type"":"""",""track_size"":""180x72x39"",""model_key"":""ditch-witch-jt2510""},{""make"":""Ditch Witch"",""model"":""JT2511"",""machine_type"":"""",""track_size"":""180x72x39"",""model_key"":""ditch-witch-jt2511""},{""make"":""Ditch Witch"",""model"":""JT5"",""machine_type"":"""",""track_size"":""180x72x39"",""model_key"":""ditch-witch-jt5""},{""make"":""Ditch Witch"",""model"":""JT520"",""machine_type"":"""",""track_size"":""180x72x39"",""model_key"":""ditch-witch-jt520""},{""make"":""Ditch Witch"",""model"":""SK500"",""machine_type"":"""",""track_size"":""180x72x39"",""model_key"":""ditch-witch-sk500""},{""make"":""Kubota"",""model"":""KX21"",""machine_type"":"""",""track_size"":""180x72x39"",""model_key"":""kubota-kx21""},{""make"":""Takeuchi"",""model"":""TB008"",""machine_type"":"""",""track_size"":""180x72x39"",""model_key"":""takeuchi-tb008""},{""make"":""Takeuchi"",""model"":""TB08"",""machine_type"":"""",""track_size"":""180x72x39"",""model_key"":""takeuchi-tb08""},{""make"":""Vermeer"",""model"":""S400TX"",""machine_type"":""Mini Track Loader"",""track_size"":""180x72x39"",""model_key"":""vermeer-s400tx""},{""make"":""Vermeer"",""model"":""S600TX"",""machine_type"":""Mini Track Loader"",""track_size"":""180x72x39"",""model_key"":""vermeer-s600tx""},{""make"":""Yanmar"",""model"":""B10"",""machine_type"":"""",""track_size"":""180x72x39"",""model_key"":""yanmar-b10""},{""make"":""Yanmar"",""model"":""B10R"",""machine_type"":"""",""track_size"":""180x72x39"",""model_key"":""yanmar-b10r""},{""make"":""Yanmar"",""model"":""YB101"",""machine_type"":"""",""track_size"":""180x72x39"",""model_key"":""yanmar-yb101""},{""make"":""Yanmar"",""model"":""YB101UZ"",""machine_type"":"""",""track_size"":""180x72x39"",""model_key"":""yanmar-yb101uz""},{""make"":""Yanmar"",""model"":""YB101VL"",""machine_type"":"""",""track_size"":""180x72x39"",""model_key"":""yanmar-yb101vl""}],""display_text"":""Fits select Bobcat, Ditch Witch, Kubota, and 3 other brands and other mini track loader using 180x72x39 rubber tracks.""}"
tnt1807239hdc,MERGE,TRUE,TNT1807239HDC,"{""verified"":true,""machine_type"":""Mini Track Loader"",""track_size"":""180x72x39"",""fits"":[{""make"":""Bobcat"",""model"":""418"",""machine_type"":""Mini Track Loader"",""track_size"":""180x72x39"",""model_key"":""bobcat-418""},{""make"":""Bobcat"",""model"":""E08"",""machine_type"":""Mini Track Loader"",""track_size"":""180x72x39"",""model_key"":""bobcat-e08""},{""make"":""Bobcat"",""model"":""E10"",""machine_type"":""Mini Excavator"",""track_size"":""180x72x39"",""model_key"":""bobcat-e10""},{""make"":""Bobcat"",""model"":""MT50"",""machine_type"":""Mini Track Loader"",""track_size"":""180x72x39"",""model_key"":""bobcat-mt50""},{""make"":""Bobcat"",""model"":""MT52"",""machine_type"":""Mini Track Loader"",""track_size"":""180x72x39"",""model_key"":""bobcat-mt52""},{""make"":""Bobcat"",""model"":""MT55"",""machine_type"":""Mini Track Loader"",""track_size"":""180x72x39"",""model_key"":""bobcat-mt55""},{""make"":""Bobcat"",""model"":""X418"",""machine_type"":"""",""track_size"":""180x72x39"",""model_key"":""bobcat-x418""},{""make"":""Ditch Witch"",""model"":""JT2510"",""machine_type"":"""",""track_size"":""180x72x39"",""model_key"":""ditch-witch-jt2510""},{""make"":""Ditch Witch"",""model"":""JT2511"",""machine_type"":"""",""track_size"":""180x72x39"",""model_key"":""ditch-witch-jt2511""},{""make"":""Ditch Witch"",""model"":""JT5"",""machine_type"":"""",""track_size"":""180x72x39"",""model_key"":""ditch-witch-jt5""},{""make"":""Ditch Witch"",""model"":""JT520"",""machine_type"":"""",""track_size"":""180x72x39"",""model_key"":""ditch-witch-jt520""},{""make"":""Ditch Witch"",""model"":""SK500"",""machine_type"":"""",""track_size"":""180x72x39"",""model_key"":""ditch-witch-sk500""},{""make"":""Kubota"",""model"":""KX21"",""machine_type"":"""",""track_size"":""180x72x39"",""model_key"":""kubota-kx21""},{""make"":""Takeuchi"",""model"":""TB008"",""machine_type"":"""",""track_size"":""180x72x39"",""model_key"":""takeuchi-tb008""},{""make"":""Takeuchi"",""model"":""TB08"",""machine_type"":"""",""track_size"":""180x72x39"",""model_key"":""takeuchi-tb08""},{""make"":""Vermeer"",""model"":""S400TX"",""machine_type"":""Mini Track Loader"",""track_size"":""180x72x39"",""model_key"":""vermeer-s400tx""},{""make"":""Vermeer"",""model"":""S600TX"",""machine_type"":""Mini Track Loader"",""track_size"":""180x72x39"",""model_key"":""vermeer-s600tx""},{""make"":""Yanmar"",""model"":""B10"",""machine_type"":"""",""track_size"":""180x72x39"",""model_key"":""yanmar-b10""},{""make"":""Yanmar"",""model"":""B10R"",""machine_type"":"""",""track_size"":""180x72x39"",""model_key"":""yanmar-b10r""},{""make"":""Yanmar"",""model"":""YB101"",""machine_type"":"""",""track_size"":""180x72x39"",""model_key"":""yanmar-yb101""},{""make"":""Yanmar"",""model"":""YB101UZ"",""machine_type"":"""",""track_size"":""180x72x39"",""model_key"":""yanmar-yb101uz""},{""make"":""Yanmar"",""model"":""YB101VL"",""machine_type"":"""",""track_size"":""180x72x39"",""model_key"":""yanmar-yb101vl""}],""display_text"":""Fits select Bobcat, Ditch Witch, Kubota, and 3 other brands and other mini track loader using 180x72x39 rubber tracks.""}"
tnt1807240hd,MERGE,TRUE,TNT1807240HD,"{""verified"":true,""machine_type"":""Mini Excavator"",""track_size"":""180x72x40"",""fits"":[{""make"":""Ditch Witch"",""model"":""SK600"",""machine_type"":"""",""track_size"":""180x72x40"",""model_key"":""ditch-witch-sk600""},{""make"":""Takeuchi"",""model"":""TB210R"",""machine_type"":""Mini Excavator"",""track_size"":""180x72x40"",""model_key"":""takeuchi-tb210r""}],""display_text"":""Fits select Ditch Witch, and Takeuchi and other mini excavator using 180x72x40 rubber tracks.""}"
tnt1807241hd,MERGE,TRUE,TNT1807241HD,"{""verified"":false,""machine_type"":"""",""track_size"":""180x72x41"",""fits"":[{""make"":""Bobcat"",""model"":""319"",""machine_type"":"""",""track_size"":""180x72x41"",""model_key"":""bobcat-319""},{""make"":""Hitachi"",""model"":""ZX10U"",""machine_type"":"""",""track_size"":""180x72x41"",""model_key"":""hitachi-zx10u""},{""make"":""Hitachi"",""model"":""ZX10U-2"",""machine_type"":"""",""track_size"":""180x72x41"",""model_key"":""hitachi-zx10u-2""},{""make"":""Komatsu"",""model"":""PC10MR-1AVANCE"",""machine_type"":"""",""track_size"":""180x72x41"",""model_key"":""komatsu-pc10mr-1avance""},{""make"":""Komatsu"",""model"":""PC10UU-3AVANCE"",""machine_type"":"""",""track_size"":""180x72x41"",""model_key"":""komatsu-pc10uu-3avance""},{""make"":""Komatsu"",""model"":""PC15MR"",""machine_type"":"""",""track_size"":""180x72x41"",""model_key"":""komatsu-pc15mr""}],""display_text"":""Fits select Bobcat, Hitachi, and Komatsu and other machines using 180x72x41 rubber tracks.""}"
tnt1807242hdc,MERGE,TRUE,TNT1807242HDC,"{""verified"":true,""machine_type"":"""",""track_size"":""180x72x42"",""fits"":[{""make"":""Ditch Witch"",""model"":""SK650"",""machine_type"":"""",""track_size"":""180x72x42"",""model_key"":""ditch-witch-sk650""}],""display_text"":""Fits select Ditch Witch and other machines using 180x72x42 rubber tracks.""}"
tnt18072k44hd,MERGE,TRUE,TNT18072K44HD,"{""verified"":true,""machine_type"":""Mini Track Loader"",""track_size"":""180X72KX44"",""fits"":[{""make"":""Ditch Witch"",""model"":""SK1050"",""machine_type"":"""",""track_size"":""180X72KX44"",""model_key"":""ditch-witch-sk1050""},{""make"":""Ditch Witch"",""model"":""SK750"",""machine_type"":"""",""track_size"":""180X72KX44"",""model_key"":""ditch-witch-sk750""},{""make"":""Ditch Witch"",""model"":""SK755"",""machine_type"":"""",""track_size"":""180X72KX44"",""model_key"":""ditch-witch-sk755""},{""make"":""Ditch Witch"",""model"":""SK800"",""machine_type"":""Mini Track Loader"",""track_size"":""180X72KX44"",""model_key"":""ditch-witch-sk800""},{""make"":""Ditch Witch"",""model"":""SK850"",""machine_type"":""Mini Track Loader"",""track_size"":""180X72KX44"",""model_key"":""ditch-witch-sk850""},{""make"":""Ditch Witch"",""model"":""SK900"",""machine_type"":""Mini Track Loader"",""track_size"":""180X72KX44"",""model_key"":""ditch-witch-sk900""}],""display_text"":""Fits select Ditch Witch and other mini track loader using 180X72KX44 rubber tracks.""}"
tnt18072k45hd,MERGE,TRUE,TNT18072K45HD,"{""verified"":true,""machine_type"":""Mini Track Loader"",""track_size"":""180X72KX45"",""fits"":[{""make"":""Bobcat"",""model"":""MT100"",""machine_type"":""Mini Track Loader"",""track_size"":""180X72KX45"",""model_key"":""bobcat-mt100""},{""make"":""Bobcat"",""model"":""MT85"",""machine_type"":""Mini Track Loader"",""track_size"":""180X72KX45"",""model_key"":""bobcat-mt85""},{""make"":""New Holland"",""model"":""C314"",""machine_type"":""Compact Track Loader"",""track_size"":""180X72KX45"",""model_key"":""new-holland-c314""},{""make"":""Vermeer"",""model"":""CTX100"",""machine_type"":""Compact Utility Loader"",""track_size"":""180X72KX45"",""model_key"":""vermeer-ctx100""},{""make"":""Vermeer"",""model"":""CTX160"",""machine_type"":""Compact Utility Loader"",""track_size"":""180X72KX45"",""model_key"":""vermeer-ctx160""},{""make"":""Vermeer"",""model"":""S725TX"",""machine_type"":""Mini Track Loader"",""track_size"":""180X72KX45"",""model_key"":""vermeer-s725tx""},{""make"":""Vermeer"",""model"":""S800TX"",""machine_type"":""Mini Track Loader"",""track_size"":""180X72KX45"",""model_key"":""vermeer-s800tx""},{""make"":""Vermeer"",""model"":""S925TX"",""machine_type"":""Mini Track Loader"",""track_size"":""180X72KX45"",""model_key"":""vermeer-s925tx""}],""display_text"":""Fits select Bobcat, New Holland, and Vermeer and other mini track loader using 180X72KX45 rubber tracks.""}"
tnt2304860hd,MERGE,TRUE,TNT2304860HD,"{""verified"":true,""machine_type"":""Mini Excavator"",""track_size"":""230x48x60"",""fits"":[{""make"":""Case"",""model"":""17RTNMAXI"",""machine_type"":""Mini Excavator"",""track_size"":""230x48x60"",""model_key"":""case-17rtnmaxi""},{""make"":""Kubota"",""model"":""KX041"",""machine_type"":"""",""track_size"":""230x48x60"",""model_key"":""kubota-kx041""}],""display_text"":""Fits select Case, and Kubota and other mini excavator using 230x48x60 rubber tracks.""}"
tnt2304862hd,MERGE,TRUE,TNT2304862HD,"{""verified"":true,""machine_type"":""Mini Excavator"",""track_size"":""230x48x62"",""fits"":[{""make"":""CAT"",""model"":""301.5"",""machine_type"":""Mini Excavator"",""track_size"":""230x48x62"",""model_key"":""cat-301-5""},{""make"":""CAT"",""model"":""MM15T"",""machine_type"":"""",""track_size"":""230x48x62"",""model_key"":""cat-mm15t""},{""make"":""Case"",""model"":""15"",""machine_type"":"""",""track_size"":""230x48x62"",""model_key"":""case-15""},{""make"":""Case"",""model"":""15MAXI"",""machine_type"":"""",""track_size"":""230x48x62"",""model_key"":""case-15maxi""},{""make"":""Case"",""model"":""16"",""machine_type"":"""",""track_size"":""230x48x62"",""model_key"":""case-16""},{""make"":""Case"",""model"":""16MAXI"",""machine_type"":"""",""track_size"":""230x48x62"",""model_key"":""case-16maxi""},{""make"":""Case"",""model"":""16RTN"",""machine_type"":"""",""track_size"":""230x48x62"",""model_key"":""case-16rtn""},{""make"":""Case"",""model"":""17RTNMAXI"",""machine_type"":""Mini Excavator"",""track_size"":""230x48x62"",""model_key"":""case-17rtnmaxi""},{""make"":""Case"",""model"":""CX15"",""machine_type"":"""",""track_size"":""230x48x62"",""model_key"":""case-cx15""},{""make"":""Case"",""model"":""CX16"",""machine_type"":"""",""track_size"":""230x48x62"",""model_key"":""case-cx16""},{""make"":""Hitachi"",""model"":""EX12"",""machine_type"":"""",""track_size"":""230x48x62"",""model_key"":""hitachi-ex12""},{""make"":""Hitachi"",""model"":""EX12 1"",""machine_type"":"""",""track_size"":""230x48x62"",""model_key"":""hitachi-ex12-1""},{""make"":""Hitachi"",""model"":""EX12 2"",""machine_type"":"""",""track_size"":""230x48x62"",""model_key"":""hitachi-ex12-2""},{""make"":""Hitachi"",""model"":""EX15"",""machine_type"":"""",""track_size"":""230x48x62"",""model_key"":""hitachi-ex15""},{""make"":""Hitachi"",""model"":""EX15 1"",""machine_type"":"""",""track_size"":""230x48x62"",""model_key"":""hitachi-ex15-1""},{""make"":""Hitachi"",""model"":""EX15 2"",""machine_type"":"""",""track_size"":""230x48x62"",""model_key"":""hitachi-ex15-2""},{""make"":""Hitachi"",""model"":""EX15U"",""machine_type"":"""",""track_size"":""230x48x62"",""model_key"":""hitachi-ex15u""},{""make"":""Hitachi"",""model"":""EX16"",""machine_type"":"""",""track_size"":""230x48x62"",""model_key"":""hitachi-ex16""},{""make"":""Hitachi"",""model"":""SH15 2"",""machine_type"":"""",""track_size"":""230x48x62"",""model_key"":""hitachi-sh15-2""},{""make"":""Hitachi"",""model"":""ZX14 3"",""machine_type"":"""",""track_size"":""230x48x62"",""model_key"":""hitachi-zx14-3""},{""make"":""JCB"",""model"":""801"",""machine_type"":"""",""track_size"":""230x48x62"",""model_key"":""jcb-801""},{""make"":""JCB"",""model"":""801.4"",""machine_type"":""Mini Excavator"",""track_size"":""230x48x62"",""model_key"":""jcb-801-4""},{""make"":""JCB"",""model"":""801.5"",""machine_type"":""Mini Excavator"",""track_size"":""230x48x62"",""model_key"":""jcb-801-5""},{""make"":""JCB"",""model"":""801.6"",""machine_type"":""Mini Excavator"",""track_size"":""230x48x62"",""model_key"":""jcb-801-6""},{""make"":""JCB"",""model"":""8018"",""machine_type"":""Mini Excavator"",""track_size"":""230x48x62"",""model_key"":""jcb-8018""},{""make"":""JCB"",""model"":""801R"",""machine_type"":"""",""track_size"":""230x48x62"",""model_key"":""jcb-801r""},{""make"":""Kobelco"",""model"":""115"",""machine_type"":"""",""track_size"":""230x48x62"",""model_key"":""kobelco-115""},{""make"":""Kobelco"",""model"":""SK013"",""machine_type"":"""",""track_size"":""230x48x62"",""model_key"":""kobelco-sk013""},{""make"":""Kobelco"",""model"":""SK013 1"",""machine_type"":"""",""track_size"":""230x48x62"",""model_key"":""kobelco-sk013-1""},{""make"":""Kobelco"",""model"":""SK014 1"",""machine_type"":"""",""track_size"":""230x48x62"",""model_key"":""kobelco-sk014-1""},{""make"":""Kobelco"",""model"":""SK015"",""machine_type"":"""",""track_size"":""230x48x62"",""model_key"":""kobelco-sk015""},{""make"":""Kobelco"",""model"":""SK015 1"",""machine_type"":"""",""track_size"":""230x48x62"",""model_key"":""kobelco-sk015-1""},{""make"":""Komatsu"",""model"":""PC05"",""machine_type"":"""",""track_size"":""230x48x62"",""model_key"":""komatsu-pc05""},{""make"":""Komatsu"",""model"":""PC05 7"",""machine_type"":"""",""track_size"":""230x48x62"",""model_key"":""komatsu-pc05-7""},{""make"":""Komatsu"",""model"":""PC05AVANCER"",""machine_type"":"""",""track_size"":""230x48x62"",""model_key"":""komatsu-pc05avancer""},{""make"":""Komatsu"",""model"":""PC07"",""machine_type"":"""",""track_size"":""230x48x62"",""model_key"":""komatsu-pc07""},{""make"":""Komatsu"",""model"":""PC07 1"",""machine_type"":"""",""track_size"":""230x48x62"",""model_key"":""komatsu-pc07-1""},{""make"":""Komatsu"",""model"":""PC07 2"",""machine_type"":"""",""track_size"":""230x48x62"",""model_key"":""komatsu-pc07-2""},{""make"":""Komatsu"",""model"":""PC07 6"",""machine_type"":"""",""track_size"":""230x48x62"",""model_key"":""komatsu-pc07-6""},{""make"":""Komatsu"",""model"":""PC07 7"",""machine_type"":"""",""track_size"":""230x48x62"",""model_key"":""komatsu-pc07-7""},{""make"":""Komatsu"",""model"":""PC07AVANCER"",""machine_type"":"""",""track_size"":""230x48x62"",""model_key"":""komatsu-pc07avancer""},{""make"":""Komatsu"",""model"":""PC07R"",""machine_type"":"""",""track_size"":""230x48x62"",""model_key"":""komatsu-pc07r""},{""make"":""Komatsu"",""model"":""PC12R 8"",""machine_type"":"""",""track_size"":""230x48x62"",""model_key"":""komatsu-pc12r-8""},{""make"":""Komatsu"",""model"":""PC12RUTILITY"",""machine_type"":"""",""track_size"":""230x48x62"",""model_key"":""komatsu-pc12rutility""},{""make"":""Komatsu"",""model"":""PC14R 2"",""machine_type"":"""",""track_size"":""230x48x62"",""model_key"":""komatsu-pc14r-2""},{""make"":""Komatsu"",""model"":""PC15R"",""machine_type"":"""",""track_size"":""230x48x62"",""model_key"":""komatsu-pc15r""},{""make"":""Komatsu"",""model"":""PC15R 8"",""machine_type"":"""",""track_size"":""230x48x62"",""model_key"":""komatsu-pc15r-8""},{""make"":""Komatsu"",""model"":""PC15RHS"",""machine_type"":"""",""track_size"":""230x48x62"",""model_key"":""komatsu-pc15rhs""},{""make"":""Komatsu"",""model"":""PC16R 2"",""machine_type"":"""",""track_size"":""230x48x62"",""model_key"":""komatsu-pc16r-2""},{""make"":""Takeuchi"",""model"":""TB15"",""machine_type"":"""",""track_size"":""230x48x62"",""model_key"":""takeuchi-tb15""}],""display_text"":""Fits select CAT, Case, Hitachi, and 4 other brands and other mini excavator using 230x48x62 rubber tracks.""}"
tnt2304864hd,MERGE,TRUE,TNT2304864HD,"{""verified"":true,""machine_type"":""Mini Excavator"",""track_size"":""230x48x64"",""fits"":[{""make"":""CAT"",""model"":""MM15"",""machine_type"":""Mini Excavator"",""track_size"":""230x48x64"",""model_key"":""cat-mm15""},{""make"":""Yanmar"",""model"":""B15"",""machine_type"":"""",""track_size"":""230x48x64"",""model_key"":""yanmar-b15""}],""display_text"":""Fits select CAT, and Yanmar and other mini excavator using 230x48x64 rubber tracks.""}"
tnt2304866hd,MERGE,TRUE,TNT2304866HD,"{""verified"":true,""machine_type"":""Mini Track Loader"",""track_size"":""230x48x66"",""fits"":[{""make"":""Bobcat"",""model"":""320"",""machine_type"":""Mini Track Loader"",""track_size"":""230x48x66"",""model_key"":""bobcat-320""},{""make"":""Bobcat"",""model"":""323"",""machine_type"":"""",""track_size"":""230x48x66"",""model_key"":""bobcat-323""},{""make"":""Bobcat"",""model"":""324"",""machine_type"":"""",""track_size"":""230x48x66"",""model_key"":""bobcat-324""},{""make"":""JCB"",""model"":""801.6"",""machine_type"":""Mini Excavator"",""track_size"":""230x48x66"",""model_key"":""jcb-801-6""},{""make"":""JCB"",""model"":""8018SUPER"",""machine_type"":"""",""track_size"":""230x48x66"",""model_key"":""jcb-8018super""},{""make"":""Terex"",""model"":""TC20"",""machine_type"":"""",""track_size"":""230x48x66"",""model_key"":""terex-tc20""}],""display_text"":""Fits select Bobcat, JCB, and Terex and other mini track loader using 230x48x66 rubber tracks.""}"
tnt2304868hd,MERGE,TRUE,TNT2304868HD,"{""verified"":true,""machine_type"":""Mini Excavator"",""track_size"":""230x48x68"",""fits"":[{""make"":""Takeuchi"",""model"":""TB216"",""machine_type"":""Mini Excavator"",""track_size"":""230x48x68"",""model_key"":""takeuchi-tb216""}],""display_text"":""Fits select Takeuchi and other mini excavator using 230x48x68 rubber tracks.""}"
tnt2304870hd,MERGE,TRUE,TNT2304870HD,"{""verified"":true,""machine_type"":""Mini Excavator"",""track_size"":""230x48x70"",""fits"":[{""make"":""CAT"",""model"":""301 8"",""machine_type"":"""",""track_size"":""230x48x70"",""model_key"":""cat-301-8""},{""make"":""CAT"",""model"":""301.7 CR"",""machine_type"":""Mini Excavator"",""track_size"":""230x48x70"",""model_key"":""cat-301-7-cr""},{""make"":""Case"",""model"":""CX14"",""machine_type"":""Mini Excavator"",""track_size"":""230x48x70"",""model_key"":""case-cx14""},{""make"":""Case"",""model"":""CX15STC"",""machine_type"":""Mini Excavator"",""track_size"":""230x48x70"",""model_key"":""case-cx15stc""},{""make"":""Case"",""model"":""CX15STR"",""machine_type"":""Mini Excavator"",""track_size"":""230x48x70"",""model_key"":""case-cx15str""},{""make"":""Case"",""model"":""CX16B"",""machine_type"":""Mini Excavator"",""track_size"":""230x48x70"",""model_key"":""case-cx16b""},{""make"":""Case"",""model"":""CX17C"",""machine_type"":""Mini Excavator"",""track_size"":""230x48x70"",""model_key"":""case-cx17c""},{""make"":""Case"",""model"":""CX18B"",""machine_type"":""Mini Excavator"",""track_size"":""230x48x70"",""model_key"":""case-cx18b""},{""make"":""Hitachi"",""model"":""ZX17U"",""machine_type"":"""",""track_size"":""230x48x70"",""model_key"":""hitachi-zx17u""},{""make"":""Hitachi"",""model"":""ZX17U-5"",""machine_type"":""Mini Excavator"",""track_size"":""230x48x70"",""model_key"":""hitachi-zx17u-5""},{""make"":""Hyundai"",""model"":""Robex 17z-9a"",""machine_type"":""Mini Excavator"",""track_size"":""230x48x70"",""model_key"":""hyundai-robex-17z-9a""},{""make"":""John Deere"",""model"":""17D"",""machine_type"":""Mini Excavator"",""track_size"":""230x48x70"",""model_key"":""john-deere-17d""},{""make"":""John Deere"",""model"":""17G"",""machine_type"":""Mini Excavator"",""track_size"":""230x48x70"",""model_key"":""john-deere-17g""},{""make"":""Kobelco"",""model"":""SK17"",""machine_type"":""Mini Excavator"",""track_size"":""230x48x70"",""model_key"":""kobelco-sk17""},{""make"":""Komatsu"",""model"":""PC18MR-2"",""machine_type"":""Mini Excavator"",""track_size"":""230x48x70"",""model_key"":""komatsu-pc18mr-2""},{""make"":""Komatsu"",""model"":""PC18MR-3"",""machine_type"":""Mini Excavator"",""track_size"":""230x48x70"",""model_key"":""komatsu-pc18mr-3""},{""make"":""Kubota"",""model"":""KX018-4"",""machine_type"":""Mini Excavator"",""track_size"":""230x48x70"",""model_key"":""kubota-kx018-4""},{""make"":""Kubota"",""model"":""KX41 3"",""machine_type"":"""",""track_size"":""230x48x70"",""model_key"":""kubota-kx41-3""},{""make"":""Kubota"",""model"":""U-15"",""machine_type"":""Mini Excavator"",""track_size"":""230x48x70"",""model_key"":""kubota-u-15""},{""make"":""Kubota"",""model"":""U-15-3"",""machine_type"":""Mini Excavator"",""track_size"":""230x48x70"",""model_key"":""kubota-u-15-3""},{""make"":""Kubota"",""model"":""U17"",""machine_type"":"""",""track_size"":""230x48x70"",""model_key"":""kubota-u17""},{""make"":""Kubota"",""model"":""U17 3"",""machine_type"":"""",""track_size"":""230x48x70"",""model_key"":""kubota-u17-3""},{""make"":""New Holland"",""model"":""E16"",""machine_type"":""Mini Excavator"",""track_size"":""230x48x70"",""model_key"":""new-holland-e16""},{""make"":""New Holland"",""model"":""E17"",""machine_type"":""Mini Excavator"",""track_size"":""230x48x70"",""model_key"":""new-holland-e17""},{""make"":""New Holland"",""model"":""E17C"",""machine_type"":""Mini Excavator"",""track_size"":""230x48x70"",""model_key"":""new-holland-e17c""},{""make"":""New Holland"",""model"":""E18"",""machine_type"":""Mini Excavator"",""track_size"":""230x48x70"",""model_key"":""new-holland-e18""},{""make"":""New Holland"",""model"":""E18SR"",""machine_type"":""Mini Excavator"",""track_size"":""230x48x70"",""model_key"":""new-holland-e18sr""},{""make"":""New Holland"",""model"":""EH 15B"",""machine_type"":""Mini Excavator"",""track_size"":""230x48x70"",""model_key"":""new-holland-eh-15b""},{""make"":""New Holland"",""model"":""EH16"",""machine_type"":""Mini Excavator"",""track_size"":""230x48x70"",""model_key"":""new-holland-eh16""},{""make"":""New Holland"",""model"":""EH18"",""machine_type"":""Mini Excavator"",""track_size"":""230x48x70"",""model_key"":""new-holland-eh18""},{""make"":""SANY"",""model"":""SY16C"",""machine_type"":""Mini Excavator"",""track_size"":""230x48x70"",""model_key"":""sany-sy16c""},{""make"":""Takeuchi"",""model"":""TB15F"",""machine_type"":""Mini Excavator"",""track_size"":""230x48x70"",""model_key"":""takeuchi-tb15f""},{""make"":""Takeuchi"",""model"":""TB15FR"",""machine_type"":""Mini Excavator"",""track_size"":""230x48x70"",""model_key"":""takeuchi-tb15fr""}],""display_text"":""Fits select CAT, Case, Hitachi, and 8 other brands and other mini excavator using 230x48x70 rubber tracks.""}"
tnt2304872hd,MERGE,TRUE,TNT2304872HD,"{""verified"":true,""machine_type"":""Mini Excavator"",""track_size"":""230x48x72"",""fits"":[{""make"":""Bobcat"",""model"":""E20"",""machine_type"":""Mini Excavator"",""track_size"":""230x48x72"",""model_key"":""bobcat-e20""},{""make"":""CAT"",""model"":""301.7D"",""machine_type"":""Mini Excavator"",""track_size"":""230x48x72"",""model_key"":""cat-301-7d""},{""make"":""Volvo"",""model"":""EC 20B XTV"",""machine_type"":""Mini Excavator"",""track_size"":""230x48x72"",""model_key"":""volvo-ec-20b-xtv""},{""make"":""Volvo"",""model"":""EC20B"",""machine_type"":"""",""track_size"":""230x48x72"",""model_key"":""volvo-ec20b""},{""make"":""Volvo"",""model"":""EC20T"",""machine_type"":""Mini Excavator"",""track_size"":""230x48x72"",""model_key"":""volvo-ec20t""},{""make"":""Volvo"",""model"":""EC20TB"",""machine_type"":""Mini Excavator"",""track_size"":""230x48x72"",""model_key"":""volvo-ec20tb""},{""make"":""Volvo"",""model"":""EC20V"",""machine_type"":""Mini Excavator"",""track_size"":""230x48x72"",""model_key"":""volvo-ec20v""},{""make"":""Volvo"",""model"":""EC20VB"",""machine_type"":""Mini Excavator"",""track_size"":""230x48x72"",""model_key"":""volvo-ec20vb""},{""make"":""Volvo"",""model"":""EC20XT"",""machine_type"":""Mini Excavator"",""track_size"":""230x48x72"",""model_key"":""volvo-ec20xt""},{""make"":""Volvo"",""model"":""EC20XTV"",""machine_type"":""Mini Excavator"",""track_size"":""230x48x72"",""model_key"":""volvo-ec20xtv""}],""display_text"":""Fits select Bobcat, CAT, and Volvo and other mini excavator using 230x48x72 rubber tracks.""}"
tnt2307239hdc,MERGE,TRUE,TNT2307239HDC,"{""verified"":true,""machine_type"":""Mini Track Loader"",""track_size"":""230x72x39"",""fits"":[{""make"":""Bobcat"",""model"":""MT55"",""machine_type"":""Mini Track Loader"",""track_size"":""230x72x39"",""model_key"":""bobcat-mt55""},{""make"":""Case"",""model"":""TF300"",""machine_type"":"""",""track_size"":""230x72x39"",""model_key"":""case-tf300""},{""make"":""Case"",""model"":""TF300RT"",""machine_type"":"""",""track_size"":""230x72x39"",""model_key"":""case-tf300rt""},{""make"":""Ditch Witch"",""model"":""HT25"",""machine_type"":"""",""track_size"":""230x72x39"",""model_key"":""ditch-witch-ht25""},{""make"":""Ditch Witch"",""model"":""HT25K"",""machine_type"":"""",""track_size"":""230x72x39"",""model_key"":""ditch-witch-ht25k""},{""make"":""Ditch Witch"",""model"":""JT1200"",""machine_type"":"""",""track_size"":""230x72x39"",""model_key"":""ditch-witch-jt1200""},{""make"":""Ditch Witch"",""model"":""JT2510"",""machine_type"":"""",""track_size"":""230x72x39"",""model_key"":""ditch-witch-jt2510""},{""make"":""Ditch Witch"",""model"":""JT2511"",""machine_type"":"""",""track_size"":""230x72x39"",""model_key"":""ditch-witch-jt2511""},{""make"":""Ditch Witch"",""model"":""SK500"",""machine_type"":"""",""track_size"":""230x72x39"",""model_key"":""ditch-witch-sk500""},{""make"":""Vermeer"",""model"":""S400TX"",""machine_type"":""Mini Track Loader"",""track_size"":""230x72x39"",""model_key"":""vermeer-s400tx""},{""make"":""Vermeer"",""model"":""S600TX"",""machine_type"":""Mini Track Loader"",""track_size"":""230x72x39"",""model_key"":""vermeer-s600tx""},{""make"":""Yanmar"",""model"":""YB101VL"",""machine_type"":"""",""track_size"":""230x72x39"",""model_key"":""yanmar-yb101vl""}],""display_text"":""Fits select Bobcat, Case, Ditch Witch, and 2 other brands and other mini track loader using 230x72x39 rubber tracks.""}"
tnt2307242hd,MERGE,TRUE,TNT2307242HD,"{""verified"":true,""machine_type"":"""",""track_size"":""230x72x42"",""fits"":[{""make"":""Ditch Witch"",""model"":""SK650"",""machine_type"":"""",""track_size"":""230x72x42"",""model_key"":""ditch-witch-sk650""},{""make"":""Hitachi"",""model"":""UE15"",""machine_type"":"""",""track_size"":""230x72x42"",""model_key"":""hitachi-ue15""},{""make"":""Hitachi"",""model"":""UE15SR"",""machine_type"":"""",""track_size"":""230x72x42"",""model_key"":""hitachi-ue15sr""},{""make"":""Komatsu"",""model"":""PC05"",""machine_type"":"""",""track_size"":""230x72x42"",""model_key"":""komatsu-pc05""}],""display_text"":""Fits select Ditch Witch, Hitachi, and Komatsu and other machines using 230x72x42 rubber tracks.""}"
tnt2307243hd,MERGE,TRUE,TNT2307243HD,"{""verified"":true,""machine_type"":""Mini Excavator"",""track_size"":""230x72x43"",""fits"":[{""make"":""Bobcat"",""model"":""X119"",""machine_type"":""Mini Excavator"",""track_size"":""230x72x43"",""model_key"":""bobcat-x119""},{""make"":""Bobcat"",""model"":""X120"",""machine_type"":"""",""track_size"":""230x72x43"",""model_key"":""bobcat-x120""},{""make"":""Bobcat"",""model"":""X122"",""machine_type"":"""",""track_size"":""230x72x43"",""model_key"":""bobcat-x122""},{""make"":""CAT"",""model"":""MM15"",""machine_type"":""Mini Excavator"",""track_size"":""230x72x43"",""model_key"":""cat-mm15""},{""make"":""Hitachi"",""model"":""UE15"",""machine_type"":"""",""track_size"":""230x72x43"",""model_key"":""hitachi-ue15""},{""make"":""Hitachi"",""model"":""UE15SR"",""machine_type"":"""",""track_size"":""230x72x43"",""model_key"":""hitachi-ue15sr""},{""make"":""John Deere"",""model"":""15"",""machine_type"":"""",""track_size"":""230x72x43"",""model_key"":""john-deere-15""},{""make"":""Komatsu"",""model"":""PC09FR 1"",""machine_type"":"""",""track_size"":""230x72x43"",""model_key"":""komatsu-pc09fr-1""},{""make"":""Kubota"",""model"":""SCL1000"",""machine_type"":""Compact Utility Loader"",""track_size"":""230x72x43"",""model_key"":""kubota-scl1000""},{""make"":""Takeuchi"",""model"":""TB105"",""machine_type"":"""",""track_size"":""230x72x43"",""model_key"":""takeuchi-tb105""},{""make"":""Takeuchi"",""model"":""TB106"",""machine_type"":"""",""track_size"":""230x72x43"",""model_key"":""takeuchi-tb106""},{""make"":""Takeuchi"",""model"":""TB12"",""machine_type"":"""",""track_size"":""230x72x43"",""model_key"":""takeuchi-tb12""},{""make"":""Takeuchi"",""model"":""TB120"",""machine_type"":"""",""track_size"":""230x72x43"",""model_key"":""takeuchi-tb120""},{""make"":""Takeuchi"",""model"":""TB120R"",""machine_type"":"""",""track_size"":""230x72x43"",""model_key"":""takeuchi-tb120r""},{""make"":""Takeuchi"",""model"":""TB14"",""machine_type"":"""",""track_size"":""230x72x43"",""model_key"":""takeuchi-tb14""},{""make"":""Takeuchi"",""model"":""TB15"",""machine_type"":"""",""track_size"":""230x72x43"",""model_key"":""takeuchi-tb15""},{""make"":""Takeuchi"",""model"":""TB16"",""machine_type"":"""",""track_size"":""230x72x43"",""model_key"":""takeuchi-tb16""},{""make"":""Takeuchi"",""model"":""TB650"",""machine_type"":"""",""track_size"":""230x72x43"",""model_key"":""takeuchi-tb650""},{""make"":""Takeuchi"",""model"":""TB650S"",""machine_type"":"""",""track_size"":""230x72x43"",""model_key"":""takeuchi-tb650s""},{""make"":""Volvo"",""model"":""EC14"",""machine_type"":"""",""track_size"":""230x72x43"",""model_key"":""volvo-ec14""},{""make"":""Volvo"",""model"":""EC15BXR"",""machine_type"":"""",""track_size"":""230x72x43"",""model_key"":""volvo-ec15bxr""},{""make"":""Volvo"",""model"":""EC15R"",""machine_type"":"""",""track_size"":""230x72x43"",""model_key"":""volvo-ec15r""},{""make"":""Volvo"",""model"":""EC15RB"",""machine_type"":"""",""track_size"":""230x72x43"",""model_key"":""volvo-ec15rb""},{""make"":""Yanmar"",""model"":""B10"",""machine_type"":"""",""track_size"":""230x72x43"",""model_key"":""yanmar-b10""},{""make"":""Yanmar"",""model"":""B12"",""machine_type"":"""",""track_size"":""230x72x43"",""model_key"":""yanmar-b12""},{""make"":""Yanmar"",""model"":""B12 1"",""machine_type"":"""",""track_size"":""230x72x43"",""model_key"":""yanmar-b12-1""},{""make"":""Yanmar"",""model"":""B12 2"",""machine_type"":"""",""track_size"":""230x72x43"",""model_key"":""yanmar-b12-2""},{""make"":""Yanmar"",""model"":""B12 3"",""machine_type"":"""",""track_size"":""230x72x43"",""model_key"":""yanmar-b12-3""},{""make"":""Yanmar"",""model"":""B12 3PR"",""machine_type"":"""",""track_size"":""230x72x43"",""model_key"":""yanmar-b12-3pr""},{""make"":""Yanmar"",""model"":""B12PR"",""machine_type"":"""",""track_size"":""230x72x43"",""model_key"":""yanmar-b12pr""},{""make"":""Yanmar"",""model"":""B14"",""machine_type"":"""",""track_size"":""230x72x43"",""model_key"":""yanmar-b14""},{""make"":""Yanmar"",""model"":""B14 1"",""machine_type"":"""",""track_size"":""230x72x43"",""model_key"":""yanmar-b14-1""},{""make"":""Yanmar"",""model"":""B15"",""machine_type"":"""",""track_size"":""230x72x43"",""model_key"":""yanmar-b15""},{""make"":""Yanmar"",""model"":""B17"",""machine_type"":"""",""track_size"":""230x72x43"",""model_key"":""yanmar-b17""},{""make"":""Yanmar"",""model"":""B17 1"",""machine_type"":"""",""track_size"":""230x72x43"",""model_key"":""yanmar-b17-1""},{""make"":""Yanmar"",""model"":""B17PR"",""machine_type"":"""",""track_size"":""230x72x43"",""model_key"":""yanmar-b17pr""},{""make"":""Yanmar"",""model"":""YB10"",""machine_type"":"""",""track_size"":""230x72x43"",""model_key"":""yanmar-yb10""},{""make"":""Yanmar"",""model"":""YB10 2"",""machine_type"":"""",""track_size"":""230x72x43"",""model_key"":""yanmar-yb10-2""},{""make"":""Yanmar"",""model"":""YB121"",""machine_type"":"""",""track_size"":""230x72x43"",""model_key"":""yanmar-yb121""},{""make"":""Yanmar"",""model"":""YB151"",""machine_type"":"""",""track_size"":""230x72x43"",""model_key"":""yanmar-yb151""},{""make"":""Yanmar"",""model"":""YBT650"",""machine_type"":"""",""track_size"":""230x72x43"",""model_key"":""yanmar-ybt650""}],""display_text"":""Fits select Bobcat, CAT, Hitachi, and 6 other brands and other mini excavator using 230x72x43 rubber tracks.""}"
tnt23072k44hd,MERGE,TRUE,TNT23072K44HD,"{""verified"":true,""machine_type"":""Mini Track Loader"",""track_size"":""230X72KX44"",""fits"":[{""make"":""Ditch Witch"",""model"":""SK1050"",""machine_type"":"""",""track_size"":""230X72KX44"",""model_key"":""ditch-witch-sk1050""},{""make"":""Ditch Witch"",""model"":""SK750"",""machine_type"":"""",""track_size"":""230X72KX44"",""model_key"":""ditch-witch-sk750""},{""make"":""Ditch Witch"",""model"":""SK755"",""machine_type"":"""",""track_size"":""230X72KX44"",""model_key"":""ditch-witch-sk755""},{""make"":""Ditch Witch"",""model"":""SK800"",""machine_type"":""Mini Track Loader"",""track_size"":""230X72KX44"",""model_key"":""ditch-witch-sk800""},{""make"":""Ditch Witch"",""model"":""SK850"",""machine_type"":""Mini Track Loader"",""track_size"":""230X72KX44"",""model_key"":""ditch-witch-sk850""},{""make"":""Ditch Witch"",""model"":""SK900"",""machine_type"":""Mini Track Loader"",""track_size"":""230X72KX44"",""model_key"":""ditch-witch-sk900""}],""display_text"":""Fits select Ditch Witch and other mini track loader using 230X72KX44 rubber tracks.""}"
tnt23072k45hd,MERGE,TRUE,TNT23072K45HD,"{""verified"":true,""machine_type"":""Mini Track Loader"",""track_size"":""230X72KX45"",""fits"":[{""make"":""Bobcat"",""model"":""MT100"",""machine_type"":""Mini Track Loader"",""track_size"":""230X72KX45"",""model_key"":""bobcat-mt100""},{""make"":""Bobcat"",""model"":""MT85"",""machine_type"":""Mini Track Loader"",""track_size"":""230X72KX45"",""model_key"":""bobcat-mt85""},{""make"":""New Holland"",""model"":""C314"",""machine_type"":""Compact Track Loader"",""track_size"":""230X72KX45"",""model_key"":""new-holland-c314""},{""make"":""Vermeer"",""model"":""CTX100"",""machine_type"":""Compact Utility Loader"",""track_size"":""230X72KX45"",""model_key"":""vermeer-ctx100""},{""make"":""Vermeer"",""model"":""CTX160"",""machine_type"":""Compact Utility Loader"",""track_size"":""230X72KX45"",""model_key"":""vermeer-ctx160""},{""make"":""Vermeer"",""model"":""S725TX"",""machine_type"":""Mini Track Loader"",""track_size"":""230X72KX45"",""model_key"":""vermeer-s725tx""},{""make"":""Vermeer"",""model"":""S800TX"",""machine_type"":""Mini Track Loader"",""track_size"":""230X72KX45"",""model_key"":""vermeer-s800tx""},{""make"":""Vermeer"",""model"":""S925TX"",""machine_type"":""Mini Track Loader"",""track_size"":""230X72KX45"",""model_key"":""vermeer-s925tx""}],""display_text"":""Fits select Bobcat, New Holland, and Vermeer and other mini track loader using 230X72KX45 rubber tracks.""}"
tnt240876328xd,MERGE,TRUE,TNT240876328XD,"{""verified"":true,""machine_type"":"""",""track_size"":""240x87.63x28"",""fits"":[{""make"":""Toro"",""model"":""DINGO TX427W"",""machine_type"":"""",""track_size"":""240x87.63x28"",""model_key"":""toro-dingo-tx427w""}],""display_text"":""Fits select Toro and other machines using 240x87.63x28 rubber tracks.""}"
tnt240876328xdnm,MERGE,TRUE,TNT240876328XDNM,"{""verified"":true,""machine_type"":"""",""track_size"":""240x87.63x28"",""fits"":[{""make"":""Toro"",""model"":""DINGO TX427W"",""machine_type"":"""",""track_size"":""240x87.63x28"",""model_key"":""toro-dingo-tx427w""}],""display_text"":""Fits select Toro and other machines using 240x87.63x28 rubber tracks.""}"
tnt240876337xd,MERGE,TRUE,TNT240876337XD,"{""verified"":true,""machine_type"":"""",""track_size"":""240x87.63x37"",""fits"":[{""make"":""Toro"",""model"":""DINGO TX1000W"",""machine_type"":"""",""track_size"":""240x87.63x37"",""model_key"":""toro-dingo-tx1000w""}],""display_text"":""Fits select Toro and other machines using 240x87.63x37 rubber tracks.""}"
tnt240876337xdnm,MERGE,TRUE,TNT240876337XDNM,"{""verified"":true,""machine_type"":"""",""track_size"":""240x87.63x37"",""fits"":[{""make"":""Toro"",""model"":""DINGO TX1000W"",""machine_type"":"""",""track_size"":""240x87.63x37"",""model_key"":""toro-dingo-tx1000w""}],""display_text"":""Fits select Toro and other machines using 240x87.63x37 rubber tracks.""}"
tnt2504867hd,MERGE,TRUE,TNT2504867HD,"{""verified"":true,""machine_type"":"""",""track_size"":""250x48Bx67"",""fits"":[{""make"":""Toro"",""model"":""DINGO TX1000W"",""machine_type"":"""",""track_size"":""250x48Bx67"",""model_key"":""toro-dingo-tx1000w""}],""display_text"":""Fits select Toro and other machines using 250x48Bx67 rubber tracks.""}"
tnt2507239hd,MERGE,TRUE,TNT2507239HD,"{""verified"":true,""machine_type"":""Mini Track Loader"",""track_size"":""250x72x39"",""fits"":[{""make"":""Bobcat"",""model"":""E08"",""machine_type"":""Mini Track Loader"",""track_size"":""250x72x39"",""model_key"":""bobcat-e08""},{""make"":""Bobcat"",""model"":""E10"",""machine_type"":""Mini Excavator"",""track_size"":""250x72x39"",""model_key"":""bobcat-e10""},{""make"":""Bobcat"",""model"":""MT55"",""machine_type"":""Mini Track Loader"",""track_size"":""250x72x39"",""model_key"":""bobcat-mt55""},{""make"":""Case"",""model"":""TF300"",""machine_type"":"""",""track_size"":""250x72x39"",""model_key"":""case-tf300""},{""make"":""Case"",""model"":""TF300RT"",""machine_type"":"""",""track_size"":""250x72x39"",""model_key"":""case-tf300rt""}],""display_text"":""Fits select Bobcat, and Case and other mini track loader using 250x72x39 rubber tracks.""}"
tnt2507252hd,MERGE,TRUE,TNT2507252HD,"{""verified"":true,""machine_type"":""Compact Track Loader"",""track_size"":""250x72x52"",""fits"":[{""make"":""Bobcat"",""model"":""T110"",""machine_type"":""Compact Track Loader"",""track_size"":""250x72x52"",""model_key"":""bobcat-t110""},{""make"":""Ditch Witch"",""model"":""SK1550"",""machine_type"":"""",""track_size"":""250x72x52"",""model_key"":""ditch-witch-sk1550""},{""make"":""Gehl"",""model"":""RT105"",""machine_type"":""Compact Track Loader"",""track_size"":""250x72x52"",""model_key"":""gehl-rt105""}],""display_text"":""Fits select Bobcat, Ditch Witch, and Gehl and other compact track loader using 250x72x52 rubber tracks.""}"
tnt2507252hdc,MERGE,TRUE,TNT2507252HDC,"{""verified"":true,""machine_type"":""Compact Track Loader"",""track_size"":""250x72x52"",""fits"":[{""make"":""Bobcat"",""model"":""T110"",""machine_type"":""Compact Track Loader"",""track_size"":""250x72x52"",""model_key"":""bobcat-t110""},{""make"":""Ditch Witch"",""model"":""SK1550"",""machine_type"":"""",""track_size"":""250x72x52"",""model_key"":""ditch-witch-sk1550""},{""make"":""Gehl"",""model"":""RT105"",""machine_type"":""Compact Track Loader"",""track_size"":""250x72x52"",""model_key"":""gehl-rt105""}],""display_text"":""Fits select Bobcat, Ditch Witch, and Gehl and other compact track loader using 250x72x52 rubber tracks.""}"
tnt300525k86hd,MERGE,TRUE,TNT300525K86HD,"{""verified"":true,""machine_type"":""Mini Excavator"",""track_size"":""300x52.5Kx86"",""fits"":[{""make"":""Case"",""model"":""CX33C"",""machine_type"":""Mini Excavator"",""track_size"":""300x52.5Kx86"",""model_key"":""case-cx33c""},{""make"":""Case"",""model"":""CX37C"",""machine_type"":""Mini Excavator"",""track_size"":""300x52.5Kx86"",""model_key"":""case-cx37c""},{""make"":""Hitachi"",""model"":""ZX35U"",""machine_type"":"""",""track_size"":""300x52.5Kx86"",""model_key"":""hitachi-zx35u""},{""make"":""Hitachi"",""model"":""ZX35U-5"",""machine_type"":""Mini Excavator"",""track_size"":""300x52.5Kx86"",""model_key"":""hitachi-zx35u-5""},{""make"":""Hyundai"",""model"":""R35Z-9"",""machine_type"":""Mini Excavator"",""track_size"":""300x52.5Kx86"",""model_key"":""hyundai-r35z-9""},{""make"":""John Deere"",""model"":""35D"",""machine_type"":""Mini Excavator"",""track_size"":""300x52.5Kx86"",""model_key"":""john-deere-35d""},{""make"":""John Deere"",""model"":""35ZTS"",""machine_type"":""Mini Excavator"",""track_size"":""300x52.5Kx86"",""model_key"":""john-deere-35zts""},{""make"":""Komatsu"",""model"":""PC30MR-3"",""machine_type"":""Mini Excavator"",""track_size"":""300x52.5Kx86"",""model_key"":""komatsu-pc30mr-3""},{""make"":""Komatsu"",""model"":""PC35MR-2"",""machine_type"":""Mini Excavator"",""track_size"":""300x52.5Kx86"",""model_key"":""komatsu-pc35mr-2""},{""make"":""Komatsu"",""model"":""PC35MR-3"",""machine_type"":""Mini Excavator"",""track_size"":""300x52.5Kx86"",""model_key"":""komatsu-pc35mr-3""}],""display_text"":""Fits select Case, Hitachi, Hyundai, and 2 other brands and other mini excavator using 300x52.5Kx86 rubber tracks.""}"
tnt300525k88hd,MERGE,TRUE,TNT300525K88HD,"{""verified"":true,""machine_type"":""Mini Excavator"",""track_size"":""300x52.5Kx88"",""fits"":[{""make"":""Case"",""model"":""CX31B"",""machine_type"":""Mini Excavator"",""track_size"":""300x52.5Kx88"",""model_key"":""case-cx31b""},{""make"":""Case"",""model"":""CX31BMC"",""machine_type"":""Mini Excavator"",""track_size"":""300x52.5Kx88"",""model_key"":""case-cx31bmc""},{""make"":""Case"",""model"":""CX31BMR"",""machine_type"":""Mini Excavator"",""track_size"":""300x52.5Kx88"",""model_key"":""case-cx31bmr""},{""make"":""Case"",""model"":""CX36"",""machine_type"":""Mini Excavator"",""track_size"":""300x52.5Kx88"",""model_key"":""case-cx36""},{""make"":""Case"",""model"":""CX36B"",""machine_type"":""Mini Excavator"",""track_size"":""300x52.5Kx88"",""model_key"":""case-cx36b""},{""make"":""JCB"",""model"":""8035Z"",""machine_type"":""Mini Excavator"",""track_size"":""300x52.5Kx88"",""model_key"":""jcb-8035z""},{""make"":""Kobelco"",""model"":""SK35SR"",""machine_type"":""Mini Excavator"",""track_size"":""300x52.5Kx88"",""model_key"":""kobelco-sk35sr""},{""make"":""New Holland"",""model"":""E 35.2SR"",""machine_type"":""Mini Excavator"",""track_size"":""300x52.5Kx88"",""model_key"":""new-holland-e-35-2sr""},{""make"":""New Holland"",""model"":""E 35SR"",""machine_type"":""Mini Excavator"",""track_size"":""300x52.5Kx88"",""model_key"":""new-holland-e-35sr""},{""make"":""New Holland"",""model"":""EH 35B"",""machine_type"":""Mini Excavator"",""track_size"":""300x52.5Kx88"",""model_key"":""new-holland-eh-35b""},{""make"":""SANY"",""model"":""SY35U"",""machine_type"":""Mini Excavator"",""track_size"":""300x52.5Kx88"",""model_key"":""sany-sy35u""},{""make"":""Yanmar"",""model"":""VIO35-6A"",""machine_type"":""Mini Excavator"",""track_size"":""300x52.5Kx88"",""model_key"":""yanmar-vio35-6a""}],""display_text"":""Fits select Case, JCB, Kobelco, and 3 other brands and other mini excavator using 300x52.5Kx88 rubber tracks.""}"
tnt300525n74hd,MERGE,TRUE,TNT300525N74HD,"{""verified"":true,""machine_type"":""Mini Excavator"",""track_size"":""300x52.5Nx74"",""fits"":[{""make"":""Bobcat"",""model"":""325"",""machine_type"":""Mini Excavator"",""track_size"":""300x52.5Nx74"",""model_key"":""bobcat-325""},{""make"":""New Holland"",""model"":""EH25"",""machine_type"":""Mini Excavator"",""track_size"":""300x52.5Nx74"",""model_key"":""new-holland-eh25""}],""display_text"":""Fits select Bobcat, and New Holland and other mini excavator using 300x52.5Nx74 rubber tracks.""}"
tnt300525n76hd,MERGE,TRUE,TNT300525N76HD,"{""verified"":true,""machine_type"":""Mini Excavator"",""track_size"":""300x52.5Nx76"",""fits"":[{""make"":""Case"",""model"":""CX20B"",""machine_type"":""Mini Excavator"",""track_size"":""300x52.5Nx76"",""model_key"":""case-cx20b""},{""make"":""Case"",""model"":""CX22B"",""machine_type"":""Mini Excavator"",""track_size"":""300x52.5Nx76"",""model_key"":""case-cx22b""},{""make"":""Case"",""model"":""CX25"",""machine_type"":""Mini Excavator"",""track_size"":""300x52.5Nx76"",""model_key"":""case-cx25""},{""make"":""Kubota"",""model"":""KX027"",""machine_type"":""Mini Excavator"",""track_size"":""300x52.5Nx76"",""model_key"":""kubota-kx027""},{""make"":""Kubota"",""model"":""KX61-2"",""machine_type"":""Mini Excavator"",""track_size"":""300x52.5Nx76"",""model_key"":""kubota-kx61-2""},{""make"":""New Holland"",""model"":""E20.2SR"",""machine_type"":""Mini Excavator"",""track_size"":""300x52.5Nx76"",""model_key"":""new-holland-e20-2sr""},{""make"":""New Holland"",""model"":""E20SR"",""machine_type"":""Mini Excavator"",""track_size"":""300x52.5Nx76"",""model_key"":""new-holland-e20sr""},{""make"":""New Holland"",""model"":""E22.2SR"",""machine_type"":""Mini Excavator"",""track_size"":""300x52.5Nx76"",""model_key"":""new-holland-e22-2sr""},{""make"":""New Holland"",""model"":""E25SR"",""machine_type"":""Mini Excavator"",""track_size"":""300x52.5Nx76"",""model_key"":""new-holland-e25sr""},{""make"":""New Holland"",""model"":""E26C"",""machine_type"":""Mini Excavator"",""track_size"":""300x52.5Nx76"",""model_key"":""new-holland-e26c""},{""make"":""New Holland"",""model"":""EC 25SR"",""machine_type"":""Mini Excavator"",""track_size"":""300x52.5Nx76"",""model_key"":""new-holland-ec-25sr""}],""display_text"":""Fits select Case, Kubota, and New Holland and other mini excavator using 300x52.5Nx76 rubber tracks.""}"
tnt300525n78hd,MERGE,TRUE,TNT300525N78HD,"{""verified"":true,""machine_type"":""Mini Excavator"",""track_size"":""300x52.5Nx78"",""fits"":[{""make"":""Case"",""model"":""CX26C"",""machine_type"":""Mini Excavator"",""track_size"":""300x52.5Nx78"",""model_key"":""case-cx26c""},{""make"":""John Deere"",""model"":""27ZTS"",""machine_type"":"""",""track_size"":""300x52.5Nx78"",""model_key"":""john-deere-27zts""},{""make"":""Komatsu"",""model"":""PC20MR"",""machine_type"":""Mini Excavator"",""track_size"":""300x52.5Nx78"",""model_key"":""komatsu-pc20mr""},{""make"":""Komatsu"",""model"":""PC20MR-2"",""machine_type"":""Mini Excavator"",""track_size"":""300x52.5Nx78"",""model_key"":""komatsu-pc20mr-2""}],""display_text"":""Fits select Case, John Deere, and Komatsu and other mini excavator using 300x52.5Nx78 rubber tracks.""}"
tnt300525n80hd,MERGE,TRUE,TNT300525N80HD,"{""verified"":true,""machine_type"":""Mini Excavator"",""track_size"":""300x52.5Nx80"",""fits"":[{""make"":""Bobcat"",""model"":""329"",""machine_type"":""Mini Excavator"",""track_size"":""300x52.5Nx80"",""model_key"":""bobcat-329""},{""make"":""Bobcat"",""model"":""331"",""machine_type"":""Mini Excavator"",""track_size"":""300x52.5Nx80"",""model_key"":""bobcat-331""},{""make"":""Bobcat"",""model"":""331E"",""machine_type"":"""",""track_size"":""300x52.5Nx80"",""model_key"":""bobcat-331e""},{""make"":""Bobcat"",""model"":""334"",""machine_type"":""Mini Excavator"",""track_size"":""300x52.5Nx80"",""model_key"":""bobcat-334""},{""make"":""Bobcat"",""model"":""425"",""machine_type"":""Mini Excavator"",""track_size"":""300x52.5Nx80"",""model_key"":""bobcat-425""},{""make"":""Bobcat"",""model"":""428"",""machine_type"":""Mini Excavator"",""track_size"":""300x52.5Nx80"",""model_key"":""bobcat-428""},{""make"":""Bobcat"",""model"":""E26"",""machine_type"":""Mini Excavator"",""track_size"":""300x52.5Nx80"",""model_key"":""bobcat-e26""},{""make"":""Bobcat"",""model"":""E32"",""machine_type"":""Mini Excavator"",""track_size"":""300x52.5Nx80"",""model_key"":""bobcat-e32""},{""make"":""Bobcat"",""model"":""E32I"",""machine_type"":"""",""track_size"":""300x52.5Nx80"",""model_key"":""bobcat-e32i""},{""make"":""Case"",""model"":""CK32"",""machine_type"":"""",""track_size"":""300x52.5Nx80"",""model_key"":""case-ck32""},{""make"":""Case"",""model"":""CX27B"",""machine_type"":""Mini Excavator"",""track_size"":""300x52.5Nx80"",""model_key"":""case-cx27b""},{""make"":""Ditch Witch"",""model"":""MX272"",""machine_type"":"""",""track_size"":""300x52.5Nx80"",""model_key"":""ditch-witch-mx272""},{""make"":""Gehl"",""model"":""GE342"",""machine_type"":"""",""track_size"":""300x52.5Nx80"",""model_key"":""gehl-ge342""},{""make"":""Gehl"",""model"":""GE362"",""machine_type"":"""",""track_size"":""300x52.5Nx80"",""model_key"":""gehl-ge362""},{""make"":""Hitachi"",""model"":""ZX27U 3"",""machine_type"":"""",""track_size"":""300x52.5Nx80"",""model_key"":""hitachi-zx27u-3""},{""make"":""Hyundai"",""model"":""Robex 30"",""machine_type"":""Mini Excavator"",""track_size"":""300x52.5Nx80"",""model_key"":""hyundai-robex-30""},{""make"":""John Deere"",""model"":""26G"",""machine_type"":""Mini Excavator"",""track_size"":""300x52.5Nx80"",""model_key"":""john-deere-26g""},{""make"":""John Deere"",""model"":""26P"",""machine_type"":"""",""track_size"":""300x52.5Nx80"",""model_key"":""john-deere-26p""},{""make"":""John Deere"",""model"":""27D"",""machine_type"":""Mini Excavator"",""track_size"":""300x52.5Nx80"",""model_key"":""john-deere-27d""},{""make"":""Komatsu"",""model"":""PC15R"",""machine_type"":"""",""track_size"":""300x52.5Nx80"",""model_key"":""komatsu-pc15r""},{""make"":""Komatsu"",""model"":""PC20"",""machine_type"":"""",""track_size"":""300x52.5Nx80"",""model_key"":""komatsu-pc20""},{""make"":""Komatsu"",""model"":""PC20 7"",""machine_type"":"""",""track_size"":""300x52.5Nx80"",""model_key"":""komatsu-pc20-7""},{""make"":""Komatsu"",""model"":""PC25R-8"",""machine_type"":""Mini Excavator"",""track_size"":""300x52.5Nx80"",""model_key"":""komatsu-pc25r-8""},{""make"":""Komatsu"",""model"":""PC26MR"",""machine_type"":""Mini Excavator"",""track_size"":""300x52.5Nx80"",""model_key"":""komatsu-pc26mr""},{""make"":""Komatsu"",""model"":""PC27MR"",""machine_type"":""Mini Excavator"",""track_size"":""300x52.5Nx80"",""model_key"":""komatsu-pc27mr""},{""make"":""Komatsu"",""model"":""PC27MR 2"",""machine_type"":"""",""track_size"":""300x52.5Nx80"",""model_key"":""komatsu-pc27mr-2""},{""make"":""Komatsu"",""model"":""PC27MR-3"",""machine_type"":""Mini Excavator"",""track_size"":""300x52.5Nx80"",""model_key"":""komatsu-pc27mr-3""},{""make"":""Komatsu"",""model"":""PC27R 8"",""machine_type"":"""",""track_size"":""300x52.5Nx80"",""model_key"":""komatsu-pc27r-8""},{""make"":""Komatsu"",""model"":""PC28"",""machine_type"":"""",""track_size"":""300x52.5Nx80"",""model_key"":""komatsu-pc28""},{""make"":""Komatsu"",""model"":""PC28UU"",""machine_type"":"""",""track_size"":""300x52.5Nx80"",""model_key"":""komatsu-pc28uu""},{""make"":""Komatsu"",""model"":""PC28UU 1"",""machine_type"":"""",""track_size"":""300x52.5Nx80"",""model_key"":""komatsu-pc28uu-1""},{""make"":""Komatsu"",""model"":""PC28UU 2"",""machine_type"":"""",""track_size"":""300x52.5Nx80"",""model_key"":""komatsu-pc28uu-2""},{""make"":""Komatsu"",""model"":""PC28uu-3"",""machine_type"":""Mini Excavator"",""track_size"":""300x52.5Nx80"",""model_key"":""komatsu-pc28uu-3""},{""make"":""Kubota"",""model"":""K028"",""machine_type"":""Mini Excavator"",""track_size"":""300x52.5Nx80"",""model_key"":""kubota-k028""},{""make"":""Kubota"",""model"":""K030"",""machine_type"":""Mini Excavator"",""track_size"":""300x52.5Nx80"",""model_key"":""kubota-k030""},{""make"":""Kubota"",""model"":""KH91"",""machine_type"":""Mini Excavator"",""track_size"":""300x52.5Nx80"",""model_key"":""kubota-kh91""},{""make"":""Kubota"",""model"":""KX71-2"",""machine_type"":""Mini Excavator"",""track_size"":""300x52.5Nx80"",""model_key"":""kubota-kx71-2""},{""make"":""Kubota"",""model"":""KX91-2"",""machine_type"":""Mini Excavator"",""track_size"":""300x52.5Nx80"",""model_key"":""kubota-kx91-2""},{""make"":""Kubota"",""model"":""KX91-2S"",""machine_type"":""Mini Excavator"",""track_size"":""300x52.5Nx80"",""model_key"":""kubota-kx91-2s""},{""make"":""New Holland"",""model"":""E27.2SR"",""machine_type"":""Mini Excavator"",""track_size"":""300x52.5Nx80"",""model_key"":""new-holland-e27-2sr""},{""make"":""New Holland"",""model"":""E30C"",""machine_type"":""Mini Excavator"",""track_size"":""300x52.5Nx80"",""model_key"":""new-holland-e30c""},{""make"":""New Holland"",""model"":""EC 35SR"",""machine_type"":""Mini Excavator"",""track_size"":""300x52.5Nx80"",""model_key"":""new-holland-ec-35sr""},{""make"":""New Holland"",""model"":""EH 27B"",""machine_type"":""Mini Excavator"",""track_size"":""300x52.5Nx80"",""model_key"":""new-holland-eh-27b""},{""make"":""SANY"",""model"":""SY26U"",""machine_type"":""Mini Excavator"",""track_size"":""300x52.5Nx80"",""model_key"":""sany-sy26u""}],""display_text"":""Fits select Bobcat, Case, Ditch Witch, and 8 other brands and other mini excavator using 300x52.5Nx80 rubber tracks.""}"
tnt300525n84hd,MERGE,TRUE,TNT300525N84HD,"{""verified"":true,""machine_type"":""Mini Excavator"",""track_size"":""300x52.5Nx84"",""fits"":[{""make"":""Bobcat"",""model"":""E35"",""machine_type"":""Mini Excavator"",""track_size"":""300x52.5Nx84"",""model_key"":""bobcat-e35""},{""make"":""Bobcat"",""model"":""E35Z"",""machine_type"":""Mini Excavator"",""track_size"":""300x52.5Nx84"",""model_key"":""bobcat-e35z""},{""make"":""Bobcat"",""model"":""E35i"",""machine_type"":""Mini Excavator"",""track_size"":""300x52.5Nx84"",""model_key"":""bobcat-e35i""},{""make"":""Doosan"",""model"":""DX30Z"",""machine_type"":""Mini Excavator"",""track_size"":""300x52.5Nx84"",""model_key"":""doosan-dx30z""},{""make"":""Hitachi"",""model"":""EX35"",""machine_type"":"""",""track_size"":""300x52.5Nx84"",""model_key"":""hitachi-ex35""},{""make"":""Hitachi"",""model"":""EX35 1"",""machine_type"":"""",""track_size"":""300x52.5Nx84"",""model_key"":""hitachi-ex35-1""},{""make"":""Hitachi"",""model"":""EX40UR"",""machine_type"":"""",""track_size"":""300x52.5Nx84"",""model_key"":""hitachi-ex40ur""},{""make"":""Hyundai"",""model"":""Robex 35-5"",""machine_type"":""Mini Excavator"",""track_size"":""300x52.5Nx84"",""model_key"":""hyundai-robex-35-5""},{""make"":""Hyundai"",""model"":""Robex 35-7"",""machine_type"":""Mini Excavator"",""track_size"":""300x52.5Nx84"",""model_key"":""hyundai-robex-35-7""},{""make"":""Hyundai"",""model"":""Robex 36-7"",""machine_type"":""Mini Excavator"",""track_size"":""300x52.5Nx84"",""model_key"":""hyundai-robex-36-7""},{""make"":""Komatsu"",""model"":""PC20 2"",""machine_type"":"""",""track_size"":""300x52.5Nx84"",""model_key"":""komatsu-pc20-2""},{""make"":""Komatsu"",""model"":""PC25"",""machine_type"":"""",""track_size"":""300x52.5Nx84"",""model_key"":""komatsu-pc25""},{""make"":""Komatsu"",""model"":""PC25 1"",""machine_type"":"""",""track_size"":""300x52.5Nx84"",""model_key"":""komatsu-pc25-1""},{""make"":""Komatsu"",""model"":""PC25-7"",""machine_type"":""Mini Excavator"",""track_size"":""300x52.5Nx84"",""model_key"":""komatsu-pc25-7""},{""make"":""Komatsu"",""model"":""PC30"",""machine_type"":"""",""track_size"":""300x52.5Nx84"",""model_key"":""komatsu-pc30""},{""make"":""Komatsu"",""model"":""PC30 6"",""machine_type"":"""",""track_size"":""300x52.5Nx84"",""model_key"":""komatsu-pc30-6""},{""make"":""Komatsu"",""model"":""PC30 7"",""machine_type"":"""",""track_size"":""300x52.5Nx84"",""model_key"":""komatsu-pc30-7""},{""make"":""Komatsu"",""model"":""PC30MR"",""machine_type"":""Mini Excavator"",""track_size"":""300x52.5Nx84"",""model_key"":""komatsu-pc30mr""},{""make"":""Komatsu"",""model"":""PC30R 8"",""machine_type"":"""",""track_size"":""300x52.5Nx84"",""model_key"":""komatsu-pc30r-8""},{""make"":""Komatsu"",""model"":""PC35MR"",""machine_type"":""Mini Excavator"",""track_size"":""300x52.5Nx84"",""model_key"":""komatsu-pc35mr""},{""make"":""Komatsu"",""model"":""PC35MR-1"",""machine_type"":""Mini Excavator"",""track_size"":""300x52.5Nx84"",""model_key"":""komatsu-pc35mr-1""},{""make"":""Komatsu"",""model"":""PC35R"",""machine_type"":"""",""track_size"":""300x52.5Nx84"",""model_key"":""komatsu-pc35r""},{""make"":""Komatsu"",""model"":""PC35R 8"",""machine_type"":"""",""track_size"":""300x52.5Nx84"",""model_key"":""komatsu-pc35r-8""},{""make"":""Kubota"",""model"":""KX035"",""machine_type"":"""",""track_size"":""300x52.5Nx84"",""model_key"":""kubota-kx035""}],""display_text"":""Fits select Bobcat, Doosan, Hitachi, and 3 other brands and other mini excavator using 300x52.5Nx84 rubber tracks.""}"
tnt300525n86hd,MERGE,TRUE,TNT300525N86HD,"{""verified"":true,""machine_type"":""Mini Excavator"",""track_size"":""300x52.5Nx86"",""fits"":[{""make"":""Case"",""model"":""CX33C"",""machine_type"":""Mini Excavator"",""track_size"":""300x52.5Nx86"",""model_key"":""case-cx33c""},{""make"":""Doosan"",""model"":""DX35 5"",""machine_type"":"""",""track_size"":""300x52.5Nx86"",""model_key"":""doosan-dx35-5""},{""make"":""Doosan"",""model"":""DX35Z"",""machine_type"":""Mini Excavator"",""track_size"":""300x52.5Nx86"",""model_key"":""doosan-dx35z""},{""make"":""Hitachi"",""model"":""ZX30U-5"",""machine_type"":""Mini Excavator"",""track_size"":""300x52.5Nx86"",""model_key"":""hitachi-zx30u-5""},{""make"":""Hitachi"",""model"":""ZX35U"",""machine_type"":"""",""track_size"":""300x52.5Nx86"",""model_key"":""hitachi-zx35u""},{""make"":""Hyundai"",""model"":""Robex 35Z-7A"",""machine_type"":""Mini Excavator"",""track_size"":""300x52.5Nx86"",""model_key"":""hyundai-robex-35z-7a""},{""make"":""John Deere"",""model"":""30G"",""machine_type"":""Mini Excavator"",""track_size"":""300x52.5Nx86"",""model_key"":""john-deere-30g""},{""make"":""John Deere"",""model"":""35D"",""machine_type"":""Mini Excavator"",""track_size"":""300x52.5Nx86"",""model_key"":""john-deere-35d""},{""make"":""John Deere"",""model"":""35G"",""machine_type"":""Mini Excavator"",""track_size"":""300x52.5Nx86"",""model_key"":""john-deere-35g""},{""make"":""John Deere"",""model"":""35P"",""machine_type"":"""",""track_size"":""300x52.5Nx86"",""model_key"":""john-deere-35p""},{""make"":""John Deere"",""model"":""35ZTS"",""machine_type"":""Mini Excavator"",""track_size"":""300x52.5Nx86"",""model_key"":""john-deere-35zts""},{""make"":""Komatsu"",""model"":""PC30MR-3"",""machine_type"":""Mini Excavator"",""track_size"":""300x52.5Nx86"",""model_key"":""komatsu-pc30mr-3""},{""make"":""Komatsu"",""model"":""PC35MR"",""machine_type"":""Mini Excavator"",""track_size"":""300x52.5Nx86"",""model_key"":""komatsu-pc35mr""},{""make"":""Komatsu"",""model"":""PC35MR-2"",""machine_type"":""Mini Excavator"",""track_size"":""300x52.5Nx86"",""model_key"":""komatsu-pc35mr-2""},{""make"":""Komatsu"",""model"":""PC35MR-3"",""machine_type"":""Mini Excavator"",""track_size"":""300x52.5Nx86"",""model_key"":""komatsu-pc35mr-3""}],""display_text"":""Fits select Case, Doosan, Hitachi, and 3 other brands and other mini excavator using 300x52.5Nx86 rubber tracks.""}"
tnt300525n92hd,MERGE,TRUE,TNT300525N92HD,"{""verified"":true,""machine_type"":""Mini Excavator"",""track_size"":""300x52.5Nx92"",""fits"":[{""make"":""Bobcat"",""model"":""335"",""machine_type"":""Mini Excavator"",""track_size"":""300x52.5Nx92"",""model_key"":""bobcat-335""}],""display_text"":""Fits select Bobcat and other mini excavator using 300x52.5Nx92 rubber tracks.""}"
tnt300525w78hd,MERGE,TRUE,TNT300525W78HD,"{""verified"":true,""machine_type"":""Mini Excavator"",""track_size"":""300x52.5Wx78"",""fits"":[{""make"":""CAT"",""model"":""302.5"",""machine_type"":""Mini Excavator"",""track_size"":""300x52.5Wx78"",""model_key"":""cat-302-5""},{""make"":""CAT"",""model"":""302.5C"",""machine_type"":""Mini Excavator"",""track_size"":""300x52.5Wx78"",""model_key"":""cat-302-5c""},{""make"":""Case"",""model"":""CK28"",""machine_type"":"""",""track_size"":""300x52.5Wx78"",""model_key"":""case-ck28""},{""make"":""Case"",""model"":""CX28"",""machine_type"":""Mini Excavator"",""track_size"":""300x52.5Wx78"",""model_key"":""case-cx28""},{""make"":""Gehl"",""model"":""303"",""machine_type"":"""",""track_size"":""300x52.5Wx78"",""model_key"":""gehl-303""},{""make"":""JCB"",""model"":""8025ZTS"",""machine_type"":""Mini Excavator"",""track_size"":""300x52.5Wx78"",""model_key"":""jcb-8025zts""},{""make"":""Kobelco"",""model"":""SK024"",""machine_type"":"""",""track_size"":""300x52.5Wx78"",""model_key"":""kobelco-sk024""},{""make"":""Kobelco"",""model"":""SK025"",""machine_type"":"""",""track_size"":""300x52.5Wx78"",""model_key"":""kobelco-sk025""},{""make"":""Kobelco"",""model"":""SK025 2"",""machine_type"":"""",""track_size"":""300x52.5Wx78"",""model_key"":""kobelco-sk025-2""},{""make"":""Kobelco"",""model"":""SK025SR"",""machine_type"":"""",""track_size"":""300x52.5Wx78"",""model_key"":""kobelco-sk025sr""},{""make"":""Kobelco"",""model"":""SK25SR"",""machine_type"":"""",""track_size"":""300x52.5Wx78"",""model_key"":""kobelco-sk25sr""},{""make"":""Takeuchi"",""model"":""TB025"",""machine_type"":"""",""track_size"":""300x52.5Wx78"",""model_key"":""takeuchi-tb025""},{""make"":""Takeuchi"",""model"":""TB125"",""machine_type"":""Mini Excavator"",""track_size"":""300x52.5Wx78"",""model_key"":""takeuchi-tb125""},{""make"":""Takeuchi"",""model"":""TB228"",""machine_type"":""Mini Excavator"",""track_size"":""300x52.5Wx78"",""model_key"":""takeuchi-tb228""},{""make"":""Takeuchi"",""model"":""TB230"",""machine_type"":""Mini Excavator"",""track_size"":""300x52.5Wx78"",""model_key"":""takeuchi-tb230""},{""make"":""Volvo"",""model"":""EC25"",""machine_type"":""Mini Excavator"",""track_size"":""300x52.5Wx78"",""model_key"":""volvo-ec25""},{""make"":""Volvo"",""model"":""EC25X"",""machine_type"":""Mini Excavator"",""track_size"":""300x52.5Wx78"",""model_key"":""volvo-ec25x""},{""make"":""Volvo"",""model"":""EC25XT"",""machine_type"":""Mini Excavator"",""track_size"":""300x52.5Wx78"",""model_key"":""volvo-ec25xt""},{""make"":""Volvo"",""model"":""EC27C"",""machine_type"":""Mini Excavator"",""track_size"":""300x52.5Wx78"",""model_key"":""volvo-ec27c""},{""make"":""Volvo"",""model"":""EC27D"",""machine_type"":""Mini Excavator"",""track_size"":""300x52.5Wx78"",""model_key"":""volvo-ec27d""},{""make"":""Volvo"",""model"":""EC30"",""machine_type"":""Mini Excavator"",""track_size"":""300x52.5Wx78"",""model_key"":""volvo-ec30""},{""make"":""Volvo"",""model"":""EC30B"",""machine_type"":""Mini Excavator"",""track_size"":""300x52.5Wx78"",""model_key"":""volvo-ec30b""},{""make"":""Volvo"",""model"":""EC30X"",""machine_type"":""Mini Excavator"",""track_size"":""300x52.5Wx78"",""model_key"":""volvo-ec30x""},{""make"":""Volvo"",""model"":""ECR28"",""machine_type"":""Mini Excavator"",""track_size"":""300x52.5Wx78"",""model_key"":""volvo-ecr28""}],""display_text"":""Fits select CAT, Case, Gehl, and 4 other brands and other mini excavator using 300x52.5Wx78 rubber tracks.""}"
tnt300525w82hd,MERGE,TRUE,TNT300525W82HD,"{""verified"":true,""machine_type"":""Mini Excavator"",""track_size"":""300x52.5Wx82"",""fits"":[{""make"":""Case"",""model"":""CX31"",""machine_type"":""Mini Excavator"",""track_size"":""300x52.5Wx82"",""model_key"":""case-cx31""},{""make"":""Case"",""model"":""CX31B"",""machine_type"":""Mini Excavator"",""track_size"":""300x52.5Wx82"",""model_key"":""case-cx31b""},{""make"":""Kobelco"",""model"":""SK024"",""machine_type"":"""",""track_size"":""300x52.5Wx82"",""model_key"":""kobelco-sk024""},{""make"":""Kobelco"",""model"":""SK30SR"",""machine_type"":"""",""track_size"":""300x52.5Wx82"",""model_key"":""kobelco-sk30sr""}],""display_text"":""Fits select Case, and Kobelco and other mini excavator using 300x52.5Wx82 rubber tracks.""}"
tnt300525w84hd,MERGE,TRUE,TNT300525W84HD,"{""verified"":true,""machine_type"":""Mini Excavator"",""track_size"":""300x52.5Wx84"",""fits"":[{""make"":""CAT"",""model"":""303.5"",""machine_type"":""Mini Excavator"",""track_size"":""300x52.5Wx84"",""model_key"":""cat-303-5""},{""make"":""CAT"",""model"":""303.5 CR"",""machine_type"":""Mini Excavator"",""track_size"":""300x52.5Wx84"",""model_key"":""cat-303-5-cr""},{""make"":""CAT"",""model"":""303CR"",""machine_type"":""Mini Excavator"",""track_size"":""300x52.5Wx84"",""model_key"":""cat-303cr""},{""make"":""CAT"",""model"":""303ECR"",""machine_type"":"""",""track_size"":""300x52.5Wx84"",""model_key"":""cat-303ecr""},{""make"":""Ditch Witch"",""model"":""MX35"",""machine_type"":"""",""track_size"":""300x52.5Wx84"",""model_key"":""ditch-witch-mx35""},{""make"":""JCB"",""model"":""802.7 ZTS"",""machine_type"":""Mini Excavator"",""track_size"":""300x52.5Wx84"",""model_key"":""jcb-802-7-zts""},{""make"":""JCB"",""model"":""803"",""machine_type"":""Mini Excavator"",""track_size"":""300x52.5Wx84"",""model_key"":""jcb-803""},{""make"":""JCB"",""model"":""803 Magnum"",""machine_type"":""Mini Excavator"",""track_size"":""300x52.5Wx84"",""model_key"":""jcb-803-magnum""},{""make"":""JCB"",""model"":""803 Plus"",""machine_type"":""Mini Excavator"",""track_size"":""300x52.5Wx84"",""model_key"":""jcb-803-plus""},{""make"":""JCB"",""model"":""8030ZTS"",""machine_type"":""Mini Excavator"",""track_size"":""300x52.5Wx84"",""model_key"":""jcb-8030zts""},{""make"":""JCB"",""model"":""8032ZTS"",""machine_type"":""Mini Excavator"",""track_size"":""300x52.5Wx84"",""model_key"":""jcb-8032zts""},{""make"":""JCB"",""model"":""8035ZTS"",""machine_type"":""Mini Excavator"",""track_size"":""300x52.5Wx84"",""model_key"":""jcb-8035zts""},{""make"":""JCB"",""model"":""803E"",""machine_type"":""Mini Excavator"",""track_size"":""300x52.5Wx84"",""model_key"":""jcb-803e""},{""make"":""JCB"",""model"":""803SUPER"",""machine_type"":"""",""track_size"":""300x52.5Wx84"",""model_key"":""jcb-803super""},{""make"":""Kubota"",""model"":""K035"",""machine_type"":""Mini Excavator"",""track_size"":""300x52.5Wx84"",""model_key"":""kubota-k035""},{""make"":""Kubota"",""model"":""KH90"",""machine_type"":""Mini Excavator"",""track_size"":""300x52.5Wx84"",""model_key"":""kubota-kh90""},{""make"":""Kubota"",""model"":""KX033-4"",""machine_type"":""Mini Excavator"",""track_size"":""300x52.5Wx84"",""model_key"":""kubota-kx033-4""},{""make"":""Kubota"",""model"":""KX101"",""machine_type"":""Mini Excavator"",""track_size"":""300x52.5Wx84"",""model_key"":""kubota-kx101""},{""make"":""Kubota"",""model"":""U-30"",""machine_type"":""Mini Excavator"",""track_size"":""300x52.5Wx84"",""model_key"":""kubota-u-30""},{""make"":""Kubota"",""model"":""U-30-1"",""machine_type"":""Mini Excavator"",""track_size"":""300x52.5Wx84"",""model_key"":""kubota-u-30-1""},{""make"":""Kubota"",""model"":""U-30-2"",""machine_type"":""Mini Excavator"",""track_size"":""300x52.5Wx84"",""model_key"":""kubota-u-30-2""},{""make"":""Kubota"",""model"":""U-30-3"",""machine_type"":""Mini Excavator"",""track_size"":""300x52.5Wx84"",""model_key"":""kubota-u-30-3""},{""make"":""Kubota"",""model"":""U-35-3"",""machine_type"":""Mini Excavator"",""track_size"":""300x52.5Wx84"",""model_key"":""kubota-u-35-3""},{""make"":""Kubota"",""model"":""U35"",""machine_type"":"""",""track_size"":""300x52.5Wx84"",""model_key"":""kubota-u35""},{""make"":""Kubota"",""model"":""U35 4"",""machine_type"":"""",""track_size"":""300x52.5Wx84"",""model_key"":""kubota-u35-4""},{""make"":""Volvo"",""model"":""EC35"",""machine_type"":""Mini Excavator"",""track_size"":""300x52.5Wx84"",""model_key"":""volvo-ec35""},{""make"":""Volvo"",""model"":""EC35C"",""machine_type"":""Mini Excavator"",""track_size"":""300x52.5Wx84"",""model_key"":""volvo-ec35c""},{""make"":""Volvo"",""model"":""EC35D"",""machine_type"":""Mini Excavator"",""track_size"":""300x52.5Wx84"",""model_key"":""volvo-ec35d""},{""make"":""Volvo"",""model"":""ECR38"",""machine_type"":""Mini Excavator"",""track_size"":""300x52.5Wx84"",""model_key"":""volvo-ecr38""},{""make"":""Volvo"",""model"":""ECR40D"",""machine_type"":""Mini Excavator"",""track_size"":""300x52.5Wx84"",""model_key"":""volvo-ecr40d""}],""display_text"":""Fits select CAT, Ditch Witch, JCB, and 2 other brands and other mini excavator using 300x52.5Wx84 rubber tracks.""}"
tnt300525w86hd,MERGE,TRUE,TNT300525W86HD,"{""verified"":true,""machine_type"":""Mini Excavator"",""track_size"":""300x52.5Wx86"",""fits"":[{""make"":""Case"",""model"":""CX35"",""machine_type"":""Mini Excavator"",""track_size"":""300x52.5Wx86"",""model_key"":""case-cx35""},{""make"":""Takeuchi"",""model"":""TB035"",""machine_type"":""Mini Excavator"",""track_size"":""300x52.5Wx86"",""model_key"":""takeuchi-tb035""},{""make"":""Takeuchi"",""model"":""TB135"",""machine_type"":""Mini Excavator"",""track_size"":""300x52.5Wx86"",""model_key"":""takeuchi-tb135""},{""make"":""Takeuchi"",""model"":""TB138FR"",""machine_type"":""Mini Excavator"",""track_size"":""300x52.5Wx86"",""model_key"":""takeuchi-tb138fr""},{""make"":""Takeuchi"",""model"":""TB235"",""machine_type"":""Mini Excavator"",""track_size"":""300x52.5Wx86"",""model_key"":""takeuchi-tb235""}],""display_text"":""Fits select Case, and Takeuchi and other mini excavator using 300x52.5Wx86 rubber tracks.""}"
tnt300525w90hd,MERGE,TRUE,TNT300525W90HD,"{""verified"":true,""machine_type"":""Mini Excavator"",""track_size"":""300x52.5Wx90"",""fits"":[{""make"":""CAT"",""model"":""303 5CCR"",""machine_type"":"""",""track_size"":""300x52.5Wx90"",""model_key"":""cat-303-5ccr""},{""make"":""CAT"",""model"":""303.5D CR"",""machine_type"":""Mini Excavator"",""track_size"":""300x52.5Wx90"",""model_key"":""cat-303-5d-cr""},{""make"":""CAT"",""model"":""303.5E CR"",""machine_type"":""Mini Excavator"",""track_size"":""300x52.5Wx90"",""model_key"":""cat-303-5e-cr""},{""make"":""CAT"",""model"":""303C CR"",""machine_type"":""Mini Excavator"",""track_size"":""300x52.5Wx90"",""model_key"":""cat-303c-cr""},{""make"":""CAT"",""model"":""303CR"",""machine_type"":""Mini Excavator"",""track_size"":""300x52.5Wx90"",""model_key"":""cat-303cr""},{""make"":""CAT"",""model"":""304E CR"",""machine_type"":""Mini Excavator"",""track_size"":""300x52.5Wx90"",""model_key"":""cat-304e-cr""},{""make"":""New Holland"",""model"":""EH35"",""machine_type"":""Mini Excavator"",""track_size"":""300x52.5Wx90"",""model_key"":""new-holland-eh35""}],""display_text"":""Fits select CAT, and New Holland and other mini excavator using 300x52.5Wx90 rubber tracks.""}"
tnt3005380hd,MERGE,TRUE,TNT3005380HD,"{""verified"":true,""machine_type"":""Mini Excavator"",""track_size"":""300x53x80"",""fits"":[{""make"":""Kubota"",""model"":""K030-3"",""machine_type"":""Mini Excavator"",""track_size"":""300x53x80"",""model_key"":""kubota-k030-3""},{""make"":""Kubota"",""model"":""KX030-4"",""machine_type"":""Mini Excavator"",""track_size"":""300x53x80"",""model_key"":""kubota-kx030-4""},{""make"":""Kubota"",""model"":""KX61-3"",""machine_type"":""Mini Excavator"",""track_size"":""300x53x80"",""model_key"":""kubota-kx61-3""},{""make"":""Kubota"",""model"":""KX71 3S"",""machine_type"":"""",""track_size"":""300x53x80"",""model_key"":""kubota-kx71-3s""},{""make"":""Kubota"",""model"":""KX71-3"",""machine_type"":""Mini Excavator"",""track_size"":""300x53x80"",""model_key"":""kubota-kx71-3""},{""make"":""Kubota"",""model"":""KX91-3"",""machine_type"":""Mini Excavator"",""track_size"":""300x53x80"",""model_key"":""kubota-kx91-3""},{""make"":""Kubota"",""model"":""U-25-3"",""machine_type"":""Mini Excavator"",""track_size"":""300x53x80"",""model_key"":""kubota-u-25-3""},{""make"":""Kubota"",""model"":""U25"",""machine_type"":""Mini Excavator"",""track_size"":""300x53x80"",""model_key"":""kubota-u25""},{""make"":""Kubota"",""model"":""U27 4"",""machine_type"":"""",""track_size"":""300x53x80"",""model_key"":""kubota-u27-4""}],""display_text"":""Fits select Kubota and other mini excavator using 300x53x80 rubber tracks.""}"
tnt3005384hd,MERGE,TRUE,TNT3005384HD,"{""verified"":true,""machine_type"":""Mini Excavator"",""track_size"":""300x53x84"",""fits"":[{""make"":""Kubota"",""model"":""K035-3"",""machine_type"":""Mini Excavator"",""track_size"":""300x53x84"",""model_key"":""kubota-k035-3""},{""make"":""Kubota"",""model"":""KX033-4"",""machine_type"":""Mini Excavator"",""track_size"":""300x53x84"",""model_key"":""kubota-kx033-4""},{""make"":""Kubota"",""model"":""KX101-3"",""machine_type"":""Mini Excavator"",""track_size"":""300x53x84"",""model_key"":""kubota-kx101-3""},{""make"":""Kubota"",""model"":""U-35-3"",""machine_type"":""Mini Excavator"",""track_size"":""300x53x84"",""model_key"":""kubota-u-35-3""},{""make"":""Kubota"",""model"":""U35 4"",""machine_type"":"""",""track_size"":""300x53x84"",""model_key"":""kubota-u35-4""}],""display_text"":""Fits select Kubota and other mini excavator using 300x53x84 rubber tracks.""}"
tnt30055582hd,MERGE,TRUE,TNT30055582HD,"{""verified"":true,""machine_type"":"""",""track_size"":""300x55.5x82"",""fits"":[{""make"":""Yanmar"",""model"":""ViO35"",""machine_type"":"""",""track_size"":""300x55.5x82"",""model_key"":""yanmar-vio35""}],""display_text"":""Fits select Yanmar and other machines using 300x55.5x82 rubber tracks.""}"
tnt3008648hdc,MERGE,TRUE,TNT3008648HDC,"{""verified"":true,""machine_type"":""Compact Track Loader"",""track_size"":""300x86Bx48"",""fits"":[{""make"":""Toro"",""model"":""DINGO TXL2000"",""machine_type"":""Compact Track Loader"",""track_size"":""300x86Bx48"",""model_key"":""toro-dingo-txl2000""}],""display_text"":""Fits select Toro and other compact track loader using 300x86Bx48 rubber tracks.""}"
tnt32010040hdtb,MERGE,TRUE,TNT32010040HDTB,"{""verified"":true,""machine_type"":""Mini Excavator"",""track_size"":""320x100x40"",""fits"":[{""make"":""Bobcat"",""model"":""56"",""machine_type"":""Mini Excavator"",""track_size"":""320x100x40"",""model_key"":""bobcat-56""}],""display_text"":""Fits select Bobcat and other mini excavator using 320x100x40 rubber tracks.""}"
tnt32010043hdtb,MERGE,TRUE,TNT32010043HDTB,"{""verified"":true,""machine_type"":""Mini Excavator"",""track_size"":""320x100x43"",""fits"":[{""make"":""CAT"",""model"":""MS030"",""machine_type"":""Mini Excavator"",""track_size"":""320x100x43"",""model_key"":""cat-ms030""}],""display_text"":""Fits select CAT and other mini excavator using 320x100x43 rubber tracks.""}"
tnt3205472hd,MERGE,TRUE,TNT3205472HD,"{""verified"":true,""machine_type"":""Mini Excavator"",""track_size"":""320x54x72"",""fits"":[{""make"":""Bobcat"",""model"":""325"",""machine_type"":""Mini Excavator"",""track_size"":""320x54x72"",""model_key"":""bobcat-325""}],""display_text"":""Fits select Bobcat and other mini excavator using 320x54x72 rubber tracks.""}"
tnt3205482hd,MERGE,TRUE,TNT3205482HD,"{""verified"":true,""machine_type"":""Mini Excavator"",""track_size"":""320x54x82"",""fits"":[{""make"":""Bobcat"",""model"":""E35"",""machine_type"":""Mini Excavator"",""track_size"":""320x54x82"",""model_key"":""bobcat-e35""},{""make"":""Bobcat"",""model"":""E35Z"",""machine_type"":""Mini Excavator"",""track_size"":""320x54x82"",""model_key"":""bobcat-e35z""},{""make"":""Bobcat"",""model"":""E35i"",""machine_type"":""Mini Excavator"",""track_size"":""320x54x82"",""model_key"":""bobcat-e35i""},{""make"":""Komatsu"",""model"":""PC25"",""machine_type"":"""",""track_size"":""320x54x82"",""model_key"":""komatsu-pc25""},{""make"":""Komatsu"",""model"":""PC25 1"",""machine_type"":"""",""track_size"":""320x54x82"",""model_key"":""komatsu-pc25-1""},{""make"":""Komatsu"",""model"":""PC25-7"",""machine_type"":""Mini Excavator"",""track_size"":""320x54x82"",""model_key"":""komatsu-pc25-7""},{""make"":""Komatsu"",""model"":""PC30 6"",""machine_type"":"""",""track_size"":""320x54x82"",""model_key"":""komatsu-pc30-6""},{""make"":""Komatsu"",""model"":""PC30 7"",""machine_type"":"""",""track_size"":""320x54x82"",""model_key"":""komatsu-pc30-7""},{""make"":""Komatsu"",""model"":""PC30MR"",""machine_type"":""Mini Excavator"",""track_size"":""320x54x82"",""model_key"":""komatsu-pc30mr""},{""make"":""Komatsu"",""model"":""PC30R 8"",""machine_type"":"""",""track_size"":""320x54x82"",""model_key"":""komatsu-pc30r-8""},{""make"":""Komatsu"",""model"":""PC35MR-1"",""machine_type"":""Mini Excavator"",""track_size"":""320x54x82"",""model_key"":""komatsu-pc35mr-1""},{""make"":""Komatsu"",""model"":""PC35R"",""machine_type"":"""",""track_size"":""320x54x82"",""model_key"":""komatsu-pc35r""},{""make"":""Komatsu"",""model"":""PC35R 8"",""machine_type"":"""",""track_size"":""320x54x82"",""model_key"":""komatsu-pc35r-8""}],""display_text"":""Fits select Bobcat, and Komatsu and other mini excavator using 320x54x82 rubber tracks.""}"
tnt3205490hd,MERGE,TRUE,TNT3205490HD,"{""verified"":true,""machine_type"":""Mini Excavator"",""track_size"":""320x54x90"",""fits"":[{""make"":""Bobcat"",""model"":""335"",""machine_type"":""Mini Excavator"",""track_size"":""320x54x90"",""model_key"":""bobcat-335""}],""display_text"":""Fits select Bobcat and other mini excavator using 320x54x90 rubber tracks.""}"
tnt3208446hdbl,MERGE,TRUE,TNT3208446HDBL,"{""verified"":true,""machine_type"":""Compact Track Loader"",""track_size"":""320x84Bx46"",""fits"":[{""make"":""Bobcat"",""model"":""T140"",""machine_type"":""Compact Track Loader"",""track_size"":""320x84Bx46"",""model_key"":""bobcat-t140""},{""make"":""Bobcat"",""model"":""T450"",""machine_type"":""Compact Track Loader"",""track_size"":""320x84Bx46"",""model_key"":""bobcat-t450""},{""make"":""Gehl"",""model"":""RT135"",""machine_type"":""Compact Track Loader"",""track_size"":""320x84Bx46"",""model_key"":""gehl-rt135""}],""display_text"":""Fits select Bobcat, and Gehl and other compact track loader using 320x84Bx46 rubber tracks.""}"
tnt3208446hdc,MERGE,TRUE,TNT3208446HDC,"{""verified"":true,""machine_type"":""Compact Track Loader"",""track_size"":""320x84Bx46"",""fits"":[{""make"":""Bobcat"",""model"":""T140"",""machine_type"":""Compact Track Loader"",""track_size"":""320x84Bx46"",""model_key"":""bobcat-t140""},{""make"":""Bobcat"",""model"":""T450"",""machine_type"":""Compact Track Loader"",""track_size"":""320x84Bx46"",""model_key"":""bobcat-t450""},{""make"":""Gehl"",""model"":""RT135"",""machine_type"":""Compact Track Loader"",""track_size"":""320x84Bx46"",""model_key"":""gehl-rt135""}],""display_text"":""Fits select Bobcat, and Gehl and other compact track loader using 320x84Bx46 rubber tracks.""}"
tnt3208649hdbd,MERGE,TRUE,TNT3208649HDBD,"{""verified"":true,""machine_type"":""Compact Track Loader"",""track_size"":""320x86Bx49"",""fits"":[{""make"":""Bobcat"",""model"":""T180"",""machine_type"":""Compact Track Loader"",""track_size"":""320x86Bx49"",""model_key"":""bobcat-t180""},{""make"":""Bobcat"",""model"":""T190"",""machine_type"":""Compact Track Loader"",""track_size"":""320x86Bx49"",""model_key"":""bobcat-t190""},{""make"":""Bobcat"",""model"":""T550"",""machine_type"":""Compact Track Loader"",""track_size"":""320x86Bx49"",""model_key"":""bobcat-t550""},{""make"":""Bobcat"",""model"":""T590"",""machine_type"":""Compact Track Loader"",""track_size"":""320x86Bx49"",""model_key"":""bobcat-t590""},{""make"":""Bobcat"",""model"":""T595"",""machine_type"":""Compact Track Loader"",""track_size"":""320x86Bx49"",""model_key"":""bobcat-t595""},{""make"":""CAT"",""model"":""239D"",""machine_type"":""Compact Track Loader"",""track_size"":""320x86Bx49"",""model_key"":""cat-239d""},{""make"":""CAT"",""model"":""239D3"",""machine_type"":""Compact Track Loader"",""track_size"":""320x86Bx49"",""model_key"":""cat-239d3""},{""make"":""CAT"",""model"":""249D"",""machine_type"":""Compact Track Loader"",""track_size"":""320x86Bx49"",""model_key"":""cat-249d""},{""make"":""CAT"",""model"":""249D3"",""machine_type"":""Compact Track Loader"",""track_size"":""320x86Bx49"",""model_key"":""cat-249d3""},{""make"":""Gehl"",""model"":""RT165"",""machine_type"":""Compact Track Loader"",""track_size"":""320x86Bx49"",""model_key"":""gehl-rt165""},{""make"":""Mustang"",""model"":""1650RT"",""machine_type"":"""",""track_size"":""320x86Bx49"",""model_key"":""mustang-1650rt""}],""display_text"":""Fits select Bobcat, CAT, Gehl, and Mustang and other compact track loader using 320x86Bx49 rubber tracks.""}"
tnt3208649hdbl,MERGE,TRUE,TNT3208649HDBL,"{""verified"":true,""machine_type"":""Compact Track Loader"",""track_size"":""320x86Bx49"",""fits"":[{""make"":""Bobcat"",""model"":""T180"",""machine_type"":""Compact Track Loader"",""track_size"":""320x86Bx49"",""model_key"":""bobcat-t180""},{""make"":""Bobcat"",""model"":""T190"",""machine_type"":""Compact Track Loader"",""track_size"":""320x86Bx49"",""model_key"":""bobcat-t190""},{""make"":""Bobcat"",""model"":""T550"",""machine_type"":""Compact Track Loader"",""track_size"":""320x86Bx49"",""model_key"":""bobcat-t550""},{""make"":""Bobcat"",""model"":""T590"",""machine_type"":""Compact Track Loader"",""track_size"":""320x86Bx49"",""model_key"":""bobcat-t590""},{""make"":""Bobcat"",""model"":""T595"",""machine_type"":""Compact Track Loader"",""track_size"":""320x86Bx49"",""model_key"":""bobcat-t595""},{""make"":""CAT"",""model"":""239D"",""machine_type"":""Compact Track Loader"",""track_size"":""320x86Bx49"",""model_key"":""cat-239d""},{""make"":""CAT"",""model"":""239D3"",""machine_type"":""Compact Track Loader"",""track_size"":""320x86Bx49"",""model_key"":""cat-239d3""},{""make"":""CAT"",""model"":""249D"",""machine_type"":""Compact Track Loader"",""track_size"":""320x86Bx49"",""model_key"":""cat-249d""},{""make"":""CAT"",""model"":""249D3"",""machine_type"":""Compact Track Loader"",""track_size"":""320x86Bx49"",""model_key"":""cat-249d3""},{""make"":""Gehl"",""model"":""RT165"",""machine_type"":""Compact Track Loader"",""track_size"":""320x86Bx49"",""model_key"":""gehl-rt165""},{""make"":""Mustang"",""model"":""1650RT"",""machine_type"":"""",""track_size"":""320x86Bx49"",""model_key"":""mustang-1650rt""}],""display_text"":""Fits select Bobcat, CAT, Gehl, and Mustang and other compact track loader using 320x86Bx49 rubber tracks.""}"
tnt3208649hdc,MERGE,TRUE,TNT3208649HDC,"{""verified"":true,""machine_type"":""Compact Track Loader"",""track_size"":""320x86Bx49"",""fits"":[{""make"":""Bobcat"",""model"":""T180"",""machine_type"":""Compact Track Loader"",""track_size"":""320x86Bx49"",""model_key"":""bobcat-t180""},{""make"":""Bobcat"",""model"":""T190"",""machine_type"":""Compact Track Loader"",""track_size"":""320x86Bx49"",""model_key"":""bobcat-t190""},{""make"":""Bobcat"",""model"":""T550"",""machine_type"":""Compact Track Loader"",""track_size"":""320x86Bx49"",""model_key"":""bobcat-t550""},{""make"":""Bobcat"",""model"":""T590"",""machine_type"":""Compact Track Loader"",""track_size"":""320x86Bx49"",""model_key"":""bobcat-t590""},{""make"":""Bobcat"",""model"":""T595"",""machine_type"":""Compact Track Loader"",""track_size"":""320x86Bx49"",""model_key"":""bobcat-t595""},{""make"":""CAT"",""model"":""239D"",""machine_type"":""Compact Track Loader"",""track_size"":""320x86Bx49"",""model_key"":""cat-239d""},{""make"":""CAT"",""model"":""239D3"",""machine_type"":""Compact Track Loader"",""track_size"":""320x86Bx49"",""model_key"":""cat-239d3""},{""make"":""CAT"",""model"":""249D"",""machine_type"":""Compact Track Loader"",""track_size"":""320x86Bx49"",""model_key"":""cat-249d""},{""make"":""CAT"",""model"":""249D3"",""machine_type"":""Compact Track Loader"",""track_size"":""320x86Bx49"",""model_key"":""cat-249d3""},{""make"":""Gehl"",""model"":""RT165"",""machine_type"":""Compact Track Loader"",""track_size"":""320x86Bx49"",""model_key"":""gehl-rt165""},{""make"":""Mustang"",""model"":""1650RT"",""machine_type"":"""",""track_size"":""320x86Bx49"",""model_key"":""mustang-1650rt""}],""display_text"":""Fits select Bobcat, CAT, Gehl, and Mustang and other compact track loader using 320x86Bx49 rubber tracks.""}"
tnt3208649hdmb,MERGE,TRUE,TNT3208649HDMB,"{""verified"":true,""machine_type"":""Compact Track Loader"",""track_size"":""320x86Bx49"",""fits"":[{""make"":""Bobcat"",""model"":""T180"",""machine_type"":""Compact Track Loader"",""track_size"":""320x86Bx49"",""model_key"":""bobcat-t180""},{""make"":""Bobcat"",""model"":""T190"",""machine_type"":""Compact Track Loader"",""track_size"":""320x86Bx49"",""model_key"":""bobcat-t190""},{""make"":""Bobcat"",""model"":""T550"",""machine_type"":""Compact Track Loader"",""track_size"":""320x86Bx49"",""model_key"":""bobcat-t550""},{""make"":""Bobcat"",""model"":""T590"",""machine_type"":""Compact Track Loader"",""track_size"":""320x86Bx49"",""model_key"":""bobcat-t590""},{""make"":""Bobcat"",""model"":""T595"",""machine_type"":""Compact Track Loader"",""track_size"":""320x86Bx49"",""model_key"":""bobcat-t595""},{""make"":""CAT"",""model"":""239D"",""machine_type"":""Compact Track Loader"",""track_size"":""320x86Bx49"",""model_key"":""cat-239d""},{""make"":""CAT"",""model"":""239D3"",""machine_type"":""Compact Track Loader"",""track_size"":""320x86Bx49"",""model_key"":""cat-239d3""},{""make"":""CAT"",""model"":""249D"",""machine_type"":""Compact Track Loader"",""track_size"":""320x86Bx49"",""model_key"":""cat-249d""},{""make"":""CAT"",""model"":""249D3"",""machine_type"":""Compact Track Loader"",""track_size"":""320x86Bx49"",""model_key"":""cat-249d3""},{""make"":""Gehl"",""model"":""RT165"",""machine_type"":""Compact Track Loader"",""track_size"":""320x86Bx49"",""model_key"":""gehl-rt165""},{""make"":""Mustang"",""model"":""1650RT"",""machine_type"":"""",""track_size"":""320x86Bx49"",""model_key"":""mustang-1650rt""}],""display_text"":""Fits select Bobcat, CAT, Gehl, and Mustang and other compact track loader using 320x86Bx49 rubber tracks.""}"
tnt3208649hdz,MERGE,TRUE,TNT3208649HDZ,"{""verified"":true,""machine_type"":""Compact Track Loader"",""track_size"":""320x86Bx49"",""fits"":[{""make"":""Bobcat"",""model"":""T180"",""machine_type"":""Compact Track Loader"",""track_size"":""320x86Bx49"",""model_key"":""bobcat-t180""},{""make"":""Bobcat"",""model"":""T190"",""machine_type"":""Compact Track Loader"",""track_size"":""320x86Bx49"",""model_key"":""bobcat-t190""},{""make"":""Bobcat"",""model"":""T550"",""machine_type"":""Compact Track Loader"",""track_size"":""320x86Bx49"",""model_key"":""bobcat-t550""},{""make"":""Bobcat"",""model"":""T590"",""machine_type"":""Compact Track Loader"",""track_size"":""320x86Bx49"",""model_key"":""bobcat-t590""},{""make"":""Bobcat"",""model"":""T595"",""machine_type"":""Compact Track Loader"",""track_size"":""320x86Bx49"",""model_key"":""bobcat-t595""},{""make"":""CAT"",""model"":""239D"",""machine_type"":""Compact Track Loader"",""track_size"":""320x86Bx49"",""model_key"":""cat-239d""},{""make"":""CAT"",""model"":""239D3"",""machine_type"":""Compact Track Loader"",""track_size"":""320x86Bx49"",""model_key"":""cat-239d3""},{""make"":""CAT"",""model"":""249D"",""machine_type"":""Compact Track Loader"",""track_size"":""320x86Bx49"",""model_key"":""cat-249d""},{""make"":""CAT"",""model"":""249D3"",""machine_type"":""Compact Track Loader"",""track_size"":""320x86Bx49"",""model_key"":""cat-249d3""},{""make"":""Gehl"",""model"":""RT165"",""machine_type"":""Compact Track Loader"",""track_size"":""320x86Bx49"",""model_key"":""gehl-rt165""},{""make"":""Mustang"",""model"":""1650RT"",""machine_type"":"""",""track_size"":""320x86Bx49"",""model_key"":""mustang-1650rt""}],""display_text"":""Fits select Bobcat, CAT, Gehl, and Mustang and other compact track loader using 320x86Bx49 rubber tracks.""}"
tnt3208649hdzb,MERGE,TRUE,TNT3208649HDZB,"{""verified"":true,""machine_type"":""Compact Track Loader"",""track_size"":""320x86Bx49"",""fits"":[{""make"":""Bobcat"",""model"":""T180"",""machine_type"":""Compact Track Loader"",""track_size"":""320x86Bx49"",""model_key"":""bobcat-t180""},{""make"":""Bobcat"",""model"":""T190"",""machine_type"":""Compact Track Loader"",""track_size"":""320x86Bx49"",""model_key"":""bobcat-t190""},{""make"":""Bobcat"",""model"":""T550"",""machine_type"":""Compact Track Loader"",""track_size"":""320x86Bx49"",""model_key"":""bobcat-t550""},{""make"":""Bobcat"",""model"":""T590"",""machine_type"":""Compact Track Loader"",""track_size"":""320x86Bx49"",""model_key"":""bobcat-t590""},{""make"":""Bobcat"",""model"":""T595"",""machine_type"":""Compact Track Loader"",""track_size"":""320x86Bx49"",""model_key"":""bobcat-t595""},{""make"":""CAT"",""model"":""239D"",""machine_type"":""Compact Track Loader"",""track_size"":""320x86Bx49"",""model_key"":""cat-239d""},{""make"":""CAT"",""model"":""239D3"",""machine_type"":""Compact Track Loader"",""track_size"":""320x86Bx49"",""model_key"":""cat-239d3""},{""make"":""CAT"",""model"":""249D"",""machine_type"":""Compact Track Loader"",""track_size"":""320x86Bx49"",""model_key"":""cat-249d""},{""make"":""CAT"",""model"":""249D3"",""machine_type"":""Compact Track Loader"",""track_size"":""320x86Bx49"",""model_key"":""cat-249d3""},{""make"":""Gehl"",""model"":""RT165"",""machine_type"":""Compact Track Loader"",""track_size"":""320x86Bx49"",""model_key"":""gehl-rt165""},{""make"":""Mustang"",""model"":""1650RT"",""machine_type"":"""",""track_size"":""320x86Bx49"",""model_key"":""mustang-1650rt""}],""display_text"":""Fits select Bobcat, CAT, Gehl, and Mustang and other compact track loader using 320x86Bx49 rubber tracks.""}"
tnt3208649sdc,MERGE,TRUE,TNT3208649SDC,"{""verified"":true,""machine_type"":""Compact Track Loader"",""track_size"":""320x86Bx49"",""fits"":[{""make"":""Bobcat"",""model"":""T180"",""machine_type"":""Compact Track Loader"",""track_size"":""320x86Bx49"",""model_key"":""bobcat-t180""},{""make"":""Bobcat"",""model"":""T190"",""machine_type"":""Compact Track Loader"",""track_size"":""320x86Bx49"",""model_key"":""bobcat-t190""},{""make"":""Bobcat"",""model"":""T550"",""machine_type"":""Compact Track Loader"",""track_size"":""320x86Bx49"",""model_key"":""bobcat-t550""},{""make"":""Bobcat"",""model"":""T590"",""machine_type"":""Compact Track Loader"",""track_size"":""320x86Bx49"",""model_key"":""bobcat-t590""},{""make"":""Bobcat"",""model"":""T595"",""machine_type"":""Compact Track Loader"",""track_size"":""320x86Bx49"",""model_key"":""bobcat-t595""},{""make"":""CAT"",""model"":""239D"",""machine_type"":""Compact Track Loader"",""track_size"":""320x86Bx49"",""model_key"":""cat-239d""},{""make"":""CAT"",""model"":""239D3"",""machine_type"":""Compact Track Loader"",""track_size"":""320x86Bx49"",""model_key"":""cat-239d3""},{""make"":""CAT"",""model"":""249D"",""machine_type"":""Compact Track Loader"",""track_size"":""320x86Bx49"",""model_key"":""cat-249d""},{""make"":""CAT"",""model"":""249D3"",""machine_type"":""Compact Track Loader"",""track_size"":""320x86Bx49"",""model_key"":""cat-249d3""},{""make"":""Gehl"",""model"":""RT165"",""machine_type"":""Compact Track Loader"",""track_size"":""320x86Bx49"",""model_key"":""gehl-rt165""},{""make"":""Mustang"",""model"":""1650RT"",""machine_type"":"""",""track_size"":""320x86Bx49"",""model_key"":""mustang-1650rt""}],""display_text"":""Fits select Bobcat, CAT, Gehl, and Mustang and other compact track loader using 320x86Bx49 rubber tracks.""}"
tnt3208650hdbd,MERGE,TRUE,TNT3208650HDBD,"{""verified"":true,""machine_type"":""Compact Track Loader"",""track_size"":""320x86Bx50"",""fits"":[{""make"":""Bobcat"",""model"":""T62"",""machine_type"":""Compact Track Loader"",""track_size"":""320x86Bx50"",""model_key"":""bobcat-t62""},{""make"":""Bobcat"",""model"":""T64"",""machine_type"":""Compact Track Loader"",""track_size"":""320x86Bx50"",""model_key"":""bobcat-t64""},{""make"":""Bobcat"",""model"":""T66"",""machine_type"":""Compact Track Loader"",""track_size"":""320x86Bx50"",""model_key"":""bobcat-t66""},{""make"":""Case"",""model"":""420CT"",""machine_type"":""Compact Track Loader"",""track_size"":""320x86Bx50"",""model_key"":""case-420ct""},{""make"":""Case"",""model"":""440CT"",""machine_type"":""Compact Track Loader"",""track_size"":""320x86Bx50"",""model_key"":""case-440ct""},{""make"":""Case"",""model"":""TR270"",""machine_type"":""Compact Track Loader"",""track_size"":""320x86Bx50"",""model_key"":""case-tr270""},{""make"":""Case"",""model"":""TR270B"",""machine_type"":"""",""track_size"":""320x86Bx50"",""model_key"":""case-tr270b""},{""make"":""Case"",""model"":""TR310"",""machine_type"":""Compact Track Loader"",""track_size"":""320x86Bx50"",""model_key"":""case-tr310""},{""make"":""Case"",""model"":""TR310B"",""machine_type"":""Compact Track Loader"",""track_size"":""320x86Bx50"",""model_key"":""case-tr310b""},{""make"":""JCB"",""model"":""180T"",""machine_type"":""Compact Track Loader"",""track_size"":""320x86Bx50"",""model_key"":""jcb-180t""},{""make"":""JCB"",""model"":""190T ECO"",""machine_type"":""Compact Track Loader"",""track_size"":""320x86Bx50"",""model_key"":""jcb-190t-eco""},{""make"":""JCB"",""model"":""205T"",""machine_type"":"""",""track_size"":""320x86Bx50"",""model_key"":""jcb-205t""},{""make"":""JCB"",""model"":""210T"",""machine_type"":"""",""track_size"":""320x86Bx50"",""model_key"":""jcb-210t""},{""make"":""JCB"",""model"":""215T"",""machine_type"":"""",""track_size"":""320x86Bx50"",""model_key"":""jcb-215t""},{""make"":""JCB"",""model"":""2TS 7T"",""machine_type"":"""",""track_size"":""320x86Bx50"",""model_key"":""jcb-2ts-7t""},{""make"":""John Deere"",""model"":""317G"",""machine_type"":""Compact Track Loader"",""track_size"":""320x86Bx50"",""model_key"":""john-deere-317g""},{""make"":""New Holland"",""model"":""C175"",""machine_type"":""Compact Track Loader"",""track_size"":""320x86Bx50"",""model_key"":""new-holland-c175""},{""make"":""New Holland"",""model"":""C227"",""machine_type"":""Compact Track Loader"",""track_size"":""320x86Bx50"",""model_key"":""new-holland-c227""},{""make"":""New Holland"",""model"":""C327"",""machine_type"":""Compact Track Loader"",""track_size"":""320x86Bx50"",""model_key"":""new-holland-c327""},{""make"":""New Holland"",""model"":""LT175B"",""machine_type"":""Compact Track Loader"",""track_size"":""320x86Bx50"",""model_key"":""new-holland-lt175b""},{""make"":""Takeuchi"",""model"":""TL6R"",""machine_type"":""Compact Track Loader"",""track_size"":""320x86Bx50"",""model_key"":""takeuchi-tl6r""},{""make"":""Volvo"",""model"":""MCT85C"",""machine_type"":""Compact Track Loader"",""track_size"":""320x86Bx50"",""model_key"":""volvo-mct85c""}],""display_text"":""Fits select Bobcat, Case, JCB, and 4 other brands and other compact track loader using 320x86Bx50 rubber tracks.""}"
tnt3208650hdbl,MERGE,TRUE,TNT3208650HDBL,"{""verified"":true,""machine_type"":""Compact Track Loader"",""track_size"":""320x86Bx50"",""fits"":[{""make"":""Bobcat"",""model"":""T62"",""machine_type"":""Compact Track Loader"",""track_size"":""320x86Bx50"",""model_key"":""bobcat-t62""},{""make"":""Bobcat"",""model"":""T64"",""machine_type"":""Compact Track Loader"",""track_size"":""320x86Bx50"",""model_key"":""bobcat-t64""},{""make"":""Bobcat"",""model"":""T66"",""machine_type"":""Compact Track Loader"",""track_size"":""320x86Bx50"",""model_key"":""bobcat-t66""},{""make"":""Case"",""model"":""420CT"",""machine_type"":""Compact Track Loader"",""track_size"":""320x86Bx50"",""model_key"":""case-420ct""},{""make"":""Case"",""model"":""440CT"",""machine_type"":""Compact Track Loader"",""track_size"":""320x86Bx50"",""model_key"":""case-440ct""},{""make"":""Case"",""model"":""TR270"",""machine_type"":""Compact Track Loader"",""track_size"":""320x86Bx50"",""model_key"":""case-tr270""},{""make"":""Case"",""model"":""TR270B"",""machine_type"":"""",""track_size"":""320x86Bx50"",""model_key"":""case-tr270b""},{""make"":""Case"",""model"":""TR310"",""machine_type"":""Compact Track Loader"",""track_size"":""320x86Bx50"",""model_key"":""case-tr310""},{""make"":""Case"",""model"":""TR310B"",""machine_type"":""Compact Track Loader"",""track_size"":""320x86Bx50"",""model_key"":""case-tr310b""},{""make"":""JCB"",""model"":""180T"",""machine_type"":""Compact Track Loader"",""track_size"":""320x86Bx50"",""model_key"":""jcb-180t""},{""make"":""JCB"",""model"":""190T ECO"",""machine_type"":""Compact Track Loader"",""track_size"":""320x86Bx50"",""model_key"":""jcb-190t-eco""},{""make"":""JCB"",""model"":""205T"",""machine_type"":"""",""track_size"":""320x86Bx50"",""model_key"":""jcb-205t""},{""make"":""JCB"",""model"":""210T"",""machine_type"":"""",""track_size"":""320x86Bx50"",""model_key"":""jcb-210t""},{""make"":""JCB"",""model"":""215T"",""machine_type"":"""",""track_size"":""320x86Bx50"",""model_key"":""jcb-215t""},{""make"":""JCB"",""model"":""2TS 7T"",""machine_type"":"""",""track_size"":""320x86Bx50"",""model_key"":""jcb-2ts-7t""},{""make"":""John Deere"",""model"":""317G"",""machine_type"":""Compact Track Loader"",""track_size"":""320x86Bx50"",""model_key"":""john-deere-317g""},{""make"":""New Holland"",""model"":""C175"",""machine_type"":""Compact Track Loader"",""track_size"":""320x86Bx50"",""model_key"":""new-holland-c175""},{""make"":""New Holland"",""model"":""C227"",""machine_type"":""Compact Track Loader"",""track_size"":""320x86Bx50"",""model_key"":""new-holland-c227""},{""make"":""New Holland"",""model"":""C327"",""machine_type"":""Compact Track Loader"",""track_size"":""320x86Bx50"",""model_key"":""new-holland-c327""},{""make"":""New Holland"",""model"":""LT175B"",""machine_type"":""Compact Track Loader"",""track_size"":""320x86Bx50"",""model_key"":""new-holland-lt175b""},{""make"":""Takeuchi"",""model"":""TL6R"",""machine_type"":""Compact Track Loader"",""track_size"":""320x86Bx50"",""model_key"":""takeuchi-tl6r""},{""make"":""Volvo"",""model"":""MCT85C"",""machine_type"":""Compact Track Loader"",""track_size"":""320x86Bx50"",""model_key"":""volvo-mct85c""}],""display_text"":""Fits select Bobcat, Case, JCB, and 4 other brands and other compact track loader using 320x86Bx50 rubber tracks.""}"
tnt3208650hdc,MERGE,TRUE,TNT3208650HDC,"{""verified"":true,""machine_type"":""Compact Track Loader"",""track_size"":""320x86Bx50"",""fits"":[{""make"":""Bobcat"",""model"":""T62"",""machine_type"":""Compact Track Loader"",""track_size"":""320x86Bx50"",""model_key"":""bobcat-t62""},{""make"":""Bobcat"",""model"":""T64"",""machine_type"":""Compact Track Loader"",""track_size"":""320x86Bx50"",""model_key"":""bobcat-t64""},{""make"":""Bobcat"",""model"":""T66"",""machine_type"":""Compact Track Loader"",""track_size"":""320x86Bx50"",""model_key"":""bobcat-t66""},{""make"":""Case"",""model"":""420CT"",""machine_type"":""Compact Track Loader"",""track_size"":""320x86Bx50"",""model_key"":""case-420ct""},{""make"":""Case"",""model"":""440CT"",""machine_type"":""Compact Track Loader"",""track_size"":""320x86Bx50"",""model_key"":""case-440ct""},{""make"":""Case"",""model"":""TR270"",""machine_type"":""Compact Track Loader"",""track_size"":""320x86Bx50"",""model_key"":""case-tr270""},{""make"":""Case"",""model"":""TR270B"",""machine_type"":"""",""track_size"":""320x86Bx50"",""model_key"":""case-tr270b""},{""make"":""Case"",""model"":""TR310"",""machine_type"":""Compact Track Loader"",""track_size"":""320x86Bx50"",""model_key"":""case-tr310""},{""make"":""Case"",""model"":""TR310B"",""machine_type"":""Compact Track Loader"",""track_size"":""320x86Bx50"",""model_key"":""case-tr310b""},{""make"":""JCB"",""model"":""180T"",""machine_type"":""Compact Track Loader"",""track_size"":""320x86Bx50"",""model_key"":""jcb-180t""},{""make"":""JCB"",""model"":""190T ECO"",""machine_type"":""Compact Track Loader"",""track_size"":""320x86Bx50"",""model_key"":""jcb-190t-eco""},{""make"":""JCB"",""model"":""205T"",""machine_type"":"""",""track_size"":""320x86Bx50"",""model_key"":""jcb-205t""},{""make"":""JCB"",""model"":""210T"",""machine_type"":"""",""track_size"":""320x86Bx50"",""model_key"":""jcb-210t""},{""make"":""JCB"",""model"":""215T"",""machine_type"":"""",""track_size"":""320x86Bx50"",""model_key"":""jcb-215t""},{""make"":""JCB"",""model"":""2TS 7T"",""machine_type"":"""",""track_size"":""320x86Bx50"",""model_key"":""jcb-2ts-7t""},{""make"":""John Deere"",""model"":""317G"",""machine_type"":""Compact Track Loader"",""track_size"":""320x86Bx50"",""model_key"":""john-deere-317g""},{""make"":""New Holland"",""model"":""C175"",""machine_type"":""Compact Track Loader"",""track_size"":""320x86Bx50"",""model_key"":""new-holland-c175""},{""make"":""New Holland"",""model"":""C227"",""machine_type"":""Compact Track Loader"",""track_size"":""320x86Bx50"",""model_key"":""new-holland-c227""},{""make"":""New Holland"",""model"":""C327"",""machine_type"":""Compact Track Loader"",""track_size"":""320x86Bx50"",""model_key"":""new-holland-c327""},{""make"":""New Holland"",""model"":""LT175B"",""machine_type"":""Compact Track Loader"",""track_size"":""320x86Bx50"",""model_key"":""new-holland-lt175b""},{""make"":""Takeuchi"",""model"":""TL6R"",""machine_type"":""Compact Track Loader"",""track_size"":""320x86Bx50"",""model_key"":""takeuchi-tl6r""},{""make"":""Volvo"",""model"":""MCT85C"",""machine_type"":""Compact Track Loader"",""track_size"":""320x86Bx50"",""model_key"":""volvo-mct85c""}],""display_text"":""Fits select Bobcat, Case, JCB, and 4 other brands and other compact track loader using 320x86Bx50 rubber tracks.""}"
tnt3208650hdmb,MERGE,TRUE,TNT3208650HDMB,"{""verified"":true,""machine_type"":""Compact Track Loader"",""track_size"":""320x86Bx50"",""fits"":[{""make"":""Bobcat"",""model"":""T62"",""machine_type"":""Compact Track Loader"",""track_size"":""320x86Bx50"",""model_key"":""bobcat-t62""},{""make"":""Bobcat"",""model"":""T64"",""machine_type"":""Compact Track Loader"",""track_size"":""320x86Bx50"",""model_key"":""bobcat-t64""},{""make"":""Bobcat"",""model"":""T66"",""machine_type"":""Compact Track Loader"",""track_size"":""320x86Bx50"",""model_key"":""bobcat-t66""},{""make"":""Case"",""model"":""420CT"",""machine_type"":""Compact Track Loader"",""track_size"":""320x86Bx50"",""model_key"":""case-420ct""},{""make"":""Case"",""model"":""440CT"",""machine_type"":""Compact Track Loader"",""track_size"":""320x86Bx50"",""model_key"":""case-440ct""},{""make"":""Case"",""model"":""TR270"",""machine_type"":""Compact Track Loader"",""track_size"":""320x86Bx50"",""model_key"":""case-tr270""},{""make"":""Case"",""model"":""TR270B"",""machine_type"":"""",""track_size"":""320x86Bx50"",""model_key"":""case-tr270b""},{""make"":""Case"",""model"":""TR310"",""machine_type"":""Compact Track Loader"",""track_size"":""320x86Bx50"",""model_key"":""case-tr310""},{""make"":""Case"",""model"":""TR310B"",""machine_type"":""Compact Track Loader"",""track_size"":""320x86Bx50"",""model_key"":""case-tr310b""},{""make"":""JCB"",""model"":""180T"",""machine_type"":""Compact Track Loader"",""track_size"":""320x86Bx50"",""model_key"":""jcb-180t""},{""make"":""JCB"",""model"":""190T ECO"",""machine_type"":""Compact Track Loader"",""track_size"":""320x86Bx50"",""model_key"":""jcb-190t-eco""},{""make"":""JCB"",""model"":""205T"",""machine_type"":"""",""track_size"":""320x86Bx50"",""model_key"":""jcb-205t""},{""make"":""JCB"",""model"":""210T"",""machine_type"":"""",""track_size"":""320x86Bx50"",""model_key"":""jcb-210t""},{""make"":""JCB"",""model"":""215T"",""machine_type"":"""",""track_size"":""320x86Bx50"",""model_key"":""jcb-215t""},{""make"":""JCB"",""model"":""2TS 7T"",""machine_type"":"""",""track_size"":""320x86Bx50"",""model_key"":""jcb-2ts-7t""},{""make"":""John Deere"",""model"":""317G"",""machine_type"":""Compact Track Loader"",""track_size"":""320x86Bx50"",""model_key"":""john-deere-317g""},{""make"":""New Holland"",""model"":""C175"",""machine_type"":""Compact Track Loader"",""track_size"":""320x86Bx50"",""model_key"":""new-holland-c175""},{""make"":""New Holland"",""model"":""C227"",""machine_type"":""Compact Track Loader"",""track_size"":""320x86Bx50"",""model_key"":""new-holland-c227""},{""make"":""New Holland"",""model"":""C327"",""machine_type"":""Compact Track Loader"",""track_size"":""320x86Bx50"",""model_key"":""new-holland-c327""},{""make"":""New Holland"",""model"":""LT175B"",""machine_type"":""Compact Track Loader"",""track_size"":""320x86Bx50"",""model_key"":""new-holland-lt175b""},{""make"":""Takeuchi"",""model"":""TL6R"",""machine_type"":""Compact Track Loader"",""track_size"":""320x86Bx50"",""model_key"":""takeuchi-tl6r""},{""make"":""Volvo"",""model"":""MCT85C"",""machine_type"":""Compact Track Loader"",""track_size"":""320x86Bx50"",""model_key"":""volvo-mct85c""}],""display_text"":""Fits select Bobcat, Case, JCB, and 4 other brands and other compact track loader using 320x86Bx50 rubber tracks.""}"
tnt3208650hdxt,MERGE,TRUE,TNT3208650HDXT,"{""verified"":true,""machine_type"":""Compact Track Loader"",""track_size"":""320x86Bx50"",""fits"":[{""make"":""Bobcat"",""model"":""T62"",""machine_type"":""Compact Track Loader"",""track_size"":""320x86Bx50"",""model_key"":""bobcat-t62""},{""make"":""Bobcat"",""model"":""T64"",""machine_type"":""Compact Track Loader"",""track_size"":""320x86Bx50"",""model_key"":""bobcat-t64""},{""make"":""Bobcat"",""model"":""T66"",""machine_type"":""Compact Track Loader"",""track_size"":""320x86Bx50"",""model_key"":""bobcat-t66""},{""make"":""Case"",""model"":""420CT"",""machine_type"":""Compact Track Loader"",""track_size"":""320x86Bx50"",""model_key"":""case-420ct""},{""make"":""Case"",""model"":""440CT"",""machine_type"":""Compact Track Loader"",""track_size"":""320x86Bx50"",""model_key"":""case-440ct""},{""make"":""Case"",""model"":""TR270"",""machine_type"":""Compact Track Loader"",""track_size"":""320x86Bx50"",""model_key"":""case-tr270""},{""make"":""Case"",""model"":""TR270B"",""machine_type"":"""",""track_size"":""320x86Bx50"",""model_key"":""case-tr270b""},{""make"":""Case"",""model"":""TR310"",""machine_type"":""Compact Track Loader"",""track_size"":""320x86Bx50"",""model_key"":""case-tr310""},{""make"":""Case"",""model"":""TR310B"",""machine_type"":""Compact Track Loader"",""track_size"":""320x86Bx50"",""model_key"":""case-tr310b""},{""make"":""JCB"",""model"":""180T"",""machine_type"":""Compact Track Loader"",""track_size"":""320x86Bx50"",""model_key"":""jcb-180t""},{""make"":""JCB"",""model"":""190T ECO"",""machine_type"":""Compact Track Loader"",""track_size"":""320x86Bx50"",""model_key"":""jcb-190t-eco""},{""make"":""JCB"",""model"":""205T"",""machine_type"":"""",""track_size"":""320x86Bx50"",""model_key"":""jcb-205t""},{""make"":""JCB"",""model"":""210T"",""machine_type"":"""",""track_size"":""320x86Bx50"",""model_key"":""jcb-210t""},{""make"":""JCB"",""model"":""215T"",""machine_type"":"""",""track_size"":""320x86Bx50"",""model_key"":""jcb-215t""},{""make"":""JCB"",""model"":""2TS 7T"",""machine_type"":"""",""track_size"":""320x86Bx50"",""model_key"":""jcb-2ts-7t""},{""make"":""John Deere"",""model"":""317G"",""machine_type"":""Compact Track Loader"",""track_size"":""320x86Bx50"",""model_key"":""john-deere-317g""},{""make"":""New Holland"",""model"":""C175"",""machine_type"":""Compact Track Loader"",""track_size"":""320x86Bx50"",""model_key"":""new-holland-c175""},{""make"":""New Holland"",""model"":""C227"",""machine_type"":""Compact Track Loader"",""track_size"":""320x86Bx50"",""model_key"":""new-holland-c227""},{""make"":""New Holland"",""model"":""C327"",""machine_type"":""Compact Track Loader"",""track_size"":""320x86Bx50"",""model_key"":""new-holland-c327""},{""make"":""New Holland"",""model"":""LT175B"",""machine_type"":""Compact Track Loader"",""track_size"":""320x86Bx50"",""model_key"":""new-holland-lt175b""},{""make"":""Takeuchi"",""model"":""TL6R"",""machine_type"":""Compact Track Loader"",""track_size"":""320x86Bx50"",""model_key"":""takeuchi-tl6r""},{""make"":""Volvo"",""model"":""MCT85C"",""machine_type"":""Compact Track Loader"",""track_size"":""320x86Bx50"",""model_key"":""volvo-mct85c""}],""display_text"":""Fits select Bobcat, Case, JCB, and 4 other brands and other compact track loader using 320x86Bx50 rubber tracks.""}"
tnt3208650hdz,MERGE,TRUE,TNT3208650HDZ,"{""verified"":true,""machine_type"":""Compact Track Loader"",""track_size"":""320x86Bx50"",""fits"":[{""make"":""Bobcat"",""model"":""T62"",""machine_type"":""Compact Track Loader"",""track_size"":""320x86Bx50"",""model_key"":""bobcat-t62""},{""make"":""Bobcat"",""model"":""T64"",""machine_type"":""Compact Track Loader"",""track_size"":""320x86Bx50"",""model_key"":""bobcat-t64""},{""make"":""Bobcat"",""model"":""T66"",""machine_type"":""Compact Track Loader"",""track_size"":""320x86Bx50"",""model_key"":""bobcat-t66""},{""make"":""Case"",""model"":""420CT"",""machine_type"":""Compact Track Loader"",""track_size"":""320x86Bx50"",""model_key"":""case-420ct""},{""make"":""Case"",""model"":""440CT"",""machine_type"":""Compact Track Loader"",""track_size"":""320x86Bx50"",""model_key"":""case-440ct""},{""make"":""Case"",""model"":""TR270"",""machine_type"":""Compact Track Loader"",""track_size"":""320x86Bx50"",""model_key"":""case-tr270""},{""make"":""Case"",""model"":""TR270B"",""machine_type"":"""",""track_size"":""320x86Bx50"",""model_key"":""case-tr270b""},{""make"":""Case"",""model"":""TR310"",""machine_type"":""Compact Track Loader"",""track_size"":""320x86Bx50"",""model_key"":""case-tr310""},{""make"":""Case"",""model"":""TR310B"",""machine_type"":""Compact Track Loader"",""track_size"":""320x86Bx50"",""model_key"":""case-tr310b""},{""make"":""JCB"",""model"":""180T"",""machine_type"":""Compact Track Loader"",""track_size"":""320x86Bx50"",""model_key"":""jcb-180t""},{""make"":""JCB"",""model"":""190T ECO"",""machine_type"":""Compact Track Loader"",""track_size"":""320x86Bx50"",""model_key"":""jcb-190t-eco""},{""make"":""JCB"",""model"":""205T"",""machine_type"":"""",""track_size"":""320x86Bx50"",""model_key"":""jcb-205t""},{""make"":""JCB"",""model"":""210T"",""machine_type"":"""",""track_size"":""320x86Bx50"",""model_key"":""jcb-210t""},{""make"":""JCB"",""model"":""215T"",""machine_type"":"""",""track_size"":""320x86Bx50"",""model_key"":""jcb-215t""},{""make"":""JCB"",""model"":""2TS 7T"",""machine_type"":"""",""track_size"":""320x86Bx50"",""model_key"":""jcb-2ts-7t""},{""make"":""John Deere"",""model"":""317G"",""machine_type"":""Compact Track Loader"",""track_size"":""320x86Bx50"",""model_key"":""john-deere-317g""},{""make"":""New Holland"",""model"":""C175"",""machine_type"":""Compact Track Loader"",""track_size"":""320x86Bx50"",""model_key"":""new-holland-c175""},{""make"":""New Holland"",""model"":""C227"",""machine_type"":""Compact Track Loader"",""track_size"":""320x86Bx50"",""model_key"":""new-holland-c227""},{""make"":""New Holland"",""model"":""C327"",""machine_type"":""Compact Track Loader"",""track_size"":""320x86Bx50"",""model_key"":""new-holland-c327""},{""make"":""New Holland"",""model"":""LT175B"",""machine_type"":""Compact Track Loader"",""track_size"":""320x86Bx50"",""model_key"":""new-holland-lt175b""},{""make"":""Takeuchi"",""model"":""TL6R"",""machine_type"":""Compact Track Loader"",""track_size"":""320x86Bx50"",""model_key"":""takeuchi-tl6r""},{""make"":""Volvo"",""model"":""MCT85C"",""machine_type"":""Compact Track Loader"",""track_size"":""320x86Bx50"",""model_key"":""volvo-mct85c""}],""display_text"":""Fits select Bobcat, Case, JCB, and 4 other brands and other compact track loader using 320x86Bx50 rubber tracks.""}"
tnt3208650hdzb,MERGE,TRUE,TNT3208650HDZB,"{""verified"":true,""machine_type"":""Compact Track Loader"",""track_size"":""320x86Bx50"",""fits"":[{""make"":""Bobcat"",""model"":""T62"",""machine_type"":""Compact Track Loader"",""track_size"":""320x86Bx50"",""model_key"":""bobcat-t62""},{""make"":""Bobcat"",""model"":""T64"",""machine_type"":""Compact Track Loader"",""track_size"":""320x86Bx50"",""model_key"":""bobcat-t64""},{""make"":""Bobcat"",""model"":""T66"",""machine_type"":""Compact Track Loader"",""track_size"":""320x86Bx50"",""model_key"":""bobcat-t66""},{""make"":""Case"",""model"":""420CT"",""machine_type"":""Compact Track Loader"",""track_size"":""320x86Bx50"",""model_key"":""case-420ct""},{""make"":""Case"",""model"":""440CT"",""machine_type"":""Compact Track Loader"",""track_size"":""320x86Bx50"",""model_key"":""case-440ct""},{""make"":""Case"",""model"":""TR270"",""machine_type"":""Compact Track Loader"",""track_size"":""320x86Bx50"",""model_key"":""case-tr270""},{""make"":""Case"",""model"":""TR270B"",""machine_type"":"""",""track_size"":""320x86Bx50"",""model_key"":""case-tr270b""},{""make"":""Case"",""model"":""TR310"",""machine_type"":""Compact Track Loader"",""track_size"":""320x86Bx50"",""model_key"":""case-tr310""},{""make"":""Case"",""model"":""TR310B"",""machine_type"":""Compact Track Loader"",""track_size"":""320x86Bx50"",""model_key"":""case-tr310b""},{""make"":""JCB"",""model"":""180T"",""machine_type"":""Compact Track Loader"",""track_size"":""320x86Bx50"",""model_key"":""jcb-180t""},{""make"":""JCB"",""model"":""190T ECO"",""machine_type"":""Compact Track Loader"",""track_size"":""320x86Bx50"",""model_key"":""jcb-190t-eco""},{""make"":""JCB"",""model"":""205T"",""machine_type"":"""",""track_size"":""320x86Bx50"",""model_key"":""jcb-205t""},{""make"":""JCB"",""model"":""210T"",""machine_type"":"""",""track_size"":""320x86Bx50"",""model_key"":""jcb-210t""},{""make"":""JCB"",""model"":""215T"",""machine_type"":"""",""track_size"":""320x86Bx50"",""model_key"":""jcb-215t""},{""make"":""JCB"",""model"":""2TS 7T"",""machine_type"":"""",""track_size"":""320x86Bx50"",""model_key"":""jcb-2ts-7t""},{""make"":""John Deere"",""model"":""317G"",""machine_type"":""Compact Track Loader"",""track_size"":""320x86Bx50"",""model_key"":""john-deere-317g""},{""make"":""New Holland"",""model"":""C175"",""machine_type"":""Compact Track Loader"",""track_size"":""320x86Bx50"",""model_key"":""new-holland-c175""},{""make"":""New Holland"",""model"":""C227"",""machine_type"":""Compact Track Loader"",""track_size"":""320x86Bx50"",""model_key"":""new-holland-c227""},{""make"":""New Holland"",""model"":""C327"",""machine_type"":""Compact Track Loader"",""track_size"":""320x86Bx50"",""model_key"":""new-holland-c327""},{""make"":""New Holland"",""model"":""LT175B"",""machine_type"":""Compact Track Loader"",""track_size"":""320x86Bx50"",""model_key"":""new-holland-lt175b""},{""make"":""Takeuchi"",""model"":""TL6R"",""machine_type"":""Compact Track Loader"",""track_size"":""320x86Bx50"",""model_key"":""takeuchi-tl6r""},{""make"":""Volvo"",""model"":""MCT85C"",""machine_type"":""Compact Track Loader"",""track_size"":""320x86Bx50"",""model_key"":""volvo-mct85c""}],""display_text"":""Fits select Bobcat, Case, JCB, and 4 other brands and other compact track loader using 320x86Bx50 rubber tracks.""}"
tnt3208650sdc,MERGE,TRUE,TNT3208650SDC,"{""verified"":true,""machine_type"":""Compact Track Loader"",""track_size"":""320x86Bx50"",""fits"":[{""make"":""Bobcat"",""model"":""T62"",""machine_type"":""Compact Track Loader"",""track_size"":""320x86Bx50"",""model_key"":""bobcat-t62""},{""make"":""Bobcat"",""model"":""T64"",""machine_type"":""Compact Track Loader"",""track_size"":""320x86Bx50"",""model_key"":""bobcat-t64""},{""make"":""Bobcat"",""model"":""T66"",""machine_type"":""Compact Track Loader"",""track_size"":""320x86Bx50"",""model_key"":""bobcat-t66""},{""make"":""Case"",""model"":""420CT"",""machine_type"":""Compact Track Loader"",""track_size"":""320x86Bx50"",""model_key"":""case-420ct""},{""make"":""Case"",""model"":""440CT"",""machine_type"":""Compact Track Loader"",""track_size"":""320x86Bx50"",""model_key"":""case-440ct""},{""make"":""Case"",""model"":""TR270"",""machine_type"":""Compact Track Loader"",""track_size"":""320x86Bx50"",""model_key"":""case-tr270""},{""make"":""Case"",""model"":""TR270B"",""machine_type"":"""",""track_size"":""320x86Bx50"",""model_key"":""case-tr270b""},{""make"":""Case"",""model"":""TR310"",""machine_type"":""Compact Track Loader"",""track_size"":""320x86Bx50"",""model_key"":""case-tr310""},{""make"":""Case"",""model"":""TR310B"",""machine_type"":""Compact Track Loader"",""track_size"":""320x86Bx50"",""model_key"":""case-tr310b""},{""make"":""JCB"",""model"":""180T"",""machine_type"":""Compact Track Loader"",""track_size"":""320x86Bx50"",""model_key"":""jcb-180t""},{""make"":""JCB"",""model"":""190T ECO"",""machine_type"":""Compact Track Loader"",""track_size"":""320x86Bx50"",""model_key"":""jcb-190t-eco""},{""make"":""JCB"",""model"":""205T"",""machine_type"":"""",""track_size"":""320x86Bx50"",""model_key"":""jcb-205t""},{""make"":""JCB"",""model"":""210T"",""machine_type"":"""",""track_size"":""320x86Bx50"",""model_key"":""jcb-210t""},{""make"":""JCB"",""model"":""215T"",""machine_type"":"""",""track_size"":""320x86Bx50"",""model_key"":""jcb-215t""},{""make"":""JCB"",""model"":""2TS 7T"",""machine_type"":"""",""track_size"":""320x86Bx50"",""model_key"":""jcb-2ts-7t""},{""make"":""John Deere"",""model"":""317G"",""machine_type"":""Compact Track Loader"",""track_size"":""320x86Bx50"",""model_key"":""john-deere-317g""},{""make"":""New Holland"",""model"":""C175"",""machine_type"":""Compact Track Loader"",""track_size"":""320x86Bx50"",""model_key"":""new-holland-c175""},{""make"":""New Holland"",""model"":""C227"",""machine_type"":""Compact Track Loader"",""track_size"":""320x86Bx50"",""model_key"":""new-holland-c227""},{""make"":""New Holland"",""model"":""C327"",""machine_type"":""Compact Track Loader"",""track_size"":""320x86Bx50"",""model_key"":""new-holland-c327""},{""make"":""New Holland"",""model"":""LT175B"",""machine_type"":""Compact Track Loader"",""track_size"":""320x86Bx50"",""model_key"":""new-holland-lt175b""},{""make"":""Takeuchi"",""model"":""TL6R"",""machine_type"":""Compact Track Loader"",""track_size"":""320x86Bx50"",""model_key"":""takeuchi-tl6r""},{""make"":""Volvo"",""model"":""MCT85C"",""machine_type"":""Compact Track Loader"",""track_size"":""320x86Bx50"",""model_key"":""volvo-mct85c""}],""display_text"":""Fits select Bobcat, Case, JCB, and 4 other brands and other compact track loader using 320x86Bx50 rubber tracks.""}"
tnt3208652hdbl,MERGE,TRUE,TNT3208652HDBL,"{""verified"":true,""machine_type"":""Compact Track Loader"",""track_size"":""320x86Bx52"",""fits"":[{""make"":""Bobcat"",""model"":""864"",""machine_type"":""Compact Track Loader"",""track_size"":""320x86Bx52"",""model_key"":""bobcat-864""},{""make"":""Bobcat"",""model"":""864G"",""machine_type"":""Compact Track Loader"",""track_size"":""320x86Bx52"",""model_key"":""bobcat-864g""},{""make"":""Bobcat"",""model"":""T200"",""machine_type"":""Compact Track Loader"",""track_size"":""320x86Bx52"",""model_key"":""bobcat-t200""},{""make"":""Bobcat"",""model"":""T630"",""machine_type"":""Compact Track Loader"",""track_size"":""320x86Bx52"",""model_key"":""bobcat-t630""},{""make"":""Bobcat"",""model"":""T650"",""machine_type"":""Compact Track Loader"",""track_size"":""320x86Bx52"",""model_key"":""bobcat-t650""},{""make"":""CAT"",""model"":""255"",""machine_type"":""Compact Track Loader"",""track_size"":""320x86Bx52"",""model_key"":""cat-255""},{""make"":""JCB"",""model"":""190T"",""machine_type"":""Compact Track Loader"",""track_size"":""320x86Bx52"",""model_key"":""jcb-190t""},{""make"":""John Deere"",""model"":""319D"",""machine_type"":""Compact Track Loader"",""track_size"":""320x86Bx52"",""model_key"":""john-deere-319d""},{""make"":""John Deere"",""model"":""319E"",""machine_type"":""Compact Track Loader"",""track_size"":""320x86Bx52"",""model_key"":""john-deere-319e""},{""make"":""John Deere"",""model"":""323D"",""machine_type"":""Compact Track Loader"",""track_size"":""320x86Bx52"",""model_key"":""john-deere-323d""},{""make"":""John Deere"",""model"":""323E"",""machine_type"":""Compact Track Loader"",""track_size"":""320x86Bx52"",""model_key"":""john-deere-323e""},{""make"":""John Deere"",""model"":""325G"",""machine_type"":""Compact Track Loader"",""track_size"":""320x86Bx52"",""model_key"":""john-deere-325g""},{""make"":""John Deere"",""model"":""CT322"",""machine_type"":""Compact Track Loader"",""track_size"":""320x86Bx52"",""model_key"":""john-deere-ct322""},{""make"":""Komatsu"",""model"":""820 Turbo"",""machine_type"":""Compact Track Loader"",""track_size"":""320x86Bx52"",""model_key"":""komatsu-820-turbo""},{""make"":""Komatsu"",""model"":""CK20"",""machine_type"":""Compact Track Loader"",""track_size"":""320x86Bx52"",""model_key"":""komatsu-ck20""},{""make"":""Komatsu"",""model"":""CK20-1"",""machine_type"":""Compact Track Loader"",""track_size"":""320x86Bx52"",""model_key"":""komatsu-ck20-1""},{""make"":""Komatsu"",""model"":""CK25"",""machine_type"":""Compact Track Loader"",""track_size"":""320x86Bx52"",""model_key"":""komatsu-ck25""},{""make"":""Kubota"",""model"":""SVL65-2"",""machine_type"":""Compact Track Loader"",""track_size"":""320x86Bx52"",""model_key"":""kubota-svl65-2""},{""make"":""Kubota"",""model"":""SVL75"",""machine_type"":""Compact Track Loader"",""track_size"":""320x86Bx52"",""model_key"":""kubota-svl75""},{""make"":""Kubota"",""model"":""SVL75-2"",""machine_type"":""Compact Track Loader"",""track_size"":""320x86Bx52"",""model_key"":""kubota-svl75-2""},{""make"":""Kubota"",""model"":""SVL75-3"",""machine_type"":""Compact Track Loader"",""track_size"":""320x86Bx52"",""model_key"":""kubota-svl75-3""},{""make"":""Takeuchi"",""model"":""TL8R2"",""machine_type"":""Compact Track Loader"",""track_size"":""320x86Bx52"",""model_key"":""takeuchi-tl8r2""}],""display_text"":""Fits select Bobcat, CAT, JCB, and 4 other brands and other compact track loader using 320x86Bx52 rubber tracks.""}"
tnt3208652hdc,MERGE,TRUE,TNT3208652HDC,"{""verified"":true,""machine_type"":""Compact Track Loader"",""track_size"":""320x86Bx52"",""fits"":[{""make"":""Bobcat"",""model"":""864"",""machine_type"":""Compact Track Loader"",""track_size"":""320x86Bx52"",""model_key"":""bobcat-864""},{""make"":""Bobcat"",""model"":""864G"",""machine_type"":""Compact Track Loader"",""track_size"":""320x86Bx52"",""model_key"":""bobcat-864g""},{""make"":""Bobcat"",""model"":""T200"",""machine_type"":""Compact Track Loader"",""track_size"":""320x86Bx52"",""model_key"":""bobcat-t200""},{""make"":""Bobcat"",""model"":""T630"",""machine_type"":""Compact Track Loader"",""track_size"":""320x86Bx52"",""model_key"":""bobcat-t630""},{""make"":""Bobcat"",""model"":""T650"",""machine_type"":""Compact Track Loader"",""track_size"":""320x86Bx52"",""model_key"":""bobcat-t650""},{""make"":""CAT"",""model"":""255"",""machine_type"":""Compact Track Loader"",""track_size"":""320x86Bx52"",""model_key"":""cat-255""},{""make"":""JCB"",""model"":""190T"",""machine_type"":""Compact Track Loader"",""track_size"":""320x86Bx52"",""model_key"":""jcb-190t""},{""make"":""John Deere"",""model"":""319D"",""machine_type"":""Compact Track Loader"",""track_size"":""320x86Bx52"",""model_key"":""john-deere-319d""},{""make"":""John Deere"",""model"":""319E"",""machine_type"":""Compact Track Loader"",""track_size"":""320x86Bx52"",""model_key"":""john-deere-319e""},{""make"":""John Deere"",""model"":""323D"",""machine_type"":""Compact Track Loader"",""track_size"":""320x86Bx52"",""model_key"":""john-deere-323d""},{""make"":""John Deere"",""model"":""323E"",""machine_type"":""Compact Track Loader"",""track_size"":""320x86Bx52"",""model_key"":""john-deere-323e""},{""make"":""John Deere"",""model"":""325G"",""machine_type"":""Compact Track Loader"",""track_size"":""320x86Bx52"",""model_key"":""john-deere-325g""},{""make"":""John Deere"",""model"":""CT322"",""machine_type"":""Compact Track Loader"",""track_size"":""320x86Bx52"",""model_key"":""john-deere-ct322""},{""make"":""Komatsu"",""model"":""820 Turbo"",""machine_type"":""Compact Track Loader"",""track_size"":""320x86Bx52"",""model_key"":""komatsu-820-turbo""},{""make"":""Komatsu"",""model"":""CK20"",""machine_type"":""Compact Track Loader"",""track_size"":""320x86Bx52"",""model_key"":""komatsu-ck20""},{""make"":""Komatsu"",""model"":""CK20-1"",""machine_type"":""Compact Track Loader"",""track_size"":""320x86Bx52"",""model_key"":""komatsu-ck20-1""},{""make"":""Komatsu"",""model"":""CK25"",""machine_type"":""Compact Track Loader"",""track_size"":""320x86Bx52"",""model_key"":""komatsu-ck25""},{""make"":""Kubota"",""model"":""SVL65-2"",""machine_type"":""Compact Track Loader"",""track_size"":""320x86Bx52"",""model_key"":""kubota-svl65-2""},{""make"":""Kubota"",""model"":""SVL75"",""machine_type"":""Compact Track Loader"",""track_size"":""320x86Bx52"",""model_key"":""kubota-svl75""},{""make"":""Kubota"",""model"":""SVL75-2"",""machine_type"":""Compact Track Loader"",""track_size"":""320x86Bx52"",""model_key"":""kubota-svl75-2""},{""make"":""Kubota"",""model"":""SVL75-3"",""machine_type"":""Compact Track Loader"",""track_size"":""320x86Bx52"",""model_key"":""kubota-svl75-3""},{""make"":""Takeuchi"",""model"":""TL8R2"",""machine_type"":""Compact Track Loader"",""track_size"":""320x86Bx52"",""model_key"":""takeuchi-tl8r2""}],""display_text"":""Fits select Bobcat, CAT, JCB, and 4 other brands and other compact track loader using 320x86Bx52 rubber tracks.""}"
tnt3208652hdmb,MERGE,TRUE,TNT3208652HDMB,"{""verified"":true,""machine_type"":""Compact Track Loader"",""track_size"":""320x86Bx52"",""fits"":[{""make"":""Bobcat"",""model"":""864"",""machine_type"":""Compact Track Loader"",""track_size"":""320x86Bx52"",""model_key"":""bobcat-864""},{""make"":""Bobcat"",""model"":""864G"",""machine_type"":""Compact Track Loader"",""track_size"":""320x86Bx52"",""model_key"":""bobcat-864g""},{""make"":""Bobcat"",""model"":""T200"",""machine_type"":""Compact Track Loader"",""track_size"":""320x86Bx52"",""model_key"":""bobcat-t200""},{""make"":""Bobcat"",""model"":""T630"",""machine_type"":""Compact Track Loader"",""track_size"":""320x86Bx52"",""model_key"":""bobcat-t630""},{""make"":""Bobcat"",""model"":""T650"",""machine_type"":""Compact Track Loader"",""track_size"":""320x86Bx52"",""model_key"":""bobcat-t650""},{""make"":""CAT"",""model"":""255"",""machine_type"":""Compact Track Loader"",""track_size"":""320x86Bx52"",""model_key"":""cat-255""},{""make"":""JCB"",""model"":""190T"",""machine_type"":""Compact Track Loader"",""track_size"":""320x86Bx52"",""model_key"":""jcb-190t""},{""make"":""John Deere"",""model"":""319D"",""machine_type"":""Compact Track Loader"",""track_size"":""320x86Bx52"",""model_key"":""john-deere-319d""},{""make"":""John Deere"",""model"":""319E"",""machine_type"":""Compact Track Loader"",""track_size"":""320x86Bx52"",""model_key"":""john-deere-319e""},{""make"":""John Deere"",""model"":""323D"",""machine_type"":""Compact Track Loader"",""track_size"":""320x86Bx52"",""model_key"":""john-deere-323d""},{""make"":""John Deere"",""model"":""323E"",""machine_type"":""Compact Track Loader"",""track_size"":""320x86Bx52"",""model_key"":""john-deere-323e""},{""make"":""John Deere"",""model"":""325G"",""machine_type"":""Compact Track Loader"",""track_size"":""320x86Bx52"",""model_key"":""john-deere-325g""},{""make"":""John Deere"",""model"":""CT322"",""machine_type"":""Compact Track Loader"",""track_size"":""320x86Bx52"",""model_key"":""john-deere-ct322""},{""make"":""Komatsu"",""model"":""820 Turbo"",""machine_type"":""Compact Track Loader"",""track_size"":""320x86Bx52"",""model_key"":""komatsu-820-turbo""},{""make"":""Komatsu"",""model"":""CK20"",""machine_type"":""Compact Track Loader"",""track_size"":""320x86Bx52"",""model_key"":""komatsu-ck20""},{""make"":""Komatsu"",""model"":""CK20-1"",""machine_type"":""Compact Track Loader"",""track_size"":""320x86Bx52"",""model_key"":""komatsu-ck20-1""},{""make"":""Komatsu"",""model"":""CK25"",""machine_type"":""Compact Track Loader"",""track_size"":""320x86Bx52"",""model_key"":""komatsu-ck25""},{""make"":""Kubota"",""model"":""SVL65-2"",""machine_type"":""Compact Track Loader"",""track_size"":""320x86Bx52"",""model_key"":""kubota-svl65-2""},{""make"":""Kubota"",""model"":""SVL75"",""machine_type"":""Compact Track Loader"",""track_size"":""320x86Bx52"",""model_key"":""kubota-svl75""},{""make"":""Kubota"",""model"":""SVL75-2"",""machine_type"":""Compact Track Loader"",""track_size"":""320x86Bx52"",""model_key"":""kubota-svl75-2""},{""make"":""Kubota"",""model"":""SVL75-3"",""machine_type"":""Compact Track Loader"",""track_size"":""320x86Bx52"",""model_key"":""kubota-svl75-3""},{""make"":""Takeuchi"",""model"":""TL8R2"",""machine_type"":""Compact Track Loader"",""track_size"":""320x86Bx52"",""model_key"":""takeuchi-tl8r2""}],""display_text"":""Fits select Bobcat, CAT, JCB, and 4 other brands and other compact track loader using 320x86Bx52 rubber tracks.""}"
tnt3208652hdz,MERGE,TRUE,TNT3208652HDZ,"{""verified"":true,""machine_type"":""Compact Track Loader"",""track_size"":""320x86Bx52"",""fits"":[{""make"":""Bobcat"",""model"":""864"",""machine_type"":""Compact Track Loader"",""track_size"":""320x86Bx52"",""model_key"":""bobcat-864""},{""make"":""Bobcat"",""model"":""864G"",""machine_type"":""Compact Track Loader"",""track_size"":""320x86Bx52"",""model_key"":""bobcat-864g""},{""make"":""Bobcat"",""model"":""T200"",""machine_type"":""Compact Track Loader"",""track_size"":""320x86Bx52"",""model_key"":""bobcat-t200""},{""make"":""Bobcat"",""model"":""T630"",""machine_type"":""Compact Track Loader"",""track_size"":""320x86Bx52"",""model_key"":""bobcat-t630""},{""make"":""Bobcat"",""model"":""T650"",""machine_type"":""Compact Track Loader"",""track_size"":""320x86Bx52"",""model_key"":""bobcat-t650""},{""make"":""CAT"",""model"":""255"",""machine_type"":""Compact Track Loader"",""track_size"":""320x86Bx52"",""model_key"":""cat-255""},{""make"":""JCB"",""model"":""190T"",""machine_type"":""Compact Track Loader"",""track_size"":""320x86Bx52"",""model_key"":""jcb-190t""},{""make"":""John Deere"",""model"":""319D"",""machine_type"":""Compact Track Loader"",""track_size"":""320x86Bx52"",""model_key"":""john-deere-319d""},{""make"":""John Deere"",""model"":""319E"",""machine_type"":""Compact Track Loader"",""track_size"":""320x86Bx52"",""model_key"":""john-deere-319e""},{""make"":""John Deere"",""model"":""323D"",""machine_type"":""Compact Track Loader"",""track_size"":""320x86Bx52"",""model_key"":""john-deere-323d""},{""make"":""John Deere"",""model"":""323E"",""machine_type"":""Compact Track Loader"",""track_size"":""320x86Bx52"",""model_key"":""john-deere-323e""},{""make"":""John Deere"",""model"":""325G"",""machine_type"":""Compact Track Loader"",""track_size"":""320x86Bx52"",""model_key"":""john-deere-325g""},{""make"":""John Deere"",""model"":""CT322"",""machine_type"":""Compact Track Loader"",""track_size"":""320x86Bx52"",""model_key"":""john-deere-ct322""},{""make"":""Komatsu"",""model"":""820 Turbo"",""machine_type"":""Compact Track Loader"",""track_size"":""320x86Bx52"",""model_key"":""komatsu-820-turbo""},{""make"":""Komatsu"",""model"":""CK20"",""machine_type"":""Compact Track Loader"",""track_size"":""320x86Bx52"",""model_key"":""komatsu-ck20""},{""make"":""Komatsu"",""model"":""CK20-1"",""machine_type"":""Compact Track Loader"",""track_size"":""320x86Bx52"",""model_key"":""komatsu-ck20-1""},{""make"":""Komatsu"",""model"":""CK25"",""machine_type"":""Compact Track Loader"",""track_size"":""320x86Bx52"",""model_key"":""komatsu-ck25""},{""make"":""Kubota"",""model"":""SVL65-2"",""machine_type"":""Compact Track Loader"",""track_size"":""320x86Bx52"",""model_key"":""kubota-svl65-2""},{""make"":""Kubota"",""model"":""SVL75"",""machine_type"":""Compact Track Loader"",""track_size"":""320x86Bx52"",""model_key"":""kubota-svl75""},{""make"":""Kubota"",""model"":""SVL75-2"",""machine_type"":""Compact Track Loader"",""track_size"":""320x86Bx52"",""model_key"":""kubota-svl75-2""},{""make"":""Kubota"",""model"":""SVL75-3"",""machine_type"":""Compact Track Loader"",""track_size"":""320x86Bx52"",""model_key"":""kubota-svl75-3""},{""make"":""Takeuchi"",""model"":""TL8R2"",""machine_type"":""Compact Track Loader"",""track_size"":""320x86Bx52"",""model_key"":""takeuchi-tl8r2""}],""display_text"":""Fits select Bobcat, CAT, JCB, and 4 other brands and other compact track loader using 320x86Bx52 rubber tracks.""}"
tnt3208652hdzb,MERGE,TRUE,TNT3208652HDZB,"{""verified"":true,""machine_type"":""Compact Track Loader"",""track_size"":""320x86Bx52"",""fits"":[{""make"":""Bobcat"",""model"":""864"",""machine_type"":""Compact Track Loader"",""track_size"":""320x86Bx52"",""model_key"":""bobcat-864""},{""make"":""Bobcat"",""model"":""864G"",""machine_type"":""Compact Track Loader"",""track_size"":""320x86Bx52"",""model_key"":""bobcat-864g""},{""make"":""Bobcat"",""model"":""T200"",""machine_type"":""Compact Track Loader"",""track_size"":""320x86Bx52"",""model_key"":""bobcat-t200""},{""make"":""Bobcat"",""model"":""T630"",""machine_type"":""Compact Track Loader"",""track_size"":""320x86Bx52"",""model_key"":""bobcat-t630""},{""make"":""Bobcat"",""model"":""T650"",""machine_type"":""Compact Track Loader"",""track_size"":""320x86Bx52"",""model_key"":""bobcat-t650""},{""make"":""CAT"",""model"":""255"",""machine_type"":""Compact Track Loader"",""track_size"":""320x86Bx52"",""model_key"":""cat-255""},{""make"":""JCB"",""model"":""190T"",""machine_type"":""Compact Track Loader"",""track_size"":""320x86Bx52"",""model_key"":""jcb-190t""},{""make"":""John Deere"",""model"":""319D"",""machine_type"":""Compact Track Loader"",""track_size"":""320x86Bx52"",""model_key"":""john-deere-319d""},{""make"":""John Deere"",""model"":""319E"",""machine_type"":""Compact Track Loader"",""track_size"":""320x86Bx52"",""model_key"":""john-deere-319e""},{""make"":""John Deere"",""model"":""323D"",""machine_type"":""Compact Track Loader"",""track_size"":""320x86Bx52"",""model_key"":""john-deere-323d""},{""make"":""John Deere"",""model"":""323E"",""machine_type"":""Compact Track Loader"",""track_size"":""320x86Bx52"",""model_key"":""john-deere-323e""},{""make"":""John Deere"",""model"":""325G"",""machine_type"":""Compact Track Loader"",""track_size"":""320x86Bx52"",""model_key"":""john-deere-325g""},{""make"":""John Deere"",""model"":""CT322"",""machine_type"":""Compact Track Loader"",""track_size"":""320x86Bx52"",""model_key"":""john-deere-ct322""},{""make"":""Komatsu"",""model"":""820 Turbo"",""machine_type"":""Compact Track Loader"",""track_size"":""320x86Bx52"",""model_key"":""komatsu-820-turbo""},{""make"":""Komatsu"",""model"":""CK20"",""machine_type"":""Compact Track Loader"",""track_size"":""320x86Bx52"",""model_key"":""komatsu-ck20""},{""make"":""Komatsu"",""model"":""CK20-1"",""machine_type"":""Compact Track Loader"",""track_size"":""320x86Bx52"",""model_key"":""komatsu-ck20-1""},{""make"":""Komatsu"",""model"":""CK25"",""machine_type"":""Compact Track Loader"",""track_size"":""320x86Bx52"",""model_key"":""komatsu-ck25""},{""make"":""Kubota"",""model"":""SVL65-2"",""machine_type"":""Compact Track Loader"",""track_size"":""320x86Bx52"",""model_key"":""kubota-svl65-2""},{""make"":""Kubota"",""model"":""SVL75"",""machine_type"":""Compact Track Loader"",""track_size"":""320x86Bx52"",""model_key"":""kubota-svl75""},{""make"":""Kubota"",""model"":""SVL75-2"",""machine_type"":""Compact Track Loader"",""track_size"":""320x86Bx52"",""model_key"":""kubota-svl75-2""},{""make"":""Kubota"",""model"":""SVL75-3"",""machine_type"":""Compact Track Loader"",""track_size"":""320x86Bx52"",""model_key"":""kubota-svl75-3""},{""make"":""Takeuchi"",""model"":""TL8R2"",""machine_type"":""Compact Track Loader"",""track_size"":""320x86Bx52"",""model_key"":""takeuchi-tl8r2""}],""display_text"":""Fits select Bobcat, CAT, JCB, and 4 other brands and other compact track loader using 320x86Bx52 rubber tracks.""}"
tnt3208652sdc,MERGE,TRUE,TNT3208652SDC,"{""verified"":true,""machine_type"":""Compact Track Loader"",""track_size"":""320x86Bx52"",""fits"":[{""make"":""Bobcat"",""model"":""864"",""machine_type"":""Compact Track Loader"",""track_size"":""320x86Bx52"",""model_key"":""bobcat-864""},{""make"":""Bobcat"",""model"":""864G"",""machine_type"":""Compact Track Loader"",""track_size"":""320x86Bx52"",""model_key"":""bobcat-864g""},{""make"":""Bobcat"",""model"":""T200"",""machine_type"":""Compact Track Loader"",""track_size"":""320x86Bx52"",""model_key"":""bobcat-t200""},{""make"":""Bobcat"",""model"":""T630"",""machine_type"":""Compact Track Loader"",""track_size"":""320x86Bx52"",""model_key"":""bobcat-t630""},{""make"":""Bobcat"",""model"":""T650"",""machine_type"":""Compact Track Loader"",""track_size"":""320x86Bx52"",""model_key"":""bobcat-t650""},{""make"":""CAT"",""model"":""255"",""machine_type"":""Compact Track Loader"",""track_size"":""320x86Bx52"",""model_key"":""cat-255""},{""make"":""JCB"",""model"":""190T"",""machine_type"":""Compact Track Loader"",""track_size"":""320x86Bx52"",""model_key"":""jcb-190t""},{""make"":""John Deere"",""model"":""319D"",""machine_type"":""Compact Track Loader"",""track_size"":""320x86Bx52"",""model_key"":""john-deere-319d""},{""make"":""John Deere"",""model"":""319E"",""machine_type"":""Compact Track Loader"",""track_size"":""320x86Bx52"",""model_key"":""john-deere-319e""},{""make"":""John Deere"",""model"":""323D"",""machine_type"":""Compact Track Loader"",""track_size"":""320x86Bx52"",""model_key"":""john-deere-323d""},{""make"":""John Deere"",""model"":""323E"",""machine_type"":""Compact Track Loader"",""track_size"":""320x86Bx52"",""model_key"":""john-deere-323e""},{""make"":""John Deere"",""model"":""325G"",""machine_type"":""Compact Track Loader"",""track_size"":""320x86Bx52"",""model_key"":""john-deere-325g""},{""make"":""John Deere"",""model"":""CT322"",""machine_type"":""Compact Track Loader"",""track_size"":""320x86Bx52"",""model_key"":""john-deere-ct322""},{""make"":""Komatsu"",""model"":""820 Turbo"",""machine_type"":""Compact Track Loader"",""track_size"":""320x86Bx52"",""model_key"":""komatsu-820-turbo""},{""make"":""Komatsu"",""model"":""CK20"",""machine_type"":""Compact Track Loader"",""track_size"":""320x86Bx52"",""model_key"":""komatsu-ck20""},{""make"":""Komatsu"",""model"":""CK20-1"",""machine_type"":""Compact Track Loader"",""track_size"":""320x86Bx52"",""model_key"":""komatsu-ck20-1""},{""make"":""Komatsu"",""model"":""CK25"",""machine_type"":""Compact Track Loader"",""track_size"":""320x86Bx52"",""model_key"":""komatsu-ck25""},{""make"":""Kubota"",""model"":""SVL65-2"",""machine_type"":""Compact Track Loader"",""track_size"":""320x86Bx52"",""model_key"":""kubota-svl65-2""},{""make"":""Kubota"",""model"":""SVL75"",""machine_type"":""Compact Track Loader"",""track_size"":""320x86Bx52"",""model_key"":""kubota-svl75""},{""make"":""Kubota"",""model"":""SVL75-2"",""machine_type"":""Compact Track Loader"",""track_size"":""320x86Bx52"",""model_key"":""kubota-svl75-2""},{""make"":""Kubota"",""model"":""SVL75-3"",""machine_type"":""Compact Track Loader"",""track_size"":""320x86Bx52"",""model_key"":""kubota-svl75-3""},{""make"":""Takeuchi"",""model"":""TL8R2"",""machine_type"":""Compact Track Loader"",""track_size"":""320x86Bx52"",""model_key"":""takeuchi-tl8r2""}],""display_text"":""Fits select Bobcat, CAT, JCB, and 4 other brands and other compact track loader using 320x86Bx52 rubber tracks.""}"
tnt3208653hdbd,MERGE,TRUE,TNT3208653HDBD,"{""verified"":true,""machine_type"":""Compact Track Loader"",""track_size"":""320x86Bx53"",""fits"":[{""make"":""Bobcat"",""model"":""T72"",""machine_type"":""Compact Track Loader"",""track_size"":""320x86Bx53"",""model_key"":""bobcat-t72""},{""make"":""Bobcat"",""model"":""T76"",""machine_type"":""Compact Track Loader"",""track_size"":""320x86Bx53"",""model_key"":""bobcat-t76""},{""make"":""CAT"",""model"":""259"",""machine_type"":""Compact Track Loader"",""track_size"":""320x86Bx53"",""model_key"":""cat-259""},{""make"":""CAT"",""model"":""259B3"",""machine_type"":""Compact Track Loader"",""track_size"":""320x86Bx53"",""model_key"":""cat-259b3""},{""make"":""CAT"",""model"":""259D"",""machine_type"":""Compact Track Loader"",""track_size"":""320x86Bx53"",""model_key"":""cat-259d""},{""make"":""CAT"",""model"":""259D3"",""machine_type"":""Compact Track Loader"",""track_size"":""320x86Bx53"",""model_key"":""cat-259d3""}],""display_text"":""Fits select Bobcat, and CAT and other compact track loader using 320x86Bx53 rubber tracks.""}"
tnt3208653hdbl,MERGE,TRUE,TNT3208653HDBL,"{""verified"":true,""machine_type"":""Compact Track Loader"",""track_size"":""320x86Bx53"",""fits"":[{""make"":""Bobcat"",""model"":""T72"",""machine_type"":""Compact Track Loader"",""track_size"":""320x86Bx53"",""model_key"":""bobcat-t72""},{""make"":""Bobcat"",""model"":""T76"",""machine_type"":""Compact Track Loader"",""track_size"":""320x86Bx53"",""model_key"":""bobcat-t76""},{""make"":""CAT"",""model"":""259"",""machine_type"":""Compact Track Loader"",""track_size"":""320x86Bx53"",""model_key"":""cat-259""},{""make"":""CAT"",""model"":""259B3"",""machine_type"":""Compact Track Loader"",""track_size"":""320x86Bx53"",""model_key"":""cat-259b3""},{""make"":""CAT"",""model"":""259D"",""machine_type"":""Compact Track Loader"",""track_size"":""320x86Bx53"",""model_key"":""cat-259d""},{""make"":""CAT"",""model"":""259D3"",""machine_type"":""Compact Track Loader"",""track_size"":""320x86Bx53"",""model_key"":""cat-259d3""}],""display_text"":""Fits select Bobcat, and CAT and other compact track loader using 320x86Bx53 rubber tracks.""}"
tnt3208653hdmb,MERGE,TRUE,TNT3208653HDMB,"{""verified"":true,""machine_type"":""Compact Track Loader"",""track_size"":""320x86Bx53"",""fits"":[{""make"":""Bobcat"",""model"":""T72"",""machine_type"":""Compact Track Loader"",""track_size"":""320x86Bx53"",""model_key"":""bobcat-t72""},{""make"":""Bobcat"",""model"":""T76"",""machine_type"":""Compact Track Loader"",""track_size"":""320x86Bx53"",""model_key"":""bobcat-t76""},{""make"":""CAT"",""model"":""259"",""machine_type"":""Compact Track Loader"",""track_size"":""320x86Bx53"",""model_key"":""cat-259""},{""make"":""CAT"",""model"":""259B3"",""machine_type"":""Compact Track Loader"",""track_size"":""320x86Bx53"",""model_key"":""cat-259b3""},{""make"":""CAT"",""model"":""259D"",""machine_type"":""Compact Track Loader"",""track_size"":""320x86Bx53"",""model_key"":""cat-259d""},{""make"":""CAT"",""model"":""259D3"",""machine_type"":""Compact Track Loader"",""track_size"":""320x86Bx53"",""model_key"":""cat-259d3""}],""display_text"":""Fits select Bobcat, and CAT and other compact track loader using 320x86Bx53 rubber tracks.""}"
tnt3208653hdxt,MERGE,TRUE,TNT3208653HDXT,"{""verified"":true,""machine_type"":""Compact Track Loader"",""track_size"":""320x86Bx53"",""fits"":[{""make"":""Bobcat"",""model"":""T72"",""machine_type"":""Compact Track Loader"",""track_size"":""320x86Bx53"",""model_key"":""bobcat-t72""},{""make"":""Bobcat"",""model"":""T76"",""machine_type"":""Compact Track Loader"",""track_size"":""320x86Bx53"",""model_key"":""bobcat-t76""},{""make"":""CAT"",""model"":""259"",""machine_type"":""Compact Track Loader"",""track_size"":""320x86Bx53"",""model_key"":""cat-259""},{""make"":""CAT"",""model"":""259B3"",""machine_type"":""Compact Track Loader"",""track_size"":""320x86Bx53"",""model_key"":""cat-259b3""},{""make"":""CAT"",""model"":""259D"",""machine_type"":""Compact Track Loader"",""track_size"":""320x86Bx53"",""model_key"":""cat-259d""},{""make"":""CAT"",""model"":""259D3"",""machine_type"":""Compact Track Loader"",""track_size"":""320x86Bx53"",""model_key"":""cat-259d3""}],""display_text"":""Fits select Bobcat, and CAT and other compact track loader using 320x86Bx53 rubber tracks.""}"
tnt3208653hdz,MERGE,TRUE,TNT3208653HDZ,"{""verified"":true,""machine_type"":""Compact Track Loader"",""track_size"":""320x86Bx53"",""fits"":[{""make"":""Bobcat"",""model"":""T72"",""machine_type"":""Compact Track Loader"",""track_size"":""320x86Bx53"",""model_key"":""bobcat-t72""},{""make"":""Bobcat"",""model"":""T76"",""machine_type"":""Compact Track Loader"",""track_size"":""320x86Bx53"",""model_key"":""bobcat-t76""},{""make"":""CAT"",""model"":""259"",""machine_type"":""Compact Track Loader"",""track_size"":""320x86Bx53"",""model_key"":""cat-259""},{""make"":""CAT"",""model"":""259B3"",""machine_type"":""Compact Track Loader"",""track_size"":""320x86Bx53"",""model_key"":""cat-259b3""},{""make"":""CAT"",""model"":""259D"",""machine_type"":""Compact Track Loader"",""track_size"":""320x86Bx53"",""model_key"":""cat-259d""},{""make"":""CAT"",""model"":""259D3"",""machine_type"":""Compact Track Loader"",""track_size"":""320x86Bx53"",""model_key"":""cat-259d3""}],""display_text"":""Fits select Bobcat, and CAT and other compact track loader using 320x86Bx53 rubber tracks.""}"
tnt3208653hdzb,MERGE,TRUE,TNT3208653HDZB,"{""verified"":true,""machine_type"":""Compact Track Loader"",""track_size"":""320x86Bx53"",""fits"":[{""make"":""Bobcat"",""model"":""T72"",""machine_type"":""Compact Track Loader"",""track_size"":""320x86Bx53"",""model_key"":""bobcat-t72""},{""make"":""Bobcat"",""model"":""T76"",""machine_type"":""Compact Track Loader"",""track_size"":""320x86Bx53"",""model_key"":""bobcat-t76""},{""make"":""CAT"",""model"":""259"",""machine_type"":""Compact Track Loader"",""track_size"":""320x86Bx53"",""model_key"":""cat-259""},{""make"":""CAT"",""model"":""259B3"",""machine_type"":""Compact Track Loader"",""track_size"":""320x86Bx53"",""model_key"":""cat-259b3""},{""make"":""CAT"",""model"":""259D"",""machine_type"":""Compact Track Loader"",""track_size"":""320x86Bx53"",""model_key"":""cat-259d""},{""make"":""CAT"",""model"":""259D3"",""machine_type"":""Compact Track Loader"",""track_size"":""320x86Bx53"",""model_key"":""cat-259d3""}],""display_text"":""Fits select Bobcat, and CAT and other compact track loader using 320x86Bx53 rubber tracks.""}"
tnt3208654hdbl,MERGE,TRUE,TNT3208654HDBL,"{""verified"":true,""machine_type"":""Compact Track Loader"",""track_size"":""320x86Bx54"",""fits"":[{""make"":""Gehl"",""model"":""RT175"",""machine_type"":""Compact Track Loader"",""track_size"":""320x86Bx54"",""model_key"":""gehl-rt175""},{""make"":""Gehl"",""model"":""RT185"",""machine_type"":""Compact Track Loader"",""track_size"":""320x86Bx54"",""model_key"":""gehl-rt185""},{""make"":""Mustang"",""model"":""1750 RT"",""machine_type"":""Compact Track Loader"",""track_size"":""320x86Bx54"",""model_key"":""mustang-1750-rt""},{""make"":""Yanmar"",""model"":""T175"",""machine_type"":""Compact Track Loader"",""track_size"":""320x86Bx54"",""model_key"":""yanmar-t175""}],""display_text"":""Fits select Gehl, Mustang, and Yanmar and other compact track loader using 320x86Bx54 rubber tracks.""}"
tnt3208654hdmb,MERGE,TRUE,TNT3208654HDMB,"{""verified"":true,""machine_type"":""Compact Track Loader"",""track_size"":""320x86Bx54"",""fits"":[{""make"":""Gehl"",""model"":""RT175"",""machine_type"":""Compact Track Loader"",""track_size"":""320x86Bx54"",""model_key"":""gehl-rt175""},{""make"":""Gehl"",""model"":""RT185"",""machine_type"":""Compact Track Loader"",""track_size"":""320x86Bx54"",""model_key"":""gehl-rt185""},{""make"":""Mustang"",""model"":""1750 RT"",""machine_type"":""Compact Track Loader"",""track_size"":""320x86Bx54"",""model_key"":""mustang-1750-rt""},{""make"":""Yanmar"",""model"":""T175"",""machine_type"":""Compact Track Loader"",""track_size"":""320x86Bx54"",""model_key"":""yanmar-t175""}],""display_text"":""Fits select Gehl, Mustang, and Yanmar and other compact track loader using 320x86Bx54 rubber tracks.""}"
tnt32086t46hdbl,MERGE,TRUE,TNT32086T46HDBL,"{""verified"":true,""machine_type"":""Compact Track Loader"",""track_size"":""320x86Tx46"",""fits"":[{""make"":""Gehl"",""model"":""CTL55"",""machine_type"":""Compact Track Loader"",""track_size"":""320x86Tx46"",""model_key"":""gehl-ctl55""},{""make"":""Takeuchi"",""model"":""TL220"",""machine_type"":""Compact Track Loader"",""track_size"":""320x86Tx46"",""model_key"":""takeuchi-tl220""}],""display_text"":""Fits select Gehl, and Takeuchi and other compact track loader using 320x86Tx46 rubber tracks.""}"
tnt32086t46sdbl,MERGE,TRUE,TNT32086T46SDBL,"{""verified"":true,""machine_type"":""Compact Track Loader"",""track_size"":""320x86Tx46"",""fits"":[{""make"":""Gehl"",""model"":""CTL55"",""machine_type"":""Compact Track Loader"",""track_size"":""320x86Tx46"",""model_key"":""gehl-ctl55""},{""make"":""Takeuchi"",""model"":""TL220"",""machine_type"":""Compact Track Loader"",""track_size"":""320x86Tx46"",""model_key"":""takeuchi-tl220""}],""display_text"":""Fits select Gehl, and Takeuchi and other compact track loader using 320x86Tx46 rubber tracks.""}"
tnt32086t46sdc,MERGE,TRUE,TNT32086T46SDC,"{""verified"":true,""machine_type"":""Compact Track Loader"",""track_size"":""320x86Tx46"",""fits"":[{""make"":""Gehl"",""model"":""CTL55"",""machine_type"":""Compact Track Loader"",""track_size"":""320x86Tx46"",""model_key"":""gehl-ctl55""},{""make"":""Takeuchi"",""model"":""TL220"",""machine_type"":""Compact Track Loader"",""track_size"":""320x86Tx46"",""model_key"":""takeuchi-tl220""}],""display_text"":""Fits select Gehl, and Takeuchi and other compact track loader using 320x86Tx46 rubber tracks.""}"
tnt32086t48hdbl,MERGE,TRUE,TNT32086T48HDBL,"{""verified"":true,""machine_type"":""Compact Track Loader"",""track_size"":""320X86Tx48"",""fits"":[{""make"":""Takeuchi"",""model"":""TL26"",""machine_type"":""Compact Track Loader"",""track_size"":""320X86Tx48"",""model_key"":""takeuchi-tl26""}],""display_text"":""Fits select Takeuchi and other compact track loader using 320X86Tx48 rubber tracks.""}"
tnt32086t52hdbl,MERGE,TRUE,TNT32086T52HDBL,"{""verified"":true,""machine_type"":""Compact Track Loader"",""track_size"":""320x86Tx52"",""fits"":[{""make"":""Gehl"",""model"":""CTL60"",""machine_type"":""Compact Track Loader"",""track_size"":""320x86Tx52"",""model_key"":""gehl-ctl60""},{""make"":""Gehl"",""model"":""CTL65"",""machine_type"":""Compact Track Loader"",""track_size"":""320x86Tx52"",""model_key"":""gehl-ctl65""},{""make"":""Mustang"",""model"":""MTL16"",""machine_type"":""Compact Track Loader"",""track_size"":""320x86Tx52"",""model_key"":""mustang-mtl16""},{""make"":""Mustang"",""model"":""MTL316"",""machine_type"":""Compact Track Loader"",""track_size"":""320x86Tx52"",""model_key"":""mustang-mtl316""},{""make"":""Takeuchi"",""model"":""TL130"",""machine_type"":""Compact Track Loader"",""track_size"":""320x86Tx52"",""model_key"":""takeuchi-tl130""},{""make"":""Takeuchi"",""model"":""TL230"",""machine_type"":""Compact Track Loader"",""track_size"":""320x86Tx52"",""model_key"":""takeuchi-tl230""},{""make"":""Takeuchi"",""model"":""TL230-2"",""machine_type"":""Compact Track Loader"",""track_size"":""320x86Tx52"",""model_key"":""takeuchi-tl230-2""},{""make"":""Takeuchi"",""model"":""TL8"",""machine_type"":""Compact Track Loader"",""track_size"":""320x86Tx52"",""model_key"":""takeuchi-tl8""}],""display_text"":""Fits select Gehl, Mustang, and Takeuchi and other compact track loader using 320x86Tx52 rubber tracks.""}"
tnt32086t52hdc,MERGE,TRUE,TNT32086T52HDC,"{""verified"":true,""machine_type"":""Compact Track Loader"",""track_size"":""320x86Tx52"",""fits"":[{""make"":""Gehl"",""model"":""CTL60"",""machine_type"":""Compact Track Loader"",""track_size"":""320x86Tx52"",""model_key"":""gehl-ctl60""},{""make"":""Gehl"",""model"":""CTL65"",""machine_type"":""Compact Track Loader"",""track_size"":""320x86Tx52"",""model_key"":""gehl-ctl65""},{""make"":""Mustang"",""model"":""MTL16"",""machine_type"":""Compact Track Loader"",""track_size"":""320x86Tx52"",""model_key"":""mustang-mtl16""},{""make"":""Mustang"",""model"":""MTL316"",""machine_type"":""Compact Track Loader"",""track_size"":""320x86Tx52"",""model_key"":""mustang-mtl316""},{""make"":""Takeuchi"",""model"":""TL130"",""machine_type"":""Compact Track Loader"",""track_size"":""320x86Tx52"",""model_key"":""takeuchi-tl130""},{""make"":""Takeuchi"",""model"":""TL230"",""machine_type"":""Compact Track Loader"",""track_size"":""320x86Tx52"",""model_key"":""takeuchi-tl230""},{""make"":""Takeuchi"",""model"":""TL230-2"",""machine_type"":""Compact Track Loader"",""track_size"":""320x86Tx52"",""model_key"":""takeuchi-tl230-2""},{""make"":""Takeuchi"",""model"":""TL8"",""machine_type"":""Compact Track Loader"",""track_size"":""320x86Tx52"",""model_key"":""takeuchi-tl8""}],""display_text"":""Fits select Gehl, Mustang, and Takeuchi and other compact track loader using 320x86Tx52 rubber tracks.""}"
tnt32086t52hdmb,MERGE,TRUE,TNT32086T52HDMB,"{""verified"":true,""machine_type"":""Compact Track Loader"",""track_size"":""320x86Tx52"",""fits"":[{""make"":""Gehl"",""model"":""CTL60"",""machine_type"":""Compact Track Loader"",""track_size"":""320x86Tx52"",""model_key"":""gehl-ctl60""},{""make"":""Gehl"",""model"":""CTL65"",""machine_type"":""Compact Track Loader"",""track_size"":""320x86Tx52"",""model_key"":""gehl-ctl65""},{""make"":""Mustang"",""model"":""MTL16"",""machine_type"":""Compact Track Loader"",""track_size"":""320x86Tx52"",""model_key"":""mustang-mtl16""},{""make"":""Mustang"",""model"":""MTL316"",""machine_type"":""Compact Track Loader"",""track_size"":""320x86Tx52"",""model_key"":""mustang-mtl316""},{""make"":""Takeuchi"",""model"":""TL130"",""machine_type"":""Compact Track Loader"",""track_size"":""320x86Tx52"",""model_key"":""takeuchi-tl130""},{""make"":""Takeuchi"",""model"":""TL230"",""machine_type"":""Compact Track Loader"",""track_size"":""320x86Tx52"",""model_key"":""takeuchi-tl230""},{""make"":""Takeuchi"",""model"":""TL230-2"",""machine_type"":""Compact Track Loader"",""track_size"":""320x86Tx52"",""model_key"":""takeuchi-tl230-2""},{""make"":""Takeuchi"",""model"":""TL8"",""machine_type"":""Compact Track Loader"",""track_size"":""320x86Tx52"",""model_key"":""takeuchi-tl8""}],""display_text"":""Fits select Gehl, Mustang, and Takeuchi and other compact track loader using 320x86Tx52 rubber tracks.""}"
tnt32086t52hdzb,MERGE,TRUE,TNT32086T52HDZB,"{""verified"":true,""machine_type"":""Compact Track Loader"",""track_size"":""320x86Tx52"",""fits"":[{""make"":""Gehl"",""model"":""CTL60"",""machine_type"":""Compact Track Loader"",""track_size"":""320x86Tx52"",""model_key"":""gehl-ctl60""},{""make"":""Gehl"",""model"":""CTL65"",""machine_type"":""Compact Track Loader"",""track_size"":""320x86Tx52"",""model_key"":""gehl-ctl65""},{""make"":""Mustang"",""model"":""MTL16"",""machine_type"":""Compact Track Loader"",""track_size"":""320x86Tx52"",""model_key"":""mustang-mtl16""},{""make"":""Mustang"",""model"":""MTL316"",""machine_type"":""Compact Track Loader"",""track_size"":""320x86Tx52"",""model_key"":""mustang-mtl316""},{""make"":""Takeuchi"",""model"":""TL130"",""machine_type"":""Compact Track Loader"",""track_size"":""320x86Tx52"",""model_key"":""takeuchi-tl130""},{""make"":""Takeuchi"",""model"":""TL230"",""machine_type"":""Compact Track Loader"",""track_size"":""320x86Tx52"",""model_key"":""takeuchi-tl230""},{""make"":""Takeuchi"",""model"":""TL230-2"",""machine_type"":""Compact Track Loader"",""track_size"":""320x86Tx52"",""model_key"":""takeuchi-tl230-2""},{""make"":""Takeuchi"",""model"":""TL8"",""machine_type"":""Compact Track Loader"",""track_size"":""320x86Tx52"",""model_key"":""takeuchi-tl8""}],""display_text"":""Fits select Gehl, Mustang, and Takeuchi and other compact track loader using 320x86Tx52 rubber tracks.""}"
tnt35052586hd,MERGE,TRUE,TNT35052586HD,"{""verified"":true,""machine_type"":""Mini Excavator"",""track_size"":""350x52.5x86"",""fits"":[{""make"":""Case"",""model"":""CX35"",""machine_type"":""Mini Excavator"",""track_size"":""350x52.5x86"",""model_key"":""case-cx35""},{""make"":""JCB"",""model"":""804"",""machine_type"":""Mini Excavator"",""track_size"":""350x52.5x86"",""model_key"":""jcb-804""},{""make"":""Takeuchi"",""model"":""TB035"",""machine_type"":""Mini Excavator"",""track_size"":""350x52.5x86"",""model_key"":""takeuchi-tb035""},{""make"":""Takeuchi"",""model"":""TB135"",""machine_type"":""Mini Excavator"",""track_size"":""350x52.5x86"",""model_key"":""takeuchi-tb135""},{""make"":""Takeuchi"",""model"":""TB138FR"",""machine_type"":""Mini Excavator"",""track_size"":""350x52.5x86"",""model_key"":""takeuchi-tb138fr""},{""make"":""Takeuchi"",""model"":""TB235"",""machine_type"":""Mini Excavator"",""track_size"":""350x52.5x86"",""model_key"":""takeuchi-tb235""},{""make"":""Takeuchi"",""model"":""TB240"",""machine_type"":""Mini Excavator"",""track_size"":""350x52.5x86"",""model_key"":""takeuchi-tb240""}],""display_text"":""Fits select Case, JCB, and Takeuchi and other mini excavator using 350x52.5x86 rubber tracks.""}"
tnt35052590hd,MERGE,TRUE,TNT35052590HD,"{""verified"":true,""machine_type"":""Mini Excavator"",""track_size"":""350x52.5x90"",""fits"":[{""make"":""CAT"",""model"":""304D CR"",""machine_type"":""Mini Excavator"",""track_size"":""350x52.5x90"",""model_key"":""cat-304d-cr""},{""make"":""CAT"",""model"":""304E CR"",""machine_type"":""Mini Excavator"",""track_size"":""350x52.5x90"",""model_key"":""cat-304e-cr""},{""make"":""New Holland"",""model"":""EH35"",""machine_type"":""Mini Excavator"",""track_size"":""350x52.5x90"",""model_key"":""new-holland-eh35""}],""display_text"":""Fits select CAT, and New Holland and other mini excavator using 350x52.5x90 rubber tracks.""}"
tnt35052592hd,MERGE,TRUE,TNT35052592HD,"{""verified"":true,""machine_type"":""Mini Excavator"",""track_size"":""350x52.5x92"",""fits"":[{""make"":""Bobcat"",""model"":""E42"",""machine_type"":""Mini Excavator"",""track_size"":""350x52.5x92"",""model_key"":""bobcat-e42""}],""display_text"":""Fits select Bobcat and other mini excavator using 350x52.5x92 rubber tracks.""}"
tnt35054586hd,MERGE,TRUE,TNT35054586HD,"{""verified"":true,""machine_type"":""Mini Excavator"",""track_size"":""350x54.5x86"",""fits"":[{""make"":""Kubota"",""model"":""KX040-4"",""machine_type"":""Mini Excavator"",""track_size"":""350x54.5x86"",""model_key"":""kubota-kx040-4""},{""make"":""Kubota"",""model"":""KX121-2"",""machine_type"":""Mini Excavator"",""track_size"":""350x54.5x86"",""model_key"":""kubota-kx121-2""},{""make"":""Kubota"",""model"":""KX121-2S"",""machine_type"":""Mini Excavator"",""track_size"":""350x54.5x86"",""model_key"":""kubota-kx121-2s""},{""make"":""Kubota"",""model"":""KX121-3"",""machine_type"":""Mini Excavator"",""track_size"":""350x54.5x86"",""model_key"":""kubota-kx121-3""},{""make"":""Kubota"",""model"":""KX121-3S"",""machine_type"":"""",""track_size"":""350x54.5x86"",""model_key"":""kubota-kx121-3s""},{""make"":""Kubota"",""model"":""KX121-3ST"",""machine_type"":"""",""track_size"":""350x54.5x86"",""model_key"":""kubota-kx121-3st""}],""display_text"":""Fits select Kubota and other mini excavator using 350x54.5x86 rubber tracks.""}"
tnt35075574hd,MERGE,TRUE,TNT35075574HD,"{""verified"":true,""machine_type"":""Mini Excavator"",""track_size"":""350x75.5x74"",""fits"":[{""make"":""Gehl"",""model"":""Z45"",""machine_type"":""Mini Excavator"",""track_size"":""350x75.5x74"",""model_key"":""gehl-z45""},{""make"":""Yanmar"",""model"":""ViO45-5"",""machine_type"":"""",""track_size"":""350x75.5x74"",""model_key"":""yanmar-vio45-5""}],""display_text"":""Fits select Gehl, and Yanmar and other mini excavator using 350x75.5x74 rubber tracks.""}"
tnt3808652hdbl,MERGE,TRUE,TNT3808652HDBL,"{""verified"":true,""machine_type"":""Compact Track Loader"",""track_size"":""380x86Bx52"",""fits"":[{""make"":""Bobcat"",""model"":""T650"",""machine_type"":""Compact Track Loader"",""track_size"":""380x86Bx52"",""model_key"":""bobcat-t650""},{""make"":""JCB"",""model"":""1110T"",""machine_type"":""Compact Track Loader"",""track_size"":""380x86Bx52"",""model_key"":""jcb-1110t""},{""make"":""John Deere"",""model"":""319E"",""machine_type"":""Compact Track Loader"",""track_size"":""380x86Bx52"",""model_key"":""john-deere-319e""},{""make"":""John Deere"",""model"":""323D"",""machine_type"":""Compact Track Loader"",""track_size"":""380x86Bx52"",""model_key"":""john-deere-323d""},{""make"":""John Deere"",""model"":""323E"",""machine_type"":""Compact Track Loader"",""track_size"":""380x86Bx52"",""model_key"":""john-deere-323e""},{""make"":""John Deere"",""model"":""CT322"",""machine_type"":""Compact Track Loader"",""track_size"":""380x86Bx52"",""model_key"":""john-deere-ct322""},{""make"":""Kubota"",""model"":""SVL65-2"",""machine_type"":""Compact Track Loader"",""track_size"":""380x86Bx52"",""model_key"":""kubota-svl65-2""},{""make"":""Kubota"",""model"":""SVL75"",""machine_type"":""Compact Track Loader"",""track_size"":""380x86Bx52"",""model_key"":""kubota-svl75""},{""make"":""Kubota"",""model"":""SVL75-2"",""machine_type"":""Compact Track Loader"",""track_size"":""380x86Bx52"",""model_key"":""kubota-svl75-2""},{""make"":""Kubota"",""model"":""SVL75-3"",""machine_type"":""Compact Track Loader"",""track_size"":""380x86Bx52"",""model_key"":""kubota-svl75-3""},{""make"":""Takeuchi"",""model"":""TL10V2"",""machine_type"":""Compact Track Loader"",""track_size"":""380x86Bx52"",""model_key"":""takeuchi-tl10v2""}],""display_text"":""Fits select Bobcat, JCB, John Deere, and 2 other brands and other compact track loader using 380x86Bx52 rubber tracks.""}"
tnt3808652hdmb,MERGE,TRUE,TNT3808652HDMB,"{""verified"":true,""machine_type"":""Compact Track Loader"",""track_size"":""380x86Bx52"",""fits"":[{""make"":""Bobcat"",""model"":""T650"",""machine_type"":""Compact Track Loader"",""track_size"":""380x86Bx52"",""model_key"":""bobcat-t650""},{""make"":""JCB"",""model"":""1110T"",""machine_type"":""Compact Track Loader"",""track_size"":""380x86Bx52"",""model_key"":""jcb-1110t""},{""make"":""John Deere"",""model"":""319E"",""machine_type"":""Compact Track Loader"",""track_size"":""380x86Bx52"",""model_key"":""john-deere-319e""},{""make"":""John Deere"",""model"":""323D"",""machine_type"":""Compact Track Loader"",""track_size"":""380x86Bx52"",""model_key"":""john-deere-323d""},{""make"":""John Deere"",""model"":""323E"",""machine_type"":""Compact Track Loader"",""track_size"":""380x86Bx52"",""model_key"":""john-deere-323e""},{""make"":""John Deere"",""model"":""CT322"",""machine_type"":""Compact Track Loader"",""track_size"":""380x86Bx52"",""model_key"":""john-deere-ct322""},{""make"":""Kubota"",""model"":""SVL65-2"",""machine_type"":""Compact Track Loader"",""track_size"":""380x86Bx52"",""model_key"":""kubota-svl65-2""},{""make"":""Kubota"",""model"":""SVL75"",""machine_type"":""Compact Track Loader"",""track_size"":""380x86Bx52"",""model_key"":""kubota-svl75""},{""make"":""Kubota"",""model"":""SVL75-2"",""machine_type"":""Compact Track Loader"",""track_size"":""380x86Bx52"",""model_key"":""kubota-svl75-2""},{""make"":""Kubota"",""model"":""SVL75-3"",""machine_type"":""Compact Track Loader"",""track_size"":""380x86Bx52"",""model_key"":""kubota-svl75-3""},{""make"":""Takeuchi"",""model"":""TL10V2"",""machine_type"":""Compact Track Loader"",""track_size"":""380x86Bx52"",""model_key"":""takeuchi-tl10v2""}],""display_text"":""Fits select Bobcat, JCB, John Deere, and 2 other brands and other compact track loader using 380x86Bx52 rubber tracks.""}"
tnt381100542hdmb,MERGE,TRUE,TNT381100542HDMB,"{""verified"":true,""machine_type"":""Compact Track Loader"",""track_size"":""381x100.5x42"",""fits"":[{""make"":""ASV"",""model"":""PT 50"",""machine_type"":"""",""track_size"":""381x100.5x42"",""model_key"":""asv-pt-50""},{""make"":""ASV"",""model"":""PT 60"",""machine_type"":"""",""track_size"":""381x100.5x42"",""model_key"":""asv-pt-60""},{""make"":""ASV"",""model"":""RC 50"",""machine_type"":"""",""track_size"":""381x100.5x42"",""model_key"":""asv-rc-50""},{""make"":""ASV"",""model"":""RC 60"",""machine_type"":"""",""track_size"":""381x100.5x42"",""model_key"":""asv-rc-60""},{""make"":""ASV"",""model"":""RT 50"",""machine_type"":"""",""track_size"":""381x100.5x42"",""model_key"":""asv-rt-50""},{""make"":""ASV"",""model"":""RT 60"",""machine_type"":"""",""track_size"":""381x100.5x42"",""model_key"":""asv-rt-60""},{""make"":""ASV"",""model"":""RT 65"",""machine_type"":"""",""track_size"":""381x100.5x42"",""model_key"":""asv-rt-65""},{""make"":""ASV"",""model"":""SC 50"",""machine_type"":"""",""track_size"":""381x100.5x42"",""model_key"":""asv-sc-50""},{""make"":""ASV"",""model"":""VT 70"",""machine_type"":"""",""track_size"":""381x100.5x42"",""model_key"":""asv-vt-70""},{""make"":""CAT"",""model"":""247"",""machine_type"":""Compact Track Loader"",""track_size"":""381x100.5x42"",""model_key"":""cat-247""},{""make"":""CAT"",""model"":""247B"",""machine_type"":""Compact Track Loader"",""track_size"":""381x100.5x42"",""model_key"":""cat-247b""},{""make"":""CAT"",""model"":""247B2"",""machine_type"":"""",""track_size"":""381x100.5x42"",""model_key"":""cat-247b2""},{""make"":""CAT"",""model"":""247B3"",""machine_type"":"""",""track_size"":""381x100.5x42"",""model_key"":""cat-247b3""},{""make"":""CAT"",""model"":""257"",""machine_type"":""Compact Track Loader"",""track_size"":""381x100.5x42"",""model_key"":""cat-257""},{""make"":""CAT"",""model"":""257B"",""machine_type"":"""",""track_size"":""381x100.5x42"",""model_key"":""cat-257b""},{""make"":""CAT"",""model"":""257B2"",""machine_type"":"""",""track_size"":""381x100.5x42"",""model_key"":""cat-257b2""},{""make"":""CAT"",""model"":""257B3"",""machine_type"":"""",""track_size"":""381x100.5x42"",""model_key"":""cat-257b3""},{""make"":""CAT"",""model"":""257D"",""machine_type"":""Compact Track Loader"",""track_size"":""381x100.5x42"",""model_key"":""cat-257d""},{""make"":""Terex"",""model"":""PT 50"",""machine_type"":"""",""track_size"":""381x100.5x42"",""model_key"":""terex-pt-50""},{""make"":""Terex"",""model"":""PT 60"",""machine_type"":"""",""track_size"":""381x100.5x42"",""model_key"":""terex-pt-60""},{""make"":""Terex"",""model"":""R190T"",""machine_type"":"""",""track_size"":""381x100.5x42"",""model_key"":""terex-r190t""},{""make"":""Vermeer"",""model"":""RTX450"",""machine_type"":"""",""track_size"":""381x100.5x42"",""model_key"":""vermeer-rtx450""}],""display_text"":""Fits select ASV, CAT, Terex, and Vermeer and other compact track loader using 381x100.5x42 rubber tracks.""}"
tnt400725k72hd,MERGE,TRUE,TNT400725K72HD,"{""verified"":true,""machine_type"":""Mini Excavator"",""track_size"":""400x72.5Kx72"",""fits"":[{""make"":""Komatsu"",""model"":""PC45MR-1"",""machine_type"":""Mini Excavator"",""track_size"":""400x72.5Kx72"",""model_key"":""komatsu-pc45mr-1""},{""make"":""Komatsu"",""model"":""PC50M-2"",""machine_type"":""Mini Excavator"",""track_size"":""400x72.5Kx72"",""model_key"":""komatsu-pc50m-2""},{""make"":""Komatsu"",""model"":""PC58uu-3"",""machine_type"":""Mini Excavator"",""track_size"":""400x72.5Kx72"",""model_key"":""komatsu-pc58uu-3""},{""make"":""Komatsu"",""model"":""PC58uu-X"",""machine_type"":""Mini Excavator"",""track_size"":""400x72.5Kx72"",""model_key"":""komatsu-pc58uu-x""}],""display_text"":""Fits select Komatsu and other mini excavator using 400x72.5Kx72 rubber tracks.""}"
tnt400725k74hd,MERGE,TRUE,TNT400725K74HD,"{""verified"":true,""machine_type"":""Mini Excavator"",""track_size"":""400x72.5Kx74"",""fits"":[{""make"":""Case"",""model"":""CX55B"",""machine_type"":""Mini Excavator"",""track_size"":""400x72.5Kx74"",""model_key"":""case-cx55b""},{""make"":""Kobelco"",""model"":""SK55SRX"",""machine_type"":""Mini Excavator"",""track_size"":""400x72.5Kx74"",""model_key"":""kobelco-sk55srx""},{""make"":""Kobelco"",""model"":""SK55SRX 6E"",""machine_type"":"""",""track_size"":""400x72.5Kx74"",""model_key"":""kobelco-sk55srx-6e""},{""make"":""Kobelco"",""model"":""SK55SRX 7"",""machine_type"":"""",""track_size"":""400x72.5Kx74"",""model_key"":""kobelco-sk55srx-7""},{""make"":""Kubota"",""model"":""KX057 5"",""machine_type"":"""",""track_size"":""400x72.5Kx74"",""model_key"":""kubota-kx057-5""},{""make"":""Kubota"",""model"":""KX057-4"",""machine_type"":""Mini Excavator"",""track_size"":""400x72.5Kx74"",""model_key"":""kubota-kx057-4""},{""make"":""Kubota"",""model"":""KX161-3"",""machine_type"":""Mini Excavator"",""track_size"":""400x72.5Kx74"",""model_key"":""kubota-kx161-3""},{""make"":""Kubota"",""model"":""KX161-3S"",""machine_type"":"""",""track_size"":""400x72.5Kx74"",""model_key"":""kubota-kx161-3s""},{""make"":""Kubota"",""model"":""U-45-3"",""machine_type"":""Mini Excavator"",""track_size"":""400x72.5Kx74"",""model_key"":""kubota-u-45-3""},{""make"":""Kubota"",""model"":""U-48-4"",""machine_type"":""Mini Excavator"",""track_size"":""400x72.5Kx74"",""model_key"":""kubota-u-48-4""},{""make"":""Kubota"",""model"":""U45S"",""machine_type"":"""",""track_size"":""400x72.5Kx74"",""model_key"":""kubota-u45s""},{""make"":""Kubota"",""model"":""U48-5"",""machine_type"":""Mini Excavator"",""track_size"":""400x72.5Kx74"",""model_key"":""kubota-u48-5""},{""make"":""Kubota"",""model"":""U55"",""machine_type"":"""",""track_size"":""400x72.5Kx74"",""model_key"":""kubota-u55""},{""make"":""Kubota"",""model"":""U55 4"",""machine_type"":"""",""track_size"":""400x72.5Kx74"",""model_key"":""kubota-u55-4""},{""make"":""Kubota"",""model"":""U55-5"",""machine_type"":""Mini Excavator"",""track_size"":""400x72.5Kx74"",""model_key"":""kubota-u55-5""}],""display_text"":""Fits select Case, Kobelco, and Kubota and other mini excavator using 400x72.5Kx74 rubber tracks.""}"
tnt400725n70hd,MERGE,TRUE,TNT400725N70HD,"{""verified"":true,""machine_type"":""Mini Excavator"",""track_size"":""400x72.5Nx70"",""fits"":[{""make"":""JCB"",""model"":""8040ZTS"",""machine_type"":""Mini Excavator"",""track_size"":""400x72.5Nx70"",""model_key"":""jcb-8040zts""},{""make"":""Komatsu"",""model"":""PC50uu-1"",""machine_type"":""Mini Excavator"",""track_size"":""400x72.5Nx70"",""model_key"":""komatsu-pc50uu-1""},{""make"":""New Holland"",""model"":""E 40.2SR"",""machine_type"":""Mini Excavator"",""track_size"":""400x72.5Nx70"",""model_key"":""new-holland-e-40-2sr""},{""make"":""New Holland"",""model"":""E 40SR"",""machine_type"":""Mini Excavator"",""track_size"":""400x72.5Nx70"",""model_key"":""new-holland-e-40sr""}],""display_text"":""Fits select JCB, Komatsu, and New Holland and other mini excavator using 400x72.5Nx70 rubber tracks.""}"
tnt400725n72hd,MERGE,TRUE,TNT400725N72HD,"{""verified"":true,""machine_type"":""Mini Excavator"",""track_size"":""400x72.5Nx72"",""fits"":[{""make"":""Komatsu"",""model"":""PC45MR-1"",""machine_type"":""Mini Excavator"",""track_size"":""400x72.5Nx72"",""model_key"":""komatsu-pc45mr-1""},{""make"":""Komatsu"",""model"":""PC50FR 2"",""machine_type"":"""",""track_size"":""400x72.5Nx72"",""model_key"":""komatsu-pc50fr-2""},{""make"":""Komatsu"",""model"":""PC50M-2"",""machine_type"":""Mini Excavator"",""track_size"":""400x72.5Nx72"",""model_key"":""komatsu-pc50m-2""},{""make"":""Komatsu"",""model"":""PC58uu-3"",""machine_type"":""Mini Excavator"",""track_size"":""400x72.5Nx72"",""model_key"":""komatsu-pc58uu-3""},{""make"":""Komatsu"",""model"":""PC58uu-X"",""machine_type"":""Mini Excavator"",""track_size"":""400x72.5Nx72"",""model_key"":""komatsu-pc58uu-x""}],""display_text"":""Fits select Komatsu and other mini excavator using 400x72.5Nx72 rubber tracks.""}"
tnt400725n74hd,MERGE,TRUE,TNT400725N74HD,"{""verified"":true,""machine_type"":""Mini Excavator"",""track_size"":""400x72.5Nx74"",""fits"":[{""make"":""Case"",""model"":""CX50"",""machine_type"":"""",""track_size"":""400x72.5Nx74"",""model_key"":""case-cx50""},{""make"":""Case"",""model"":""CX50B"",""machine_type"":""Mini Excavator"",""track_size"":""400x72.5Nx74"",""model_key"":""case-cx50b""},{""make"":""Hitachi"",""model"":""ZX40U 2"",""machine_type"":"""",""track_size"":""400x72.5Nx74"",""model_key"":""hitachi-zx40u-2""},{""make"":""Hitachi"",""model"":""ZX50U"",""machine_type"":"""",""track_size"":""400x72.5Nx74"",""model_key"":""hitachi-zx50u""},{""make"":""Hitachi"",""model"":""ZX50U 2"",""machine_type"":"""",""track_size"":""400x72.5Nx74"",""model_key"":""hitachi-zx50u-2""},{""make"":""Hitachi"",""model"":""ZX50U 3"",""machine_type"":"""",""track_size"":""400x72.5Nx74"",""model_key"":""hitachi-zx50u-3""},{""make"":""Hitachi"",""model"":""ZX50U-5"",""machine_type"":""Mini Excavator"",""track_size"":""400x72.5Nx74"",""model_key"":""hitachi-zx50u-5""},{""make"":""JCB"",""model"":""8045ZTS"",""machine_type"":""Mini Excavator"",""track_size"":""400x72.5Nx74"",""model_key"":""jcb-8045zts""},{""make"":""John Deere"",""model"":""50D"",""machine_type"":""Mini Excavator"",""track_size"":""400x72.5Nx74"",""model_key"":""john-deere-50d""},{""make"":""John Deere"",""model"":""50G"",""machine_type"":""Mini Excavator"",""track_size"":""400x72.5Nx74"",""model_key"":""john-deere-50g""},{""make"":""John Deere"",""model"":""50P"",""machine_type"":""Mini Excavator"",""track_size"":""400x72.5Nx74"",""model_key"":""john-deere-50p""},{""make"":""Kobelco"",""model"":""SK45SR 2"",""machine_type"":"""",""track_size"":""400x72.5Nx74"",""model_key"":""kobelco-sk45sr-2""},{""make"":""Komatsu"",""model"":""PC45MR 5"",""machine_type"":"""",""track_size"":""400x72.5Nx74"",""model_key"":""komatsu-pc45mr-5""},{""make"":""Komatsu"",""model"":""PC45MR-3"",""machine_type"":""Mini Excavator"",""track_size"":""400x72.5Nx74"",""model_key"":""komatsu-pc45mr-3""},{""make"":""Komatsu"",""model"":""PC50FR 2"",""machine_type"":"""",""track_size"":""400x72.5Nx74"",""model_key"":""komatsu-pc50fr-2""},{""make"":""Komatsu"",""model"":""PC50MR"",""machine_type"":""Mini Excavator"",""track_size"":""400x72.5Nx74"",""model_key"":""komatsu-pc50mr""},{""make"":""Komatsu"",""model"":""PC50MR 2"",""machine_type"":"""",""track_size"":""400x72.5Nx74"",""model_key"":""komatsu-pc50mr-2""},{""make"":""Komatsu"",""model"":""PC55MR 5"",""machine_type"":"""",""track_size"":""400x72.5Nx74"",""model_key"":""komatsu-pc55mr-5""},{""make"":""Komatsu"",""model"":""PC55MR-3"",""machine_type"":""Mini Excavator"",""track_size"":""400x72.5Nx74"",""model_key"":""komatsu-pc55mr-3""},{""make"":""New Holland"",""model"":""EH45"",""machine_type"":""Mini Excavator"",""track_size"":""400x72.5Nx74"",""model_key"":""new-holland-eh45""},{""make"":""Takeuchi"",""model"":""TB045"",""machine_type"":""Mini Excavator"",""track_size"":""400x72.5Nx74"",""model_key"":""takeuchi-tb045""},{""make"":""Takeuchi"",""model"":""TB145"",""machine_type"":""Mini Excavator"",""track_size"":""400x72.5Nx74"",""model_key"":""takeuchi-tb145""},{""make"":""Takeuchi"",""model"":""TB153FR"",""machine_type"":""Mini Excavator"",""track_size"":""400x72.5Nx74"",""model_key"":""takeuchi-tb153fr""},{""make"":""Takeuchi"",""model"":""TB250"",""machine_type"":""Mini Excavator"",""track_size"":""400x72.5Nx74"",""model_key"":""takeuchi-tb250""},{""make"":""Takeuchi"",""model"":""TB53FR"",""machine_type"":""Mini Excavator"",""track_size"":""400x72.5Nx74"",""model_key"":""takeuchi-tb53fr""}],""display_text"":""Fits select Case, Hitachi, JCB, and 5 other brands and other mini excavator using 400x72.5Nx74 rubber tracks.""}"
tnt400725w72hd,MERGE,TRUE,TNT400725W72HD,"{""verified"":true,""machine_type"":""Mini Excavator"",""track_size"":""400x72.5Wx72"",""fits"":[{""make"":""CAT"",""model"":""304"",""machine_type"":"""",""track_size"":""400x72.5Wx72"",""model_key"":""cat-304""},{""make"":""CAT"",""model"":""304.5"",""machine_type"":""Mini Excavator"",""track_size"":""400x72.5Wx72"",""model_key"":""cat-304-5""},{""make"":""CAT"",""model"":""304C"",""machine_type"":""Mini Excavator"",""track_size"":""400x72.5Wx72"",""model_key"":""cat-304c""},{""make"":""CAT"",""model"":""304CR"",""machine_type"":""Mini Excavator"",""track_size"":""400x72.5Wx72"",""model_key"":""cat-304cr""},{""make"":""CAT"",""model"":""305.5"",""machine_type"":""Mini Excavator"",""track_size"":""400x72.5Wx72"",""model_key"":""cat-305-5""},{""make"":""CAT"",""model"":""305CR"",""machine_type"":""Mini Excavator"",""track_size"":""400x72.5Wx72"",""model_key"":""cat-305cr""},{""make"":""Case"",""model"":""CK50"",""machine_type"":"""",""track_size"":""400x72.5Wx72"",""model_key"":""case-ck50""},{""make"":""Case"",""model"":""CK52"",""machine_type"":"""",""track_size"":""400x72.5Wx72"",""model_key"":""case-ck52""},{""make"":""Hitachi"",""model"":""EX50U"",""machine_type"":"""",""track_size"":""400x72.5Wx72"",""model_key"":""hitachi-ex50u""},{""make"":""Hitachi"",""model"":""ZX50U"",""machine_type"":"""",""track_size"":""400x72.5Wx72"",""model_key"":""hitachi-zx50u""},{""make"":""John Deere"",""model"":""50ZTS"",""machine_type"":"""",""track_size"":""400x72.5Wx72"",""model_key"":""john-deere-50zts""},{""make"":""Kubota"",""model"":""K040"",""machine_type"":""Mini Excavator"",""track_size"":""400x72.5Wx72"",""model_key"":""kubota-k040""},{""make"":""Kubota"",""model"":""K045"",""machine_type"":""Mini Excavator"",""track_size"":""400x72.5Wx72"",""model_key"":""kubota-k045""},{""make"":""Kubota"",""model"":""KX045"",""machine_type"":""Mini Excavator"",""track_size"":""400x72.5Wx72"",""model_key"":""kubota-kx045""},{""make"":""Kubota"",""model"":""KX161-2"",""machine_type"":""Mini Excavator"",""track_size"":""400x72.5Wx72"",""model_key"":""kubota-kx161-2""},{""make"":""Kubota"",""model"":""KX161-2S"",""machine_type"":""Mini Excavator"",""track_size"":""400x72.5Wx72"",""model_key"":""kubota-kx161-2s""},{""make"":""Kubota"",""model"":""U-45"",""machine_type"":""Mini Excavator"",""track_size"":""400x72.5Wx72"",""model_key"":""kubota-u-45""},{""make"":""New Holland"",""model"":""EC 45SR"",""machine_type"":""Mini Excavator"",""track_size"":""400x72.5Wx72"",""model_key"":""new-holland-ec-45sr""},{""make"":""New Holland"",""model"":""EC45"",""machine_type"":""Mini Excavator"",""track_size"":""400x72.5Wx72"",""model_key"":""new-holland-ec45""},{""make"":""Volvo"",""model"":""ECR48C"",""machine_type"":""Mini Excavator"",""track_size"":""400x72.5Wx72"",""model_key"":""volvo-ecr48c""}],""display_text"":""Fits select CAT, Case, Hitachi, and 4 other brands and other mini excavator using 400x72.5Wx72 rubber tracks.""}"
tnt400725w72xd,MERGE,TRUE,TNT400725W72XD,"{""verified"":true,""machine_type"":""Mini Excavator"",""track_size"":""400x72.5Wx72"",""fits"":[{""make"":""CAT"",""model"":""304"",""machine_type"":"""",""track_size"":""400x72.5Wx72"",""model_key"":""cat-304""},{""make"":""CAT"",""model"":""304.5"",""machine_type"":""Mini Excavator"",""track_size"":""400x72.5Wx72"",""model_key"":""cat-304-5""},{""make"":""CAT"",""model"":""304C"",""machine_type"":""Mini Excavator"",""track_size"":""400x72.5Wx72"",""model_key"":""cat-304c""},{""make"":""CAT"",""model"":""304CR"",""machine_type"":""Mini Excavator"",""track_size"":""400x72.5Wx72"",""model_key"":""cat-304cr""},{""make"":""CAT"",""model"":""305.5"",""machine_type"":""Mini Excavator"",""track_size"":""400x72.5Wx72"",""model_key"":""cat-305-5""},{""make"":""CAT"",""model"":""305CR"",""machine_type"":""Mini Excavator"",""track_size"":""400x72.5Wx72"",""model_key"":""cat-305cr""},{""make"":""Case"",""model"":""CK50"",""machine_type"":"""",""track_size"":""400x72.5Wx72"",""model_key"":""case-ck50""},{""make"":""Case"",""model"":""CK52"",""machine_type"":"""",""track_size"":""400x72.5Wx72"",""model_key"":""case-ck52""},{""make"":""Hitachi"",""model"":""EX50U"",""machine_type"":"""",""track_size"":""400x72.5Wx72"",""model_key"":""hitachi-ex50u""},{""make"":""Hitachi"",""model"":""ZX50U"",""machine_type"":"""",""track_size"":""400x72.5Wx72"",""model_key"":""hitachi-zx50u""},{""make"":""John Deere"",""model"":""50ZTS"",""machine_type"":"""",""track_size"":""400x72.5Wx72"",""model_key"":""john-deere-50zts""},{""make"":""Kubota"",""model"":""K040"",""machine_type"":""Mini Excavator"",""track_size"":""400x72.5Wx72"",""model_key"":""kubota-k040""},{""make"":""Kubota"",""model"":""K045"",""machine_type"":""Mini Excavator"",""track_size"":""400x72.5Wx72"",""model_key"":""kubota-k045""},{""make"":""Kubota"",""model"":""KX045"",""machine_type"":""Mini Excavator"",""track_size"":""400x72.5Wx72"",""model_key"":""kubota-kx045""},{""make"":""Kubota"",""model"":""KX161-2"",""machine_type"":""Mini Excavator"",""track_size"":""400x72.5Wx72"",""model_key"":""kubota-kx161-2""},{""make"":""Kubota"",""model"":""KX161-2S"",""machine_type"":""Mini Excavator"",""track_size"":""400x72.5Wx72"",""model_key"":""kubota-kx161-2s""},{""make"":""Kubota"",""model"":""U-45"",""machine_type"":""Mini Excavator"",""track_size"":""400x72.5Wx72"",""model_key"":""kubota-u-45""},{""make"":""New Holland"",""model"":""EC 45SR"",""machine_type"":""Mini Excavator"",""track_size"":""400x72.5Wx72"",""model_key"":""new-holland-ec-45sr""},{""make"":""New Holland"",""model"":""EC45"",""machine_type"":""Mini Excavator"",""track_size"":""400x72.5Wx72"",""model_key"":""new-holland-ec45""},{""make"":""Volvo"",""model"":""ECR48C"",""machine_type"":""Mini Excavator"",""track_size"":""400x72.5Wx72"",""model_key"":""volvo-ecr48c""}],""display_text"":""Fits select CAT, Case, Hitachi, and 4 other brands and other mini excavator using 400x72.5Wx72 rubber tracks.""}"
tnt400725w74hd,MERGE,TRUE,TNT400725W74HD,"{""verified"":true,""machine_type"":""Mini Excavator"",""track_size"":""400x72.5Wx74"",""fits"":[{""make"":""Bobcat"",""model"":""337"",""machine_type"":""Mini Excavator"",""track_size"":""400x72.5Wx74"",""model_key"":""bobcat-337""},{""make"":""Bobcat"",""model"":""341"",""machine_type"":""Mini Excavator"",""track_size"":""400x72.5Wx74"",""model_key"":""bobcat-341""},{""make"":""Bobcat"",""model"":""435"",""machine_type"":""Mini Excavator"",""track_size"":""400x72.5Wx74"",""model_key"":""bobcat-435""},{""make"":""Bobcat"",""model"":""E45"",""machine_type"":""Mini Excavator"",""track_size"":""400x72.5Wx74"",""model_key"":""bobcat-e45""},{""make"":""Bobcat"",""model"":""E50"",""machine_type"":""Mini Excavator"",""track_size"":""400x72.5Wx74"",""model_key"":""bobcat-e50""},{""make"":""Bobcat"",""model"":""E55"",""machine_type"":""Mini Excavator"",""track_size"":""400x72.5Wx74"",""model_key"":""bobcat-e55""},{""make"":""Bobcat"",""model"":""E55Z"",""machine_type"":"""",""track_size"":""400x72.5Wx74"",""model_key"":""bobcat-e55z""},{""make"":""Doosan"",""model"":""DX55"",""machine_type"":""Mini Excavator"",""track_size"":""400x72.5Wx74"",""model_key"":""doosan-dx55""},{""make"":""Gehl"",""model"":""502"",""machine_type"":"""",""track_size"":""400x72.5Wx74"",""model_key"":""gehl-502""},{""make"":""Gehl"",""model"":""503Z"",""machine_type"":"""",""track_size"":""400x72.5Wx74"",""model_key"":""gehl-503z""},{""make"":""Gehl"",""model"":""603"",""machine_type"":"""",""track_size"":""400x72.5Wx74"",""model_key"":""gehl-603""},{""make"":""Gehl"",""model"":""GE502"",""machine_type"":"""",""track_size"":""400x72.5Wx74"",""model_key"":""gehl-ge502""},{""make"":""Gehl"",""model"":""GE602"",""machine_type"":"""",""track_size"":""400x72.5Wx74"",""model_key"":""gehl-ge602""},{""make"":""Hitachi"",""model"":""EX58MU"",""machine_type"":"""",""track_size"":""400x72.5Wx74"",""model_key"":""hitachi-ex58mu""},{""make"":""Hitachi"",""model"":""ZX60"",""machine_type"":"""",""track_size"":""400x72.5Wx74"",""model_key"":""hitachi-zx60""},{""make"":""Hitachi"",""model"":""ZX60USB 5"",""machine_type"":"""",""track_size"":""400x72.5Wx74"",""model_key"":""hitachi-zx60usb-5""},{""make"":""JCB"",""model"":""45Z-1"",""machine_type"":""Mini Excavator"",""track_size"":""400x72.5Wx74"",""model_key"":""jcb-45z-1""},{""make"":""JCB"",""model"":""48Z 1"",""machine_type"":"""",""track_size"":""400x72.5Wx74"",""model_key"":""jcb-48z-1""},{""make"":""JCB"",""model"":""55Z 1"",""machine_type"":"""",""track_size"":""400x72.5Wx74"",""model_key"":""jcb-55z-1""},{""make"":""JCB"",""model"":""805"",""machine_type"":""Mini Excavator"",""track_size"":""400x72.5Wx74"",""model_key"":""jcb-805""},{""make"":""JCB"",""model"":""805 2"",""machine_type"":"""",""track_size"":""400x72.5Wx74"",""model_key"":""jcb-805-2""},{""make"":""JCB"",""model"":""8052"",""machine_type"":""Mini Excavator"",""track_size"":""400x72.5Wx74"",""model_key"":""jcb-8052""},{""make"":""JCB"",""model"":""8055Z"",""machine_type"":""Mini Excavator"",""track_size"":""400x72.5Wx74"",""model_key"":""jcb-8055z""},{""make"":""JCB"",""model"":""806"",""machine_type"":""Mini Excavator"",""track_size"":""400x72.5Wx74"",""model_key"":""jcb-806""},{""make"":""JCB"",""model"":""8060"",""machine_type"":""Mini Excavator"",""track_size"":""400x72.5Wx74"",""model_key"":""jcb-8060""},{""make"":""JCB"",""model"":""8065RTS"",""machine_type"":""Mini Excavator"",""track_size"":""400x72.5Wx74"",""model_key"":""jcb-8065rts""},{""make"":""John Deere"",""model"":""50D"",""machine_type"":""Mini Excavator"",""track_size"":""400x72.5Wx74"",""model_key"":""john-deere-50d""},{""make"":""John Deere"",""model"":""50G"",""machine_type"":""Mini Excavator"",""track_size"":""400x72.5Wx74"",""model_key"":""john-deere-50g""},{""make"":""John Deere"",""model"":""60D"",""machine_type"":""Mini Excavator"",""track_size"":""400x72.5Wx74"",""model_key"":""john-deere-60d""},{""make"":""John Deere"",""model"":""60G"",""machine_type"":""Mini Excavator"",""track_size"":""400x72.5Wx74"",""model_key"":""john-deere-60g""},{""make"":""Mustang"",""model"":""ME5002"",""machine_type"":"""",""track_size"":""400x72.5Wx74"",""model_key"":""mustang-me5002""},{""make"":""Mustang"",""model"":""ME6002"",""machine_type"":"""",""track_size"":""400x72.5Wx74"",""model_key"":""mustang-me6002""},{""make"":""Mustang"",""model"":""ME6003"",""machine_type"":"""",""track_size"":""400x72.5Wx74"",""model_key"":""mustang-me6003""},{""make"":""Mustang"",""model"":""ME6502"",""machine_type"":"""",""track_size"":""400x72.5Wx74"",""model_key"":""mustang-me6502""},{""make"":""SANY"",""model"":""SY50U"",""machine_type"":""Mini Excavator"",""track_size"":""400x72.5Wx74"",""model_key"":""sany-sy50u""},{""make"":""Takeuchi"",""model"":""TB250-2"",""machine_type"":""Mini Excavator"",""track_size"":""400x72.5Wx74"",""model_key"":""takeuchi-tb250-2""},{""make"":""Takeuchi"",""model"":""TB257FR"",""machine_type"":""Mini Excavator"",""track_size"":""400x72.5Wx74"",""model_key"":""takeuchi-tb257fr""},{""make"":""Volvo"",""model"":""EC55"",""machine_type"":""Mini Excavator"",""track_size"":""400x72.5Wx74"",""model_key"":""volvo-ec55""},{""make"":""Volvo"",""model"":""EC55B"",""machine_type"":""Mini Excavator"",""track_size"":""400x72.5Wx74"",""model_key"":""volvo-ec55b""},{""make"":""Volvo"",""model"":""EC55C"",""machine_type"":""Mini Excavator"",""track_size"":""400x72.5Wx74"",""model_key"":""volvo-ec55c""},{""make"":""Volvo"",""model"":""ECR58"",""machine_type"":""Mini Excavator"",""track_size"":""400x72.5Wx74"",""model_key"":""volvo-ecr58""},{""make"":""Volvo"",""model"":""ECR58D"",""machine_type"":""Mini Excavator"",""track_size"":""400x72.5Wx74"",""model_key"":""volvo-ecr58d""}],""display_text"":""Fits select Bobcat, Doosan, Gehl, and 7 other brands and other mini excavator using 400x72.5Wx74 rubber tracks.""}"
tnt400725w76hd,MERGE,TRUE,TNT400725W76HD,"{""verified"":true,""machine_type"":""Mini Excavator"",""track_size"":""400x72.5Wx76"",""fits"":[{""make"":""Bobcat"",""model"":""E60"",""machine_type"":""Mini Excavator"",""track_size"":""400x72.5Wx76"",""model_key"":""bobcat-e60""},{""make"":""Bobcat"",""model"":""E63"",""machine_type"":""Mini Excavator"",""track_size"":""400x72.5Wx76"",""model_key"":""bobcat-e63""},{""make"":""CAT"",""model"":""304C CR"",""machine_type"":""Mini Excavator"",""track_size"":""400x72.5Wx76"",""model_key"":""cat-304c-cr""},{""make"":""CAT"",""model"":""305 5E2"",""machine_type"":"""",""track_size"":""400x72.5Wx76"",""model_key"":""cat-305-5e2""},{""make"":""CAT"",""model"":""305.5D CR"",""machine_type"":""Mini Excavator"",""track_size"":""400x72.5Wx76"",""model_key"":""cat-305-5d-cr""},{""make"":""CAT"",""model"":""305.5E CR"",""machine_type"":""Mini Excavator"",""track_size"":""400x72.5Wx76"",""model_key"":""cat-305-5e-cr""},{""make"":""CAT"",""model"":""305.5E2 CR"",""machine_type"":""Mini Excavator"",""track_size"":""400x72.5Wx76"",""model_key"":""cat-305-5e2-cr""},{""make"":""CAT"",""model"":""305C CR"",""machine_type"":""Mini Excavator"",""track_size"":""400x72.5Wx76"",""model_key"":""cat-305c-cr""},{""make"":""CAT"",""model"":""305DCR"",""machine_type"":""Mini Excavator"",""track_size"":""400x72.5Wx76"",""model_key"":""cat-305dcr""},{""make"":""CAT"",""model"":""305E CR"",""machine_type"":""Mini Excavator"",""track_size"":""400x72.5Wx76"",""model_key"":""cat-305e-cr""},{""make"":""CAT"",""model"":""306CR"",""machine_type"":""Mini Excavator"",""track_size"":""400x72.5Wx76"",""model_key"":""cat-306cr""},{""make"":""Case"",""model"":""CX57C"",""machine_type"":""Mini Excavator"",""track_size"":""400x72.5Wx76"",""model_key"":""case-cx57c""},{""make"":""Case"",""model"":""CX60C"",""machine_type"":""Mini Excavator"",""track_size"":""400x72.5Wx76"",""model_key"":""case-cx60c""},{""make"":""Doosan"",""model"":""DX60R"",""machine_type"":""Mini Excavator"",""track_size"":""400x72.5Wx76"",""model_key"":""doosan-dx60r""},{""make"":""Hyundai"",""model"":""Robex 55-3"",""machine_type"":""Mini Excavator"",""track_size"":""400x72.5Wx76"",""model_key"":""hyundai-robex-55-3""},{""make"":""Hyundai"",""model"":""Robex 55-7"",""machine_type"":""Mini Excavator"",""track_size"":""400x72.5Wx76"",""model_key"":""hyundai-robex-55-7""},{""make"":""Hyundai"",""model"":""Robex 55-9"",""machine_type"":""Mini Excavator"",""track_size"":""400x72.5Wx76"",""model_key"":""hyundai-robex-55-9""},{""make"":""Hyundai"",""model"":""Robex 60cr-9a"",""machine_type"":""Mini Excavator"",""track_size"":""400x72.5Wx76"",""model_key"":""hyundai-robex-60cr-9a""},{""make"":""New Holland"",""model"":""E57C"",""machine_type"":"""",""track_size"":""400x72.5Wx76"",""model_key"":""new-holland-e57c""},{""make"":""New Holland"",""model"":""E60C"",""machine_type"":""Mini Excavator"",""track_size"":""400x72.5Wx76"",""model_key"":""new-holland-e60c""},{""make"":""New Holland"",""model"":""EC60"",""machine_type"":""Mini Excavator"",""track_size"":""400x72.5Wx76"",""model_key"":""new-holland-ec60""},{""make"":""SANY"",""model"":""SY60C"",""machine_type"":""Mini Excavator"",""track_size"":""400x72.5Wx76"",""model_key"":""sany-sy60c""},{""make"":""Takeuchi"",""model"":""TB260"",""machine_type"":""Mini Excavator"",""track_size"":""400x72.5Wx76"",""model_key"":""takeuchi-tb260""},{""make"":""Takeuchi"",""model"":""TB370"",""machine_type"":""Mini Excavator"",""track_size"":""400x72.5Wx76"",""model_key"":""takeuchi-tb370""}],""display_text"":""Fits select Bobcat, CAT, Case, and 5 other brands and other mini excavator using 400x72.5Wx76 rubber tracks.""}"
tnt40073y76hd,MERGE,TRUE,TNT40073Y76HD,"{""verified"":true,""machine_type"":"""",""track_size"":""400x73x76"",""fits"":[{""make"":""Yanmar"",""model"":""SV40"",""machine_type"":"""",""track_size"":""400x73x76"",""model_key"":""yanmar-sv40""}],""display_text"":""Fits select Yanmar and other machines using 400x73x76 rubber tracks.""}"
tnt4007472hd,MERGE,TRUE,TNT4007472HD,"{""verified"":true,""machine_type"":""Mini Excavator"",""track_size"":""400x74x72"",""fits"":[{""make"":""Case"",""model"":""CX47"",""machine_type"":""Mini Excavator"",""track_size"":""400x74x72"",""model_key"":""case-cx47""},{""make"":""Case"",""model"":""CX50"",""machine_type"":"""",""track_size"":""400x74x72"",""model_key"":""case-cx50""},{""make"":""Case"",""model"":""CX50B"",""machine_type"":""Mini Excavator"",""track_size"":""400x74x72"",""model_key"":""case-cx50b""},{""make"":""Kobelco"",""model"":""SK45SR 2"",""machine_type"":"""",""track_size"":""400x74x72"",""model_key"":""kobelco-sk45sr-2""},{""make"":""New Holland"",""model"":""E 45.2SR"",""machine_type"":""Mini Excavator"",""track_size"":""400x74x72"",""model_key"":""new-holland-e-45-2sr""},{""make"":""New Holland"",""model"":""E 50.2SR"",""machine_type"":""Mini Excavator"",""track_size"":""400x74x72"",""model_key"":""new-holland-e-50-2sr""},{""make"":""New Holland"",""model"":""E 50B"",""machine_type"":""Mini Excavator"",""track_size"":""400x74x72"",""model_key"":""new-holland-e-50b""},{""make"":""New Holland"",""model"":""E45SR"",""machine_type"":"""",""track_size"":""400x74x72"",""model_key"":""new-holland-e45sr""},{""make"":""New Holland"",""model"":""E50SR"",""machine_type"":"""",""track_size"":""400x74x72"",""model_key"":""new-holland-e50sr""},{""make"":""New Holland"",""model"":""E55BX"",""machine_type"":"""",""track_size"":""400x74x72"",""model_key"":""new-holland-e55bx""},{""make"":""New Holland"",""model"":""EH 50B"",""machine_type"":""Mini Excavator"",""track_size"":""400x74x72"",""model_key"":""new-holland-eh-50b""},{""make"":""New Holland"",""model"":""EH45"",""machine_type"":""Mini Excavator"",""track_size"":""400x74x72"",""model_key"":""new-holland-eh45""}],""display_text"":""Fits select Case, Kobelco, and New Holland and other mini excavator using 400x74x72 rubber tracks.""}"
tnt40075574hd,MERGE,TRUE,TNT40075574HD,"{""verified"":true,""machine_type"":""Mini Excavator"",""track_size"":""400x75.5x74"",""fits"":[{""make"":""Gehl"",""model"":""Z45"",""machine_type"":""Mini Excavator"",""track_size"":""400x75.5x74"",""model_key"":""gehl-z45""},{""make"":""Yanmar"",""model"":""SV40"",""machine_type"":"""",""track_size"":""400x75.5x74"",""model_key"":""yanmar-sv40""},{""make"":""Yanmar"",""model"":""VIO55-5"",""machine_type"":""Mini Excavator"",""track_size"":""400x75.5x74"",""model_key"":""yanmar-vio55-5""},{""make"":""Yanmar"",""model"":""ViO45-5"",""machine_type"":"""",""track_size"":""400x75.5x74"",""model_key"":""yanmar-vio45-5""}],""display_text"":""Fits select Gehl, and Yanmar and other mini excavator using 400x75.5x74 rubber tracks.""}"
tnt4008649hdbd,MERGE,TRUE,TNT4008649HDBD,"{""verified"":true,""machine_type"":""Compact Track Loader"",""track_size"":""400x86Bx49"",""fits"":[{""make"":""Bobcat"",""model"":""T180"",""machine_type"":""Compact Track Loader"",""track_size"":""400x86Bx49"",""model_key"":""bobcat-t180""},{""make"":""Bobcat"",""model"":""T190"",""machine_type"":""Compact Track Loader"",""track_size"":""400x86Bx49"",""model_key"":""bobcat-t190""},{""make"":""Bobcat"",""model"":""T550"",""machine_type"":""Compact Track Loader"",""track_size"":""400x86Bx49"",""model_key"":""bobcat-t550""},{""make"":""Bobcat"",""model"":""T590"",""machine_type"":""Compact Track Loader"",""track_size"":""400x86Bx49"",""model_key"":""bobcat-t590""},{""make"":""Bobcat"",""model"":""T595"",""machine_type"":""Compact Track Loader"",""track_size"":""400x86Bx49"",""model_key"":""bobcat-t595""},{""make"":""CAT"",""model"":""239D"",""machine_type"":""Compact Track Loader"",""track_size"":""400x86Bx49"",""model_key"":""cat-239d""},{""make"":""CAT"",""model"":""239D3"",""machine_type"":""Compact Track Loader"",""track_size"":""400x86Bx49"",""model_key"":""cat-239d3""},{""make"":""CAT"",""model"":""249D"",""machine_type"":""Compact Track Loader"",""track_size"":""400x86Bx49"",""model_key"":""cat-249d""},{""make"":""CAT"",""model"":""249D3"",""machine_type"":""Compact Track Loader"",""track_size"":""400x86Bx49"",""model_key"":""cat-249d3""},{""make"":""Gehl"",""model"":""RT165"",""machine_type"":""Compact Track Loader"",""track_size"":""400x86Bx49"",""model_key"":""gehl-rt165""},{""make"":""Mustang"",""model"":""1650RT"",""machine_type"":"""",""track_size"":""400x86Bx49"",""model_key"":""mustang-1650rt""}],""display_text"":""Fits select Bobcat, CAT, Gehl, and Mustang and other compact track loader using 400x86Bx49 rubber tracks.""}"
tnt4008649hdbl,MERGE,TRUE,TNT4008649HDBL,"{""verified"":true,""machine_type"":""Compact Track Loader"",""track_size"":""400x86Bx49"",""fits"":[{""make"":""Bobcat"",""model"":""T180"",""machine_type"":""Compact Track Loader"",""track_size"":""400x86Bx49"",""model_key"":""bobcat-t180""},{""make"":""Bobcat"",""model"":""T190"",""machine_type"":""Compact Track Loader"",""track_size"":""400x86Bx49"",""model_key"":""bobcat-t190""},{""make"":""Bobcat"",""model"":""T550"",""machine_type"":""Compact Track Loader"",""track_size"":""400x86Bx49"",""model_key"":""bobcat-t550""},{""make"":""Bobcat"",""model"":""T590"",""machine_type"":""Compact Track Loader"",""track_size"":""400x86Bx49"",""model_key"":""bobcat-t590""},{""make"":""Bobcat"",""model"":""T595"",""machine_type"":""Compact Track Loader"",""track_size"":""400x86Bx49"",""model_key"":""bobcat-t595""},{""make"":""CAT"",""model"":""239D"",""machine_type"":""Compact Track Loader"",""track_size"":""400x86Bx49"",""model_key"":""cat-239d""},{""make"":""CAT"",""model"":""239D3"",""machine_type"":""Compact Track Loader"",""track_size"":""400x86Bx49"",""model_key"":""cat-239d3""},{""make"":""CAT"",""model"":""249D"",""machine_type"":""Compact Track Loader"",""track_size"":""400x86Bx49"",""model_key"":""cat-249d""},{""make"":""CAT"",""model"":""249D3"",""machine_type"":""Compact Track Loader"",""track_size"":""400x86Bx49"",""model_key"":""cat-249d3""},{""make"":""Gehl"",""model"":""RT165"",""machine_type"":""Compact Track Loader"",""track_size"":""400x86Bx49"",""model_key"":""gehl-rt165""},{""make"":""Mustang"",""model"":""1650RT"",""machine_type"":"""",""track_size"":""400x86Bx49"",""model_key"":""mustang-1650rt""}],""display_text"":""Fits select Bobcat, CAT, Gehl, and Mustang and other compact track loader using 400x86Bx49 rubber tracks.""}"
tnt4008649hdc,MERGE,TRUE,TNT4008649HDC,"{""verified"":true,""machine_type"":""Compact Track Loader"",""track_size"":""400x86Bx49"",""fits"":[{""make"":""Bobcat"",""model"":""T180"",""machine_type"":""Compact Track Loader"",""track_size"":""400x86Bx49"",""model_key"":""bobcat-t180""},{""make"":""Bobcat"",""model"":""T190"",""machine_type"":""Compact Track Loader"",""track_size"":""400x86Bx49"",""model_key"":""bobcat-t190""},{""make"":""Bobcat"",""model"":""T550"",""machine_type"":""Compact Track Loader"",""track_size"":""400x86Bx49"",""model_key"":""bobcat-t550""},{""make"":""Bobcat"",""model"":""T590"",""machine_type"":""Compact Track Loader"",""track_size"":""400x86Bx49"",""model_key"":""bobcat-t590""},{""make"":""Bobcat"",""model"":""T595"",""machine_type"":""Compact Track Loader"",""track_size"":""400x86Bx49"",""model_key"":""bobcat-t595""},{""make"":""CAT"",""model"":""239D"",""machine_type"":""Compact Track Loader"",""track_size"":""400x86Bx49"",""model_key"":""cat-239d""},{""make"":""CAT"",""model"":""239D3"",""machine_type"":""Compact Track Loader"",""track_size"":""400x86Bx49"",""model_key"":""cat-239d3""},{""make"":""CAT"",""model"":""249D"",""machine_type"":""Compact Track Loader"",""track_size"":""400x86Bx49"",""model_key"":""cat-249d""},{""make"":""CAT"",""model"":""249D3"",""machine_type"":""Compact Track Loader"",""track_size"":""400x86Bx49"",""model_key"":""cat-249d3""},{""make"":""Gehl"",""model"":""RT165"",""machine_type"":""Compact Track Loader"",""track_size"":""400x86Bx49"",""model_key"":""gehl-rt165""},{""make"":""Mustang"",""model"":""1650RT"",""machine_type"":"""",""track_size"":""400x86Bx49"",""model_key"":""mustang-1650rt""}],""display_text"":""Fits select Bobcat, CAT, Gehl, and Mustang and other compact track loader using 400x86Bx49 rubber tracks.""}"
tnt4008649hdmb,MERGE,TRUE,TNT4008649HDMB,"{""verified"":true,""machine_type"":""Compact Track Loader"",""track_size"":""400x86Bx49"",""fits"":[{""make"":""Bobcat"",""model"":""T180"",""machine_type"":""Compact Track Loader"",""track_size"":""400x86Bx49"",""model_key"":""bobcat-t180""},{""make"":""Bobcat"",""model"":""T190"",""machine_type"":""Compact Track Loader"",""track_size"":""400x86Bx49"",""model_key"":""bobcat-t190""},{""make"":""Bobcat"",""model"":""T550"",""machine_type"":""Compact Track Loader"",""track_size"":""400x86Bx49"",""model_key"":""bobcat-t550""},{""make"":""Bobcat"",""model"":""T590"",""machine_type"":""Compact Track Loader"",""track_size"":""400x86Bx49"",""model_key"":""bobcat-t590""},{""make"":""Bobcat"",""model"":""T595"",""machine_type"":""Compact Track Loader"",""track_size"":""400x86Bx49"",""model_key"":""bobcat-t595""},{""make"":""CAT"",""model"":""239D"",""machine_type"":""Compact Track Loader"",""track_size"":""400x86Bx49"",""model_key"":""cat-239d""},{""make"":""CAT"",""model"":""239D3"",""machine_type"":""Compact Track Loader"",""track_size"":""400x86Bx49"",""model_key"":""cat-239d3""},{""make"":""CAT"",""model"":""249D"",""machine_type"":""Compact Track Loader"",""track_size"":""400x86Bx49"",""model_key"":""cat-249d""},{""make"":""CAT"",""model"":""249D3"",""machine_type"":""Compact Track Loader"",""track_size"":""400x86Bx49"",""model_key"":""cat-249d3""},{""make"":""Gehl"",""model"":""RT165"",""machine_type"":""Compact Track Loader"",""track_size"":""400x86Bx49"",""model_key"":""gehl-rt165""},{""make"":""Mustang"",""model"":""1650RT"",""machine_type"":"""",""track_size"":""400x86Bx49"",""model_key"":""mustang-1650rt""}],""display_text"":""Fits select Bobcat, CAT, Gehl, and Mustang and other compact track loader using 400x86Bx49 rubber tracks.""}"
tnt4008649hdz,MERGE,TRUE,TNT4008649HDZ,"{""verified"":true,""machine_type"":""Compact Track Loader"",""track_size"":""400x86Bx49"",""fits"":[{""make"":""Bobcat"",""model"":""T180"",""machine_type"":""Compact Track Loader"",""track_size"":""400x86Bx49"",""model_key"":""bobcat-t180""},{""make"":""Bobcat"",""model"":""T190"",""machine_type"":""Compact Track Loader"",""track_size"":""400x86Bx49"",""model_key"":""bobcat-t190""},{""make"":""Bobcat"",""model"":""T550"",""machine_type"":""Compact Track Loader"",""track_size"":""400x86Bx49"",""model_key"":""bobcat-t550""},{""make"":""Bobcat"",""model"":""T590"",""machine_type"":""Compact Track Loader"",""track_size"":""400x86Bx49"",""model_key"":""bobcat-t590""},{""make"":""Bobcat"",""model"":""T595"",""machine_type"":""Compact Track Loader"",""track_size"":""400x86Bx49"",""model_key"":""bobcat-t595""},{""make"":""CAT"",""model"":""239D"",""machine_type"":""Compact Track Loader"",""track_size"":""400x86Bx49"",""model_key"":""cat-239d""},{""make"":""CAT"",""model"":""239D3"",""machine_type"":""Compact Track Loader"",""track_size"":""400x86Bx49"",""model_key"":""cat-239d3""},{""make"":""CAT"",""model"":""249D"",""machine_type"":""Compact Track Loader"",""track_size"":""400x86Bx49"",""model_key"":""cat-249d""},{""make"":""CAT"",""model"":""249D3"",""machine_type"":""Compact Track Loader"",""track_size"":""400x86Bx49"",""model_key"":""cat-249d3""},{""make"":""Gehl"",""model"":""RT165"",""machine_type"":""Compact Track Loader"",""track_size"":""400x86Bx49"",""model_key"":""gehl-rt165""},{""make"":""Mustang"",""model"":""1650RT"",""machine_type"":"""",""track_size"":""400x86Bx49"",""model_key"":""mustang-1650rt""}],""display_text"":""Fits select Bobcat, CAT, Gehl, and Mustang and other compact track loader using 400x86Bx49 rubber tracks.""}"
tnt4008649hdzb,MERGE,TRUE,TNT4008649HDZB,"{""verified"":true,""machine_type"":""Compact Track Loader"",""track_size"":""400x86Bx49"",""fits"":[{""make"":""Bobcat"",""model"":""T180"",""machine_type"":""Compact Track Loader"",""track_size"":""400x86Bx49"",""model_key"":""bobcat-t180""},{""make"":""Bobcat"",""model"":""T190"",""machine_type"":""Compact Track Loader"",""track_size"":""400x86Bx49"",""model_key"":""bobcat-t190""},{""make"":""Bobcat"",""model"":""T550"",""machine_type"":""Compact Track Loader"",""track_size"":""400x86Bx49"",""model_key"":""bobcat-t550""},{""make"":""Bobcat"",""model"":""T590"",""machine_type"":""Compact Track Loader"",""track_size"":""400x86Bx49"",""model_key"":""bobcat-t590""},{""make"":""Bobcat"",""model"":""T595"",""machine_type"":""Compact Track Loader"",""track_size"":""400x86Bx49"",""model_key"":""bobcat-t595""},{""make"":""CAT"",""model"":""239D"",""machine_type"":""Compact Track Loader"",""track_size"":""400x86Bx49"",""model_key"":""cat-239d""},{""make"":""CAT"",""model"":""239D3"",""machine_type"":""Compact Track Loader"",""track_size"":""400x86Bx49"",""model_key"":""cat-239d3""},{""make"":""CAT"",""model"":""249D"",""machine_type"":""Compact Track Loader"",""track_size"":""400x86Bx49"",""model_key"":""cat-249d""},{""make"":""CAT"",""model"":""249D3"",""machine_type"":""Compact Track Loader"",""track_size"":""400x86Bx49"",""model_key"":""cat-249d3""},{""make"":""Gehl"",""model"":""RT165"",""machine_type"":""Compact Track Loader"",""track_size"":""400x86Bx49"",""model_key"":""gehl-rt165""},{""make"":""Mustang"",""model"":""1650RT"",""machine_type"":"""",""track_size"":""400x86Bx49"",""model_key"":""mustang-1650rt""}],""display_text"":""Fits select Bobcat, CAT, Gehl, and Mustang and other compact track loader using 400x86Bx49 rubber tracks.""}"
tnt4008650hdbl,MERGE,TRUE,TNT4008650HDBL,"{""verified"":true,""machine_type"":""Compact Track Loader"",""track_size"":""400x86Bx50"",""fits"":[{""make"":""Bobcat"",""model"":""T62"",""machine_type"":""Compact Track Loader"",""track_size"":""400x86Bx50"",""model_key"":""bobcat-t62""},{""make"":""Bobcat"",""model"":""T64"",""machine_type"":""Compact Track Loader"",""track_size"":""400x86Bx50"",""model_key"":""bobcat-t64""},{""make"":""Bobcat"",""model"":""T66"",""machine_type"":""Compact Track Loader"",""track_size"":""400x86Bx50"",""model_key"":""bobcat-t66""},{""make"":""Case"",""model"":""420CT"",""machine_type"":""Compact Track Loader"",""track_size"":""400x86Bx50"",""model_key"":""case-420ct""},{""make"":""Case"",""model"":""440CT"",""machine_type"":""Compact Track Loader"",""track_size"":""400x86Bx50"",""model_key"":""case-440ct""},{""make"":""Case"",""model"":""TR310"",""machine_type"":""Compact Track Loader"",""track_size"":""400x86Bx50"",""model_key"":""case-tr310""},{""make"":""Case"",""model"":""TR310B"",""machine_type"":""Compact Track Loader"",""track_size"":""400x86Bx50"",""model_key"":""case-tr310b""},{""make"":""John Deere"",""model"":""317G"",""machine_type"":""Compact Track Loader"",""track_size"":""400x86Bx50"",""model_key"":""john-deere-317g""},{""make"":""New Holland"",""model"":""C175"",""machine_type"":""Compact Track Loader"",""track_size"":""400x86Bx50"",""model_key"":""new-holland-c175""},{""make"":""New Holland"",""model"":""C227"",""machine_type"":""Compact Track Loader"",""track_size"":""400x86Bx50"",""model_key"":""new-holland-c227""},{""make"":""New Holland"",""model"":""LT175B"",""machine_type"":""Compact Track Loader"",""track_size"":""400x86Bx50"",""model_key"":""new-holland-lt175b""}],""display_text"":""Fits select Bobcat, Case, John Deere, and New Holland and other compact track loader using 400x86Bx50 rubber tracks.""}"
tnt4008650hdc,MERGE,TRUE,TNT4008650HDC,"{""verified"":true,""machine_type"":""Compact Track Loader"",""track_size"":""400x86Bx50"",""fits"":[{""make"":""Bobcat"",""model"":""T62"",""machine_type"":""Compact Track Loader"",""track_size"":""400x86Bx50"",""model_key"":""bobcat-t62""},{""make"":""Bobcat"",""model"":""T64"",""machine_type"":""Compact Track Loader"",""track_size"":""400x86Bx50"",""model_key"":""bobcat-t64""},{""make"":""Bobcat"",""model"":""T66"",""machine_type"":""Compact Track Loader"",""track_size"":""400x86Bx50"",""model_key"":""bobcat-t66""},{""make"":""Case"",""model"":""420CT"",""machine_type"":""Compact Track Loader"",""track_size"":""400x86Bx50"",""model_key"":""case-420ct""},{""make"":""Case"",""model"":""440CT"",""machine_type"":""Compact Track Loader"",""track_size"":""400x86Bx50"",""model_key"":""case-440ct""},{""make"":""Case"",""model"":""TR310"",""machine_type"":""Compact Track Loader"",""track_size"":""400x86Bx50"",""model_key"":""case-tr310""},{""make"":""Case"",""model"":""TR310B"",""machine_type"":""Compact Track Loader"",""track_size"":""400x86Bx50"",""model_key"":""case-tr310b""},{""make"":""John Deere"",""model"":""317G"",""machine_type"":""Compact Track Loader"",""track_size"":""400x86Bx50"",""model_key"":""john-deere-317g""},{""make"":""New Holland"",""model"":""C175"",""machine_type"":""Compact Track Loader"",""track_size"":""400x86Bx50"",""model_key"":""new-holland-c175""},{""make"":""New Holland"",""model"":""C227"",""machine_type"":""Compact Track Loader"",""track_size"":""400x86Bx50"",""model_key"":""new-holland-c227""},{""make"":""New Holland"",""model"":""LT175B"",""machine_type"":""Compact Track Loader"",""track_size"":""400x86Bx50"",""model_key"":""new-holland-lt175b""}],""display_text"":""Fits select Bobcat, Case, John Deere, and New Holland and other compact track loader using 400x86Bx50 rubber tracks.""}"
tnt4008650hdmb,MERGE,TRUE,TNT4008650HDMB,"{""verified"":true,""machine_type"":""Compact Track Loader"",""track_size"":""400x86Bx50"",""fits"":[{""make"":""Bobcat"",""model"":""T62"",""machine_type"":""Compact Track Loader"",""track_size"":""400x86Bx50"",""model_key"":""bobcat-t62""},{""make"":""Bobcat"",""model"":""T64"",""machine_type"":""Compact Track Loader"",""track_size"":""400x86Bx50"",""model_key"":""bobcat-t64""},{""make"":""Bobcat"",""model"":""T66"",""machine_type"":""Compact Track Loader"",""track_size"":""400x86Bx50"",""model_key"":""bobcat-t66""},{""make"":""Case"",""model"":""420CT"",""machine_type"":""Compact Track Loader"",""track_size"":""400x86Bx50"",""model_key"":""case-420ct""},{""make"":""Case"",""model"":""440CT"",""machine_type"":""Compact Track Loader"",""track_size"":""400x86Bx50"",""model_key"":""case-440ct""},{""make"":""Case"",""model"":""TR310"",""machine_type"":""Compact Track Loader"",""track_size"":""400x86Bx50"",""model_key"":""case-tr310""},{""make"":""Case"",""model"":""TR310B"",""machine_type"":""Compact Track Loader"",""track_size"":""400x86Bx50"",""model_key"":""case-tr310b""},{""make"":""John Deere"",""model"":""317G"",""machine_type"":""Compact Track Loader"",""track_size"":""400x86Bx50"",""model_key"":""john-deere-317g""},{""make"":""New Holland"",""model"":""C175"",""machine_type"":""Compact Track Loader"",""track_size"":""400x86Bx50"",""model_key"":""new-holland-c175""},{""make"":""New Holland"",""model"":""C227"",""machine_type"":""Compact Track Loader"",""track_size"":""400x86Bx50"",""model_key"":""new-holland-c227""},{""make"":""New Holland"",""model"":""LT175B"",""machine_type"":""Compact Track Loader"",""track_size"":""400x86Bx50"",""model_key"":""new-holland-lt175b""}],""display_text"":""Fits select Bobcat, Case, John Deere, and New Holland and other compact track loader using 400x86Bx50 rubber tracks.""}"
tnt4008650hdtb,MERGE,TRUE,TNT4008650HDTB,"{""verified"":true,""machine_type"":""Compact Track Loader"",""track_size"":""400x86Bx50"",""fits"":[{""make"":""Bobcat"",""model"":""T62"",""machine_type"":""Compact Track Loader"",""track_size"":""400x86Bx50"",""model_key"":""bobcat-t62""},{""make"":""Bobcat"",""model"":""T64"",""machine_type"":""Compact Track Loader"",""track_size"":""400x86Bx50"",""model_key"":""bobcat-t64""},{""make"":""Bobcat"",""model"":""T66"",""machine_type"":""Compact Track Loader"",""track_size"":""400x86Bx50"",""model_key"":""bobcat-t66""},{""make"":""Case"",""model"":""420CT"",""machine_type"":""Compact Track Loader"",""track_size"":""400x86Bx50"",""model_key"":""case-420ct""},{""make"":""Case"",""model"":""440CT"",""machine_type"":""Compact Track Loader"",""track_size"":""400x86Bx50"",""model_key"":""case-440ct""},{""make"":""Case"",""model"":""TR310"",""machine_type"":""Compact Track Loader"",""track_size"":""400x86Bx50"",""model_key"":""case-tr310""},{""make"":""Case"",""model"":""TR310B"",""machine_type"":""Compact Track Loader"",""track_size"":""400x86Bx50"",""model_key"":""case-tr310b""},{""make"":""John Deere"",""model"":""317G"",""machine_type"":""Compact Track Loader"",""track_size"":""400x86Bx50"",""model_key"":""john-deere-317g""},{""make"":""New Holland"",""model"":""C175"",""machine_type"":""Compact Track Loader"",""track_size"":""400x86Bx50"",""model_key"":""new-holland-c175""},{""make"":""New Holland"",""model"":""C227"",""machine_type"":""Compact Track Loader"",""track_size"":""400x86Bx50"",""model_key"":""new-holland-c227""},{""make"":""New Holland"",""model"":""LT175B"",""machine_type"":""Compact Track Loader"",""track_size"":""400x86Bx50"",""model_key"":""new-holland-lt175b""}],""display_text"":""Fits select Bobcat, Case, John Deere, and New Holland and other compact track loader using 400x86Bx50 rubber tracks.""}"
tnt4008650hdz,MERGE,TRUE,TNT4008650HDZ,"{""verified"":true,""machine_type"":""Compact Track Loader"",""track_size"":""400x86Bx50"",""fits"":[{""make"":""Bobcat"",""model"":""T62"",""machine_type"":""Compact Track Loader"",""track_size"":""400x86Bx50"",""model_key"":""bobcat-t62""},{""make"":""Bobcat"",""model"":""T64"",""machine_type"":""Compact Track Loader"",""track_size"":""400x86Bx50"",""model_key"":""bobcat-t64""},{""make"":""Bobcat"",""model"":""T66"",""machine_type"":""Compact Track Loader"",""track_size"":""400x86Bx50"",""model_key"":""bobcat-t66""},{""make"":""Case"",""model"":""420CT"",""machine_type"":""Compact Track Loader"",""track_size"":""400x86Bx50"",""model_key"":""case-420ct""},{""make"":""Case"",""model"":""440CT"",""machine_type"":""Compact Track Loader"",""track_size"":""400x86Bx50"",""model_key"":""case-440ct""},{""make"":""Case"",""model"":""TR310"",""machine_type"":""Compact Track Loader"",""track_size"":""400x86Bx50"",""model_key"":""case-tr310""},{""make"":""Case"",""model"":""TR310B"",""machine_type"":""Compact Track Loader"",""track_size"":""400x86Bx50"",""model_key"":""case-tr310b""},{""make"":""John Deere"",""model"":""317G"",""machine_type"":""Compact Track Loader"",""track_size"":""400x86Bx50"",""model_key"":""john-deere-317g""},{""make"":""New Holland"",""model"":""C175"",""machine_type"":""Compact Track Loader"",""track_size"":""400x86Bx50"",""model_key"":""new-holland-c175""},{""make"":""New Holland"",""model"":""C227"",""machine_type"":""Compact Track Loader"",""track_size"":""400x86Bx50"",""model_key"":""new-holland-c227""},{""make"":""New Holland"",""model"":""LT175B"",""machine_type"":""Compact Track Loader"",""track_size"":""400x86Bx50"",""model_key"":""new-holland-lt175b""}],""display_text"":""Fits select Bobcat, Case, John Deere, and New Holland and other compact track loader using 400x86Bx50 rubber tracks.""}"
tnt4008650hdzb,MERGE,TRUE,TNT4008650HDZB,"{""verified"":true,""machine_type"":""Compact Track Loader"",""track_size"":""400x86Bx50"",""fits"":[{""make"":""Bobcat"",""model"":""T62"",""machine_type"":""Compact Track Loader"",""track_size"":""400x86Bx50"",""model_key"":""bobcat-t62""},{""make"":""Bobcat"",""model"":""T64"",""machine_type"":""Compact Track Loader"",""track_size"":""400x86Bx50"",""model_key"":""bobcat-t64""},{""make"":""Bobcat"",""model"":""T66"",""machine_type"":""Compact Track Loader"",""track_size"":""400x86Bx50"",""model_key"":""bobcat-t66""},{""make"":""Case"",""model"":""420CT"",""machine_type"":""Compact Track Loader"",""track_size"":""400x86Bx50"",""model_key"":""case-420ct""},{""make"":""Case"",""model"":""440CT"",""machine_type"":""Compact Track Loader"",""track_size"":""400x86Bx50"",""model_key"":""case-440ct""},{""make"":""Case"",""model"":""TR310"",""machine_type"":""Compact Track Loader"",""track_size"":""400x86Bx50"",""model_key"":""case-tr310""},{""make"":""Case"",""model"":""TR310B"",""machine_type"":""Compact Track Loader"",""track_size"":""400x86Bx50"",""model_key"":""case-tr310b""},{""make"":""John Deere"",""model"":""317G"",""machine_type"":""Compact Track Loader"",""track_size"":""400x86Bx50"",""model_key"":""john-deere-317g""},{""make"":""New Holland"",""model"":""C175"",""machine_type"":""Compact Track Loader"",""track_size"":""400x86Bx50"",""model_key"":""new-holland-c175""},{""make"":""New Holland"",""model"":""C227"",""machine_type"":""Compact Track Loader"",""track_size"":""400x86Bx50"",""model_key"":""new-holland-c227""},{""make"":""New Holland"",""model"":""LT175B"",""machine_type"":""Compact Track Loader"",""track_size"":""400x86Bx50"",""model_key"":""new-holland-lt175b""}],""display_text"":""Fits select Bobcat, Case, John Deere, and New Holland and other compact track loader using 400x86Bx50 rubber tracks.""}"
tnt4008652hdbd,MERGE,TRUE,TNT4008652HDBD,"{""verified"":true,""machine_type"":""Compact Track Loader"",""track_size"":""400x86Bx52"",""fits"":[{""make"":""Bobcat"",""model"":""T200"",""machine_type"":""Compact Track Loader"",""track_size"":""400x86Bx52"",""model_key"":""bobcat-t200""},{""make"":""Bobcat"",""model"":""T630"",""machine_type"":""Compact Track Loader"",""track_size"":""400x86Bx52"",""model_key"":""bobcat-t630""},{""make"":""Bobcat"",""model"":""T650"",""machine_type"":""Compact Track Loader"",""track_size"":""400x86Bx52"",""model_key"":""bobcat-t650""},{""make"":""CAT"",""model"":""255"",""machine_type"":""Compact Track Loader"",""track_size"":""400x86Bx52"",""model_key"":""cat-255""},{""make"":""JCB"",""model"":""1110T"",""machine_type"":""Compact Track Loader"",""track_size"":""400x86Bx52"",""model_key"":""jcb-1110t""},{""make"":""JCB"",""model"":""190T"",""machine_type"":""Compact Track Loader"",""track_size"":""400x86Bx52"",""model_key"":""jcb-190t""},{""make"":""John Deere"",""model"":""319E"",""machine_type"":""Compact Track Loader"",""track_size"":""400x86Bx52"",""model_key"":""john-deere-319e""},{""make"":""John Deere"",""model"":""323D"",""machine_type"":""Compact Track Loader"",""track_size"":""400x86Bx52"",""model_key"":""john-deere-323d""},{""make"":""John Deere"",""model"":""323E"",""machine_type"":""Compact Track Loader"",""track_size"":""400x86Bx52"",""model_key"":""john-deere-323e""},{""make"":""John Deere"",""model"":""325G"",""machine_type"":""Compact Track Loader"",""track_size"":""400x86Bx52"",""model_key"":""john-deere-325g""},{""make"":""John Deere"",""model"":""CT322"",""machine_type"":""Compact Track Loader"",""track_size"":""400x86Bx52"",""model_key"":""john-deere-ct322""},{""make"":""Kubota"",""model"":""SVL65-2"",""machine_type"":""Compact Track Loader"",""track_size"":""400x86Bx52"",""model_key"":""kubota-svl65-2""},{""make"":""Kubota"",""model"":""SVL75"",""machine_type"":""Compact Track Loader"",""track_size"":""400x86Bx52"",""model_key"":""kubota-svl75""},{""make"":""Kubota"",""model"":""SVL75-2"",""machine_type"":""Compact Track Loader"",""track_size"":""400x86Bx52"",""model_key"":""kubota-svl75-2""},{""make"":""Kubota"",""model"":""SVL75-3"",""machine_type"":""Compact Track Loader"",""track_size"":""400x86Bx52"",""model_key"":""kubota-svl75-3""},{""make"":""Takeuchi"",""model"":""TL10V2"",""machine_type"":""Compact Track Loader"",""track_size"":""400x86Bx52"",""model_key"":""takeuchi-tl10v2""},{""make"":""Takeuchi"",""model"":""TL8R2"",""machine_type"":""Compact Track Loader"",""track_size"":""400x86Bx52"",""model_key"":""takeuchi-tl8r2""}],""display_text"":""Fits select Bobcat, CAT, JCB, and 3 other brands and other compact track loader using 400x86Bx52 rubber tracks.""}"
tnt4008652hdbl,MERGE,TRUE,TNT4008652HDBL,"{""verified"":true,""machine_type"":""Compact Track Loader"",""track_size"":""400x86Bx52"",""fits"":[{""make"":""Bobcat"",""model"":""T200"",""machine_type"":""Compact Track Loader"",""track_size"":""400x86Bx52"",""model_key"":""bobcat-t200""},{""make"":""Bobcat"",""model"":""T630"",""machine_type"":""Compact Track Loader"",""track_size"":""400x86Bx52"",""model_key"":""bobcat-t630""},{""make"":""Bobcat"",""model"":""T650"",""machine_type"":""Compact Track Loader"",""track_size"":""400x86Bx52"",""model_key"":""bobcat-t650""},{""make"":""CAT"",""model"":""255"",""machine_type"":""Compact Track Loader"",""track_size"":""400x86Bx52"",""model_key"":""cat-255""},{""make"":""JCB"",""model"":""1110T"",""machine_type"":""Compact Track Loader"",""track_size"":""400x86Bx52"",""model_key"":""jcb-1110t""},{""make"":""JCB"",""model"":""190T"",""machine_type"":""Compact Track Loader"",""track_size"":""400x86Bx52"",""model_key"":""jcb-190t""},{""make"":""John Deere"",""model"":""319E"",""machine_type"":""Compact Track Loader"",""track_size"":""400x86Bx52"",""model_key"":""john-deere-319e""},{""make"":""John Deere"",""model"":""323D"",""machine_type"":""Compact Track Loader"",""track_size"":""400x86Bx52"",""model_key"":""john-deere-323d""},{""make"":""John Deere"",""model"":""323E"",""machine_type"":""Compact Track Loader"",""track_size"":""400x86Bx52"",""model_key"":""john-deere-323e""},{""make"":""John Deere"",""model"":""325G"",""machine_type"":""Compact Track Loader"",""track_size"":""400x86Bx52"",""model_key"":""john-deere-325g""},{""make"":""John Deere"",""model"":""CT322"",""machine_type"":""Compact Track Loader"",""track_size"":""400x86Bx52"",""model_key"":""john-deere-ct322""},{""make"":""Kubota"",""model"":""SVL65-2"",""machine_type"":""Compact Track Loader"",""track_size"":""400x86Bx52"",""model_key"":""kubota-svl65-2""},{""make"":""Kubota"",""model"":""SVL75"",""machine_type"":""Compact Track Loader"",""track_size"":""400x86Bx52"",""model_key"":""kubota-svl75""},{""make"":""Kubota"",""model"":""SVL75-2"",""machine_type"":""Compact Track Loader"",""track_size"":""400x86Bx52"",""model_key"":""kubota-svl75-2""},{""make"":""Kubota"",""model"":""SVL75-3"",""machine_type"":""Compact Track Loader"",""track_size"":""400x86Bx52"",""model_key"":""kubota-svl75-3""},{""make"":""Takeuchi"",""model"":""TL10V2"",""machine_type"":""Compact Track Loader"",""track_size"":""400x86Bx52"",""model_key"":""takeuchi-tl10v2""},{""make"":""Takeuchi"",""model"":""TL8R2"",""machine_type"":""Compact Track Loader"",""track_size"":""400x86Bx52"",""model_key"":""takeuchi-tl8r2""}],""display_text"":""Fits select Bobcat, CAT, JCB, and 3 other brands and other compact track loader using 400x86Bx52 rubber tracks.""}"
tnt4008652hdc,MERGE,TRUE,TNT4008652HDC,"{""verified"":true,""machine_type"":""Compact Track Loader"",""track_size"":""400x86Bx52"",""fits"":[{""make"":""Bobcat"",""model"":""T200"",""machine_type"":""Compact Track Loader"",""track_size"":""400x86Bx52"",""model_key"":""bobcat-t200""},{""make"":""Bobcat"",""model"":""T630"",""machine_type"":""Compact Track Loader"",""track_size"":""400x86Bx52"",""model_key"":""bobcat-t630""},{""make"":""Bobcat"",""model"":""T650"",""machine_type"":""Compact Track Loader"",""track_size"":""400x86Bx52"",""model_key"":""bobcat-t650""},{""make"":""CAT"",""model"":""255"",""machine_type"":""Compact Track Loader"",""track_size"":""400x86Bx52"",""model_key"":""cat-255""},{""make"":""JCB"",""model"":""1110T"",""machine_type"":""Compact Track Loader"",""track_size"":""400x86Bx52"",""model_key"":""jcb-1110t""},{""make"":""JCB"",""model"":""190T"",""machine_type"":""Compact Track Loader"",""track_size"":""400x86Bx52"",""model_key"":""jcb-190t""},{""make"":""John Deere"",""model"":""319E"",""machine_type"":""Compact Track Loader"",""track_size"":""400x86Bx52"",""model_key"":""john-deere-319e""},{""make"":""John Deere"",""model"":""323D"",""machine_type"":""Compact Track Loader"",""track_size"":""400x86Bx52"",""model_key"":""john-deere-323d""},{""make"":""John Deere"",""model"":""323E"",""machine_type"":""Compact Track Loader"",""track_size"":""400x86Bx52"",""model_key"":""john-deere-323e""},{""make"":""John Deere"",""model"":""325G"",""machine_type"":""Compact Track Loader"",""track_size"":""400x86Bx52"",""model_key"":""john-deere-325g""},{""make"":""John Deere"",""model"":""CT322"",""machine_type"":""Compact Track Loader"",""track_size"":""400x86Bx52"",""model_key"":""john-deere-ct322""},{""make"":""Kubota"",""model"":""SVL65-2"",""machine_type"":""Compact Track Loader"",""track_size"":""400x86Bx52"",""model_key"":""kubota-svl65-2""},{""make"":""Kubota"",""model"":""SVL75"",""machine_type"":""Compact Track Loader"",""track_size"":""400x86Bx52"",""model_key"":""kubota-svl75""},{""make"":""Kubota"",""model"":""SVL75-2"",""machine_type"":""Compact Track Loader"",""track_size"":""400x86Bx52"",""model_key"":""kubota-svl75-2""},{""make"":""Kubota"",""model"":""SVL75-3"",""machine_type"":""Compact Track Loader"",""track_size"":""400x86Bx52"",""model_key"":""kubota-svl75-3""},{""make"":""Takeuchi"",""model"":""TL10V2"",""machine_type"":""Compact Track Loader"",""track_size"":""400x86Bx52"",""model_key"":""takeuchi-tl10v2""},{""make"":""Takeuchi"",""model"":""TL8R2"",""machine_type"":""Compact Track Loader"",""track_size"":""400x86Bx52"",""model_key"":""takeuchi-tl8r2""}],""display_text"":""Fits select Bobcat, CAT, JCB, and 3 other brands and other compact track loader using 400x86Bx52 rubber tracks.""}"
tnt4008652hdmb,MERGE,TRUE,TNT4008652HDMB,"{""verified"":true,""machine_type"":""Compact Track Loader"",""track_size"":""400x86Bx52"",""fits"":[{""make"":""Bobcat"",""model"":""T200"",""machine_type"":""Compact Track Loader"",""track_size"":""400x86Bx52"",""model_key"":""bobcat-t200""},{""make"":""Bobcat"",""model"":""T630"",""machine_type"":""Compact Track Loader"",""track_size"":""400x86Bx52"",""model_key"":""bobcat-t630""},{""make"":""Bobcat"",""model"":""T650"",""machine_type"":""Compact Track Loader"",""track_size"":""400x86Bx52"",""model_key"":""bobcat-t650""},{""make"":""CAT"",""model"":""255"",""machine_type"":""Compact Track Loader"",""track_size"":""400x86Bx52"",""model_key"":""cat-255""},{""make"":""JCB"",""model"":""1110T"",""machine_type"":""Compact Track Loader"",""track_size"":""400x86Bx52"",""model_key"":""jcb-1110t""},{""make"":""JCB"",""model"":""190T"",""machine_type"":""Compact Track Loader"",""track_size"":""400x86Bx52"",""model_key"":""jcb-190t""},{""make"":""John Deere"",""model"":""319E"",""machine_type"":""Compact Track Loader"",""track_size"":""400x86Bx52"",""model_key"":""john-deere-319e""},{""make"":""John Deere"",""model"":""323D"",""machine_type"":""Compact Track Loader"",""track_size"":""400x86Bx52"",""model_key"":""john-deere-323d""},{""make"":""John Deere"",""model"":""323E"",""machine_type"":""Compact Track Loader"",""track_size"":""400x86Bx52"",""model_key"":""john-deere-323e""},{""make"":""John Deere"",""model"":""325G"",""machine_type"":""Compact Track Loader"",""track_size"":""400x86Bx52"",""model_key"":""john-deere-325g""},{""make"":""John Deere"",""model"":""CT322"",""machine_type"":""Compact Track Loader"",""track_size"":""400x86Bx52"",""model_key"":""john-deere-ct322""},{""make"":""Kubota"",""model"":""SVL65-2"",""machine_type"":""Compact Track Loader"",""track_size"":""400x86Bx52"",""model_key"":""kubota-svl65-2""},{""make"":""Kubota"",""model"":""SVL75"",""machine_type"":""Compact Track Loader"",""track_size"":""400x86Bx52"",""model_key"":""kubota-svl75""},{""make"":""Kubota"",""model"":""SVL75-2"",""machine_type"":""Compact Track Loader"",""track_size"":""400x86Bx52"",""model_key"":""kubota-svl75-2""},{""make"":""Kubota"",""model"":""SVL75-3"",""machine_type"":""Compact Track Loader"",""track_size"":""400x86Bx52"",""model_key"":""kubota-svl75-3""},{""make"":""Takeuchi"",""model"":""TL10V2"",""machine_type"":""Compact Track Loader"",""track_size"":""400x86Bx52"",""model_key"":""takeuchi-tl10v2""},{""make"":""Takeuchi"",""model"":""TL8R2"",""machine_type"":""Compact Track Loader"",""track_size"":""400x86Bx52"",""model_key"":""takeuchi-tl8r2""}],""display_text"":""Fits select Bobcat, CAT, JCB, and 3 other brands and other compact track loader using 400x86Bx52 rubber tracks.""}"
tnt4008652hdtb,MERGE,TRUE,TNT4008652HDTB,"{""verified"":true,""machine_type"":""Compact Track Loader"",""track_size"":""400x86Bx52"",""fits"":[{""make"":""Bobcat"",""model"":""T200"",""machine_type"":""Compact Track Loader"",""track_size"":""400x86Bx52"",""model_key"":""bobcat-t200""},{""make"":""Bobcat"",""model"":""T630"",""machine_type"":""Compact Track Loader"",""track_size"":""400x86Bx52"",""model_key"":""bobcat-t630""},{""make"":""Bobcat"",""model"":""T650"",""machine_type"":""Compact Track Loader"",""track_size"":""400x86Bx52"",""model_key"":""bobcat-t650""},{""make"":""CAT"",""model"":""255"",""machine_type"":""Compact Track Loader"",""track_size"":""400x86Bx52"",""model_key"":""cat-255""},{""make"":""JCB"",""model"":""1110T"",""machine_type"":""Compact Track Loader"",""track_size"":""400x86Bx52"",""model_key"":""jcb-1110t""},{""make"":""JCB"",""model"":""190T"",""machine_type"":""Compact Track Loader"",""track_size"":""400x86Bx52"",""model_key"":""jcb-190t""},{""make"":""John Deere"",""model"":""319E"",""machine_type"":""Compact Track Loader"",""track_size"":""400x86Bx52"",""model_key"":""john-deere-319e""},{""make"":""John Deere"",""model"":""323D"",""machine_type"":""Compact Track Loader"",""track_size"":""400x86Bx52"",""model_key"":""john-deere-323d""},{""make"":""John Deere"",""model"":""323E"",""machine_type"":""Compact Track Loader"",""track_size"":""400x86Bx52"",""model_key"":""john-deere-323e""},{""make"":""John Deere"",""model"":""325G"",""machine_type"":""Compact Track Loader"",""track_size"":""400x86Bx52"",""model_key"":""john-deere-325g""},{""make"":""John Deere"",""model"":""CT322"",""machine_type"":""Compact Track Loader"",""track_size"":""400x86Bx52"",""model_key"":""john-deere-ct322""},{""make"":""Kubota"",""model"":""SVL65-2"",""machine_type"":""Compact Track Loader"",""track_size"":""400x86Bx52"",""model_key"":""kubota-svl65-2""},{""make"":""Kubota"",""model"":""SVL75"",""machine_type"":""Compact Track Loader"",""track_size"":""400x86Bx52"",""model_key"":""kubota-svl75""},{""make"":""Kubota"",""model"":""SVL75-2"",""machine_type"":""Compact Track Loader"",""track_size"":""400x86Bx52"",""model_key"":""kubota-svl75-2""},{""make"":""Kubota"",""model"":""SVL75-3"",""machine_type"":""Compact Track Loader"",""track_size"":""400x86Bx52"",""model_key"":""kubota-svl75-3""},{""make"":""Takeuchi"",""model"":""TL10V2"",""machine_type"":""Compact Track Loader"",""track_size"":""400x86Bx52"",""model_key"":""takeuchi-tl10v2""},{""make"":""Takeuchi"",""model"":""TL8R2"",""machine_type"":""Compact Track Loader"",""track_size"":""400x86Bx52"",""model_key"":""takeuchi-tl8r2""}],""display_text"":""Fits select Bobcat, CAT, JCB, and 3 other brands and other compact track loader using 400x86Bx52 rubber tracks.""}"
tnt4008652hdz,MERGE,TRUE,TNT4008652HDZ,"{""verified"":true,""machine_type"":""Compact Track Loader"",""track_size"":""400x86Bx52"",""fits"":[{""make"":""Bobcat"",""model"":""T200"",""machine_type"":""Compact Track Loader"",""track_size"":""400x86Bx52"",""model_key"":""bobcat-t200""},{""make"":""Bobcat"",""model"":""T630"",""machine_type"":""Compact Track Loader"",""track_size"":""400x86Bx52"",""model_key"":""bobcat-t630""},{""make"":""Bobcat"",""model"":""T650"",""machine_type"":""Compact Track Loader"",""track_size"":""400x86Bx52"",""model_key"":""bobcat-t650""},{""make"":""CAT"",""model"":""255"",""machine_type"":""Compact Track Loader"",""track_size"":""400x86Bx52"",""model_key"":""cat-255""},{""make"":""JCB"",""model"":""1110T"",""machine_type"":""Compact Track Loader"",""track_size"":""400x86Bx52"",""model_key"":""jcb-1110t""},{""make"":""JCB"",""model"":""190T"",""machine_type"":""Compact Track Loader"",""track_size"":""400x86Bx52"",""model_key"":""jcb-190t""},{""make"":""John Deere"",""model"":""319E"",""machine_type"":""Compact Track Loader"",""track_size"":""400x86Bx52"",""model_key"":""john-deere-319e""},{""make"":""John Deere"",""model"":""323D"",""machine_type"":""Compact Track Loader"",""track_size"":""400x86Bx52"",""model_key"":""john-deere-323d""},{""make"":""John Deere"",""model"":""323E"",""machine_type"":""Compact Track Loader"",""track_size"":""400x86Bx52"",""model_key"":""john-deere-323e""},{""make"":""John Deere"",""model"":""325G"",""machine_type"":""Compact Track Loader"",""track_size"":""400x86Bx52"",""model_key"":""john-deere-325g""},{""make"":""John Deere"",""model"":""CT322"",""machine_type"":""Compact Track Loader"",""track_size"":""400x86Bx52"",""model_key"":""john-deere-ct322""},{""make"":""Kubota"",""model"":""SVL65-2"",""machine_type"":""Compact Track Loader"",""track_size"":""400x86Bx52"",""model_key"":""kubota-svl65-2""},{""make"":""Kubota"",""model"":""SVL75"",""machine_type"":""Compact Track Loader"",""track_size"":""400x86Bx52"",""model_key"":""kubota-svl75""},{""make"":""Kubota"",""model"":""SVL75-2"",""machine_type"":""Compact Track Loader"",""track_size"":""400x86Bx52"",""model_key"":""kubota-svl75-2""},{""make"":""Kubota"",""model"":""SVL75-3"",""machine_type"":""Compact Track Loader"",""track_size"":""400x86Bx52"",""model_key"":""kubota-svl75-3""},{""make"":""Takeuchi"",""model"":""TL10V2"",""machine_type"":""Compact Track Loader"",""track_size"":""400x86Bx52"",""model_key"":""takeuchi-tl10v2""},{""make"":""Takeuchi"",""model"":""TL8R2"",""machine_type"":""Compact Track Loader"",""track_size"":""400x86Bx52"",""model_key"":""takeuchi-tl8r2""}],""display_text"":""Fits select Bobcat, CAT, JCB, and 3 other brands and other compact track loader using 400x86Bx52 rubber tracks.""}"
tnt4008652hdzb,MERGE,TRUE,TNT4008652HDZB,"{""verified"":true,""machine_type"":""Compact Track Loader"",""track_size"":""400x86Bx52"",""fits"":[{""make"":""Bobcat"",""model"":""T200"",""machine_type"":""Compact Track Loader"",""track_size"":""400x86Bx52"",""model_key"":""bobcat-t200""},{""make"":""Bobcat"",""model"":""T630"",""machine_type"":""Compact Track Loader"",""track_size"":""400x86Bx52"",""model_key"":""bobcat-t630""},{""make"":""Bobcat"",""model"":""T650"",""machine_type"":""Compact Track Loader"",""track_size"":""400x86Bx52"",""model_key"":""bobcat-t650""},{""make"":""CAT"",""model"":""255"",""machine_type"":""Compact Track Loader"",""track_size"":""400x86Bx52"",""model_key"":""cat-255""},{""make"":""JCB"",""model"":""1110T"",""machine_type"":""Compact Track Loader"",""track_size"":""400x86Bx52"",""model_key"":""jcb-1110t""},{""make"":""JCB"",""model"":""190T"",""machine_type"":""Compact Track Loader"",""track_size"":""400x86Bx52"",""model_key"":""jcb-190t""},{""make"":""John Deere"",""model"":""319E"",""machine_type"":""Compact Track Loader"",""track_size"":""400x86Bx52"",""model_key"":""john-deere-319e""},{""make"":""John Deere"",""model"":""323D"",""machine_type"":""Compact Track Loader"",""track_size"":""400x86Bx52"",""model_key"":""john-deere-323d""},{""make"":""John Deere"",""model"":""323E"",""machine_type"":""Compact Track Loader"",""track_size"":""400x86Bx52"",""model_key"":""john-deere-323e""},{""make"":""John Deere"",""model"":""325G"",""machine_type"":""Compact Track Loader"",""track_size"":""400x86Bx52"",""model_key"":""john-deere-325g""},{""make"":""John Deere"",""model"":""CT322"",""machine_type"":""Compact Track Loader"",""track_size"":""400x86Bx52"",""model_key"":""john-deere-ct322""},{""make"":""Kubota"",""model"":""SVL65-2"",""machine_type"":""Compact Track Loader"",""track_size"":""400x86Bx52"",""model_key"":""kubota-svl65-2""},{""make"":""Kubota"",""model"":""SVL75"",""machine_type"":""Compact Track Loader"",""track_size"":""400x86Bx52"",""model_key"":""kubota-svl75""},{""make"":""Kubota"",""model"":""SVL75-2"",""machine_type"":""Compact Track Loader"",""track_size"":""400x86Bx52"",""model_key"":""kubota-svl75-2""},{""make"":""Kubota"",""model"":""SVL75-3"",""machine_type"":""Compact Track Loader"",""track_size"":""400x86Bx52"",""model_key"":""kubota-svl75-3""},{""make"":""Takeuchi"",""model"":""TL10V2"",""machine_type"":""Compact Track Loader"",""track_size"":""400x86Bx52"",""model_key"":""takeuchi-tl10v2""},{""make"":""Takeuchi"",""model"":""TL8R2"",""machine_type"":""Compact Track Loader"",""track_size"":""400x86Bx52"",""model_key"":""takeuchi-tl8r2""}],""display_text"":""Fits select Bobcat, CAT, JCB, and 3 other brands and other compact track loader using 400x86Bx52 rubber tracks.""}"
tnt4008653hdbd,MERGE,TRUE,TNT4008653HDBD,"{""verified"":true,""machine_type"":""Compact Track Loader"",""track_size"":""400x86Bx53"",""fits"":[{""make"":""Bobcat"",""model"":""T72"",""machine_type"":""Compact Track Loader"",""track_size"":""400x86Bx53"",""model_key"":""bobcat-t72""},{""make"":""Bobcat"",""model"":""T76"",""machine_type"":""Compact Track Loader"",""track_size"":""400x86Bx53"",""model_key"":""bobcat-t76""},{""make"":""CAT"",""model"":""259"",""machine_type"":""Compact Track Loader"",""track_size"":""400x86Bx53"",""model_key"":""cat-259""},{""make"":""CAT"",""model"":""259B3"",""machine_type"":""Compact Track Loader"",""track_size"":""400x86Bx53"",""model_key"":""cat-259b3""},{""make"":""CAT"",""model"":""259D"",""machine_type"":""Compact Track Loader"",""track_size"":""400x86Bx53"",""model_key"":""cat-259d""},{""make"":""CAT"",""model"":""259D3"",""machine_type"":""Compact Track Loader"",""track_size"":""400x86Bx53"",""model_key"":""cat-259d3""}],""display_text"":""Fits select Bobcat, and CAT and other compact track loader using 400x86Bx53 rubber tracks.""}"
tnt4008653hdbl,MERGE,TRUE,TNT4008653HDBL,"{""verified"":true,""machine_type"":""Compact Track Loader"",""track_size"":""400x86Bx53"",""fits"":[{""make"":""Bobcat"",""model"":""T72"",""machine_type"":""Compact Track Loader"",""track_size"":""400x86Bx53"",""model_key"":""bobcat-t72""},{""make"":""Bobcat"",""model"":""T76"",""machine_type"":""Compact Track Loader"",""track_size"":""400x86Bx53"",""model_key"":""bobcat-t76""},{""make"":""CAT"",""model"":""259"",""machine_type"":""Compact Track Loader"",""track_size"":""400x86Bx53"",""model_key"":""cat-259""},{""make"":""CAT"",""model"":""259B3"",""machine_type"":""Compact Track Loader"",""track_size"":""400x86Bx53"",""model_key"":""cat-259b3""},{""make"":""CAT"",""model"":""259D"",""machine_type"":""Compact Track Loader"",""track_size"":""400x86Bx53"",""model_key"":""cat-259d""},{""make"":""CAT"",""model"":""259D3"",""machine_type"":""Compact Track Loader"",""track_size"":""400x86Bx53"",""model_key"":""cat-259d3""}],""display_text"":""Fits select Bobcat, and CAT and other compact track loader using 400x86Bx53 rubber tracks.""}"
tnt4008653hdc,MERGE,TRUE,TNT4008653HDC,"{""verified"":true,""machine_type"":""Compact Track Loader"",""track_size"":""400x86Bx53"",""fits"":[{""make"":""Bobcat"",""model"":""T72"",""machine_type"":""Compact Track Loader"",""track_size"":""400x86Bx53"",""model_key"":""bobcat-t72""},{""make"":""Bobcat"",""model"":""T76"",""machine_type"":""Compact Track Loader"",""track_size"":""400x86Bx53"",""model_key"":""bobcat-t76""},{""make"":""CAT"",""model"":""259"",""machine_type"":""Compact Track Loader"",""track_size"":""400x86Bx53"",""model_key"":""cat-259""},{""make"":""CAT"",""model"":""259B3"",""machine_type"":""Compact Track Loader"",""track_size"":""400x86Bx53"",""model_key"":""cat-259b3""},{""make"":""CAT"",""model"":""259D"",""machine_type"":""Compact Track Loader"",""track_size"":""400x86Bx53"",""model_key"":""cat-259d""},{""make"":""CAT"",""model"":""259D3"",""machine_type"":""Compact Track Loader"",""track_size"":""400x86Bx53"",""model_key"":""cat-259d3""}],""display_text"":""Fits select Bobcat, and CAT and other compact track loader using 400x86Bx53 rubber tracks.""}"
tnt4008653hdmb,MERGE,TRUE,TNT4008653HDMB,"{""verified"":true,""machine_type"":""Compact Track Loader"",""track_size"":""400x86Bx53"",""fits"":[{""make"":""Bobcat"",""model"":""T72"",""machine_type"":""Compact Track Loader"",""track_size"":""400x86Bx53"",""model_key"":""bobcat-t72""},{""make"":""Bobcat"",""model"":""T76"",""machine_type"":""Compact Track Loader"",""track_size"":""400x86Bx53"",""model_key"":""bobcat-t76""},{""make"":""CAT"",""model"":""259"",""machine_type"":""Compact Track Loader"",""track_size"":""400x86Bx53"",""model_key"":""cat-259""},{""make"":""CAT"",""model"":""259B3"",""machine_type"":""Compact Track Loader"",""track_size"":""400x86Bx53"",""model_key"":""cat-259b3""},{""make"":""CAT"",""model"":""259D"",""machine_type"":""Compact Track Loader"",""track_size"":""400x86Bx53"",""model_key"":""cat-259d""},{""make"":""CAT"",""model"":""259D3"",""machine_type"":""Compact Track Loader"",""track_size"":""400x86Bx53"",""model_key"":""cat-259d3""}],""display_text"":""Fits select Bobcat, and CAT and other compact track loader using 400x86Bx53 rubber tracks.""}"
tnt4008653hdz,MERGE,TRUE,TNT4008653HDZ,"{""verified"":true,""machine_type"":""Compact Track Loader"",""track_size"":""400x86Bx53"",""fits"":[{""make"":""Bobcat"",""model"":""T72"",""machine_type"":""Compact Track Loader"",""track_size"":""400x86Bx53"",""model_key"":""bobcat-t72""},{""make"":""Bobcat"",""model"":""T76"",""machine_type"":""Compact Track Loader"",""track_size"":""400x86Bx53"",""model_key"":""bobcat-t76""},{""make"":""CAT"",""model"":""259"",""machine_type"":""Compact Track Loader"",""track_size"":""400x86Bx53"",""model_key"":""cat-259""},{""make"":""CAT"",""model"":""259B3"",""machine_type"":""Compact Track Loader"",""track_size"":""400x86Bx53"",""model_key"":""cat-259b3""},{""make"":""CAT"",""model"":""259D"",""machine_type"":""Compact Track Loader"",""track_size"":""400x86Bx53"",""model_key"":""cat-259d""},{""make"":""CAT"",""model"":""259D3"",""machine_type"":""Compact Track Loader"",""track_size"":""400x86Bx53"",""model_key"":""cat-259d3""}],""display_text"":""Fits select Bobcat, and CAT and other compact track loader using 400x86Bx53 rubber tracks.""}"
tnt4008653hdzb,MERGE,TRUE,TNT4008653HDZB,"{""verified"":true,""machine_type"":""Compact Track Loader"",""track_size"":""400x86Bx53"",""fits"":[{""make"":""Bobcat"",""model"":""T72"",""machine_type"":""Compact Track Loader"",""track_size"":""400x86Bx53"",""model_key"":""bobcat-t72""},{""make"":""Bobcat"",""model"":""T76"",""machine_type"":""Compact Track Loader"",""track_size"":""400x86Bx53"",""model_key"":""bobcat-t76""},{""make"":""CAT"",""model"":""259"",""machine_type"":""Compact Track Loader"",""track_size"":""400x86Bx53"",""model_key"":""cat-259""},{""make"":""CAT"",""model"":""259B3"",""machine_type"":""Compact Track Loader"",""track_size"":""400x86Bx53"",""model_key"":""cat-259b3""},{""make"":""CAT"",""model"":""259D"",""machine_type"":""Compact Track Loader"",""track_size"":""400x86Bx53"",""model_key"":""cat-259d""},{""make"":""CAT"",""model"":""259D3"",""machine_type"":""Compact Track Loader"",""track_size"":""400x86Bx53"",""model_key"":""cat-259d3""}],""display_text"":""Fits select Bobcat, and CAT and other compact track loader using 400x86Bx53 rubber tracks.""}"
tnt4008654hdbl,MERGE,TRUE,TNT4008654HDBL,"{""verified"":true,""machine_type"":""Compact Track Loader"",""track_size"":""400x86Bx54"",""fits"":[{""make"":""Gehl"",""model"":""RT175"",""machine_type"":""Compact Track Loader"",""track_size"":""400x86Bx54"",""model_key"":""gehl-rt175""},{""make"":""Gehl"",""model"":""RT185"",""machine_type"":""Compact Track Loader"",""track_size"":""400x86Bx54"",""model_key"":""gehl-rt185""}],""display_text"":""Fits select Gehl and other compact track loader using 400x86Bx54 rubber tracks.""}"
tnt4008654hdmb,MERGE,TRUE,TNT4008654HDMB,"{""verified"":true,""machine_type"":""Compact Track Loader"",""track_size"":""400x86Bx54"",""fits"":[{""make"":""Gehl"",""model"":""RT175"",""machine_type"":""Compact Track Loader"",""track_size"":""400x86Bx54"",""model_key"":""gehl-rt175""},{""make"":""Gehl"",""model"":""RT185"",""machine_type"":""Compact Track Loader"",""track_size"":""400x86Bx54"",""model_key"":""gehl-rt185""}],""display_text"":""Fits select Gehl and other compact track loader using 400x86Bx54 rubber tracks.""}"
tnt4008654hdz,MERGE,TRUE,TNT4008654HDZ,"{""verified"":true,""machine_type"":""Compact Track Loader"",""track_size"":""400x86Bx54"",""fits"":[{""make"":""Gehl"",""model"":""RT175"",""machine_type"":""Compact Track Loader"",""track_size"":""400x86Bx54"",""model_key"":""gehl-rt175""},{""make"":""Gehl"",""model"":""RT185"",""machine_type"":""Compact Track Loader"",""track_size"":""400x86Bx54"",""model_key"":""gehl-rt185""}],""display_text"":""Fits select Gehl and other compact track loader using 400x86Bx54 rubber tracks.""}"
tnt4008654sdzb,MERGE,TRUE,TNT4008654SDZB,"{""verified"":true,""machine_type"":""Compact Track Loader"",""track_size"":""400x86Bx54"",""fits"":[{""make"":""Gehl"",""model"":""RT175"",""machine_type"":""Compact Track Loader"",""track_size"":""400x86Bx54"",""model_key"":""gehl-rt175""},{""make"":""Gehl"",""model"":""RT185"",""machine_type"":""Compact Track Loader"",""track_size"":""400x86Bx54"",""model_key"":""gehl-rt185""}],""display_text"":""Fits select Gehl and other compact track loader using 400x86Bx54 rubber tracks.""}"
tnt4008655hdbl,MERGE,TRUE,TNT4008655HDBL,"{""verified"":true,""machine_type"":""Compact Track Loader"",""track_size"":""400x86Bx55"",""fits"":[{""make"":""Bobcat"",""model"":""T250"",""machine_type"":""Compact Track Loader"",""track_size"":""400x86Bx55"",""model_key"":""bobcat-t250""},{""make"":""Bobcat"",""model"":""T300"",""machine_type"":""Compact Track Loader"",""track_size"":""400x86Bx55"",""model_key"":""bobcat-t300""},{""make"":""Bobcat"",""model"":""T320"",""machine_type"":""Compact Track Loader"",""track_size"":""400x86Bx55"",""model_key"":""bobcat-t320""},{""make"":""Bobcat"",""model"":""T740"",""machine_type"":""Compact Track Loader"",""track_size"":""400x86Bx55"",""model_key"":""bobcat-t740""},{""make"":""Bobcat"",""model"":""T750"",""machine_type"":""Compact Track Loader"",""track_size"":""400x86Bx55"",""model_key"":""bobcat-t750""},{""make"":""Bobcat"",""model"":""T770"",""machine_type"":""Compact Track Loader"",""track_size"":""400x86Bx55"",""model_key"":""bobcat-t770""},{""make"":""Case"",""model"":""445CT"",""machine_type"":""Compact Track Loader"",""track_size"":""400x86Bx55"",""model_key"":""case-445ct""},{""make"":""Case"",""model"":""450CT"",""machine_type"":""Compact Track Loader"",""track_size"":""400x86Bx55"",""model_key"":""case-450ct""},{""make"":""Case"",""model"":""TR320"",""machine_type"":""Compact Track Loader"",""track_size"":""400x86Bx55"",""model_key"":""case-tr320""},{""make"":""Case"",""model"":""TR340"",""machine_type"":""Compact Track Loader"",""track_size"":""400x86Bx55"",""model_key"":""case-tr340""},{""make"":""Case"",""model"":""TR340B"",""machine_type"":""Compact Track Loader"",""track_size"":""400x86Bx55"",""model_key"":""case-tr340b""},{""make"":""Case"",""model"":""TV370"",""machine_type"":"""",""track_size"":""400x86Bx55"",""model_key"":""case-tv370""},{""make"":""Case"",""model"":""TV380"",""machine_type"":""Compact Track Loader"",""track_size"":""400x86Bx55"",""model_key"":""case-tv380""},{""make"":""Case"",""model"":""TV450"",""machine_type"":"""",""track_size"":""400x86Bx55"",""model_key"":""case-tv450""},{""make"":""Case"",""model"":""TV450B"",""machine_type"":""Compact Track Loader"",""track_size"":""400x86Bx55"",""model_key"":""case-tv450b""},{""make"":""New Holland"",""model"":""C180"",""machine_type"":"""",""track_size"":""400x86Bx55"",""model_key"":""new-holland-c180""},{""make"":""New Holland"",""model"":""C185"",""machine_type"":""Compact Track Loader"",""track_size"":""400x86Bx55"",""model_key"":""new-holland-c185""},{""make"":""New Holland"",""model"":""C190"",""machine_type"":""Compact Track Loader"",""track_size"":""400x86Bx55"",""model_key"":""new-holland-c190""},{""make"":""New Holland"",""model"":""C232"",""machine_type"":""Compact Track Loader"",""track_size"":""400x86Bx55"",""model_key"":""new-holland-c232""},{""make"":""New Holland"",""model"":""C238"",""machine_type"":""Compact Track Loader"",""track_size"":""400x86Bx55"",""model_key"":""new-holland-c238""},{""make"":""New Holland"",""model"":""LT185B"",""machine_type"":""Compact Track Loader"",""track_size"":""400x86Bx55"",""model_key"":""new-holland-lt185b""},{""make"":""New Holland"",""model"":""LT190B"",""machine_type"":""Compact Track Loader"",""track_size"":""400x86Bx55"",""model_key"":""new-holland-lt190b""}],""display_text"":""Fits select Bobcat, Case, and New Holland and other compact track loader using 400x86Bx55 rubber tracks.""}"
tnt4008655hdc,MERGE,TRUE,TNT4008655HDC,"{""verified"":true,""machine_type"":""Compact Track Loader"",""track_size"":""400x86Bx55"",""fits"":[{""make"":""Bobcat"",""model"":""T250"",""machine_type"":""Compact Track Loader"",""track_size"":""400x86Bx55"",""model_key"":""bobcat-t250""},{""make"":""Bobcat"",""model"":""T300"",""machine_type"":""Compact Track Loader"",""track_size"":""400x86Bx55"",""model_key"":""bobcat-t300""},{""make"":""Bobcat"",""model"":""T320"",""machine_type"":""Compact Track Loader"",""track_size"":""400x86Bx55"",""model_key"":""bobcat-t320""},{""make"":""Bobcat"",""model"":""T740"",""machine_type"":""Compact Track Loader"",""track_size"":""400x86Bx55"",""model_key"":""bobcat-t740""},{""make"":""Bobcat"",""model"":""T750"",""machine_type"":""Compact Track Loader"",""track_size"":""400x86Bx55"",""model_key"":""bobcat-t750""},{""make"":""Bobcat"",""model"":""T770"",""machine_type"":""Compact Track Loader"",""track_size"":""400x86Bx55"",""model_key"":""bobcat-t770""},{""make"":""Case"",""model"":""445CT"",""machine_type"":""Compact Track Loader"",""track_size"":""400x86Bx55"",""model_key"":""case-445ct""},{""make"":""Case"",""model"":""450CT"",""machine_type"":""Compact Track Loader"",""track_size"":""400x86Bx55"",""model_key"":""case-450ct""},{""make"":""Case"",""model"":""TR320"",""machine_type"":""Compact Track Loader"",""track_size"":""400x86Bx55"",""model_key"":""case-tr320""},{""make"":""Case"",""model"":""TR340"",""machine_type"":""Compact Track Loader"",""track_size"":""400x86Bx55"",""model_key"":""case-tr340""},{""make"":""Case"",""model"":""TR340B"",""machine_type"":""Compact Track Loader"",""track_size"":""400x86Bx55"",""model_key"":""case-tr340b""},{""make"":""Case"",""model"":""TV370"",""machine_type"":"""",""track_size"":""400x86Bx55"",""model_key"":""case-tv370""},{""make"":""Case"",""model"":""TV380"",""machine_type"":""Compact Track Loader"",""track_size"":""400x86Bx55"",""model_key"":""case-tv380""},{""make"":""Case"",""model"":""TV450"",""machine_type"":"""",""track_size"":""400x86Bx55"",""model_key"":""case-tv450""},{""make"":""Case"",""model"":""TV450B"",""machine_type"":""Compact Track Loader"",""track_size"":""400x86Bx55"",""model_key"":""case-tv450b""},{""make"":""New Holland"",""model"":""C180"",""machine_type"":"""",""track_size"":""400x86Bx55"",""model_key"":""new-holland-c180""},{""make"":""New Holland"",""model"":""C185"",""machine_type"":""Compact Track Loader"",""track_size"":""400x86Bx55"",""model_key"":""new-holland-c185""},{""make"":""New Holland"",""model"":""C190"",""machine_type"":""Compact Track Loader"",""track_size"":""400x86Bx55"",""model_key"":""new-holland-c190""},{""make"":""New Holland"",""model"":""C232"",""machine_type"":""Compact Track Loader"",""track_size"":""400x86Bx55"",""model_key"":""new-holland-c232""},{""make"":""New Holland"",""model"":""C238"",""machine_type"":""Compact Track Loader"",""track_size"":""400x86Bx55"",""model_key"":""new-holland-c238""},{""make"":""New Holland"",""model"":""LT185B"",""machine_type"":""Compact Track Loader"",""track_size"":""400x86Bx55"",""model_key"":""new-holland-lt185b""},{""make"":""New Holland"",""model"":""LT190B"",""machine_type"":""Compact Track Loader"",""track_size"":""400x86Bx55"",""model_key"":""new-holland-lt190b""}],""display_text"":""Fits select Bobcat, Case, and New Holland and other compact track loader using 400x86Bx55 rubber tracks.""}"
tnt4008655hdmb,MERGE,TRUE,TNT4008655HDMB,"{""verified"":true,""machine_type"":""Compact Track Loader"",""track_size"":""400x86Bx55"",""fits"":[{""make"":""Bobcat"",""model"":""T250"",""machine_type"":""Compact Track Loader"",""track_size"":""400x86Bx55"",""model_key"":""bobcat-t250""},{""make"":""Bobcat"",""model"":""T300"",""machine_type"":""Compact Track Loader"",""track_size"":""400x86Bx55"",""model_key"":""bobcat-t300""},{""make"":""Bobcat"",""model"":""T320"",""machine_type"":""Compact Track Loader"",""track_size"":""400x86Bx55"",""model_key"":""bobcat-t320""},{""make"":""Bobcat"",""model"":""T740"",""machine_type"":""Compact Track Loader"",""track_size"":""400x86Bx55"",""model_key"":""bobcat-t740""},{""make"":""Bobcat"",""model"":""T750"",""machine_type"":""Compact Track Loader"",""track_size"":""400x86Bx55"",""model_key"":""bobcat-t750""},{""make"":""Bobcat"",""model"":""T770"",""machine_type"":""Compact Track Loader"",""track_size"":""400x86Bx55"",""model_key"":""bobcat-t770""},{""make"":""Case"",""model"":""445CT"",""machine_type"":""Compact Track Loader"",""track_size"":""400x86Bx55"",""model_key"":""case-445ct""},{""make"":""Case"",""model"":""450CT"",""machine_type"":""Compact Track Loader"",""track_size"":""400x86Bx55"",""model_key"":""case-450ct""},{""make"":""Case"",""model"":""TR320"",""machine_type"":""Compact Track Loader"",""track_size"":""400x86Bx55"",""model_key"":""case-tr320""},{""make"":""Case"",""model"":""TR340"",""machine_type"":""Compact Track Loader"",""track_size"":""400x86Bx55"",""model_key"":""case-tr340""},{""make"":""Case"",""model"":""TR340B"",""machine_type"":""Compact Track Loader"",""track_size"":""400x86Bx55"",""model_key"":""case-tr340b""},{""make"":""Case"",""model"":""TV370"",""machine_type"":"""",""track_size"":""400x86Bx55"",""model_key"":""case-tv370""},{""make"":""Case"",""model"":""TV380"",""machine_type"":""Compact Track Loader"",""track_size"":""400x86Bx55"",""model_key"":""case-tv380""},{""make"":""Case"",""model"":""TV450"",""machine_type"":"""",""track_size"":""400x86Bx55"",""model_key"":""case-tv450""},{""make"":""Case"",""model"":""TV450B"",""machine_type"":""Compact Track Loader"",""track_size"":""400x86Bx55"",""model_key"":""case-tv450b""},{""make"":""New Holland"",""model"":""C180"",""machine_type"":"""",""track_size"":""400x86Bx55"",""model_key"":""new-holland-c180""},{""make"":""New Holland"",""model"":""C185"",""machine_type"":""Compact Track Loader"",""track_size"":""400x86Bx55"",""model_key"":""new-holland-c185""},{""make"":""New Holland"",""model"":""C190"",""machine_type"":""Compact Track Loader"",""track_size"":""400x86Bx55"",""model_key"":""new-holland-c190""},{""make"":""New Holland"",""model"":""C232"",""machine_type"":""Compact Track Loader"",""track_size"":""400x86Bx55"",""model_key"":""new-holland-c232""},{""make"":""New Holland"",""model"":""C238"",""machine_type"":""Compact Track Loader"",""track_size"":""400x86Bx55"",""model_key"":""new-holland-c238""},{""make"":""New Holland"",""model"":""LT185B"",""machine_type"":""Compact Track Loader"",""track_size"":""400x86Bx55"",""model_key"":""new-holland-lt185b""},{""make"":""New Holland"",""model"":""LT190B"",""machine_type"":""Compact Track Loader"",""track_size"":""400x86Bx55"",""model_key"":""new-holland-lt190b""}],""display_text"":""Fits select Bobcat, Case, and New Holland and other compact track loader using 400x86Bx55 rubber tracks.""}"
tnt4008655hdz,MERGE,TRUE,TNT4008655HDZ,"{""verified"":true,""machine_type"":""Compact Track Loader"",""track_size"":""400x86Bx55"",""fits"":[{""make"":""Bobcat"",""model"":""T250"",""machine_type"":""Compact Track Loader"",""track_size"":""400x86Bx55"",""model_key"":""bobcat-t250""},{""make"":""Bobcat"",""model"":""T300"",""machine_type"":""Compact Track Loader"",""track_size"":""400x86Bx55"",""model_key"":""bobcat-t300""},{""make"":""Bobcat"",""model"":""T320"",""machine_type"":""Compact Track Loader"",""track_size"":""400x86Bx55"",""model_key"":""bobcat-t320""},{""make"":""Bobcat"",""model"":""T740"",""machine_type"":""Compact Track Loader"",""track_size"":""400x86Bx55"",""model_key"":""bobcat-t740""},{""make"":""Bobcat"",""model"":""T750"",""machine_type"":""Compact Track Loader"",""track_size"":""400x86Bx55"",""model_key"":""bobcat-t750""},{""make"":""Bobcat"",""model"":""T770"",""machine_type"":""Compact Track Loader"",""track_size"":""400x86Bx55"",""model_key"":""bobcat-t770""},{""make"":""Case"",""model"":""445CT"",""machine_type"":""Compact Track Loader"",""track_size"":""400x86Bx55"",""model_key"":""case-445ct""},{""make"":""Case"",""model"":""450CT"",""machine_type"":""Compact Track Loader"",""track_size"":""400x86Bx55"",""model_key"":""case-450ct""},{""make"":""Case"",""model"":""TR320"",""machine_type"":""Compact Track Loader"",""track_size"":""400x86Bx55"",""model_key"":""case-tr320""},{""make"":""Case"",""model"":""TR340"",""machine_type"":""Compact Track Loader"",""track_size"":""400x86Bx55"",""model_key"":""case-tr340""},{""make"":""Case"",""model"":""TR340B"",""machine_type"":""Compact Track Loader"",""track_size"":""400x86Bx55"",""model_key"":""case-tr340b""},{""make"":""Case"",""model"":""TV370"",""machine_type"":"""",""track_size"":""400x86Bx55"",""model_key"":""case-tv370""},{""make"":""Case"",""model"":""TV380"",""machine_type"":""Compact Track Loader"",""track_size"":""400x86Bx55"",""model_key"":""case-tv380""},{""make"":""Case"",""model"":""TV450"",""machine_type"":"""",""track_size"":""400x86Bx55"",""model_key"":""case-tv450""},{""make"":""Case"",""model"":""TV450B"",""machine_type"":""Compact Track Loader"",""track_size"":""400x86Bx55"",""model_key"":""case-tv450b""},{""make"":""New Holland"",""model"":""C180"",""machine_type"":"""",""track_size"":""400x86Bx55"",""model_key"":""new-holland-c180""},{""make"":""New Holland"",""model"":""C185"",""machine_type"":""Compact Track Loader"",""track_size"":""400x86Bx55"",""model_key"":""new-holland-c185""},{""make"":""New Holland"",""model"":""C190"",""machine_type"":""Compact Track Loader"",""track_size"":""400x86Bx55"",""model_key"":""new-holland-c190""},{""make"":""New Holland"",""model"":""C232"",""machine_type"":""Compact Track Loader"",""track_size"":""400x86Bx55"",""model_key"":""new-holland-c232""},{""make"":""New Holland"",""model"":""C238"",""machine_type"":""Compact Track Loader"",""track_size"":""400x86Bx55"",""model_key"":""new-holland-c238""},{""make"":""New Holland"",""model"":""LT185B"",""machine_type"":""Compact Track Loader"",""track_size"":""400x86Bx55"",""model_key"":""new-holland-lt185b""},{""make"":""New Holland"",""model"":""LT190B"",""machine_type"":""Compact Track Loader"",""track_size"":""400x86Bx55"",""model_key"":""new-holland-lt190b""}],""display_text"":""Fits select Bobcat, Case, and New Holland and other compact track loader using 400x86Bx55 rubber tracks.""}"
tnt4008656hdbl,MERGE,TRUE,TNT4008656HDBL,"{""verified"":true,""machine_type"":""Compact Track Loader"",""track_size"":""400x86Bx56"",""fits"":[{""make"":""CAT"",""model"":""289D"",""machine_type"":""Compact Track Loader"",""track_size"":""400x86Bx56"",""model_key"":""cat-289d""},{""make"":""JCB"",""model"":""225T ECO"",""machine_type"":""Compact Track Loader"",""track_size"":""400x86Bx56"",""model_key"":""jcb-225t-eco""},{""make"":""JCB"",""model"":""260T"",""machine_type"":"""",""track_size"":""400x86Bx56"",""model_key"":""jcb-260t""},{""make"":""JCB"",""model"":""260T ECO"",""machine_type"":""Compact Track Loader"",""track_size"":""400x86Bx56"",""model_key"":""jcb-260t-eco""},{""make"":""JCB"",""model"":""300T"",""machine_type"":"""",""track_size"":""400x86Bx56"",""model_key"":""jcb-300t""},{""make"":""JCB"",""model"":""320T ECO"",""machine_type"":""Compact Track Loader"",""track_size"":""400x86Bx56"",""model_key"":""jcb-320t-eco""},{""make"":""JCB"",""model"":""3TS-8T"",""machine_type"":""Compact Track Loader"",""track_size"":""400x86Bx56"",""model_key"":""jcb-3ts-8t""},{""make"":""John Deere"",""model"":""329D"",""machine_type"":""Compact Track Loader"",""track_size"":""400x86Bx56"",""model_key"":""john-deere-329d""},{""make"":""John Deere"",""model"":""329E"",""machine_type"":""Compact Track Loader"",""track_size"":""400x86Bx56"",""model_key"":""john-deere-329e""},{""make"":""John Deere"",""model"":""CT332"",""machine_type"":""Compact Track Loader"",""track_size"":""400x86Bx56"",""model_key"":""john-deere-ct332""},{""make"":""Komatsu"",""model"":""CK30-1"",""machine_type"":""Compact Track Loader"",""track_size"":""400x86Bx56"",""model_key"":""komatsu-ck30-1""},{""make"":""Manitou"",""model"":""2150RT"",""machine_type"":"""",""track_size"":""400x86Bx56"",""model_key"":""manitou-2150rt""},{""make"":""Volvo"",""model"":""MCT110C"",""machine_type"":""Compact Track Loader"",""track_size"":""400x86Bx56"",""model_key"":""volvo-mct110c""},{""make"":""Yanmar"",""model"":""T210"",""machine_type"":""Compact Track Loader"",""track_size"":""400x86Bx56"",""model_key"":""yanmar-t210""}],""display_text"":""Fits select CAT, JCB, John Deere, and 4 other brands and other compact track loader using 400x86Bx56 rubber tracks.""}"
tnt4008658hdbl,MERGE,TRUE,TNT4008658HDBL,"{""verified"":true,""machine_type"":""Compact Track Loader"",""track_size"":""400x86Bx58"",""fits"":[{""make"":""Bobcat"",""model"":""T830"",""machine_type"":""Compact Track Loader"",""track_size"":""400x86Bx58"",""model_key"":""bobcat-t830""},{""make"":""John Deere"",""model"":""331G"",""machine_type"":""Compact Track Loader"",""track_size"":""400x86Bx58"",""model_key"":""john-deere-331g""},{""make"":""John Deere"",""model"":""333G"",""machine_type"":""Compact Track Loader"",""track_size"":""400x86Bx58"",""model_key"":""john-deere-333g""},{""make"":""John Deere"",""model"":""333P"",""machine_type"":""Compact Track Loader"",""track_size"":""400x86Bx58"",""model_key"":""john-deere-333p""}],""display_text"":""Fits select Bobcat, and John Deere and other compact track loader using 400x86Bx58 rubber tracks.""}"
tnt4008660hdbl,MERGE,TRUE,TNT4008660HDBL,"{""verified"":true,""machine_type"":""Compact Track Loader"",""track_size"":""400x86Bx60"",""fits"":[{""make"":""CAT"",""model"":""279C"",""machine_type"":""Compact Track Loader"",""track_size"":""400x86Bx60"",""model_key"":""cat-279c""},{""make"":""CAT"",""model"":""299D"",""machine_type"":""Compact Track Loader"",""track_size"":""400x86Bx60"",""model_key"":""cat-299d""},{""make"":""CAT"",""model"":""299D XHP"",""machine_type"":""Compact Track Loader"",""track_size"":""400x86Bx60"",""model_key"":""cat-299d-xhp""},{""make"":""CAT"",""model"":""299D2"",""machine_type"":""Compact Track Loader"",""track_size"":""400x86Bx60"",""model_key"":""cat-299d2""},{""make"":""CAT"",""model"":""299D2 XHP"",""machine_type"":""Compact Track Loader"",""track_size"":""400x86Bx60"",""model_key"":""cat-299d2-xhp""},{""make"":""CAT"",""model"":""299D3"",""machine_type"":""Compact Track Loader"",""track_size"":""400x86Bx60"",""model_key"":""cat-299d3""},{""make"":""CAT"",""model"":""299D3 XE"",""machine_type"":""Compact Track Loader"",""track_size"":""400x86Bx60"",""model_key"":""cat-299d3-xe""}],""display_text"":""Fits select CAT and other compact track loader using 400x86Bx60 rubber tracks.""}"
tnt40086t52hdbl,MERGE,TRUE,TNT40086T52HDBL,"{""verified"":true,""machine_type"":""Compact Track Loader"",""track_size"":""400x86Tx52"",""fits"":[{""make"":""Takeuchi"",""model"":""TL8"",""machine_type"":""Compact Track Loader"",""track_size"":""400x86Tx52"",""model_key"":""takeuchi-tl8""}],""display_text"":""Fits select Takeuchi and other compact track loader using 400x86Tx52 rubber tracks.""}"
tnt40086t52hdmb,MERGE,TRUE,TNT40086T52HDMB,"{""verified"":true,""machine_type"":""Compact Track Loader"",""track_size"":""400x86Tx52"",""fits"":[{""make"":""Takeuchi"",""model"":""TL130"",""machine_type"":""Compact Track Loader"",""track_size"":""400x86Tx52"",""model_key"":""takeuchi-tl130""},{""make"":""Takeuchi"",""model"":""TL8"",""machine_type"":""Compact Track Loader"",""track_size"":""400x86Tx52"",""model_key"":""takeuchi-tl8""}],""display_text"":""Fits select Takeuchi and other compact track loader using 400x86Tx52 rubber tracks.""}"
tnt40086t52hdzb,MERGE,TRUE,TNT40086T52HDZB,"{""verified"":true,""machine_type"":""Compact Track Loader"",""track_size"":""400x86Tx52"",""fits"":[{""make"":""Takeuchi"",""model"":""TL130"",""machine_type"":""Compact Track Loader"",""track_size"":""400x86Tx52"",""model_key"":""takeuchi-tl130""},{""make"":""Takeuchi"",""model"":""TL230"",""machine_type"":""Compact Track Loader"",""track_size"":""400x86Tx52"",""model_key"":""takeuchi-tl230""},{""make"":""Takeuchi"",""model"":""TL8"",""machine_type"":""Compact Track Loader"",""track_size"":""400x86Tx52"",""model_key"":""takeuchi-tl8""}],""display_text"":""Fits select Takeuchi and other compact track loader using 400x86Tx52 rubber tracks.""}"
tnt45010048hdbl,MERGE,TRUE,TNT45010048HDBL,"{""verified"":true,""machine_type"":""Compact Track Loader"",""track_size"":""450x100x48"",""fits"":[{""make"":""Gehl"",""model"":""CTL70"",""machine_type"":""Compact Track Loader"",""track_size"":""450x100x48"",""model_key"":""gehl-ctl70""},{""make"":""Gehl"",""model"":""CTL75"",""machine_type"":""Compact Track Loader"",""track_size"":""450x100x48"",""model_key"":""gehl-ctl75""},{""make"":""Mustang"",""model"":""MTL20"",""machine_type"":""Compact Track Loader"",""track_size"":""450x100x48"",""model_key"":""mustang-mtl20""},{""make"":""Mustang"",""model"":""MTL320"",""machine_type"":""Compact Track Loader"",""track_size"":""450x100x48"",""model_key"":""mustang-mtl320""},{""make"":""Takeuchi"",""model"":""TL10"",""machine_type"":""Compact Track Loader"",""track_size"":""450x100x48"",""model_key"":""takeuchi-tl10""},{""make"":""Takeuchi"",""model"":""TL140"",""machine_type"":""Compact Track Loader"",""track_size"":""450x100x48"",""model_key"":""takeuchi-tl140""},{""make"":""Takeuchi"",""model"":""TL240"",""machine_type"":""Compact Track Loader"",""track_size"":""450x100x48"",""model_key"":""takeuchi-tl240""}],""display_text"":""Fits select Gehl, Mustang, and Takeuchi and other compact track loader using 450x100x48 rubber tracks.""}"
tnt45010048hdc,MERGE,TRUE,TNT45010048HDC,"{""verified"":true,""machine_type"":""Compact Track Loader"",""track_size"":""450x100x48"",""fits"":[{""make"":""Gehl"",""model"":""CTL70"",""machine_type"":""Compact Track Loader"",""track_size"":""450x100x48"",""model_key"":""gehl-ctl70""},{""make"":""Gehl"",""model"":""CTL75"",""machine_type"":""Compact Track Loader"",""track_size"":""450x100x48"",""model_key"":""gehl-ctl75""},{""make"":""Mustang"",""model"":""MTL20"",""machine_type"":""Compact Track Loader"",""track_size"":""450x100x48"",""model_key"":""mustang-mtl20""},{""make"":""Mustang"",""model"":""MTL320"",""machine_type"":""Compact Track Loader"",""track_size"":""450x100x48"",""model_key"":""mustang-mtl320""},{""make"":""Takeuchi"",""model"":""TL10"",""machine_type"":""Compact Track Loader"",""track_size"":""450x100x48"",""model_key"":""takeuchi-tl10""},{""make"":""Takeuchi"",""model"":""TL140"",""machine_type"":""Compact Track Loader"",""track_size"":""450x100x48"",""model_key"":""takeuchi-tl140""},{""make"":""Takeuchi"",""model"":""TL240"",""machine_type"":""Compact Track Loader"",""track_size"":""450x100x48"",""model_key"":""takeuchi-tl240""}],""display_text"":""Fits select Gehl, Mustang, and Takeuchi and other compact track loader using 450x100x48 rubber tracks.""}"
tnt45010048hdmb,MERGE,TRUE,TNT45010048HDMB,"{""verified"":true,""machine_type"":""Compact Track Loader"",""track_size"":""450x100x48"",""fits"":[{""make"":""Gehl"",""model"":""CTL70"",""machine_type"":""Compact Track Loader"",""track_size"":""450x100x48"",""model_key"":""gehl-ctl70""},{""make"":""Gehl"",""model"":""CTL75"",""machine_type"":""Compact Track Loader"",""track_size"":""450x100x48"",""model_key"":""gehl-ctl75""},{""make"":""Mustang"",""model"":""MTL20"",""machine_type"":""Compact Track Loader"",""track_size"":""450x100x48"",""model_key"":""mustang-mtl20""},{""make"":""Mustang"",""model"":""MTL320"",""machine_type"":""Compact Track Loader"",""track_size"":""450x100x48"",""model_key"":""mustang-mtl320""},{""make"":""Takeuchi"",""model"":""TL10"",""machine_type"":""Compact Track Loader"",""track_size"":""450x100x48"",""model_key"":""takeuchi-tl10""},{""make"":""Takeuchi"",""model"":""TL140"",""machine_type"":""Compact Track Loader"",""track_size"":""450x100x48"",""model_key"":""takeuchi-tl140""},{""make"":""Takeuchi"",""model"":""TL240"",""machine_type"":""Compact Track Loader"",""track_size"":""450x100x48"",""model_key"":""takeuchi-tl240""}],""display_text"":""Fits select Gehl, Mustang, and Takeuchi and other compact track loader using 450x100x48 rubber tracks.""}"
tnt45010048hdsb,MERGE,TRUE,TNT45010048HDSB,"{""verified"":true,""machine_type"":""Compact Track Loader"",""track_size"":""450x100x48"",""fits"":[{""make"":""Gehl"",""model"":""CTL70"",""machine_type"":""Compact Track Loader"",""track_size"":""450x100x48"",""model_key"":""gehl-ctl70""},{""make"":""Gehl"",""model"":""CTL75"",""machine_type"":""Compact Track Loader"",""track_size"":""450x100x48"",""model_key"":""gehl-ctl75""},{""make"":""Mustang"",""model"":""MTL20"",""machine_type"":""Compact Track Loader"",""track_size"":""450x100x48"",""model_key"":""mustang-mtl20""},{""make"":""Mustang"",""model"":""MTL320"",""machine_type"":""Compact Track Loader"",""track_size"":""450x100x48"",""model_key"":""mustang-mtl320""},{""make"":""Takeuchi"",""model"":""TL10"",""machine_type"":""Compact Track Loader"",""track_size"":""450x100x48"",""model_key"":""takeuchi-tl10""},{""make"":""Takeuchi"",""model"":""TL140"",""machine_type"":""Compact Track Loader"",""track_size"":""450x100x48"",""model_key"":""takeuchi-tl140""},{""make"":""Takeuchi"",""model"":""TL240"",""machine_type"":""Compact Track Loader"",""track_size"":""450x100x48"",""model_key"":""takeuchi-tl240""}],""display_text"":""Fits select Gehl, Mustang, and Takeuchi and other compact track loader using 450x100x48 rubber tracks.""}"
tnt45010048hdzb,MERGE,TRUE,TNT45010048HDZB,"{""verified"":true,""machine_type"":""Compact Track Loader"",""track_size"":""450x100x48"",""fits"":[{""make"":""Gehl"",""model"":""CTL70"",""machine_type"":""Compact Track Loader"",""track_size"":""450x100x48"",""model_key"":""gehl-ctl70""},{""make"":""Gehl"",""model"":""CTL75"",""machine_type"":""Compact Track Loader"",""track_size"":""450x100x48"",""model_key"":""gehl-ctl75""},{""make"":""Mustang"",""model"":""MTL20"",""machine_type"":""Compact Track Loader"",""track_size"":""450x100x48"",""model_key"":""mustang-mtl20""},{""make"":""Mustang"",""model"":""MTL320"",""machine_type"":""Compact Track Loader"",""track_size"":""450x100x48"",""model_key"":""mustang-mtl320""},{""make"":""Takeuchi"",""model"":""TL10"",""machine_type"":""Compact Track Loader"",""track_size"":""450x100x48"",""model_key"":""takeuchi-tl10""},{""make"":""Takeuchi"",""model"":""TL140"",""machine_type"":""Compact Track Loader"",""track_size"":""450x100x48"",""model_key"":""takeuchi-tl140""},{""make"":""Takeuchi"",""model"":""TL240"",""machine_type"":""Compact Track Loader"",""track_size"":""450x100x48"",""model_key"":""takeuchi-tl240""}],""display_text"":""Fits select Gehl, Mustang, and Takeuchi and other compact track loader using 450x100x48 rubber tracks.""}"
tnt45010048sdc,MERGE,TRUE,TNT45010048SDC,"{""verified"":true,""machine_type"":""Compact Track Loader"",""track_size"":""450x100x48"",""fits"":[{""make"":""Gehl"",""model"":""CTL70"",""machine_type"":""Compact Track Loader"",""track_size"":""450x100x48"",""model_key"":""gehl-ctl70""},{""make"":""Gehl"",""model"":""CTL75"",""machine_type"":""Compact Track Loader"",""track_size"":""450x100x48"",""model_key"":""gehl-ctl75""},{""make"":""Mustang"",""model"":""MTL20"",""machine_type"":""Compact Track Loader"",""track_size"":""450x100x48"",""model_key"":""mustang-mtl20""},{""make"":""Mustang"",""model"":""MTL320"",""machine_type"":""Compact Track Loader"",""track_size"":""450x100x48"",""model_key"":""mustang-mtl320""},{""make"":""Takeuchi"",""model"":""TL10"",""machine_type"":""Compact Track Loader"",""track_size"":""450x100x48"",""model_key"":""takeuchi-tl10""},{""make"":""Takeuchi"",""model"":""TL140"",""machine_type"":""Compact Track Loader"",""track_size"":""450x100x48"",""model_key"":""takeuchi-tl140""},{""make"":""Takeuchi"",""model"":""TL240"",""machine_type"":""Compact Track Loader"",""track_size"":""450x100x48"",""model_key"":""takeuchi-tl240""}],""display_text"":""Fits select Gehl, Mustang, and Takeuchi and other compact track loader using 450x100x48 rubber tracks.""}"
tnt45010050hdbl,MERGE,TRUE,TNT45010050HDBL,"{""verified"":true,""machine_type"":""Compact Track Loader"",""track_size"":""450x100x50"",""fits"":[{""make"":""Gehl"",""model"":""CTL80"",""machine_type"":""Compact Track Loader"",""track_size"":""450x100x50"",""model_key"":""gehl-ctl80""},{""make"":""Gehl"",""model"":""CTL85"",""machine_type"":""Compact Track Loader"",""track_size"":""450x100x50"",""model_key"":""gehl-ctl85""},{""make"":""Mustang"",""model"":""MTL25"",""machine_type"":""Compact Track Loader"",""track_size"":""450x100x50"",""model_key"":""mustang-mtl25""},{""make"":""Mustang"",""model"":""MTL325"",""machine_type"":""Compact Track Loader"",""track_size"":""450x100x50"",""model_key"":""mustang-mtl325""},{""make"":""Takeuchi"",""model"":""TL12"",""machine_type"":""Compact Track Loader"",""track_size"":""450x100x50"",""model_key"":""takeuchi-tl12""},{""make"":""Takeuchi"",""model"":""TL150"",""machine_type"":""Compact Track Loader"",""track_size"":""450x100x50"",""model_key"":""takeuchi-tl150""},{""make"":""Takeuchi"",""model"":""TL250"",""machine_type"":""Compact Track Loader"",""track_size"":""450x100x50"",""model_key"":""takeuchi-tl250""}],""display_text"":""Fits select Gehl, Mustang, and Takeuchi and other compact track loader using 450x100x50 rubber tracks.""}"
tnt45010050hdc,MERGE,TRUE,TNT45010050HDC,"{""verified"":true,""machine_type"":""Compact Track Loader"",""track_size"":""450x100x50"",""fits"":[{""make"":""Gehl"",""model"":""CTL80"",""machine_type"":""Compact Track Loader"",""track_size"":""450x100x50"",""model_key"":""gehl-ctl80""},{""make"":""Gehl"",""model"":""CTL85"",""machine_type"":""Compact Track Loader"",""track_size"":""450x100x50"",""model_key"":""gehl-ctl85""},{""make"":""Mustang"",""model"":""MTL25"",""machine_type"":""Compact Track Loader"",""track_size"":""450x100x50"",""model_key"":""mustang-mtl25""},{""make"":""Mustang"",""model"":""MTL325"",""machine_type"":""Compact Track Loader"",""track_size"":""450x100x50"",""model_key"":""mustang-mtl325""},{""make"":""Takeuchi"",""model"":""TL12"",""machine_type"":""Compact Track Loader"",""track_size"":""450x100x50"",""model_key"":""takeuchi-tl12""},{""make"":""Takeuchi"",""model"":""TL150"",""machine_type"":""Compact Track Loader"",""track_size"":""450x100x50"",""model_key"":""takeuchi-tl150""},{""make"":""Takeuchi"",""model"":""TL250"",""machine_type"":""Compact Track Loader"",""track_size"":""450x100x50"",""model_key"":""takeuchi-tl250""}],""display_text"":""Fits select Gehl, Mustang, and Takeuchi and other compact track loader using 450x100x50 rubber tracks.""}"
tnt45010050hdmb,MERGE,TRUE,TNT45010050HDMB,"{""verified"":true,""machine_type"":""Compact Track Loader"",""track_size"":""450x100x50"",""fits"":[{""make"":""Gehl"",""model"":""CTL80"",""machine_type"":""Compact Track Loader"",""track_size"":""450x100x50"",""model_key"":""gehl-ctl80""},{""make"":""Gehl"",""model"":""CTL85"",""machine_type"":""Compact Track Loader"",""track_size"":""450x100x50"",""model_key"":""gehl-ctl85""},{""make"":""Mustang"",""model"":""MTL25"",""machine_type"":""Compact Track Loader"",""track_size"":""450x100x50"",""model_key"":""mustang-mtl25""},{""make"":""Mustang"",""model"":""MTL325"",""machine_type"":""Compact Track Loader"",""track_size"":""450x100x50"",""model_key"":""mustang-mtl325""},{""make"":""Takeuchi"",""model"":""TL12"",""machine_type"":""Compact Track Loader"",""track_size"":""450x100x50"",""model_key"":""takeuchi-tl12""},{""make"":""Takeuchi"",""model"":""TL150"",""machine_type"":""Compact Track Loader"",""track_size"":""450x100x50"",""model_key"":""takeuchi-tl150""},{""make"":""Takeuchi"",""model"":""TL250"",""machine_type"":""Compact Track Loader"",""track_size"":""450x100x50"",""model_key"":""takeuchi-tl250""}],""display_text"":""Fits select Gehl, Mustang, and Takeuchi and other compact track loader using 450x100x50 rubber tracks.""}"
tnt45010050hdsb,MERGE,TRUE,TNT45010050HDSB,"{""verified"":true,""machine_type"":""Compact Track Loader"",""track_size"":""450x100x50"",""fits"":[{""make"":""Gehl"",""model"":""CTL80"",""machine_type"":""Compact Track Loader"",""track_size"":""450x100x50"",""model_key"":""gehl-ctl80""},{""make"":""Gehl"",""model"":""CTL85"",""machine_type"":""Compact Track Loader"",""track_size"":""450x100x50"",""model_key"":""gehl-ctl85""},{""make"":""Mustang"",""model"":""MTL25"",""machine_type"":""Compact Track Loader"",""track_size"":""450x100x50"",""model_key"":""mustang-mtl25""},{""make"":""Mustang"",""model"":""MTL325"",""machine_type"":""Compact Track Loader"",""track_size"":""450x100x50"",""model_key"":""mustang-mtl325""},{""make"":""Takeuchi"",""model"":""TL12"",""machine_type"":""Compact Track Loader"",""track_size"":""450x100x50"",""model_key"":""takeuchi-tl12""},{""make"":""Takeuchi"",""model"":""TL150"",""machine_type"":""Compact Track Loader"",""track_size"":""450x100x50"",""model_key"":""takeuchi-tl150""},{""make"":""Takeuchi"",""model"":""TL250"",""machine_type"":""Compact Track Loader"",""track_size"":""450x100x50"",""model_key"":""takeuchi-tl250""}],""display_text"":""Fits select Gehl, Mustang, and Takeuchi and other compact track loader using 450x100x50 rubber tracks.""}"
tnt45010050hdzb,MERGE,TRUE,TNT45010050HDZB,"{""verified"":true,""machine_type"":""Compact Track Loader"",""track_size"":""450x100x50"",""fits"":[{""make"":""Gehl"",""model"":""CTL80"",""machine_type"":""Compact Track Loader"",""track_size"":""450x100x50"",""model_key"":""gehl-ctl80""},{""make"":""Gehl"",""model"":""CTL85"",""machine_type"":""Compact Track Loader"",""track_size"":""450x100x50"",""model_key"":""gehl-ctl85""},{""make"":""Mustang"",""model"":""MTL25"",""machine_type"":""Compact Track Loader"",""track_size"":""450x100x50"",""model_key"":""mustang-mtl25""},{""make"":""Mustang"",""model"":""MTL325"",""machine_type"":""Compact Track Loader"",""track_size"":""450x100x50"",""model_key"":""mustang-mtl325""},{""make"":""Takeuchi"",""model"":""TL12"",""machine_type"":""Compact Track Loader"",""track_size"":""450x100x50"",""model_key"":""takeuchi-tl12""},{""make"":""Takeuchi"",""model"":""TL150"",""machine_type"":""Compact Track Loader"",""track_size"":""450x100x50"",""model_key"":""takeuchi-tl150""},{""make"":""Takeuchi"",""model"":""TL250"",""machine_type"":""Compact Track Loader"",""track_size"":""450x100x50"",""model_key"":""takeuchi-tl250""}],""display_text"":""Fits select Gehl, Mustang, and Takeuchi and other compact track loader using 450x100x50 rubber tracks.""}"
tnt45010050sdc,MERGE,TRUE,TNT45010050SDC,"{""verified"":true,""machine_type"":""Compact Track Loader"",""track_size"":""450x100x50"",""fits"":[{""make"":""Gehl"",""model"":""CTL80"",""machine_type"":""Compact Track Loader"",""track_size"":""450x100x50"",""model_key"":""gehl-ctl80""},{""make"":""Gehl"",""model"":""CTL85"",""machine_type"":""Compact Track Loader"",""track_size"":""450x100x50"",""model_key"":""gehl-ctl85""},{""make"":""Mustang"",""model"":""MTL25"",""machine_type"":""Compact Track Loader"",""track_size"":""450x100x50"",""model_key"":""mustang-mtl25""},{""make"":""Mustang"",""model"":""MTL325"",""machine_type"":""Compact Track Loader"",""track_size"":""450x100x50"",""model_key"":""mustang-mtl325""},{""make"":""Takeuchi"",""model"":""TL12"",""machine_type"":""Compact Track Loader"",""track_size"":""450x100x50"",""model_key"":""takeuchi-tl12""},{""make"":""Takeuchi"",""model"":""TL150"",""machine_type"":""Compact Track Loader"",""track_size"":""450x100x50"",""model_key"":""takeuchi-tl150""},{""make"":""Takeuchi"",""model"":""TL250"",""machine_type"":""Compact Track Loader"",""track_size"":""450x100x50"",""model_key"":""takeuchi-tl250""}],""display_text"":""Fits select Gehl, Mustang, and Takeuchi and other compact track loader using 450x100x50 rubber tracks.""}"
tnt4507182hd,MERGE,TRUE,TNT4507182HD,"{""verified"":true,""machine_type"":""Mini Excavator"",""track_size"":""450x71x82"",""fits"":[{""make"":""CAT"",""model"":""307"",""machine_type"":""Mini Excavator"",""track_size"":""450x71x82"",""model_key"":""cat-307""}],""display_text"":""Fits select CAT and other mini excavator using 450x71x82 rubber tracks.""}"
tnt4507184hd,MERGE,TRUE,TNT4507184HD,"{""verified"":true,""machine_type"":""Mini Excavator"",""track_size"":""450x71x84"",""fits"":[{""make"":""CAT"",""model"":""307HD"",""machine_type"":""Mini Excavator"",""track_size"":""450x71x84"",""model_key"":""cat-307hd""},{""make"":""Gehl"",""model"":""802"",""machine_type"":""Mini Excavator"",""track_size"":""450x71x84"",""model_key"":""gehl-802""}],""display_text"":""Fits select CAT, and Gehl and other mini excavator using 450x71x84 rubber tracks.""}"
tnt4507186hd,MERGE,TRUE,TNT4507186HD,"{""verified"":true,""machine_type"":""Mini Excavator"",""track_size"":""450x71x86"",""fits"":[{""make"":""Bobcat"",""model"":""442"",""machine_type"":""Mini Excavator"",""track_size"":""450x71x86"",""model_key"":""bobcat-442""},{""make"":""CAT"",""model"":""308"",""machine_type"":""Mini Excavator"",""track_size"":""450x71x86"",""model_key"":""cat-308""},{""make"":""Hyundai"",""model"":""Robex 75-7"",""machine_type"":""Mini Excavator"",""track_size"":""450x71x86"",""model_key"":""hyundai-robex-75-7""}],""display_text"":""Fits select Bobcat, CAT, and Hyundai and other mini excavator using 450x71x86 rubber tracks.""}"
tnt4507680hd,MERGE,TRUE,TNT4507680HD,"{""verified"":true,""machine_type"":""Mini Excavator"",""track_size"":""450x76x80"",""fits"":[{""make"":""Gehl"",""model"":""802"",""machine_type"":""Mini Excavator"",""track_size"":""450x76x80"",""model_key"":""gehl-802""}],""display_text"":""Fits select Gehl and other mini excavator using 450x76x80 rubber tracks.""}"
tnt45081576hd,MERGE,TRUE,TNT45081576HD,"{""verified"":true,""machine_type"":""Mini Excavator"",""track_size"":""450x81.5x76"",""fits"":[{""make"":""Case"",""model"":""CX80C"",""machine_type"":""Mini Excavator"",""track_size"":""450x81.5x76"",""model_key"":""case-cx80c""},{""make"":""JCB"",""model"":""8080ZTS"",""machine_type"":""Mini Excavator"",""track_size"":""450x81.5x76"",""model_key"":""jcb-8080zts""},{""make"":""JCB"",""model"":""8085ZTS"",""machine_type"":""Mini Excavator"",""track_size"":""450x81.5x76"",""model_key"":""jcb-8085zts""},{""make"":""Kobelco"",""model"":""SK75SR"",""machine_type"":""Mini Excavator"",""track_size"":""450x81.5x76"",""model_key"":""kobelco-sk75sr""},{""make"":""Kobelco"",""model"":""SK85CS"",""machine_type"":"""",""track_size"":""450x81.5x76"",""model_key"":""kobelco-sk85cs""},{""make"":""Kubota"",""model"":""KX080-3"",""machine_type"":""Mini Excavator"",""track_size"":""450x81.5x76"",""model_key"":""kubota-kx080-3""},{""make"":""Kubota"",""model"":""KX080-4"",""machine_type"":""Mini Excavator"",""track_size"":""450x81.5x76"",""model_key"":""kubota-kx080-4""},{""make"":""New Holland"",""model"":""E 70BSR"",""machine_type"":""Mini Excavator"",""track_size"":""450x81.5x76"",""model_key"":""new-holland-e-70bsr""},{""make"":""New Holland"",""model"":""E 70SR"",""machine_type"":""Mini Excavator"",""track_size"":""450x81.5x76"",""model_key"":""new-holland-e-70sr""},{""make"":""New Holland"",""model"":""E 80"",""machine_type"":""Mini Excavator"",""track_size"":""450x81.5x76"",""model_key"":""new-holland-e-80""},{""make"":""New Holland"",""model"":""E 80BMSR"",""machine_type"":""Mini Excavator"",""track_size"":""450x81.5x76"",""model_key"":""new-holland-e-80bmsr""},{""make"":""New Holland"",""model"":""E 80CS"",""machine_type"":""Mini Excavator"",""track_size"":""450x81.5x76"",""model_key"":""new-holland-e-80cs""},{""make"":""New Holland"",""model"":""E 80MSR"",""machine_type"":""Mini Excavator"",""track_size"":""450x81.5x76"",""model_key"":""new-holland-e-80msr""},{""make"":""SANY"",""model"":""SY75C"",""machine_type"":""Mini Excavator"",""track_size"":""450x81.5x76"",""model_key"":""sany-sy75c""}],""display_text"":""Fits select Case, JCB, Kobelco, and 3 other brands and other mini excavator using 450x81.5x76 rubber tracks.""}"
tnt45081n76hd,MERGE,TRUE,TNT45081N76HD,"{""verified"":true,""machine_type"":""Mini Excavator"",""track_size"":""450x81Nx76"",""fits"":[{""make"":""Case"",""model"":""CX75C"",""machine_type"":""Mini Excavator"",""track_size"":""450x81Nx76"",""model_key"":""case-cx75c""},{""make"":""Case"",""model"":""CX75SR"",""machine_type"":""Mini Excavator"",""track_size"":""450x81Nx76"",""model_key"":""case-cx75sr""},{""make"":""Case"",""model"":""CX80C"",""machine_type"":""Mini Excavator"",""track_size"":""450x81Nx76"",""model_key"":""case-cx80c""},{""make"":""JCB"",""model"":""JZ 70"",""machine_type"":""Mini Excavator"",""track_size"":""450x81Nx76"",""model_key"":""jcb-jz-70""},{""make"":""Komatsu"",""model"":""PC78MR-6"",""machine_type"":""Mini Excavator"",""track_size"":""450x81Nx76"",""model_key"":""komatsu-pc78mr-6""},{""make"":""Komatsu"",""model"":""PC80MR"",""machine_type"":""Mini Excavator"",""track_size"":""450x81Nx76"",""model_key"":""komatsu-pc80mr""},{""make"":""Komatsu"",""model"":""PC88MR-6"",""machine_type"":""Mini Excavator"",""track_size"":""450x81Nx76"",""model_key"":""komatsu-pc88mr-6""},{""make"":""New Holland"",""model"":""E 70BSR"",""machine_type"":""Mini Excavator"",""track_size"":""450x81Nx76"",""model_key"":""new-holland-e-70bsr""},{""make"":""New Holland"",""model"":""E 70SR"",""machine_type"":""Mini Excavator"",""track_size"":""450x81Nx76"",""model_key"":""new-holland-e-70sr""},{""make"":""New Holland"",""model"":""E 80"",""machine_type"":""Mini Excavator"",""track_size"":""450x81Nx76"",""model_key"":""new-holland-e-80""},{""make"":""New Holland"",""model"":""E 80BMSR"",""machine_type"":""Mini Excavator"",""track_size"":""450x81Nx76"",""model_key"":""new-holland-e-80bmsr""},{""make"":""New Holland"",""model"":""E 80CS"",""machine_type"":""Mini Excavator"",""track_size"":""450x81Nx76"",""model_key"":""new-holland-e-80cs""},{""make"":""New Holland"",""model"":""E 80MSR"",""machine_type"":""Mini Excavator"",""track_size"":""450x81Nx76"",""model_key"":""new-holland-e-80msr""},{""make"":""SANY"",""model"":""SY75C"",""machine_type"":""Mini Excavator"",""track_size"":""450x81Nx76"",""model_key"":""sany-sy75c""}],""display_text"":""Fits select Case, JCB, Komatsu, and 2 other brands and other mini excavator using 450x81Nx76 rubber tracks.""}"
tnt45081n78hd,MERGE,TRUE,TNT45081N78HD,"{""verified"":true,""machine_type"":""Mini Excavator"",""track_size"":""450x81Nx78"",""fits"":[{""make"":""CAT"",""model"":""308 CR"",""machine_type"":""Mini Excavator"",""track_size"":""450x81Nx78"",""model_key"":""cat-308-cr""},{""make"":""CAT"",""model"":""308C CR"",""machine_type"":""Mini Excavator"",""track_size"":""450x81Nx78"",""model_key"":""cat-308c-cr""},{""make"":""CAT"",""model"":""308C SR"",""machine_type"":""Mini Excavator"",""track_size"":""450x81Nx78"",""model_key"":""cat-308c-sr""},{""make"":""CAT"",""model"":""308E CR"",""machine_type"":""Mini Excavator"",""track_size"":""450x81Nx78"",""model_key"":""cat-308e-cr""},{""make"":""CAT"",""model"":""308E2 CR"",""machine_type"":""Mini Excavator"",""track_size"":""450x81Nx78"",""model_key"":""cat-308e2-cr""},{""make"":""Hitachi"",""model"":""ZX85"",""machine_type"":"""",""track_size"":""450x81Nx78"",""model_key"":""hitachi-zx85""},{""make"":""JCB"",""model"":""85Z-1"",""machine_type"":""Mini Excavator"",""track_size"":""450x81Nx78"",""model_key"":""jcb-85z-1""},{""make"":""JCB"",""model"":""86C-1"",""machine_type"":""Mini Excavator"",""track_size"":""450x81Nx78"",""model_key"":""jcb-86c-1""},{""make"":""John Deere"",""model"":""75G"",""machine_type"":""Mini Excavator"",""track_size"":""450x81Nx78"",""model_key"":""john-deere-75g""},{""make"":""John Deere"",""model"":""75P"",""machine_type"":"""",""track_size"":""450x81Nx78"",""model_key"":""john-deere-75p""},{""make"":""John Deere"",""model"":""85G"",""machine_type"":""Mini Excavator"",""track_size"":""450x81Nx78"",""model_key"":""john-deere-85g""},{""make"":""John Deere"",""model"":""85P"",""machine_type"":"""",""track_size"":""450x81Nx78"",""model_key"":""john-deere-85p""},{""make"":""SANY"",""model"":""SY80U"",""machine_type"":"""",""track_size"":""450x81Nx78"",""model_key"":""sany-sy80u""}],""display_text"":""Fits select CAT, Hitachi, JCB, and 2 other brands and other mini excavator using 450x81Nx78 rubber tracks.""}"
tnt45081w74hd,MERGE,TRUE,TNT45081W74HD,"{""verified"":false,""machine_type"":"""",""track_size"":""450x81Wx74"",""fits"":[{""make"":""Kubota"",""model"":""KX60.5"",""machine_type"":"""",""track_size"":""450x81Wx74"",""model_key"":""kubota-kx60-5""},{""make"":""Kubota"",""model"":""KX75UR.3"",""machine_type"":"""",""track_size"":""450x81Wx74"",""model_key"":""kubota-kx75ur-3""}],""display_text"":""Fits select Kubota and other machines using 450x81Wx74 rubber tracks.""}"
tnt45081w76hd,MERGE,TRUE,TNT45081W76HD,"{""verified"":true,""machine_type"":""Mini Excavator"",""track_size"":""450x81Wx76"",""fits"":[{""make"":""Bobcat"",""model"":""E80"",""machine_type"":""Mini Excavator"",""track_size"":""450x81Wx76"",""model_key"":""bobcat-e80""},{""make"":""Bobcat"",""model"":""E85"",""machine_type"":""Mini Excavator"",""track_size"":""450x81Wx76"",""model_key"":""bobcat-e85""},{""make"":""Takeuchi"",""model"":""TB175"",""machine_type"":""Mini Excavator"",""track_size"":""450x81Wx76"",""model_key"":""takeuchi-tb175""},{""make"":""Takeuchi"",""model"":""TB180FR"",""machine_type"":""Mini Excavator"",""track_size"":""450x81Wx76"",""model_key"":""takeuchi-tb180fr""},{""make"":""Takeuchi"",""model"":""TB280FR"",""machine_type"":""Mini Excavator"",""track_size"":""450x81Wx76"",""model_key"":""takeuchi-tb280fr""},{""make"":""Takeuchi"",""model"":""TB285"",""machine_type"":""Mini Excavator"",""track_size"":""450x81Wx76"",""model_key"":""takeuchi-tb285""},{""make"":""Takeuchi"",""model"":""TB290"",""machine_type"":""Mini Excavator"",""track_size"":""450x81Wx76"",""model_key"":""takeuchi-tb290""},{""make"":""Takeuchi"",""model"":""TB80FR"",""machine_type"":""Mini Excavator"",""track_size"":""450x81Wx76"",""model_key"":""takeuchi-tb80fr""},{""make"":""Volvo"",""model"":""ECR88"",""machine_type"":""Mini Excavator"",""track_size"":""450x81Wx76"",""model_key"":""volvo-ecr88""}],""display_text"":""Fits select Bobcat, Takeuchi, and Volvo and other mini excavator using 450x81Wx76 rubber tracks.""}"
tnt450835k74hd,MERGE,TRUE,TNT450835K74HD,"{""verified"":true,""machine_type"":""Mini Excavator"",""track_size"":""450x83.5Kx74"",""fits"":[{""make"":""Komatsu"",""model"":""PC78MR-6"",""machine_type"":""Mini Excavator"",""track_size"":""450x83.5Kx74"",""model_key"":""komatsu-pc78mr-6""},{""make"":""Komatsu"",""model"":""PC80MR"",""machine_type"":""Mini Excavator"",""track_size"":""450x83.5Kx74"",""model_key"":""komatsu-pc80mr""},{""make"":""Komatsu"",""model"":""PC88MR-6"",""machine_type"":""Mini Excavator"",""track_size"":""450x83.5Kx74"",""model_key"":""komatsu-pc88mr-6""}],""display_text"":""Fits select Komatsu and other mini excavator using 450x83.5Kx74 rubber tracks.""}"
tnt450835y74hd,MERGE,TRUE,TNT450835Y74HD,"{""verified"":true,""machine_type"":"""",""track_size"":""450x83.5Yx74"",""fits"":[{""make"":""Yanmar"",""model"":""VIO80"",""machine_type"":"""",""track_size"":""450x83.5Yx74"",""model_key"":""yanmar-vio80""}],""display_text"":""Fits select Yanmar and other machines using 450x83.5Yx74 rubber tracks.""}"
tnt4508652hdbl,MERGE,TRUE,TNT4508652HDBL,"{""verified"":true,""machine_type"":""Compact Track Loader"",""track_size"":""450x86Bx52"",""fits"":[{""make"":""Bobcat"",""model"":""864"",""machine_type"":""Compact Track Loader"",""track_size"":""450x86Bx52"",""model_key"":""bobcat-864""},{""make"":""Bobcat"",""model"":""864G"",""machine_type"":""Compact Track Loader"",""track_size"":""450x86Bx52"",""model_key"":""bobcat-864g""},{""make"":""Bobcat"",""model"":""T200"",""machine_type"":""Compact Track Loader"",""track_size"":""450x86Bx52"",""model_key"":""bobcat-t200""},{""make"":""Bobcat"",""model"":""T630"",""machine_type"":""Compact Track Loader"",""track_size"":""450x86Bx52"",""model_key"":""bobcat-t630""},{""make"":""Bobcat"",""model"":""T650"",""machine_type"":""Compact Track Loader"",""track_size"":""450x86Bx52"",""model_key"":""bobcat-t650""},{""make"":""CAT"",""model"":""255"",""machine_type"":""Compact Track Loader"",""track_size"":""450x86Bx52"",""model_key"":""cat-255""},{""make"":""JCB"",""model"":""1110T"",""machine_type"":""Compact Track Loader"",""track_size"":""450x86Bx52"",""model_key"":""jcb-1110t""},{""make"":""JCB"",""model"":""190T"",""machine_type"":""Compact Track Loader"",""track_size"":""450x86Bx52"",""model_key"":""jcb-190t""}],""display_text"":""Fits select Bobcat, CAT, and JCB and other compact track loader using 450x86Bx52 rubber tracks.""}"
tnt4508652hdc,MERGE,TRUE,TNT4508652HDC,"{""verified"":true,""machine_type"":""Compact Track Loader"",""track_size"":""450x86Bx52"",""fits"":[{""make"":""Bobcat"",""model"":""864"",""machine_type"":""Compact Track Loader"",""track_size"":""450x86Bx52"",""model_key"":""bobcat-864""},{""make"":""Bobcat"",""model"":""864G"",""machine_type"":""Compact Track Loader"",""track_size"":""450x86Bx52"",""model_key"":""bobcat-864g""},{""make"":""Bobcat"",""model"":""T200"",""machine_type"":""Compact Track Loader"",""track_size"":""450x86Bx52"",""model_key"":""bobcat-t200""},{""make"":""Bobcat"",""model"":""T630"",""machine_type"":""Compact Track Loader"",""track_size"":""450x86Bx52"",""model_key"":""bobcat-t630""},{""make"":""Bobcat"",""model"":""T650"",""machine_type"":""Compact Track Loader"",""track_size"":""450x86Bx52"",""model_key"":""bobcat-t650""},{""make"":""CAT"",""model"":""255"",""machine_type"":""Compact Track Loader"",""track_size"":""450x86Bx52"",""model_key"":""cat-255""},{""make"":""JCB"",""model"":""1110T"",""machine_type"":""Compact Track Loader"",""track_size"":""450x86Bx52"",""model_key"":""jcb-1110t""},{""make"":""JCB"",""model"":""190T"",""machine_type"":""Compact Track Loader"",""track_size"":""450x86Bx52"",""model_key"":""jcb-190t""}],""display_text"":""Fits select Bobcat, CAT, and JCB and other compact track loader using 450x86Bx52 rubber tracks.""}"
tnt4508652hdmb,MERGE,TRUE,TNT4508652HDMB,"{""verified"":true,""machine_type"":""Compact Track Loader"",""track_size"":""450x86Bx52"",""fits"":[{""make"":""Bobcat"",""model"":""864"",""machine_type"":""Compact Track Loader"",""track_size"":""450x86Bx52"",""model_key"":""bobcat-864""},{""make"":""Bobcat"",""model"":""864G"",""machine_type"":""Compact Track Loader"",""track_size"":""450x86Bx52"",""model_key"":""bobcat-864g""},{""make"":""Bobcat"",""model"":""T200"",""machine_type"":""Compact Track Loader"",""track_size"":""450x86Bx52"",""model_key"":""bobcat-t200""},{""make"":""Bobcat"",""model"":""T630"",""machine_type"":""Compact Track Loader"",""track_size"":""450x86Bx52"",""model_key"":""bobcat-t630""},{""make"":""Bobcat"",""model"":""T650"",""machine_type"":""Compact Track Loader"",""track_size"":""450x86Bx52"",""model_key"":""bobcat-t650""},{""make"":""CAT"",""model"":""255"",""machine_type"":""Compact Track Loader"",""track_size"":""450x86Bx52"",""model_key"":""cat-255""},{""make"":""JCB"",""model"":""1110T"",""machine_type"":""Compact Track Loader"",""track_size"":""450x86Bx52"",""model_key"":""jcb-1110t""},{""make"":""JCB"",""model"":""190T"",""machine_type"":""Compact Track Loader"",""track_size"":""450x86Bx52"",""model_key"":""jcb-190t""}],""display_text"":""Fits select Bobcat, CAT, and JCB and other compact track loader using 450x86Bx52 rubber tracks.""}"
tnt4508652hdz,MERGE,TRUE,TNT4508652HDZ,"{""verified"":true,""machine_type"":""Compact Track Loader"",""track_size"":""450x86Bx52"",""fits"":[{""make"":""Bobcat"",""model"":""864"",""machine_type"":""Compact Track Loader"",""track_size"":""450x86Bx52"",""model_key"":""bobcat-864""},{""make"":""Bobcat"",""model"":""864G"",""machine_type"":""Compact Track Loader"",""track_size"":""450x86Bx52"",""model_key"":""bobcat-864g""},{""make"":""Bobcat"",""model"":""T200"",""machine_type"":""Compact Track Loader"",""track_size"":""450x86Bx52"",""model_key"":""bobcat-t200""},{""make"":""Bobcat"",""model"":""T630"",""machine_type"":""Compact Track Loader"",""track_size"":""450x86Bx52"",""model_key"":""bobcat-t630""},{""make"":""Bobcat"",""model"":""T650"",""machine_type"":""Compact Track Loader"",""track_size"":""450x86Bx52"",""model_key"":""bobcat-t650""},{""make"":""CAT"",""model"":""255"",""machine_type"":""Compact Track Loader"",""track_size"":""450x86Bx52"",""model_key"":""cat-255""},{""make"":""JCB"",""model"":""1110T"",""machine_type"":""Compact Track Loader"",""track_size"":""450x86Bx52"",""model_key"":""jcb-1110t""},{""make"":""JCB"",""model"":""190T"",""machine_type"":""Compact Track Loader"",""track_size"":""450x86Bx52"",""model_key"":""jcb-190t""}],""display_text"":""Fits select Bobcat, CAT, and JCB and other compact track loader using 450x86Bx52 rubber tracks.""}"
tnt4508652hdzb,MERGE,TRUE,TNT4508652HDZB,"{""verified"":true,""machine_type"":""Compact Track Loader"",""track_size"":""450x86Bx52"",""fits"":[{""make"":""Bobcat"",""model"":""864"",""machine_type"":""Compact Track Loader"",""track_size"":""450x86Bx52"",""model_key"":""bobcat-864""},{""make"":""Bobcat"",""model"":""864G"",""machine_type"":""Compact Track Loader"",""track_size"":""450x86Bx52"",""model_key"":""bobcat-864g""},{""make"":""Bobcat"",""model"":""T200"",""machine_type"":""Compact Track Loader"",""track_size"":""450x86Bx52"",""model_key"":""bobcat-t200""},{""make"":""Bobcat"",""model"":""T630"",""machine_type"":""Compact Track Loader"",""track_size"":""450x86Bx52"",""model_key"":""bobcat-t630""},{""make"":""Bobcat"",""model"":""T650"",""machine_type"":""Compact Track Loader"",""track_size"":""450x86Bx52"",""model_key"":""bobcat-t650""},{""make"":""CAT"",""model"":""255"",""machine_type"":""Compact Track Loader"",""track_size"":""450x86Bx52"",""model_key"":""cat-255""},{""make"":""JCB"",""model"":""1110T"",""machine_type"":""Compact Track Loader"",""track_size"":""450x86Bx52"",""model_key"":""jcb-1110t""},{""make"":""JCB"",""model"":""190T"",""machine_type"":""Compact Track Loader"",""track_size"":""450x86Bx52"",""model_key"":""jcb-190t""}],""display_text"":""Fits select Bobcat, CAT, and JCB and other compact track loader using 450x86Bx52 rubber tracks.""}"
tnt4508652sdc,MERGE,TRUE,TNT4508652SDC,"{""verified"":true,""machine_type"":""Compact Track Loader"",""track_size"":""450x86Bx52"",""fits"":[{""make"":""Bobcat"",""model"":""864"",""machine_type"":""Compact Track Loader"",""track_size"":""450x86Bx52"",""model_key"":""bobcat-864""},{""make"":""Bobcat"",""model"":""864G"",""machine_type"":""Compact Track Loader"",""track_size"":""450x86Bx52"",""model_key"":""bobcat-864g""},{""make"":""Bobcat"",""model"":""T200"",""machine_type"":""Compact Track Loader"",""track_size"":""450x86Bx52"",""model_key"":""bobcat-t200""},{""make"":""Bobcat"",""model"":""T630"",""machine_type"":""Compact Track Loader"",""track_size"":""450x86Bx52"",""model_key"":""bobcat-t630""},{""make"":""Bobcat"",""model"":""T650"",""machine_type"":""Compact Track Loader"",""track_size"":""450x86Bx52"",""model_key"":""bobcat-t650""},{""make"":""CAT"",""model"":""255"",""machine_type"":""Compact Track Loader"",""track_size"":""450x86Bx52"",""model_key"":""cat-255""},{""make"":""JCB"",""model"":""1110T"",""machine_type"":""Compact Track Loader"",""track_size"":""450x86Bx52"",""model_key"":""jcb-1110t""},{""make"":""JCB"",""model"":""190T"",""machine_type"":""Compact Track Loader"",""track_size"":""450x86Bx52"",""model_key"":""jcb-190t""}],""display_text"":""Fits select Bobcat, CAT, and JCB and other compact track loader using 450x86Bx52 rubber tracks.""}"
tnt4508653hdc,MERGE,TRUE,TNT4508653HDC,"{""verified"":true,""machine_type"":""Compact Track Loader"",""track_size"":""450x86Bx53"",""fits"":[{""make"":""Bobcat"",""model"":""T76"",""machine_type"":""Compact Track Loader"",""track_size"":""450x86Bx53"",""model_key"":""bobcat-t76""}],""display_text"":""Fits select Bobcat and other compact track loader using 450x86Bx53 rubber tracks.""}"
tnt4508653hdmb,MERGE,TRUE,TNT4508653HDMB,"{""verified"":true,""machine_type"":""Compact Track Loader"",""track_size"":""450x86Bx53"",""fits"":[{""make"":""Bobcat"",""model"":""T76"",""machine_type"":""Compact Track Loader"",""track_size"":""450x86Bx53"",""model_key"":""bobcat-t76""}],""display_text"":""Fits select Bobcat and other compact track loader using 450x86Bx53 rubber tracks.""}"
tnt4508653hdz,MERGE,TRUE,TNT4508653HDZ,"{""verified"":true,""machine_type"":""Compact Track Loader"",""track_size"":""450x86Bx53"",""fits"":[{""make"":""Bobcat"",""model"":""T76"",""machine_type"":""Compact Track Loader"",""track_size"":""450x86Bx53"",""model_key"":""bobcat-t76""}],""display_text"":""Fits select Bobcat and other compact track loader using 450x86Bx53 rubber tracks.""}"
tnt4508653hdzb,MERGE,TRUE,TNT4508653HDZB,"{""verified"":true,""machine_type"":""Compact Track Loader"",""track_size"":""450x86Bx53"",""fits"":[{""make"":""Bobcat"",""model"":""T76"",""machine_type"":""Compact Track Loader"",""track_size"":""450x86Bx53"",""model_key"":""bobcat-t76""}],""display_text"":""Fits select Bobcat and other compact track loader using 450x86Bx53 rubber tracks.""}"
tnt4508653sdc,MERGE,TRUE,TNT4508653SDC,"{""verified"":true,""machine_type"":""Compact Track Loader"",""track_size"":""450x86Bx53"",""fits"":[{""make"":""Bobcat"",""model"":""T76"",""machine_type"":""Compact Track Loader"",""track_size"":""450x86Bx53"",""model_key"":""bobcat-t76""}],""display_text"":""Fits select Bobcat and other compact track loader using 450x86Bx53 rubber tracks.""}"
tnt4508653sdzb,MERGE,TRUE,TNT4508653SDZB,"{""verified"":true,""machine_type"":""Compact Track Loader"",""track_size"":""450x86Bx53"",""fits"":[{""make"":""Bobcat"",""model"":""T76"",""machine_type"":""Compact Track Loader"",""track_size"":""450x86Bx53"",""model_key"":""bobcat-t76""}],""display_text"":""Fits select Bobcat and other compact track loader using 450x86Bx53 rubber tracks.""}"
tnt4508655hdbd,MERGE,TRUE,TNT4508655HDBD,"{""verified"":true,""machine_type"":""Compact Track Loader"",""track_size"":""450x86Bx55"",""fits"":[{""make"":""Bobcat"",""model"":""T250"",""machine_type"":""Compact Track Loader"",""track_size"":""450x86Bx55"",""model_key"":""bobcat-t250""},{""make"":""Bobcat"",""model"":""T300"",""machine_type"":""Compact Track Loader"",""track_size"":""450x86Bx55"",""model_key"":""bobcat-t300""},{""make"":""Bobcat"",""model"":""T320"",""machine_type"":""Compact Track Loader"",""track_size"":""450x86Bx55"",""model_key"":""bobcat-t320""},{""make"":""Bobcat"",""model"":""T730"",""machine_type"":""Compact Track Loader"",""track_size"":""450x86Bx55"",""model_key"":""bobcat-t730""},{""make"":""Bobcat"",""model"":""T740"",""machine_type"":""Compact Track Loader"",""track_size"":""450x86Bx55"",""model_key"":""bobcat-t740""},{""make"":""Bobcat"",""model"":""T750"",""machine_type"":""Compact Track Loader"",""track_size"":""450x86Bx55"",""model_key"":""bobcat-t750""},{""make"":""Bobcat"",""model"":""T770"",""machine_type"":""Compact Track Loader"",""track_size"":""450x86Bx55"",""model_key"":""bobcat-t770""},{""make"":""Case"",""model"":""445CT"",""machine_type"":""Compact Track Loader"",""track_size"":""450x86Bx55"",""model_key"":""case-445ct""},{""make"":""Case"",""model"":""450CT"",""machine_type"":""Compact Track Loader"",""track_size"":""450x86Bx55"",""model_key"":""case-450ct""},{""make"":""Case"",""model"":""TR320"",""machine_type"":""Compact Track Loader"",""track_size"":""450x86Bx55"",""model_key"":""case-tr320""},{""make"":""Case"",""model"":""TR340"",""machine_type"":""Compact Track Loader"",""track_size"":""450x86Bx55"",""model_key"":""case-tr340""},{""make"":""Case"",""model"":""TR340B"",""machine_type"":""Compact Track Loader"",""track_size"":""450x86Bx55"",""model_key"":""case-tr340b""},{""make"":""Case"",""model"":""TV370"",""machine_type"":"""",""track_size"":""450x86Bx55"",""model_key"":""case-tv370""},{""make"":""Case"",""model"":""TV370B"",""machine_type"":""Compact Track Loader"",""track_size"":""450x86Bx55"",""model_key"":""case-tv370b""},{""make"":""Case"",""model"":""TV380"",""machine_type"":""Compact Track Loader"",""track_size"":""450x86Bx55"",""model_key"":""case-tv380""},{""make"":""Case"",""model"":""TV450"",""machine_type"":"""",""track_size"":""450x86Bx55"",""model_key"":""case-tv450""},{""make"":""Case"",""model"":""TV450B"",""machine_type"":""Compact Track Loader"",""track_size"":""450x86Bx55"",""model_key"":""case-tv450b""},{""make"":""New Holland"",""model"":""C185"",""machine_type"":""Compact Track Loader"",""track_size"":""450x86Bx55"",""model_key"":""new-holland-c185""},{""make"":""New Holland"",""model"":""C190"",""machine_type"":""Compact Track Loader"",""track_size"":""450x86Bx55"",""model_key"":""new-holland-c190""},{""make"":""New Holland"",""model"":""C232"",""machine_type"":""Compact Track Loader"",""track_size"":""450x86Bx55"",""model_key"":""new-holland-c232""},{""make"":""New Holland"",""model"":""C234"",""machine_type"":""Compact Track Loader"",""track_size"":""450x86Bx55"",""model_key"":""new-holland-c234""},{""make"":""New Holland"",""model"":""C237"",""machine_type"":""Compact Track Loader"",""track_size"":""450x86Bx55"",""model_key"":""new-holland-c237""},{""make"":""New Holland"",""model"":""C238"",""machine_type"":""Compact Track Loader"",""track_size"":""450x86Bx55"",""model_key"":""new-holland-c238""},{""make"":""New Holland"",""model"":""C245"",""machine_type"":""Compact Track Loader"",""track_size"":""450x86Bx55"",""model_key"":""new-holland-c245""},{""make"":""New Holland"",""model"":""C332"",""machine_type"":""Compact Track Loader"",""track_size"":""450x86Bx55"",""model_key"":""new-holland-c332""},{""make"":""New Holland"",""model"":""C334"",""machine_type"":""Compact Track Loader"",""track_size"":""450x86Bx55"",""model_key"":""new-holland-c334""},{""make"":""New Holland"",""model"":""C337"",""machine_type"":""Compact Track Loader"",""track_size"":""450x86Bx55"",""model_key"":""new-holland-c337""},{""make"":""New Holland"",""model"":""C345"",""machine_type"":""Compact Track Loader"",""track_size"":""450x86Bx55"",""model_key"":""new-holland-c345""},{""make"":""New Holland"",""model"":""LT185B"",""machine_type"":""Compact Track Loader"",""track_size"":""450x86Bx55"",""model_key"":""new-holland-lt185b""},{""make"":""New Holland"",""model"":""LT190B"",""machine_type"":""Compact Track Loader"",""track_size"":""450x86Bx55"",""model_key"":""new-holland-lt190b""}],""display_text"":""Fits select Bobcat, Case, and New Holland and other compact track loader using 450x86Bx55 rubber tracks.""}"
tnt4508655hdbl,MERGE,TRUE,TNT4508655HDBL,"{""verified"":true,""machine_type"":""Compact Track Loader"",""track_size"":""450x86Bx55"",""fits"":[{""make"":""Bobcat"",""model"":""T250"",""machine_type"":""Compact Track Loader"",""track_size"":""450x86Bx55"",""model_key"":""bobcat-t250""},{""make"":""Bobcat"",""model"":""T300"",""machine_type"":""Compact Track Loader"",""track_size"":""450x86Bx55"",""model_key"":""bobcat-t300""},{""make"":""Bobcat"",""model"":""T320"",""machine_type"":""Compact Track Loader"",""track_size"":""450x86Bx55"",""model_key"":""bobcat-t320""},{""make"":""Bobcat"",""model"":""T730"",""machine_type"":""Compact Track Loader"",""track_size"":""450x86Bx55"",""model_key"":""bobcat-t730""},{""make"":""Bobcat"",""model"":""T740"",""machine_type"":""Compact Track Loader"",""track_size"":""450x86Bx55"",""model_key"":""bobcat-t740""},{""make"":""Bobcat"",""model"":""T750"",""machine_type"":""Compact Track Loader"",""track_size"":""450x86Bx55"",""model_key"":""bobcat-t750""},{""make"":""Bobcat"",""model"":""T770"",""machine_type"":""Compact Track Loader"",""track_size"":""450x86Bx55"",""model_key"":""bobcat-t770""},{""make"":""Case"",""model"":""445CT"",""machine_type"":""Compact Track Loader"",""track_size"":""450x86Bx55"",""model_key"":""case-445ct""},{""make"":""Case"",""model"":""450CT"",""machine_type"":""Compact Track Loader"",""track_size"":""450x86Bx55"",""model_key"":""case-450ct""},{""make"":""Case"",""model"":""TR320"",""machine_type"":""Compact Track Loader"",""track_size"":""450x86Bx55"",""model_key"":""case-tr320""},{""make"":""Case"",""model"":""TR340"",""machine_type"":""Compact Track Loader"",""track_size"":""450x86Bx55"",""model_key"":""case-tr340""},{""make"":""Case"",""model"":""TR340B"",""machine_type"":""Compact Track Loader"",""track_size"":""450x86Bx55"",""model_key"":""case-tr340b""},{""make"":""Case"",""model"":""TV370"",""machine_type"":"""",""track_size"":""450x86Bx55"",""model_key"":""case-tv370""},{""make"":""Case"",""model"":""TV370B"",""machine_type"":""Compact Track Loader"",""track_size"":""450x86Bx55"",""model_key"":""case-tv370b""},{""make"":""Case"",""model"":""TV380"",""machine_type"":""Compact Track Loader"",""track_size"":""450x86Bx55"",""model_key"":""case-tv380""},{""make"":""Case"",""model"":""TV450"",""machine_type"":"""",""track_size"":""450x86Bx55"",""model_key"":""case-tv450""},{""make"":""Case"",""model"":""TV450B"",""machine_type"":""Compact Track Loader"",""track_size"":""450x86Bx55"",""model_key"":""case-tv450b""},{""make"":""New Holland"",""model"":""C185"",""machine_type"":""Compact Track Loader"",""track_size"":""450x86Bx55"",""model_key"":""new-holland-c185""},{""make"":""New Holland"",""model"":""C190"",""machine_type"":""Compact Track Loader"",""track_size"":""450x86Bx55"",""model_key"":""new-holland-c190""},{""make"":""New Holland"",""model"":""C232"",""machine_type"":""Compact Track Loader"",""track_size"":""450x86Bx55"",""model_key"":""new-holland-c232""},{""make"":""New Holland"",""model"":""C234"",""machine_type"":""Compact Track Loader"",""track_size"":""450x86Bx55"",""model_key"":""new-holland-c234""},{""make"":""New Holland"",""model"":""C237"",""machine_type"":""Compact Track Loader"",""track_size"":""450x86Bx55"",""model_key"":""new-holland-c237""},{""make"":""New Holland"",""model"":""C238"",""machine_type"":""Compact Track Loader"",""track_size"":""450x86Bx55"",""model_key"":""new-holland-c238""},{""make"":""New Holland"",""model"":""C245"",""machine_type"":""Compact Track Loader"",""track_size"":""450x86Bx55"",""model_key"":""new-holland-c245""},{""make"":""New Holland"",""model"":""C332"",""machine_type"":""Compact Track Loader"",""track_size"":""450x86Bx55"",""model_key"":""new-holland-c332""},{""make"":""New Holland"",""model"":""C334"",""machine_type"":""Compact Track Loader"",""track_size"":""450x86Bx55"",""model_key"":""new-holland-c334""},{""make"":""New Holland"",""model"":""C337"",""machine_type"":""Compact Track Loader"",""track_size"":""450x86Bx55"",""model_key"":""new-holland-c337""},{""make"":""New Holland"",""model"":""C345"",""machine_type"":""Compact Track Loader"",""track_size"":""450x86Bx55"",""model_key"":""new-holland-c345""},{""make"":""New Holland"",""model"":""LT185B"",""machine_type"":""Compact Track Loader"",""track_size"":""450x86Bx55"",""model_key"":""new-holland-lt185b""},{""make"":""New Holland"",""model"":""LT190B"",""machine_type"":""Compact Track Loader"",""track_size"":""450x86Bx55"",""model_key"":""new-holland-lt190b""}],""display_text"":""Fits select Bobcat, Case, and New Holland and other compact track loader using 450x86Bx55 rubber tracks.""}"
tnt4508655hdc,MERGE,TRUE,TNT4508655HDC,"{""verified"":true,""machine_type"":""Compact Track Loader"",""track_size"":""450x86Bx55"",""fits"":[{""make"":""Bobcat"",""model"":""T250"",""machine_type"":""Compact Track Loader"",""track_size"":""450x86Bx55"",""model_key"":""bobcat-t250""},{""make"":""Bobcat"",""model"":""T300"",""machine_type"":""Compact Track Loader"",""track_size"":""450x86Bx55"",""model_key"":""bobcat-t300""},{""make"":""Bobcat"",""model"":""T320"",""machine_type"":""Compact Track Loader"",""track_size"":""450x86Bx55"",""model_key"":""bobcat-t320""},{""make"":""Bobcat"",""model"":""T730"",""machine_type"":""Compact Track Loader"",""track_size"":""450x86Bx55"",""model_key"":""bobcat-t730""},{""make"":""Bobcat"",""model"":""T740"",""machine_type"":""Compact Track Loader"",""track_size"":""450x86Bx55"",""model_key"":""bobcat-t740""},{""make"":""Bobcat"",""model"":""T750"",""machine_type"":""Compact Track Loader"",""track_size"":""450x86Bx55"",""model_key"":""bobcat-t750""},{""make"":""Bobcat"",""model"":""T770"",""machine_type"":""Compact Track Loader"",""track_size"":""450x86Bx55"",""model_key"":""bobcat-t770""},{""make"":""Case"",""model"":""445CT"",""machine_type"":""Compact Track Loader"",""track_size"":""450x86Bx55"",""model_key"":""case-445ct""},{""make"":""Case"",""model"":""450CT"",""machine_type"":""Compact Track Loader"",""track_size"":""450x86Bx55"",""model_key"":""case-450ct""},{""make"":""Case"",""model"":""TR320"",""machine_type"":""Compact Track Loader"",""track_size"":""450x86Bx55"",""model_key"":""case-tr320""},{""make"":""Case"",""model"":""TR340"",""machine_type"":""Compact Track Loader"",""track_size"":""450x86Bx55"",""model_key"":""case-tr340""},{""make"":""Case"",""model"":""TR340B"",""machine_type"":""Compact Track Loader"",""track_size"":""450x86Bx55"",""model_key"":""case-tr340b""},{""make"":""Case"",""model"":""TV370"",""machine_type"":"""",""track_size"":""450x86Bx55"",""model_key"":""case-tv370""},{""make"":""Case"",""model"":""TV370B"",""machine_type"":""Compact Track Loader"",""track_size"":""450x86Bx55"",""model_key"":""case-tv370b""},{""make"":""Case"",""model"":""TV380"",""machine_type"":""Compact Track Loader"",""track_size"":""450x86Bx55"",""model_key"":""case-tv380""},{""make"":""Case"",""model"":""TV450"",""machine_type"":"""",""track_size"":""450x86Bx55"",""model_key"":""case-tv450""},{""make"":""Case"",""model"":""TV450B"",""machine_type"":""Compact Track Loader"",""track_size"":""450x86Bx55"",""model_key"":""case-tv450b""},{""make"":""New Holland"",""model"":""C185"",""machine_type"":""Compact Track Loader"",""track_size"":""450x86Bx55"",""model_key"":""new-holland-c185""},{""make"":""New Holland"",""model"":""C190"",""machine_type"":""Compact Track Loader"",""track_size"":""450x86Bx55"",""model_key"":""new-holland-c190""},{""make"":""New Holland"",""model"":""C232"",""machine_type"":""Compact Track Loader"",""track_size"":""450x86Bx55"",""model_key"":""new-holland-c232""},{""make"":""New Holland"",""model"":""C234"",""machine_type"":""Compact Track Loader"",""track_size"":""450x86Bx55"",""model_key"":""new-holland-c234""},{""make"":""New Holland"",""model"":""C237"",""machine_type"":""Compact Track Loader"",""track_size"":""450x86Bx55"",""model_key"":""new-holland-c237""},{""make"":""New Holland"",""model"":""C238"",""machine_type"":""Compact Track Loader"",""track_size"":""450x86Bx55"",""model_key"":""new-holland-c238""},{""make"":""New Holland"",""model"":""C245"",""machine_type"":""Compact Track Loader"",""track_size"":""450x86Bx55"",""model_key"":""new-holland-c245""},{""make"":""New Holland"",""model"":""C332"",""machine_type"":""Compact Track Loader"",""track_size"":""450x86Bx55"",""model_key"":""new-holland-c332""},{""make"":""New Holland"",""model"":""C334"",""machine_type"":""Compact Track Loader"",""track_size"":""450x86Bx55"",""model_key"":""new-holland-c334""},{""make"":""New Holland"",""model"":""C337"",""machine_type"":""Compact Track Loader"",""track_size"":""450x86Bx55"",""model_key"":""new-holland-c337""},{""make"":""New Holland"",""model"":""C345"",""machine_type"":""Compact Track Loader"",""track_size"":""450x86Bx55"",""model_key"":""new-holland-c345""},{""make"":""New Holland"",""model"":""LT185B"",""machine_type"":""Compact Track Loader"",""track_size"":""450x86Bx55"",""model_key"":""new-holland-lt185b""},{""make"":""New Holland"",""model"":""LT190B"",""machine_type"":""Compact Track Loader"",""track_size"":""450x86Bx55"",""model_key"":""new-holland-lt190b""}],""display_text"":""Fits select Bobcat, Case, and New Holland and other compact track loader using 450x86Bx55 rubber tracks.""}"
tnt4508655hdmb,MERGE,TRUE,TNT4508655HDMB,"{""verified"":true,""machine_type"":""Compact Track Loader"",""track_size"":""450x86Bx55"",""fits"":[{""make"":""Bobcat"",""model"":""T250"",""machine_type"":""Compact Track Loader"",""track_size"":""450x86Bx55"",""model_key"":""bobcat-t250""},{""make"":""Bobcat"",""model"":""T300"",""machine_type"":""Compact Track Loader"",""track_size"":""450x86Bx55"",""model_key"":""bobcat-t300""},{""make"":""Bobcat"",""model"":""T320"",""machine_type"":""Compact Track Loader"",""track_size"":""450x86Bx55"",""model_key"":""bobcat-t320""},{""make"":""Bobcat"",""model"":""T730"",""machine_type"":""Compact Track Loader"",""track_size"":""450x86Bx55"",""model_key"":""bobcat-t730""},{""make"":""Bobcat"",""model"":""T740"",""machine_type"":""Compact Track Loader"",""track_size"":""450x86Bx55"",""model_key"":""bobcat-t740""},{""make"":""Bobcat"",""model"":""T750"",""machine_type"":""Compact Track Loader"",""track_size"":""450x86Bx55"",""model_key"":""bobcat-t750""},{""make"":""Bobcat"",""model"":""T770"",""machine_type"":""Compact Track Loader"",""track_size"":""450x86Bx55"",""model_key"":""bobcat-t770""},{""make"":""Case"",""model"":""445CT"",""machine_type"":""Compact Track Loader"",""track_size"":""450x86Bx55"",""model_key"":""case-445ct""},{""make"":""Case"",""model"":""450CT"",""machine_type"":""Compact Track Loader"",""track_size"":""450x86Bx55"",""model_key"":""case-450ct""},{""make"":""Case"",""model"":""TR320"",""machine_type"":""Compact Track Loader"",""track_size"":""450x86Bx55"",""model_key"":""case-tr320""},{""make"":""Case"",""model"":""TR340"",""machine_type"":""Compact Track Loader"",""track_size"":""450x86Bx55"",""model_key"":""case-tr340""},{""make"":""Case"",""model"":""TR340B"",""machine_type"":""Compact Track Loader"",""track_size"":""450x86Bx55"",""model_key"":""case-tr340b""},{""make"":""Case"",""model"":""TV370"",""machine_type"":"""",""track_size"":""450x86Bx55"",""model_key"":""case-tv370""},{""make"":""Case"",""model"":""TV370B"",""machine_type"":""Compact Track Loader"",""track_size"":""450x86Bx55"",""model_key"":""case-tv370b""},{""make"":""Case"",""model"":""TV380"",""machine_type"":""Compact Track Loader"",""track_size"":""450x86Bx55"",""model_key"":""case-tv380""},{""make"":""Case"",""model"":""TV450"",""machine_type"":"""",""track_size"":""450x86Bx55"",""model_key"":""case-tv450""},{""make"":""Case"",""model"":""TV450B"",""machine_type"":""Compact Track Loader"",""track_size"":""450x86Bx55"",""model_key"":""case-tv450b""},{""make"":""New Holland"",""model"":""C185"",""machine_type"":""Compact Track Loader"",""track_size"":""450x86Bx55"",""model_key"":""new-holland-c185""},{""make"":""New Holland"",""model"":""C190"",""machine_type"":""Compact Track Loader"",""track_size"":""450x86Bx55"",""model_key"":""new-holland-c190""},{""make"":""New Holland"",""model"":""C232"",""machine_type"":""Compact Track Loader"",""track_size"":""450x86Bx55"",""model_key"":""new-holland-c232""},{""make"":""New Holland"",""model"":""C234"",""machine_type"":""Compact Track Loader"",""track_size"":""450x86Bx55"",""model_key"":""new-holland-c234""},{""make"":""New Holland"",""model"":""C237"",""machine_type"":""Compact Track Loader"",""track_size"":""450x86Bx55"",""model_key"":""new-holland-c237""},{""make"":""New Holland"",""model"":""C238"",""machine_type"":""Compact Track Loader"",""track_size"":""450x86Bx55"",""model_key"":""new-holland-c238""},{""make"":""New Holland"",""model"":""C245"",""machine_type"":""Compact Track Loader"",""track_size"":""450x86Bx55"",""model_key"":""new-holland-c245""},{""make"":""New Holland"",""model"":""C332"",""machine_type"":""Compact Track Loader"",""track_size"":""450x86Bx55"",""model_key"":""new-holland-c332""},{""make"":""New Holland"",""model"":""C334"",""machine_type"":""Compact Track Loader"",""track_size"":""450x86Bx55"",""model_key"":""new-holland-c334""},{""make"":""New Holland"",""model"":""C337"",""machine_type"":""Compact Track Loader"",""track_size"":""450x86Bx55"",""model_key"":""new-holland-c337""},{""make"":""New Holland"",""model"":""C345"",""machine_type"":""Compact Track Loader"",""track_size"":""450x86Bx55"",""model_key"":""new-holland-c345""},{""make"":""New Holland"",""model"":""LT185B"",""machine_type"":""Compact Track Loader"",""track_size"":""450x86Bx55"",""model_key"":""new-holland-lt185b""},{""make"":""New Holland"",""model"":""LT190B"",""machine_type"":""Compact Track Loader"",""track_size"":""450x86Bx55"",""model_key"":""new-holland-lt190b""}],""display_text"":""Fits select Bobcat, Case, and New Holland and other compact track loader using 450x86Bx55 rubber tracks.""}"
tnt4508655hdxt,MERGE,TRUE,TNT4508655HDXT,"{""verified"":true,""machine_type"":""Compact Track Loader"",""track_size"":""450x86Bx55"",""fits"":[{""make"":""Bobcat"",""model"":""T250"",""machine_type"":""Compact Track Loader"",""track_size"":""450x86Bx55"",""model_key"":""bobcat-t250""},{""make"":""Bobcat"",""model"":""T300"",""machine_type"":""Compact Track Loader"",""track_size"":""450x86Bx55"",""model_key"":""bobcat-t300""},{""make"":""Bobcat"",""model"":""T320"",""machine_type"":""Compact Track Loader"",""track_size"":""450x86Bx55"",""model_key"":""bobcat-t320""},{""make"":""Bobcat"",""model"":""T730"",""machine_type"":""Compact Track Loader"",""track_size"":""450x86Bx55"",""model_key"":""bobcat-t730""},{""make"":""Bobcat"",""model"":""T740"",""machine_type"":""Compact Track Loader"",""track_size"":""450x86Bx55"",""model_key"":""bobcat-t740""},{""make"":""Bobcat"",""model"":""T750"",""machine_type"":""Compact Track Loader"",""track_size"":""450x86Bx55"",""model_key"":""bobcat-t750""},{""make"":""Bobcat"",""model"":""T770"",""machine_type"":""Compact Track Loader"",""track_size"":""450x86Bx55"",""model_key"":""bobcat-t770""},{""make"":""Case"",""model"":""445CT"",""machine_type"":""Compact Track Loader"",""track_size"":""450x86Bx55"",""model_key"":""case-445ct""},{""make"":""Case"",""model"":""450CT"",""machine_type"":""Compact Track Loader"",""track_size"":""450x86Bx55"",""model_key"":""case-450ct""},{""make"":""Case"",""model"":""TR320"",""machine_type"":""Compact Track Loader"",""track_size"":""450x86Bx55"",""model_key"":""case-tr320""},{""make"":""Case"",""model"":""TR340"",""machine_type"":""Compact Track Loader"",""track_size"":""450x86Bx55"",""model_key"":""case-tr340""},{""make"":""Case"",""model"":""TR340B"",""machine_type"":""Compact Track Loader"",""track_size"":""450x86Bx55"",""model_key"":""case-tr340b""},{""make"":""Case"",""model"":""TV370"",""machine_type"":"""",""track_size"":""450x86Bx55"",""model_key"":""case-tv370""},{""make"":""Case"",""model"":""TV370B"",""machine_type"":""Compact Track Loader"",""track_size"":""450x86Bx55"",""model_key"":""case-tv370b""},{""make"":""Case"",""model"":""TV380"",""machine_type"":""Compact Track Loader"",""track_size"":""450x86Bx55"",""model_key"":""case-tv380""},{""make"":""Case"",""model"":""TV450"",""machine_type"":"""",""track_size"":""450x86Bx55"",""model_key"":""case-tv450""},{""make"":""Case"",""model"":""TV450B"",""machine_type"":""Compact Track Loader"",""track_size"":""450x86Bx55"",""model_key"":""case-tv450b""},{""make"":""New Holland"",""model"":""C185"",""machine_type"":""Compact Track Loader"",""track_size"":""450x86Bx55"",""model_key"":""new-holland-c185""},{""make"":""New Holland"",""model"":""C190"",""machine_type"":""Compact Track Loader"",""track_size"":""450x86Bx55"",""model_key"":""new-holland-c190""},{""make"":""New Holland"",""model"":""C232"",""machine_type"":""Compact Track Loader"",""track_size"":""450x86Bx55"",""model_key"":""new-holland-c232""},{""make"":""New Holland"",""model"":""C234"",""machine_type"":""Compact Track Loader"",""track_size"":""450x86Bx55"",""model_key"":""new-holland-c234""},{""make"":""New Holland"",""model"":""C237"",""machine_type"":""Compact Track Loader"",""track_size"":""450x86Bx55"",""model_key"":""new-holland-c237""},{""make"":""New Holland"",""model"":""C238"",""machine_type"":""Compact Track Loader"",""track_size"":""450x86Bx55"",""model_key"":""new-holland-c238""},{""make"":""New Holland"",""model"":""C245"",""machine_type"":""Compact Track Loader"",""track_size"":""450x86Bx55"",""model_key"":""new-holland-c245""},{""make"":""New Holland"",""model"":""C332"",""machine_type"":""Compact Track Loader"",""track_size"":""450x86Bx55"",""model_key"":""new-holland-c332""},{""make"":""New Holland"",""model"":""C334"",""machine_type"":""Compact Track Loader"",""track_size"":""450x86Bx55"",""model_key"":""new-holland-c334""},{""make"":""New Holland"",""model"":""C337"",""machine_type"":""Compact Track Loader"",""track_size"":""450x86Bx55"",""model_key"":""new-holland-c337""},{""make"":""New Holland"",""model"":""C345"",""machine_type"":""Compact Track Loader"",""track_size"":""450x86Bx55"",""model_key"":""new-holland-c345""},{""make"":""New Holland"",""model"":""LT185B"",""machine_type"":""Compact Track Loader"",""track_size"":""450x86Bx55"",""model_key"":""new-holland-lt185b""},{""make"":""New Holland"",""model"":""LT190B"",""machine_type"":""Compact Track Loader"",""track_size"":""450x86Bx55"",""model_key"":""new-holland-lt190b""}],""display_text"":""Fits select Bobcat, Case, and New Holland and other compact track loader using 450x86Bx55 rubber tracks.""}"
tnt4508655hdz,MERGE,TRUE,TNT4508655HDZ,"{""verified"":true,""machine_type"":""Compact Track Loader"",""track_size"":""450x86Bx55"",""fits"":[{""make"":""Bobcat"",""model"":""T250"",""machine_type"":""Compact Track Loader"",""track_size"":""450x86Bx55"",""model_key"":""bobcat-t250""},{""make"":""Bobcat"",""model"":""T300"",""machine_type"":""Compact Track Loader"",""track_size"":""450x86Bx55"",""model_key"":""bobcat-t300""},{""make"":""Bobcat"",""model"":""T320"",""machine_type"":""Compact Track Loader"",""track_size"":""450x86Bx55"",""model_key"":""bobcat-t320""},{""make"":""Bobcat"",""model"":""T730"",""machine_type"":""Compact Track Loader"",""track_size"":""450x86Bx55"",""model_key"":""bobcat-t730""},{""make"":""Bobcat"",""model"":""T740"",""machine_type"":""Compact Track Loader"",""track_size"":""450x86Bx55"",""model_key"":""bobcat-t740""},{""make"":""Bobcat"",""model"":""T750"",""machine_type"":""Compact Track Loader"",""track_size"":""450x86Bx55"",""model_key"":""bobcat-t750""},{""make"":""Bobcat"",""model"":""T770"",""machine_type"":""Compact Track Loader"",""track_size"":""450x86Bx55"",""model_key"":""bobcat-t770""},{""make"":""Case"",""model"":""445CT"",""machine_type"":""Compact Track Loader"",""track_size"":""450x86Bx55"",""model_key"":""case-445ct""},{""make"":""Case"",""model"":""450CT"",""machine_type"":""Compact Track Loader"",""track_size"":""450x86Bx55"",""model_key"":""case-450ct""},{""make"":""Case"",""model"":""TR320"",""machine_type"":""Compact Track Loader"",""track_size"":""450x86Bx55"",""model_key"":""case-tr320""},{""make"":""Case"",""model"":""TR340"",""machine_type"":""Compact Track Loader"",""track_size"":""450x86Bx55"",""model_key"":""case-tr340""},{""make"":""Case"",""model"":""TR340B"",""machine_type"":""Compact Track Loader"",""track_size"":""450x86Bx55"",""model_key"":""case-tr340b""},{""make"":""Case"",""model"":""TV370"",""machine_type"":"""",""track_size"":""450x86Bx55"",""model_key"":""case-tv370""},{""make"":""Case"",""model"":""TV370B"",""machine_type"":""Compact Track Loader"",""track_size"":""450x86Bx55"",""model_key"":""case-tv370b""},{""make"":""Case"",""model"":""TV380"",""machine_type"":""Compact Track Loader"",""track_size"":""450x86Bx55"",""model_key"":""case-tv380""},{""make"":""Case"",""model"":""TV450"",""machine_type"":"""",""track_size"":""450x86Bx55"",""model_key"":""case-tv450""},{""make"":""Case"",""model"":""TV450B"",""machine_type"":""Compact Track Loader"",""track_size"":""450x86Bx55"",""model_key"":""case-tv450b""},{""make"":""New Holland"",""model"":""C185"",""machine_type"":""Compact Track Loader"",""track_size"":""450x86Bx55"",""model_key"":""new-holland-c185""},{""make"":""New Holland"",""model"":""C190"",""machine_type"":""Compact Track Loader"",""track_size"":""450x86Bx55"",""model_key"":""new-holland-c190""},{""make"":""New Holland"",""model"":""C232"",""machine_type"":""Compact Track Loader"",""track_size"":""450x86Bx55"",""model_key"":""new-holland-c232""},{""make"":""New Holland"",""model"":""C234"",""machine_type"":""Compact Track Loader"",""track_size"":""450x86Bx55"",""model_key"":""new-holland-c234""},{""make"":""New Holland"",""model"":""C237"",""machine_type"":""Compact Track Loader"",""track_size"":""450x86Bx55"",""model_key"":""new-holland-c237""},{""make"":""New Holland"",""model"":""C238"",""machine_type"":""Compact Track Loader"",""track_size"":""450x86Bx55"",""model_key"":""new-holland-c238""},{""make"":""New Holland"",""model"":""C245"",""machine_type"":""Compact Track Loader"",""track_size"":""450x86Bx55"",""model_key"":""new-holland-c245""},{""make"":""New Holland"",""model"":""C332"",""machine_type"":""Compact Track Loader"",""track_size"":""450x86Bx55"",""model_key"":""new-holland-c332""},{""make"":""New Holland"",""model"":""C334"",""machine_type"":""Compact Track Loader"",""track_size"":""450x86Bx55"",""model_key"":""new-holland-c334""},{""make"":""New Holland"",""model"":""C337"",""machine_type"":""Compact Track Loader"",""track_size"":""450x86Bx55"",""model_key"":""new-holland-c337""},{""make"":""New Holland"",""model"":""C345"",""machine_type"":""Compact Track Loader"",""track_size"":""450x86Bx55"",""model_key"":""new-holland-c345""},{""make"":""New Holland"",""model"":""LT185B"",""machine_type"":""Compact Track Loader"",""track_size"":""450x86Bx55"",""model_key"":""new-holland-lt185b""},{""make"":""New Holland"",""model"":""LT190B"",""machine_type"":""Compact Track Loader"",""track_size"":""450x86Bx55"",""model_key"":""new-holland-lt190b""}],""display_text"":""Fits select Bobcat, Case, and New Holland and other compact track loader using 450x86Bx55 rubber tracks.""}"
tnt4508655hdzb,MERGE,TRUE,TNT4508655HDZB,"{""verified"":true,""machine_type"":""Compact Track Loader"",""track_size"":""450x86Bx55"",""fits"":[{""make"":""Bobcat"",""model"":""T250"",""machine_type"":""Compact Track Loader"",""track_size"":""450x86Bx55"",""model_key"":""bobcat-t250""},{""make"":""Bobcat"",""model"":""T300"",""machine_type"":""Compact Track Loader"",""track_size"":""450x86Bx55"",""model_key"":""bobcat-t300""},{""make"":""Bobcat"",""model"":""T320"",""machine_type"":""Compact Track Loader"",""track_size"":""450x86Bx55"",""model_key"":""bobcat-t320""},{""make"":""Bobcat"",""model"":""T730"",""machine_type"":""Compact Track Loader"",""track_size"":""450x86Bx55"",""model_key"":""bobcat-t730""},{""make"":""Bobcat"",""model"":""T740"",""machine_type"":""Compact Track Loader"",""track_size"":""450x86Bx55"",""model_key"":""bobcat-t740""},{""make"":""Bobcat"",""model"":""T750"",""machine_type"":""Compact Track Loader"",""track_size"":""450x86Bx55"",""model_key"":""bobcat-t750""},{""make"":""Bobcat"",""model"":""T770"",""machine_type"":""Compact Track Loader"",""track_size"":""450x86Bx55"",""model_key"":""bobcat-t770""},{""make"":""Case"",""model"":""445CT"",""machine_type"":""Compact Track Loader"",""track_size"":""450x86Bx55"",""model_key"":""case-445ct""},{""make"":""Case"",""model"":""450CT"",""machine_type"":""Compact Track Loader"",""track_size"":""450x86Bx55"",""model_key"":""case-450ct""},{""make"":""Case"",""model"":""TR320"",""machine_type"":""Compact Track Loader"",""track_size"":""450x86Bx55"",""model_key"":""case-tr320""},{""make"":""Case"",""model"":""TR340"",""machine_type"":""Compact Track Loader"",""track_size"":""450x86Bx55"",""model_key"":""case-tr340""},{""make"":""Case"",""model"":""TR340B"",""machine_type"":""Compact Track Loader"",""track_size"":""450x86Bx55"",""model_key"":""case-tr340b""},{""make"":""Case"",""model"":""TV370"",""machine_type"":"""",""track_size"":""450x86Bx55"",""model_key"":""case-tv370""},{""make"":""Case"",""model"":""TV370B"",""machine_type"":""Compact Track Loader"",""track_size"":""450x86Bx55"",""model_key"":""case-tv370b""},{""make"":""Case"",""model"":""TV380"",""machine_type"":""Compact Track Loader"",""track_size"":""450x86Bx55"",""model_key"":""case-tv380""},{""make"":""Case"",""model"":""TV450"",""machine_type"":"""",""track_size"":""450x86Bx55"",""model_key"":""case-tv450""},{""make"":""Case"",""model"":""TV450B"",""machine_type"":""Compact Track Loader"",""track_size"":""450x86Bx55"",""model_key"":""case-tv450b""},{""make"":""New Holland"",""model"":""C185"",""machine_type"":""Compact Track Loader"",""track_size"":""450x86Bx55"",""model_key"":""new-holland-c185""},{""make"":""New Holland"",""model"":""C190"",""machine_type"":""Compact Track Loader"",""track_size"":""450x86Bx55"",""model_key"":""new-holland-c190""},{""make"":""New Holland"",""model"":""C232"",""machine_type"":""Compact Track Loader"",""track_size"":""450x86Bx55"",""model_key"":""new-holland-c232""},{""make"":""New Holland"",""model"":""C234"",""machine_type"":""Compact Track Loader"",""track_size"":""450x86Bx55"",""model_key"":""new-holland-c234""},{""make"":""New Holland"",""model"":""C237"",""machine_type"":""Compact Track Loader"",""track_size"":""450x86Bx55"",""model_key"":""new-holland-c237""},{""make"":""New Holland"",""model"":""C238"",""machine_type"":""Compact Track Loader"",""track_size"":""450x86Bx55"",""model_key"":""new-holland-c238""},{""make"":""New Holland"",""model"":""C245"",""machine_type"":""Compact Track Loader"",""track_size"":""450x86Bx55"",""model_key"":""new-holland-c245""},{""make"":""New Holland"",""model"":""C332"",""machine_type"":""Compact Track Loader"",""track_size"":""450x86Bx55"",""model_key"":""new-holland-c332""},{""make"":""New Holland"",""model"":""C334"",""machine_type"":""Compact Track Loader"",""track_size"":""450x86Bx55"",""model_key"":""new-holland-c334""},{""make"":""New Holland"",""model"":""C337"",""machine_type"":""Compact Track Loader"",""track_size"":""450x86Bx55"",""model_key"":""new-holland-c337""},{""make"":""New Holland"",""model"":""C345"",""machine_type"":""Compact Track Loader"",""track_size"":""450x86Bx55"",""model_key"":""new-holland-c345""},{""make"":""New Holland"",""model"":""LT185B"",""machine_type"":""Compact Track Loader"",""track_size"":""450x86Bx55"",""model_key"":""new-holland-lt185b""},{""make"":""New Holland"",""model"":""LT190B"",""machine_type"":""Compact Track Loader"",""track_size"":""450x86Bx55"",""model_key"":""new-holland-lt190b""}],""display_text"":""Fits select Bobcat, Case, and New Holland and other compact track loader using 450x86Bx55 rubber tracks.""}"
tnt4508655sdc,MERGE,TRUE,TNT4508655SDC,"{""verified"":true,""machine_type"":""Compact Track Loader"",""track_size"":""450x86Bx55"",""fits"":[{""make"":""Bobcat"",""model"":""T250"",""machine_type"":""Compact Track Loader"",""track_size"":""450x86Bx55"",""model_key"":""bobcat-t250""},{""make"":""Bobcat"",""model"":""T300"",""machine_type"":""Compact Track Loader"",""track_size"":""450x86Bx55"",""model_key"":""bobcat-t300""},{""make"":""Bobcat"",""model"":""T320"",""machine_type"":""Compact Track Loader"",""track_size"":""450x86Bx55"",""model_key"":""bobcat-t320""},{""make"":""Bobcat"",""model"":""T730"",""machine_type"":""Compact Track Loader"",""track_size"":""450x86Bx55"",""model_key"":""bobcat-t730""},{""make"":""Bobcat"",""model"":""T740"",""machine_type"":""Compact Track Loader"",""track_size"":""450x86Bx55"",""model_key"":""bobcat-t740""},{""make"":""Bobcat"",""model"":""T750"",""machine_type"":""Compact Track Loader"",""track_size"":""450x86Bx55"",""model_key"":""bobcat-t750""},{""make"":""Bobcat"",""model"":""T770"",""machine_type"":""Compact Track Loader"",""track_size"":""450x86Bx55"",""model_key"":""bobcat-t770""},{""make"":""Case"",""model"":""445CT"",""machine_type"":""Compact Track Loader"",""track_size"":""450x86Bx55"",""model_key"":""case-445ct""},{""make"":""Case"",""model"":""450CT"",""machine_type"":""Compact Track Loader"",""track_size"":""450x86Bx55"",""model_key"":""case-450ct""},{""make"":""Case"",""model"":""TR320"",""machine_type"":""Compact Track Loader"",""track_size"":""450x86Bx55"",""model_key"":""case-tr320""},{""make"":""Case"",""model"":""TR340"",""machine_type"":""Compact Track Loader"",""track_size"":""450x86Bx55"",""model_key"":""case-tr340""},{""make"":""Case"",""model"":""TR340B"",""machine_type"":""Compact Track Loader"",""track_size"":""450x86Bx55"",""model_key"":""case-tr340b""},{""make"":""Case"",""model"":""TV370"",""machine_type"":"""",""track_size"":""450x86Bx55"",""model_key"":""case-tv370""},{""make"":""Case"",""model"":""TV370B"",""machine_type"":""Compact Track Loader"",""track_size"":""450x86Bx55"",""model_key"":""case-tv370b""},{""make"":""Case"",""model"":""TV380"",""machine_type"":""Compact Track Loader"",""track_size"":""450x86Bx55"",""model_key"":""case-tv380""},{""make"":""Case"",""model"":""TV450"",""machine_type"":"""",""track_size"":""450x86Bx55"",""model_key"":""case-tv450""},{""make"":""Case"",""model"":""TV450B"",""machine_type"":""Compact Track Loader"",""track_size"":""450x86Bx55"",""model_key"":""case-tv450b""},{""make"":""New Holland"",""model"":""C185"",""machine_type"":""Compact Track Loader"",""track_size"":""450x86Bx55"",""model_key"":""new-holland-c185""},{""make"":""New Holland"",""model"":""C190"",""machine_type"":""Compact Track Loader"",""track_size"":""450x86Bx55"",""model_key"":""new-holland-c190""},{""make"":""New Holland"",""model"":""C232"",""machine_type"":""Compact Track Loader"",""track_size"":""450x86Bx55"",""model_key"":""new-holland-c232""},{""make"":""New Holland"",""model"":""C234"",""machine_type"":""Compact Track Loader"",""track_size"":""450x86Bx55"",""model_key"":""new-holland-c234""},{""make"":""New Holland"",""model"":""C237"",""machine_type"":""Compact Track Loader"",""track_size"":""450x86Bx55"",""model_key"":""new-holland-c237""},{""make"":""New Holland"",""model"":""C238"",""machine_type"":""Compact Track Loader"",""track_size"":""450x86Bx55"",""model_key"":""new-holland-c238""},{""make"":""New Holland"",""model"":""C245"",""machine_type"":""Compact Track Loader"",""track_size"":""450x86Bx55"",""model_key"":""new-holland-c245""},{""make"":""New Holland"",""model"":""C332"",""machine_type"":""Compact Track Loader"",""track_size"":""450x86Bx55"",""model_key"":""new-holland-c332""},{""make"":""New Holland"",""model"":""C334"",""machine_type"":""Compact Track Loader"",""track_size"":""450x86Bx55"",""model_key"":""new-holland-c334""},{""make"":""New Holland"",""model"":""C337"",""machine_type"":""Compact Track Loader"",""track_size"":""450x86Bx55"",""model_key"":""new-holland-c337""},{""make"":""New Holland"",""model"":""C345"",""machine_type"":""Compact Track Loader"",""track_size"":""450x86Bx55"",""model_key"":""new-holland-c345""},{""make"":""New Holland"",""model"":""LT185B"",""machine_type"":""Compact Track Loader"",""track_size"":""450x86Bx55"",""model_key"":""new-holland-lt185b""},{""make"":""New Holland"",""model"":""LT190B"",""machine_type"":""Compact Track Loader"",""track_size"":""450x86Bx55"",""model_key"":""new-holland-lt190b""}],""display_text"":""Fits select Bobcat, Case, and New Holland and other compact track loader using 450x86Bx55 rubber tracks.""}"
tnt4508656hdbd,MERGE,TRUE,TNT4508656HDBD,"{""verified"":true,""machine_type"":""Compact Track Loader"",""track_size"":""450x86Bx56"",""fits"":[{""make"":""CAT"",""model"":""279C2"",""machine_type"":"""",""track_size"":""450x86Bx56"",""model_key"":""cat-279c2""},{""make"":""CAT"",""model"":""279D"",""machine_type"":""Compact Track Loader"",""track_size"":""450x86Bx56"",""model_key"":""cat-279d""},{""make"":""CAT"",""model"":""289C2"",""machine_type"":""Compact Track Loader"",""track_size"":""450x86Bx56"",""model_key"":""cat-289c2""},{""make"":""CAT"",""model"":""289D"",""machine_type"":""Compact Track Loader"",""track_size"":""450x86Bx56"",""model_key"":""cat-289d""},{""make"":""CAT"",""model"":""289D3"",""machine_type"":""Compact Track Loader"",""track_size"":""450x86Bx56"",""model_key"":""cat-289d3""},{""make"":""Gehl"",""model"":""RT210"",""machine_type"":""Compact Track Loader"",""track_size"":""450x86Bx56"",""model_key"":""gehl-rt210""},{""make"":""Gehl"",""model"":""RT215"",""machine_type"":""Compact Track Loader"",""track_size"":""450x86Bx56"",""model_key"":""gehl-rt215""},{""make"":""JCB"",""model"":""225T ECO"",""machine_type"":""Compact Track Loader"",""track_size"":""450x86Bx56"",""model_key"":""jcb-225t-eco""},{""make"":""JCB"",""model"":""260T"",""machine_type"":"""",""track_size"":""450x86Bx56"",""model_key"":""jcb-260t""},{""make"":""JCB"",""model"":""260T ECO"",""machine_type"":""Compact Track Loader"",""track_size"":""450x86Bx56"",""model_key"":""jcb-260t-eco""},{""make"":""JCB"",""model"":""270T ECO"",""machine_type"":""Compact Track Loader"",""track_size"":""450x86Bx56"",""model_key"":""jcb-270t-eco""},{""make"":""JCB"",""model"":""300T"",""machine_type"":"""",""track_size"":""450x86Bx56"",""model_key"":""jcb-300t""},{""make"":""JCB"",""model"":""320T ECO"",""machine_type"":""Compact Track Loader"",""track_size"":""450x86Bx56"",""model_key"":""jcb-320t-eco""},{""make"":""JCB"",""model"":""3TS-8T"",""machine_type"":""Compact Track Loader"",""track_size"":""450x86Bx56"",""model_key"":""jcb-3ts-8t""},{""make"":""John Deere"",""model"":""329D"",""machine_type"":""Compact Track Loader"",""track_size"":""450x86Bx56"",""model_key"":""john-deere-329d""},{""make"":""John Deere"",""model"":""329E"",""machine_type"":""Compact Track Loader"",""track_size"":""450x86Bx56"",""model_key"":""john-deere-329e""},{""make"":""John Deere"",""model"":""333D"",""machine_type"":""Compact Track Loader"",""track_size"":""450x86Bx56"",""model_key"":""john-deere-333d""},{""make"":""John Deere"",""model"":""333E"",""machine_type"":""Compact Track Loader"",""track_size"":""450x86Bx56"",""model_key"":""john-deere-333e""},{""make"":""John Deere"",""model"":""CT332"",""machine_type"":""Compact Track Loader"",""track_size"":""450x86Bx56"",""model_key"":""john-deere-ct332""},{""make"":""Komatsu"",""model"":""CK30-1"",""machine_type"":""Compact Track Loader"",""track_size"":""450x86Bx56"",""model_key"":""komatsu-ck30-1""},{""make"":""Komatsu"",""model"":""CK35"",""machine_type"":""Compact Track Loader"",""track_size"":""450x86Bx56"",""model_key"":""komatsu-ck35""},{""make"":""Komatsu"",""model"":""CK35-1"",""machine_type"":""Compact Track Loader"",""track_size"":""450x86Bx56"",""model_key"":""komatsu-ck35-1""},{""make"":""Mustang"",""model"":""2100RT"",""machine_type"":""Compact Track Loader"",""track_size"":""450x86Bx56"",""model_key"":""mustang-2100rt""},{""make"":""Mustang"",""model"":""2150RT"",""machine_type"":""Compact Track Loader"",""track_size"":""450x86Bx56"",""model_key"":""mustang-2150rt""},{""make"":""Volvo"",""model"":""MCT110C"",""machine_type"":""Compact Track Loader"",""track_size"":""450x86Bx56"",""model_key"":""volvo-mct110c""},{""make"":""Volvo"",""model"":""MCT125C"",""machine_type"":""Compact Track Loader"",""track_size"":""450x86Bx56"",""model_key"":""volvo-mct125c""},{""make"":""Volvo"",""model"":""MCT135C"",""machine_type"":""Compact Track Loader"",""track_size"":""450x86Bx56"",""model_key"":""volvo-mct135c""},{""make"":""Volvo"",""model"":""MCT145C"",""machine_type"":""Compact Track Loader"",""track_size"":""450x86Bx56"",""model_key"":""volvo-mct145c""},{""make"":""Yanmar"",""model"":""T210"",""machine_type"":""Compact Track Loader"",""track_size"":""450x86Bx56"",""model_key"":""yanmar-t210""}],""display_text"":""Fits select CAT, Gehl, JCB, and 5 other brands and other compact track loader using 450x86Bx56 rubber tracks.""}"
tnt4508656hdbl,MERGE,TRUE,TNT4508656HDBL,"{""verified"":true,""machine_type"":""Compact Track Loader"",""track_size"":""450x86Bx56"",""fits"":[{""make"":""CAT"",""model"":""279C2"",""machine_type"":"""",""track_size"":""450x86Bx56"",""model_key"":""cat-279c2""},{""make"":""CAT"",""model"":""279D"",""machine_type"":""Compact Track Loader"",""track_size"":""450x86Bx56"",""model_key"":""cat-279d""},{""make"":""CAT"",""model"":""289C2"",""machine_type"":""Compact Track Loader"",""track_size"":""450x86Bx56"",""model_key"":""cat-289c2""},{""make"":""CAT"",""model"":""289D"",""machine_type"":""Compact Track Loader"",""track_size"":""450x86Bx56"",""model_key"":""cat-289d""},{""make"":""CAT"",""model"":""289D3"",""machine_type"":""Compact Track Loader"",""track_size"":""450x86Bx56"",""model_key"":""cat-289d3""},{""make"":""Gehl"",""model"":""RT210"",""machine_type"":""Compact Track Loader"",""track_size"":""450x86Bx56"",""model_key"":""gehl-rt210""},{""make"":""Gehl"",""model"":""RT215"",""machine_type"":""Compact Track Loader"",""track_size"":""450x86Bx56"",""model_key"":""gehl-rt215""},{""make"":""JCB"",""model"":""225T ECO"",""machine_type"":""Compact Track Loader"",""track_size"":""450x86Bx56"",""model_key"":""jcb-225t-eco""},{""make"":""JCB"",""model"":""260T"",""machine_type"":"""",""track_size"":""450x86Bx56"",""model_key"":""jcb-260t""},{""make"":""JCB"",""model"":""260T ECO"",""machine_type"":""Compact Track Loader"",""track_size"":""450x86Bx56"",""model_key"":""jcb-260t-eco""},{""make"":""JCB"",""model"":""270T ECO"",""machine_type"":""Compact Track Loader"",""track_size"":""450x86Bx56"",""model_key"":""jcb-270t-eco""},{""make"":""JCB"",""model"":""300T"",""machine_type"":"""",""track_size"":""450x86Bx56"",""model_key"":""jcb-300t""},{""make"":""JCB"",""model"":""320T ECO"",""machine_type"":""Compact Track Loader"",""track_size"":""450x86Bx56"",""model_key"":""jcb-320t-eco""},{""make"":""JCB"",""model"":""3TS-8T"",""machine_type"":""Compact Track Loader"",""track_size"":""450x86Bx56"",""model_key"":""jcb-3ts-8t""},{""make"":""John Deere"",""model"":""329D"",""machine_type"":""Compact Track Loader"",""track_size"":""450x86Bx56"",""model_key"":""john-deere-329d""},{""make"":""John Deere"",""model"":""329E"",""machine_type"":""Compact Track Loader"",""track_size"":""450x86Bx56"",""model_key"":""john-deere-329e""},{""make"":""John Deere"",""model"":""333D"",""machine_type"":""Compact Track Loader"",""track_size"":""450x86Bx56"",""model_key"":""john-deere-333d""},{""make"":""John Deere"",""model"":""333E"",""machine_type"":""Compact Track Loader"",""track_size"":""450x86Bx56"",""model_key"":""john-deere-333e""},{""make"":""John Deere"",""model"":""CT332"",""machine_type"":""Compact Track Loader"",""track_size"":""450x86Bx56"",""model_key"":""john-deere-ct332""},{""make"":""Komatsu"",""model"":""CK30-1"",""machine_type"":""Compact Track Loader"",""track_size"":""450x86Bx56"",""model_key"":""komatsu-ck30-1""},{""make"":""Komatsu"",""model"":""CK35"",""machine_type"":""Compact Track Loader"",""track_size"":""450x86Bx56"",""model_key"":""komatsu-ck35""},{""make"":""Komatsu"",""model"":""CK35-1"",""machine_type"":""Compact Track Loader"",""track_size"":""450x86Bx56"",""model_key"":""komatsu-ck35-1""},{""make"":""Mustang"",""model"":""2100RT"",""machine_type"":""Compact Track Loader"",""track_size"":""450x86Bx56"",""model_key"":""mustang-2100rt""},{""make"":""Mustang"",""model"":""2150RT"",""machine_type"":""Compact Track Loader"",""track_size"":""450x86Bx56"",""model_key"":""mustang-2150rt""},{""make"":""Volvo"",""model"":""MCT110C"",""machine_type"":""Compact Track Loader"",""track_size"":""450x86Bx56"",""model_key"":""volvo-mct110c""},{""make"":""Volvo"",""model"":""MCT125C"",""machine_type"":""Compact Track Loader"",""track_size"":""450x86Bx56"",""model_key"":""volvo-mct125c""},{""make"":""Volvo"",""model"":""MCT135C"",""machine_type"":""Compact Track Loader"",""track_size"":""450x86Bx56"",""model_key"":""volvo-mct135c""},{""make"":""Volvo"",""model"":""MCT145C"",""machine_type"":""Compact Track Loader"",""track_size"":""450x86Bx56"",""model_key"":""volvo-mct145c""},{""make"":""Yanmar"",""model"":""T210"",""machine_type"":""Compact Track Loader"",""track_size"":""450x86Bx56"",""model_key"":""yanmar-t210""}],""display_text"":""Fits select CAT, Gehl, JCB, and 5 other brands and other compact track loader using 450x86Bx56 rubber tracks.""}"
tnt4508656hdc,MERGE,TRUE,TNT4508656HDC,"{""verified"":true,""machine_type"":""Compact Track Loader"",""track_size"":""450x86Bx56"",""fits"":[{""make"":""CAT"",""model"":""279C2"",""machine_type"":"""",""track_size"":""450x86Bx56"",""model_key"":""cat-279c2""},{""make"":""CAT"",""model"":""279D"",""machine_type"":""Compact Track Loader"",""track_size"":""450x86Bx56"",""model_key"":""cat-279d""},{""make"":""CAT"",""model"":""289C2"",""machine_type"":""Compact Track Loader"",""track_size"":""450x86Bx56"",""model_key"":""cat-289c2""},{""make"":""CAT"",""model"":""289D"",""machine_type"":""Compact Track Loader"",""track_size"":""450x86Bx56"",""model_key"":""cat-289d""},{""make"":""CAT"",""model"":""289D3"",""machine_type"":""Compact Track Loader"",""track_size"":""450x86Bx56"",""model_key"":""cat-289d3""},{""make"":""Gehl"",""model"":""RT210"",""machine_type"":""Compact Track Loader"",""track_size"":""450x86Bx56"",""model_key"":""gehl-rt210""},{""make"":""Gehl"",""model"":""RT215"",""machine_type"":""Compact Track Loader"",""track_size"":""450x86Bx56"",""model_key"":""gehl-rt215""},{""make"":""JCB"",""model"":""225T ECO"",""machine_type"":""Compact Track Loader"",""track_size"":""450x86Bx56"",""model_key"":""jcb-225t-eco""},{""make"":""JCB"",""model"":""260T"",""machine_type"":"""",""track_size"":""450x86Bx56"",""model_key"":""jcb-260t""},{""make"":""JCB"",""model"":""260T ECO"",""machine_type"":""Compact Track Loader"",""track_size"":""450x86Bx56"",""model_key"":""jcb-260t-eco""},{""make"":""JCB"",""model"":""270T ECO"",""machine_type"":""Compact Track Loader"",""track_size"":""450x86Bx56"",""model_key"":""jcb-270t-eco""},{""make"":""JCB"",""model"":""300T"",""machine_type"":"""",""track_size"":""450x86Bx56"",""model_key"":""jcb-300t""},{""make"":""JCB"",""model"":""320T ECO"",""machine_type"":""Compact Track Loader"",""track_size"":""450x86Bx56"",""model_key"":""jcb-320t-eco""},{""make"":""JCB"",""model"":""3TS-8T"",""machine_type"":""Compact Track Loader"",""track_size"":""450x86Bx56"",""model_key"":""jcb-3ts-8t""},{""make"":""John Deere"",""model"":""329D"",""machine_type"":""Compact Track Loader"",""track_size"":""450x86Bx56"",""model_key"":""john-deere-329d""},{""make"":""John Deere"",""model"":""329E"",""machine_type"":""Compact Track Loader"",""track_size"":""450x86Bx56"",""model_key"":""john-deere-329e""},{""make"":""John Deere"",""model"":""333D"",""machine_type"":""Compact Track Loader"",""track_size"":""450x86Bx56"",""model_key"":""john-deere-333d""},{""make"":""John Deere"",""model"":""333E"",""machine_type"":""Compact Track Loader"",""track_size"":""450x86Bx56"",""model_key"":""john-deere-333e""},{""make"":""John Deere"",""model"":""CT332"",""machine_type"":""Compact Track Loader"",""track_size"":""450x86Bx56"",""model_key"":""john-deere-ct332""},{""make"":""Komatsu"",""model"":""CK30-1"",""machine_type"":""Compact Track Loader"",""track_size"":""450x86Bx56"",""model_key"":""komatsu-ck30-1""},{""make"":""Komatsu"",""model"":""CK35"",""machine_type"":""Compact Track Loader"",""track_size"":""450x86Bx56"",""model_key"":""komatsu-ck35""},{""make"":""Komatsu"",""model"":""CK35-1"",""machine_type"":""Compact Track Loader"",""track_size"":""450x86Bx56"",""model_key"":""komatsu-ck35-1""},{""make"":""Mustang"",""model"":""2100RT"",""machine_type"":""Compact Track Loader"",""track_size"":""450x86Bx56"",""model_key"":""mustang-2100rt""},{""make"":""Mustang"",""model"":""2150RT"",""machine_type"":""Compact Track Loader"",""track_size"":""450x86Bx56"",""model_key"":""mustang-2150rt""},{""make"":""Volvo"",""model"":""MCT110C"",""machine_type"":""Compact Track Loader"",""track_size"":""450x86Bx56"",""model_key"":""volvo-mct110c""},{""make"":""Volvo"",""model"":""MCT125C"",""machine_type"":""Compact Track Loader"",""track_size"":""450x86Bx56"",""model_key"":""volvo-mct125c""},{""make"":""Volvo"",""model"":""MCT135C"",""machine_type"":""Compact Track Loader"",""track_size"":""450x86Bx56"",""model_key"":""volvo-mct135c""},{""make"":""Volvo"",""model"":""MCT145C"",""machine_type"":""Compact Track Loader"",""track_size"":""450x86Bx56"",""model_key"":""volvo-mct145c""},{""make"":""Yanmar"",""model"":""T210"",""machine_type"":""Compact Track Loader"",""track_size"":""450x86Bx56"",""model_key"":""yanmar-t210""}],""display_text"":""Fits select CAT, Gehl, JCB, and 5 other brands and other compact track loader using 450x86Bx56 rubber tracks.""}"
tnt4508656hdmb,MERGE,TRUE,TNT4508656HDMB,"{""verified"":true,""machine_type"":""Compact Track Loader"",""track_size"":""450x86Bx56"",""fits"":[{""make"":""CAT"",""model"":""279C2"",""machine_type"":"""",""track_size"":""450x86Bx56"",""model_key"":""cat-279c2""},{""make"":""CAT"",""model"":""279D"",""machine_type"":""Compact Track Loader"",""track_size"":""450x86Bx56"",""model_key"":""cat-279d""},{""make"":""CAT"",""model"":""289C2"",""machine_type"":""Compact Track Loader"",""track_size"":""450x86Bx56"",""model_key"":""cat-289c2""},{""make"":""CAT"",""model"":""289D"",""machine_type"":""Compact Track Loader"",""track_size"":""450x86Bx56"",""model_key"":""cat-289d""},{""make"":""CAT"",""model"":""289D3"",""machine_type"":""Compact Track Loader"",""track_size"":""450x86Bx56"",""model_key"":""cat-289d3""},{""make"":""Gehl"",""model"":""RT210"",""machine_type"":""Compact Track Loader"",""track_size"":""450x86Bx56"",""model_key"":""gehl-rt210""},{""make"":""Gehl"",""model"":""RT215"",""machine_type"":""Compact Track Loader"",""track_size"":""450x86Bx56"",""model_key"":""gehl-rt215""},{""make"":""JCB"",""model"":""225T ECO"",""machine_type"":""Compact Track Loader"",""track_size"":""450x86Bx56"",""model_key"":""jcb-225t-eco""},{""make"":""JCB"",""model"":""260T"",""machine_type"":"""",""track_size"":""450x86Bx56"",""model_key"":""jcb-260t""},{""make"":""JCB"",""model"":""260T ECO"",""machine_type"":""Compact Track Loader"",""track_size"":""450x86Bx56"",""model_key"":""jcb-260t-eco""},{""make"":""JCB"",""model"":""270T ECO"",""machine_type"":""Compact Track Loader"",""track_size"":""450x86Bx56"",""model_key"":""jcb-270t-eco""},{""make"":""JCB"",""model"":""300T"",""machine_type"":"""",""track_size"":""450x86Bx56"",""model_key"":""jcb-300t""},{""make"":""JCB"",""model"":""320T ECO"",""machine_type"":""Compact Track Loader"",""track_size"":""450x86Bx56"",""model_key"":""jcb-320t-eco""},{""make"":""JCB"",""model"":""3TS-8T"",""machine_type"":""Compact Track Loader"",""track_size"":""450x86Bx56"",""model_key"":""jcb-3ts-8t""},{""make"":""John Deere"",""model"":""329D"",""machine_type"":""Compact Track Loader"",""track_size"":""450x86Bx56"",""model_key"":""john-deere-329d""},{""make"":""John Deere"",""model"":""329E"",""machine_type"":""Compact Track Loader"",""track_size"":""450x86Bx56"",""model_key"":""john-deere-329e""},{""make"":""John Deere"",""model"":""333D"",""machine_type"":""Compact Track Loader"",""track_size"":""450x86Bx56"",""model_key"":""john-deere-333d""},{""make"":""John Deere"",""model"":""333E"",""machine_type"":""Compact Track Loader"",""track_size"":""450x86Bx56"",""model_key"":""john-deere-333e""},{""make"":""John Deere"",""model"":""CT332"",""machine_type"":""Compact Track Loader"",""track_size"":""450x86Bx56"",""model_key"":""john-deere-ct332""},{""make"":""Komatsu"",""model"":""CK30-1"",""machine_type"":""Compact Track Loader"",""track_size"":""450x86Bx56"",""model_key"":""komatsu-ck30-1""},{""make"":""Komatsu"",""model"":""CK35"",""machine_type"":""Compact Track Loader"",""track_size"":""450x86Bx56"",""model_key"":""komatsu-ck35""},{""make"":""Komatsu"",""model"":""CK35-1"",""machine_type"":""Compact Track Loader"",""track_size"":""450x86Bx56"",""model_key"":""komatsu-ck35-1""},{""make"":""Mustang"",""model"":""2100RT"",""machine_type"":""Compact Track Loader"",""track_size"":""450x86Bx56"",""model_key"":""mustang-2100rt""},{""make"":""Mustang"",""model"":""2150RT"",""machine_type"":""Compact Track Loader"",""track_size"":""450x86Bx56"",""model_key"":""mustang-2150rt""},{""make"":""Volvo"",""model"":""MCT110C"",""machine_type"":""Compact Track Loader"",""track_size"":""450x86Bx56"",""model_key"":""volvo-mct110c""},{""make"":""Volvo"",""model"":""MCT125C"",""machine_type"":""Compact Track Loader"",""track_size"":""450x86Bx56"",""model_key"":""volvo-mct125c""},{""make"":""Volvo"",""model"":""MCT135C"",""machine_type"":""Compact Track Loader"",""track_size"":""450x86Bx56"",""model_key"":""volvo-mct135c""},{""make"":""Volvo"",""model"":""MCT145C"",""machine_type"":""Compact Track Loader"",""track_size"":""450x86Bx56"",""model_key"":""volvo-mct145c""},{""make"":""Yanmar"",""model"":""T210"",""machine_type"":""Compact Track Loader"",""track_size"":""450x86Bx56"",""model_key"":""yanmar-t210""}],""display_text"":""Fits select CAT, Gehl, JCB, and 5 other brands and other compact track loader using 450x86Bx56 rubber tracks.""}"
tnt4508656hdxt,MERGE,TRUE,TNT4508656HDXT,"{""verified"":true,""machine_type"":""Compact Track Loader"",""track_size"":""450x86Bx56"",""fits"":[{""make"":""CAT"",""model"":""279C2"",""machine_type"":"""",""track_size"":""450x86Bx56"",""model_key"":""cat-279c2""},{""make"":""CAT"",""model"":""279D"",""machine_type"":""Compact Track Loader"",""track_size"":""450x86Bx56"",""model_key"":""cat-279d""},{""make"":""CAT"",""model"":""289C2"",""machine_type"":""Compact Track Loader"",""track_size"":""450x86Bx56"",""model_key"":""cat-289c2""},{""make"":""CAT"",""model"":""289D"",""machine_type"":""Compact Track Loader"",""track_size"":""450x86Bx56"",""model_key"":""cat-289d""},{""make"":""CAT"",""model"":""289D3"",""machine_type"":""Compact Track Loader"",""track_size"":""450x86Bx56"",""model_key"":""cat-289d3""},{""make"":""Gehl"",""model"":""RT210"",""machine_type"":""Compact Track Loader"",""track_size"":""450x86Bx56"",""model_key"":""gehl-rt210""},{""make"":""Gehl"",""model"":""RT215"",""machine_type"":""Compact Track Loader"",""track_size"":""450x86Bx56"",""model_key"":""gehl-rt215""},{""make"":""JCB"",""model"":""225T ECO"",""machine_type"":""Compact Track Loader"",""track_size"":""450x86Bx56"",""model_key"":""jcb-225t-eco""},{""make"":""JCB"",""model"":""260T"",""machine_type"":"""",""track_size"":""450x86Bx56"",""model_key"":""jcb-260t""},{""make"":""JCB"",""model"":""260T ECO"",""machine_type"":""Compact Track Loader"",""track_size"":""450x86Bx56"",""model_key"":""jcb-260t-eco""},{""make"":""JCB"",""model"":""270T ECO"",""machine_type"":""Compact Track Loader"",""track_size"":""450x86Bx56"",""model_key"":""jcb-270t-eco""},{""make"":""JCB"",""model"":""300T"",""machine_type"":"""",""track_size"":""450x86Bx56"",""model_key"":""jcb-300t""},{""make"":""JCB"",""model"":""320T ECO"",""machine_type"":""Compact Track Loader"",""track_size"":""450x86Bx56"",""model_key"":""jcb-320t-eco""},{""make"":""JCB"",""model"":""3TS-8T"",""machine_type"":""Compact Track Loader"",""track_size"":""450x86Bx56"",""model_key"":""jcb-3ts-8t""},{""make"":""John Deere"",""model"":""329D"",""machine_type"":""Compact Track Loader"",""track_size"":""450x86Bx56"",""model_key"":""john-deere-329d""},{""make"":""John Deere"",""model"":""329E"",""machine_type"":""Compact Track Loader"",""track_size"":""450x86Bx56"",""model_key"":""john-deere-329e""},{""make"":""John Deere"",""model"":""333D"",""machine_type"":""Compact Track Loader"",""track_size"":""450x86Bx56"",""model_key"":""john-deere-333d""},{""make"":""John Deere"",""model"":""333E"",""machine_type"":""Compact Track Loader"",""track_size"":""450x86Bx56"",""model_key"":""john-deere-333e""},{""make"":""John Deere"",""model"":""CT332"",""machine_type"":""Compact Track Loader"",""track_size"":""450x86Bx56"",""model_key"":""john-deere-ct332""},{""make"":""Komatsu"",""model"":""CK30-1"",""machine_type"":""Compact Track Loader"",""track_size"":""450x86Bx56"",""model_key"":""komatsu-ck30-1""},{""make"":""Komatsu"",""model"":""CK35"",""machine_type"":""Compact Track Loader"",""track_size"":""450x86Bx56"",""model_key"":""komatsu-ck35""},{""make"":""Komatsu"",""model"":""CK35-1"",""machine_type"":""Compact Track Loader"",""track_size"":""450x86Bx56"",""model_key"":""komatsu-ck35-1""},{""make"":""Mustang"",""model"":""2100RT"",""machine_type"":""Compact Track Loader"",""track_size"":""450x86Bx56"",""model_key"":""mustang-2100rt""},{""make"":""Mustang"",""model"":""2150RT"",""machine_type"":""Compact Track Loader"",""track_size"":""450x86Bx56"",""model_key"":""mustang-2150rt""},{""make"":""Volvo"",""model"":""MCT110C"",""machine_type"":""Compact Track Loader"",""track_size"":""450x86Bx56"",""model_key"":""volvo-mct110c""},{""make"":""Volvo"",""model"":""MCT125C"",""machine_type"":""Compact Track Loader"",""track_size"":""450x86Bx56"",""model_key"":""volvo-mct125c""},{""make"":""Volvo"",""model"":""MCT135C"",""machine_type"":""Compact Track Loader"",""track_size"":""450x86Bx56"",""model_key"":""volvo-mct135c""},{""make"":""Volvo"",""model"":""MCT145C"",""machine_type"":""Compact Track Loader"",""track_size"":""450x86Bx56"",""model_key"":""volvo-mct145c""},{""make"":""Yanmar"",""model"":""T210"",""machine_type"":""Compact Track Loader"",""track_size"":""450x86Bx56"",""model_key"":""yanmar-t210""}],""display_text"":""Fits select CAT, Gehl, JCB, and 5 other brands and other compact track loader using 450x86Bx56 rubber tracks.""}"
tnt4508656hdz,MERGE,TRUE,TNT4508656HDZ,"{""verified"":true,""machine_type"":""Compact Track Loader"",""track_size"":""450x86Bx56"",""fits"":[{""make"":""CAT"",""model"":""279C2"",""machine_type"":"""",""track_size"":""450x86Bx56"",""model_key"":""cat-279c2""},{""make"":""CAT"",""model"":""279D"",""machine_type"":""Compact Track Loader"",""track_size"":""450x86Bx56"",""model_key"":""cat-279d""},{""make"":""CAT"",""model"":""289C2"",""machine_type"":""Compact Track Loader"",""track_size"":""450x86Bx56"",""model_key"":""cat-289c2""},{""make"":""CAT"",""model"":""289D"",""machine_type"":""Compact Track Loader"",""track_size"":""450x86Bx56"",""model_key"":""cat-289d""},{""make"":""CAT"",""model"":""289D3"",""machine_type"":""Compact Track Loader"",""track_size"":""450x86Bx56"",""model_key"":""cat-289d3""},{""make"":""Gehl"",""model"":""RT210"",""machine_type"":""Compact Track Loader"",""track_size"":""450x86Bx56"",""model_key"":""gehl-rt210""},{""make"":""Gehl"",""model"":""RT215"",""machine_type"":""Compact Track Loader"",""track_size"":""450x86Bx56"",""model_key"":""gehl-rt215""},{""make"":""JCB"",""model"":""225T ECO"",""machine_type"":""Compact Track Loader"",""track_size"":""450x86Bx56"",""model_key"":""jcb-225t-eco""},{""make"":""JCB"",""model"":""260T"",""machine_type"":"""",""track_size"":""450x86Bx56"",""model_key"":""jcb-260t""},{""make"":""JCB"",""model"":""260T ECO"",""machine_type"":""Compact Track Loader"",""track_size"":""450x86Bx56"",""model_key"":""jcb-260t-eco""},{""make"":""JCB"",""model"":""270T ECO"",""machine_type"":""Compact Track Loader"",""track_size"":""450x86Bx56"",""model_key"":""jcb-270t-eco""},{""make"":""JCB"",""model"":""300T"",""machine_type"":"""",""track_size"":""450x86Bx56"",""model_key"":""jcb-300t""},{""make"":""JCB"",""model"":""320T ECO"",""machine_type"":""Compact Track Loader"",""track_size"":""450x86Bx56"",""model_key"":""jcb-320t-eco""},{""make"":""JCB"",""model"":""3TS-8T"",""machine_type"":""Compact Track Loader"",""track_size"":""450x86Bx56"",""model_key"":""jcb-3ts-8t""},{""make"":""John Deere"",""model"":""329D"",""machine_type"":""Compact Track Loader"",""track_size"":""450x86Bx56"",""model_key"":""john-deere-329d""},{""make"":""John Deere"",""model"":""329E"",""machine_type"":""Compact Track Loader"",""track_size"":""450x86Bx56"",""model_key"":""john-deere-329e""},{""make"":""John Deere"",""model"":""333D"",""machine_type"":""Compact Track Loader"",""track_size"":""450x86Bx56"",""model_key"":""john-deere-333d""},{""make"":""John Deere"",""model"":""333E"",""machine_type"":""Compact Track Loader"",""track_size"":""450x86Bx56"",""model_key"":""john-deere-333e""},{""make"":""John Deere"",""model"":""CT332"",""machine_type"":""Compact Track Loader"",""track_size"":""450x86Bx56"",""model_key"":""john-deere-ct332""},{""make"":""Komatsu"",""model"":""CK30-1"",""machine_type"":""Compact Track Loader"",""track_size"":""450x86Bx56"",""model_key"":""komatsu-ck30-1""},{""make"":""Komatsu"",""model"":""CK35"",""machine_type"":""Compact Track Loader"",""track_size"":""450x86Bx56"",""model_key"":""komatsu-ck35""},{""make"":""Komatsu"",""model"":""CK35-1"",""machine_type"":""Compact Track Loader"",""track_size"":""450x86Bx56"",""model_key"":""komatsu-ck35-1""},{""make"":""Mustang"",""model"":""2100RT"",""machine_type"":""Compact Track Loader"",""track_size"":""450x86Bx56"",""model_key"":""mustang-2100rt""},{""make"":""Mustang"",""model"":""2150RT"",""machine_type"":""Compact Track Loader"",""track_size"":""450x86Bx56"",""model_key"":""mustang-2150rt""},{""make"":""Volvo"",""model"":""MCT110C"",""machine_type"":""Compact Track Loader"",""track_size"":""450x86Bx56"",""model_key"":""volvo-mct110c""},{""make"":""Volvo"",""model"":""MCT125C"",""machine_type"":""Compact Track Loader"",""track_size"":""450x86Bx56"",""model_key"":""volvo-mct125c""},{""make"":""Volvo"",""model"":""MCT135C"",""machine_type"":""Compact Track Loader"",""track_size"":""450x86Bx56"",""model_key"":""volvo-mct135c""},{""make"":""Volvo"",""model"":""MCT145C"",""machine_type"":""Compact Track Loader"",""track_size"":""450x86Bx56"",""model_key"":""volvo-mct145c""},{""make"":""Yanmar"",""model"":""T210"",""machine_type"":""Compact Track Loader"",""track_size"":""450x86Bx56"",""model_key"":""yanmar-t210""}],""display_text"":""Fits select CAT, Gehl, JCB, and 5 other brands and other compact track loader using 450x86Bx56 rubber tracks.""}"
tnt4508656hdzb,MERGE,TRUE,TNT4508656HDZB,"{""verified"":true,""machine_type"":""Compact Track Loader"",""track_size"":""450x86Bx56"",""fits"":[{""make"":""CAT"",""model"":""279C2"",""machine_type"":"""",""track_size"":""450x86Bx56"",""model_key"":""cat-279c2""},{""make"":""CAT"",""model"":""279D"",""machine_type"":""Compact Track Loader"",""track_size"":""450x86Bx56"",""model_key"":""cat-279d""},{""make"":""CAT"",""model"":""289C2"",""machine_type"":""Compact Track Loader"",""track_size"":""450x86Bx56"",""model_key"":""cat-289c2""},{""make"":""CAT"",""model"":""289D"",""machine_type"":""Compact Track Loader"",""track_size"":""450x86Bx56"",""model_key"":""cat-289d""},{""make"":""CAT"",""model"":""289D3"",""machine_type"":""Compact Track Loader"",""track_size"":""450x86Bx56"",""model_key"":""cat-289d3""},{""make"":""Gehl"",""model"":""RT210"",""machine_type"":""Compact Track Loader"",""track_size"":""450x86Bx56"",""model_key"":""gehl-rt210""},{""make"":""Gehl"",""model"":""RT215"",""machine_type"":""Compact Track Loader"",""track_size"":""450x86Bx56"",""model_key"":""gehl-rt215""},{""make"":""JCB"",""model"":""225T ECO"",""machine_type"":""Compact Track Loader"",""track_size"":""450x86Bx56"",""model_key"":""jcb-225t-eco""},{""make"":""JCB"",""model"":""260T"",""machine_type"":"""",""track_size"":""450x86Bx56"",""model_key"":""jcb-260t""},{""make"":""JCB"",""model"":""260T ECO"",""machine_type"":""Compact Track Loader"",""track_size"":""450x86Bx56"",""model_key"":""jcb-260t-eco""},{""make"":""JCB"",""model"":""270T ECO"",""machine_type"":""Compact Track Loader"",""track_size"":""450x86Bx56"",""model_key"":""jcb-270t-eco""},{""make"":""JCB"",""model"":""300T"",""machine_type"":"""",""track_size"":""450x86Bx56"",""model_key"":""jcb-300t""},{""make"":""JCB"",""model"":""320T ECO"",""machine_type"":""Compact Track Loader"",""track_size"":""450x86Bx56"",""model_key"":""jcb-320t-eco""},{""make"":""JCB"",""model"":""3TS-8T"",""machine_type"":""Compact Track Loader"",""track_size"":""450x86Bx56"",""model_key"":""jcb-3ts-8t""},{""make"":""John Deere"",""model"":""329D"",""machine_type"":""Compact Track Loader"",""track_size"":""450x86Bx56"",""model_key"":""john-deere-329d""},{""make"":""John Deere"",""model"":""329E"",""machine_type"":""Compact Track Loader"",""track_size"":""450x86Bx56"",""model_key"":""john-deere-329e""},{""make"":""John Deere"",""model"":""333D"",""machine_type"":""Compact Track Loader"",""track_size"":""450x86Bx56"",""model_key"":""john-deere-333d""},{""make"":""John Deere"",""model"":""333E"",""machine_type"":""Compact Track Loader"",""track_size"":""450x86Bx56"",""model_key"":""john-deere-333e""},{""make"":""John Deere"",""model"":""CT332"",""machine_type"":""Compact Track Loader"",""track_size"":""450x86Bx56"",""model_key"":""john-deere-ct332""},{""make"":""Komatsu"",""model"":""CK30-1"",""machine_type"":""Compact Track Loader"",""track_size"":""450x86Bx56"",""model_key"":""komatsu-ck30-1""},{""make"":""Komatsu"",""model"":""CK35"",""machine_type"":""Compact Track Loader"",""track_size"":""450x86Bx56"",""model_key"":""komatsu-ck35""},{""make"":""Komatsu"",""model"":""CK35-1"",""machine_type"":""Compact Track Loader"",""track_size"":""450x86Bx56"",""model_key"":""komatsu-ck35-1""},{""make"":""Mustang"",""model"":""2100RT"",""machine_type"":""Compact Track Loader"",""track_size"":""450x86Bx56"",""model_key"":""mustang-2100rt""},{""make"":""Mustang"",""model"":""2150RT"",""machine_type"":""Compact Track Loader"",""track_size"":""450x86Bx56"",""model_key"":""mustang-2150rt""},{""make"":""Volvo"",""model"":""MCT110C"",""machine_type"":""Compact Track Loader"",""track_size"":""450x86Bx56"",""model_key"":""volvo-mct110c""},{""make"":""Volvo"",""model"":""MCT125C"",""machine_type"":""Compact Track Loader"",""track_size"":""450x86Bx56"",""model_key"":""volvo-mct125c""},{""make"":""Volvo"",""model"":""MCT135C"",""machine_type"":""Compact Track Loader"",""track_size"":""450x86Bx56"",""model_key"":""volvo-mct135c""},{""make"":""Volvo"",""model"":""MCT145C"",""machine_type"":""Compact Track Loader"",""track_size"":""450x86Bx56"",""model_key"":""volvo-mct145c""},{""make"":""Yanmar"",""model"":""T210"",""machine_type"":""Compact Track Loader"",""track_size"":""450x86Bx56"",""model_key"":""yanmar-t210""}],""display_text"":""Fits select CAT, Gehl, JCB, and 5 other brands and other compact track loader using 450x86Bx56 rubber tracks.""}"
tnt4508656sdbl,MERGE,TRUE,TNT4508656SDBL,"{""verified"":true,""machine_type"":""Compact Track Loader"",""track_size"":""450x86Bx56"",""fits"":[{""make"":""CAT"",""model"":""279C2"",""machine_type"":"""",""track_size"":""450x86Bx56"",""model_key"":""cat-279c2""},{""make"":""CAT"",""model"":""279D"",""machine_type"":""Compact Track Loader"",""track_size"":""450x86Bx56"",""model_key"":""cat-279d""},{""make"":""CAT"",""model"":""289C2"",""machine_type"":""Compact Track Loader"",""track_size"":""450x86Bx56"",""model_key"":""cat-289c2""},{""make"":""CAT"",""model"":""289D"",""machine_type"":""Compact Track Loader"",""track_size"":""450x86Bx56"",""model_key"":""cat-289d""},{""make"":""CAT"",""model"":""289D3"",""machine_type"":""Compact Track Loader"",""track_size"":""450x86Bx56"",""model_key"":""cat-289d3""},{""make"":""Gehl"",""model"":""RT210"",""machine_type"":""Compact Track Loader"",""track_size"":""450x86Bx56"",""model_key"":""gehl-rt210""},{""make"":""Gehl"",""model"":""RT215"",""machine_type"":""Compact Track Loader"",""track_size"":""450x86Bx56"",""model_key"":""gehl-rt215""},{""make"":""JCB"",""model"":""225T ECO"",""machine_type"":""Compact Track Loader"",""track_size"":""450x86Bx56"",""model_key"":""jcb-225t-eco""},{""make"":""JCB"",""model"":""260T"",""machine_type"":"""",""track_size"":""450x86Bx56"",""model_key"":""jcb-260t""},{""make"":""JCB"",""model"":""260T ECO"",""machine_type"":""Compact Track Loader"",""track_size"":""450x86Bx56"",""model_key"":""jcb-260t-eco""},{""make"":""JCB"",""model"":""270T ECO"",""machine_type"":""Compact Track Loader"",""track_size"":""450x86Bx56"",""model_key"":""jcb-270t-eco""},{""make"":""JCB"",""model"":""300T"",""machine_type"":"""",""track_size"":""450x86Bx56"",""model_key"":""jcb-300t""},{""make"":""JCB"",""model"":""320T ECO"",""machine_type"":""Compact Track Loader"",""track_size"":""450x86Bx56"",""model_key"":""jcb-320t-eco""},{""make"":""JCB"",""model"":""3TS-8T"",""machine_type"":""Compact Track Loader"",""track_size"":""450x86Bx56"",""model_key"":""jcb-3ts-8t""},{""make"":""John Deere"",""model"":""329D"",""machine_type"":""Compact Track Loader"",""track_size"":""450x86Bx56"",""model_key"":""john-deere-329d""},{""make"":""John Deere"",""model"":""329E"",""machine_type"":""Compact Track Loader"",""track_size"":""450x86Bx56"",""model_key"":""john-deere-329e""},{""make"":""John Deere"",""model"":""333D"",""machine_type"":""Compact Track Loader"",""track_size"":""450x86Bx56"",""model_key"":""john-deere-333d""},{""make"":""John Deere"",""model"":""333E"",""machine_type"":""Compact Track Loader"",""track_size"":""450x86Bx56"",""model_key"":""john-deere-333e""},{""make"":""John Deere"",""model"":""CT332"",""machine_type"":""Compact Track Loader"",""track_size"":""450x86Bx56"",""model_key"":""john-deere-ct332""},{""make"":""Komatsu"",""model"":""CK30-1"",""machine_type"":""Compact Track Loader"",""track_size"":""450x86Bx56"",""model_key"":""komatsu-ck30-1""},{""make"":""Komatsu"",""model"":""CK35"",""machine_type"":""Compact Track Loader"",""track_size"":""450x86Bx56"",""model_key"":""komatsu-ck35""},{""make"":""Komatsu"",""model"":""CK35-1"",""machine_type"":""Compact Track Loader"",""track_size"":""450x86Bx56"",""model_key"":""komatsu-ck35-1""},{""make"":""Mustang"",""model"":""2100RT"",""machine_type"":""Compact Track Loader"",""track_size"":""450x86Bx56"",""model_key"":""mustang-2100rt""},{""make"":""Mustang"",""model"":""2150RT"",""machine_type"":""Compact Track Loader"",""track_size"":""450x86Bx56"",""model_key"":""mustang-2150rt""},{""make"":""Volvo"",""model"":""MCT110C"",""machine_type"":""Compact Track Loader"",""track_size"":""450x86Bx56"",""model_key"":""volvo-mct110c""},{""make"":""Volvo"",""model"":""MCT125C"",""machine_type"":""Compact Track Loader"",""track_size"":""450x86Bx56"",""model_key"":""volvo-mct125c""},{""make"":""Volvo"",""model"":""MCT135C"",""machine_type"":""Compact Track Loader"",""track_size"":""450x86Bx56"",""model_key"":""volvo-mct135c""},{""make"":""Volvo"",""model"":""MCT145C"",""machine_type"":""Compact Track Loader"",""track_size"":""450x86Bx56"",""model_key"":""volvo-mct145c""},{""make"":""Yanmar"",""model"":""T210"",""machine_type"":""Compact Track Loader"",""track_size"":""450x86Bx56"",""model_key"":""yanmar-t210""}],""display_text"":""Fits select CAT, Gehl, JCB, and 5 other brands and other compact track loader using 450x86Bx56 rubber tracks.""}"
tnt4508656sdc,MERGE,TRUE,TNT4508656SDC,"{""verified"":true,""machine_type"":""Compact Track Loader"",""track_size"":""450x86Bx56"",""fits"":[{""make"":""CAT"",""model"":""279C2"",""machine_type"":"""",""track_size"":""450x86Bx56"",""model_key"":""cat-279c2""},{""make"":""CAT"",""model"":""279D"",""machine_type"":""Compact Track Loader"",""track_size"":""450x86Bx56"",""model_key"":""cat-279d""},{""make"":""CAT"",""model"":""289C2"",""machine_type"":""Compact Track Loader"",""track_size"":""450x86Bx56"",""model_key"":""cat-289c2""},{""make"":""CAT"",""model"":""289D"",""machine_type"":""Compact Track Loader"",""track_size"":""450x86Bx56"",""model_key"":""cat-289d""},{""make"":""CAT"",""model"":""289D3"",""machine_type"":""Compact Track Loader"",""track_size"":""450x86Bx56"",""model_key"":""cat-289d3""},{""make"":""Gehl"",""model"":""RT210"",""machine_type"":""Compact Track Loader"",""track_size"":""450x86Bx56"",""model_key"":""gehl-rt210""},{""make"":""Gehl"",""model"":""RT215"",""machine_type"":""Compact Track Loader"",""track_size"":""450x86Bx56"",""model_key"":""gehl-rt215""},{""make"":""JCB"",""model"":""225T ECO"",""machine_type"":""Compact Track Loader"",""track_size"":""450x86Bx56"",""model_key"":""jcb-225t-eco""},{""make"":""JCB"",""model"":""260T"",""machine_type"":"""",""track_size"":""450x86Bx56"",""model_key"":""jcb-260t""},{""make"":""JCB"",""model"":""260T ECO"",""machine_type"":""Compact Track Loader"",""track_size"":""450x86Bx56"",""model_key"":""jcb-260t-eco""},{""make"":""JCB"",""model"":""270T ECO"",""machine_type"":""Compact Track Loader"",""track_size"":""450x86Bx56"",""model_key"":""jcb-270t-eco""},{""make"":""JCB"",""model"":""300T"",""machine_type"":"""",""track_size"":""450x86Bx56"",""model_key"":""jcb-300t""},{""make"":""JCB"",""model"":""320T ECO"",""machine_type"":""Compact Track Loader"",""track_size"":""450x86Bx56"",""model_key"":""jcb-320t-eco""},{""make"":""JCB"",""model"":""3TS-8T"",""machine_type"":""Compact Track Loader"",""track_size"":""450x86Bx56"",""model_key"":""jcb-3ts-8t""},{""make"":""John Deere"",""model"":""329D"",""machine_type"":""Compact Track Loader"",""track_size"":""450x86Bx56"",""model_key"":""john-deere-329d""},{""make"":""John Deere"",""model"":""329E"",""machine_type"":""Compact Track Loader"",""track_size"":""450x86Bx56"",""model_key"":""john-deere-329e""},{""make"":""John Deere"",""model"":""333D"",""machine_type"":""Compact Track Loader"",""track_size"":""450x86Bx56"",""model_key"":""john-deere-333d""},{""make"":""John Deere"",""model"":""333E"",""machine_type"":""Compact Track Loader"",""track_size"":""450x86Bx56"",""model_key"":""john-deere-333e""},{""make"":""John Deere"",""model"":""CT332"",""machine_type"":""Compact Track Loader"",""track_size"":""450x86Bx56"",""model_key"":""john-deere-ct332""},{""make"":""Komatsu"",""model"":""CK30-1"",""machine_type"":""Compact Track Loader"",""track_size"":""450x86Bx56"",""model_key"":""komatsu-ck30-1""},{""make"":""Komatsu"",""model"":""CK35"",""machine_type"":""Compact Track Loader"",""track_size"":""450x86Bx56"",""model_key"":""komatsu-ck35""},{""make"":""Komatsu"",""model"":""CK35-1"",""machine_type"":""Compact Track Loader"",""track_size"":""450x86Bx56"",""model_key"":""komatsu-ck35-1""},{""make"":""Mustang"",""model"":""2100RT"",""machine_type"":""Compact Track Loader"",""track_size"":""450x86Bx56"",""model_key"":""mustang-2100rt""},{""make"":""Mustang"",""model"":""2150RT"",""machine_type"":""Compact Track Loader"",""track_size"":""450x86Bx56"",""model_key"":""mustang-2150rt""},{""make"":""Volvo"",""model"":""MCT110C"",""machine_type"":""Compact Track Loader"",""track_size"":""450x86Bx56"",""model_key"":""volvo-mct110c""},{""make"":""Volvo"",""model"":""MCT125C"",""machine_type"":""Compact Track Loader"",""track_size"":""450x86Bx56"",""model_key"":""volvo-mct125c""},{""make"":""Volvo"",""model"":""MCT135C"",""machine_type"":""Compact Track Loader"",""track_size"":""450x86Bx56"",""model_key"":""volvo-mct135c""},{""make"":""Volvo"",""model"":""MCT145C"",""machine_type"":""Compact Track Loader"",""track_size"":""450x86Bx56"",""model_key"":""volvo-mct145c""},{""make"":""Yanmar"",""model"":""T210"",""machine_type"":""Compact Track Loader"",""track_size"":""450x86Bx56"",""model_key"":""yanmar-t210""}],""display_text"":""Fits select CAT, Gehl, JCB, and 5 other brands and other compact track loader using 450x86Bx56 rubber tracks.""}"
tnt4508658hdbd,MERGE,TRUE,TNT4508658HDBD,"{""verified"":true,""machine_type"":""Compact Track Loader"",""track_size"":""450x86Bx58"",""fits"":[{""make"":""Bobcat"",""model"":""T830"",""machine_type"":""Compact Track Loader"",""track_size"":""450x86Bx58"",""model_key"":""bobcat-t830""},{""make"":""Bobcat"",""model"":""T86"",""machine_type"":""Compact Track Loader"",""track_size"":""450x86Bx58"",""model_key"":""bobcat-t86""},{""make"":""Bobcat"",""model"":""T870"",""machine_type"":""Compact Track Loader"",""track_size"":""450x86Bx58"",""model_key"":""bobcat-t870""},{""make"":""Gehl"",""model"":""RT250"",""machine_type"":""Compact Track Loader"",""track_size"":""450x86Bx58"",""model_key"":""gehl-rt250""},{""make"":""Gehl"",""model"":""RT255"",""machine_type"":""Compact Track Loader"",""track_size"":""450x86Bx58"",""model_key"":""gehl-rt255""},{""make"":""Gehl"",""model"":""VT320"",""machine_type"":""Compact Track Loader"",""track_size"":""450x86Bx58"",""model_key"":""gehl-vt320""},{""make"":""John Deere"",""model"":""331G"",""machine_type"":""Compact Track Loader"",""track_size"":""450x86Bx58"",""model_key"":""john-deere-331g""},{""make"":""John Deere"",""model"":""331P"",""machine_type"":""Compact Track Loader"",""track_size"":""450x86Bx58"",""model_key"":""john-deere-331p""},{""make"":""John Deere"",""model"":""333G"",""machine_type"":""Compact Track Loader"",""track_size"":""450x86Bx58"",""model_key"":""john-deere-333g""},{""make"":""John Deere"",""model"":""333P"",""machine_type"":""Compact Track Loader"",""track_size"":""450x86Bx58"",""model_key"":""john-deere-333p""},{""make"":""John Deere"",""model"":""335P"",""machine_type"":""Compact Track Loader"",""track_size"":""450x86Bx58"",""model_key"":""john-deere-335p""},{""make"":""Kubota"",""model"":""SVL90"",""machine_type"":""Compact Track Loader"",""track_size"":""450x86Bx58"",""model_key"":""kubota-svl90""},{""make"":""Kubota"",""model"":""SVL90-2"",""machine_type"":""Compact Track Loader"",""track_size"":""450x86Bx58"",""model_key"":""kubota-svl90-2""},{""make"":""Kubota"",""model"":""SVL95 2S"",""machine_type"":"""",""track_size"":""450x86Bx58"",""model_key"":""kubota-svl95-2s""},{""make"":""Kubota"",""model"":""SVL95-2"",""machine_type"":""Compact Track Loader"",""track_size"":""450x86Bx58"",""model_key"":""kubota-svl95-2""},{""make"":""Kubota"",""model"":""SVL97-2"",""machine_type"":""Compact Track Loader"",""track_size"":""450x86Bx58"",""model_key"":""kubota-svl97-2""},{""make"":""Mustang"",""model"":""2500RT"",""machine_type"":""Compact Track Loader"",""track_size"":""450x86Bx58"",""model_key"":""mustang-2500rt""}],""display_text"":""Fits select Bobcat, Gehl, John Deere, and 2 other brands and other compact track loader using 450x86Bx58 rubber tracks.""}"
tnt4508658hdbl,MERGE,TRUE,TNT4508658HDBL,"{""verified"":true,""machine_type"":""Compact Track Loader"",""track_size"":""450x86Bx58"",""fits"":[{""make"":""Bobcat"",""model"":""T830"",""machine_type"":""Compact Track Loader"",""track_size"":""450x86Bx58"",""model_key"":""bobcat-t830""},{""make"":""Bobcat"",""model"":""T86"",""machine_type"":""Compact Track Loader"",""track_size"":""450x86Bx58"",""model_key"":""bobcat-t86""},{""make"":""Bobcat"",""model"":""T870"",""machine_type"":""Compact Track Loader"",""track_size"":""450x86Bx58"",""model_key"":""bobcat-t870""},{""make"":""Gehl"",""model"":""RT250"",""machine_type"":""Compact Track Loader"",""track_size"":""450x86Bx58"",""model_key"":""gehl-rt250""},{""make"":""Gehl"",""model"":""RT255"",""machine_type"":""Compact Track Loader"",""track_size"":""450x86Bx58"",""model_key"":""gehl-rt255""},{""make"":""Gehl"",""model"":""VT320"",""machine_type"":""Compact Track Loader"",""track_size"":""450x86Bx58"",""model_key"":""gehl-vt320""},{""make"":""John Deere"",""model"":""331G"",""machine_type"":""Compact Track Loader"",""track_size"":""450x86Bx58"",""model_key"":""john-deere-331g""},{""make"":""John Deere"",""model"":""331P"",""machine_type"":""Compact Track Loader"",""track_size"":""450x86Bx58"",""model_key"":""john-deere-331p""},{""make"":""John Deere"",""model"":""333G"",""machine_type"":""Compact Track Loader"",""track_size"":""450x86Bx58"",""model_key"":""john-deere-333g""},{""make"":""John Deere"",""model"":""333P"",""machine_type"":""Compact Track Loader"",""track_size"":""450x86Bx58"",""model_key"":""john-deere-333p""},{""make"":""John Deere"",""model"":""335P"",""machine_type"":""Compact Track Loader"",""track_size"":""450x86Bx58"",""model_key"":""john-deere-335p""},{""make"":""Kubota"",""model"":""SVL90"",""machine_type"":""Compact Track Loader"",""track_size"":""450x86Bx58"",""model_key"":""kubota-svl90""},{""make"":""Kubota"",""model"":""SVL90-2"",""machine_type"":""Compact Track Loader"",""track_size"":""450x86Bx58"",""model_key"":""kubota-svl90-2""},{""make"":""Kubota"",""model"":""SVL95 2S"",""machine_type"":"""",""track_size"":""450x86Bx58"",""model_key"":""kubota-svl95-2s""},{""make"":""Kubota"",""model"":""SVL95-2"",""machine_type"":""Compact Track Loader"",""track_size"":""450x86Bx58"",""model_key"":""kubota-svl95-2""},{""make"":""Kubota"",""model"":""SVL97-2"",""machine_type"":""Compact Track Loader"",""track_size"":""450x86Bx58"",""model_key"":""kubota-svl97-2""},{""make"":""Mustang"",""model"":""2500RT"",""machine_type"":""Compact Track Loader"",""track_size"":""450x86Bx58"",""model_key"":""mustang-2500rt""}],""display_text"":""Fits select Bobcat, Gehl, John Deere, and 2 other brands and other compact track loader using 450x86Bx58 rubber tracks.""}"
tnt4508658hdc,MERGE,TRUE,TNT4508658HDC,"{""verified"":true,""machine_type"":""Compact Track Loader"",""track_size"":""450x86Bx58"",""fits"":[{""make"":""Bobcat"",""model"":""T830"",""machine_type"":""Compact Track Loader"",""track_size"":""450x86Bx58"",""model_key"":""bobcat-t830""},{""make"":""Bobcat"",""model"":""T86"",""machine_type"":""Compact Track Loader"",""track_size"":""450x86Bx58"",""model_key"":""bobcat-t86""},{""make"":""Bobcat"",""model"":""T870"",""machine_type"":""Compact Track Loader"",""track_size"":""450x86Bx58"",""model_key"":""bobcat-t870""},{""make"":""Gehl"",""model"":""RT250"",""machine_type"":""Compact Track Loader"",""track_size"":""450x86Bx58"",""model_key"":""gehl-rt250""},{""make"":""Gehl"",""model"":""RT255"",""machine_type"":""Compact Track Loader"",""track_size"":""450x86Bx58"",""model_key"":""gehl-rt255""},{""make"":""Gehl"",""model"":""VT320"",""machine_type"":""Compact Track Loader"",""track_size"":""450x86Bx58"",""model_key"":""gehl-vt320""},{""make"":""John Deere"",""model"":""331G"",""machine_type"":""Compact Track Loader"",""track_size"":""450x86Bx58"",""model_key"":""john-deere-331g""},{""make"":""John Deere"",""model"":""331P"",""machine_type"":""Compact Track Loader"",""track_size"":""450x86Bx58"",""model_key"":""john-deere-331p""},{""make"":""John Deere"",""model"":""333G"",""machine_type"":""Compact Track Loader"",""track_size"":""450x86Bx58"",""model_key"":""john-deere-333g""},{""make"":""John Deere"",""model"":""333P"",""machine_type"":""Compact Track Loader"",""track_size"":""450x86Bx58"",""model_key"":""john-deere-333p""},{""make"":""John Deere"",""model"":""335P"",""machine_type"":""Compact Track Loader"",""track_size"":""450x86Bx58"",""model_key"":""john-deere-335p""},{""make"":""Kubota"",""model"":""SVL90"",""machine_type"":""Compact Track Loader"",""track_size"":""450x86Bx58"",""model_key"":""kubota-svl90""},{""make"":""Kubota"",""model"":""SVL90-2"",""machine_type"":""Compact Track Loader"",""track_size"":""450x86Bx58"",""model_key"":""kubota-svl90-2""},{""make"":""Kubota"",""model"":""SVL95 2S"",""machine_type"":"""",""track_size"":""450x86Bx58"",""model_key"":""kubota-svl95-2s""},{""make"":""Kubota"",""model"":""SVL95-2"",""machine_type"":""Compact Track Loader"",""track_size"":""450x86Bx58"",""model_key"":""kubota-svl95-2""},{""make"":""Kubota"",""model"":""SVL97-2"",""machine_type"":""Compact Track Loader"",""track_size"":""450x86Bx58"",""model_key"":""kubota-svl97-2""},{""make"":""Mustang"",""model"":""2500RT"",""machine_type"":""Compact Track Loader"",""track_size"":""450x86Bx58"",""model_key"":""mustang-2500rt""}],""display_text"":""Fits select Bobcat, Gehl, John Deere, and 2 other brands and other compact track loader using 450x86Bx58 rubber tracks.""}"
tnt4508658hdmb,MERGE,TRUE,TNT4508658HDMB,"{""verified"":true,""machine_type"":""Compact Track Loader"",""track_size"":""450x86Bx58"",""fits"":[{""make"":""Bobcat"",""model"":""T830"",""machine_type"":""Compact Track Loader"",""track_size"":""450x86Bx58"",""model_key"":""bobcat-t830""},{""make"":""Bobcat"",""model"":""T86"",""machine_type"":""Compact Track Loader"",""track_size"":""450x86Bx58"",""model_key"":""bobcat-t86""},{""make"":""Bobcat"",""model"":""T870"",""machine_type"":""Compact Track Loader"",""track_size"":""450x86Bx58"",""model_key"":""bobcat-t870""},{""make"":""Gehl"",""model"":""RT250"",""machine_type"":""Compact Track Loader"",""track_size"":""450x86Bx58"",""model_key"":""gehl-rt250""},{""make"":""Gehl"",""model"":""RT255"",""machine_type"":""Compact Track Loader"",""track_size"":""450x86Bx58"",""model_key"":""gehl-rt255""},{""make"":""Gehl"",""model"":""VT320"",""machine_type"":""Compact Track Loader"",""track_size"":""450x86Bx58"",""model_key"":""gehl-vt320""},{""make"":""John Deere"",""model"":""331G"",""machine_type"":""Compact Track Loader"",""track_size"":""450x86Bx58"",""model_key"":""john-deere-331g""},{""make"":""John Deere"",""model"":""331P"",""machine_type"":""Compact Track Loader"",""track_size"":""450x86Bx58"",""model_key"":""john-deere-331p""},{""make"":""John Deere"",""model"":""333G"",""machine_type"":""Compact Track Loader"",""track_size"":""450x86Bx58"",""model_key"":""john-deere-333g""},{""make"":""John Deere"",""model"":""333P"",""machine_type"":""Compact Track Loader"",""track_size"":""450x86Bx58"",""model_key"":""john-deere-333p""},{""make"":""John Deere"",""model"":""335P"",""machine_type"":""Compact Track Loader"",""track_size"":""450x86Bx58"",""model_key"":""john-deere-335p""},{""make"":""Kubota"",""model"":""SVL90"",""machine_type"":""Compact Track Loader"",""track_size"":""450x86Bx58"",""model_key"":""kubota-svl90""},{""make"":""Kubota"",""model"":""SVL90-2"",""machine_type"":""Compact Track Loader"",""track_size"":""450x86Bx58"",""model_key"":""kubota-svl90-2""},{""make"":""Kubota"",""model"":""SVL95 2S"",""machine_type"":"""",""track_size"":""450x86Bx58"",""model_key"":""kubota-svl95-2s""},{""make"":""Kubota"",""model"":""SVL95-2"",""machine_type"":""Compact Track Loader"",""track_size"":""450x86Bx58"",""model_key"":""kubota-svl95-2""},{""make"":""Kubota"",""model"":""SVL97-2"",""machine_type"":""Compact Track Loader"",""track_size"":""450x86Bx58"",""model_key"":""kubota-svl97-2""},{""make"":""Mustang"",""model"":""2500RT"",""machine_type"":""Compact Track Loader"",""track_size"":""450x86Bx58"",""model_key"":""mustang-2500rt""}],""display_text"":""Fits select Bobcat, Gehl, John Deere, and 2 other brands and other compact track loader using 450x86Bx58 rubber tracks.""}"
tnt4508658hdxt,MERGE,TRUE,TNT4508658HDXT,"{""verified"":true,""machine_type"":""Compact Track Loader"",""track_size"":""450x86Bx58"",""fits"":[{""make"":""Bobcat"",""model"":""T830"",""machine_type"":""Compact Track Loader"",""track_size"":""450x86Bx58"",""model_key"":""bobcat-t830""},{""make"":""Bobcat"",""model"":""T86"",""machine_type"":""Compact Track Loader"",""track_size"":""450x86Bx58"",""model_key"":""bobcat-t86""},{""make"":""Bobcat"",""model"":""T870"",""machine_type"":""Compact Track Loader"",""track_size"":""450x86Bx58"",""model_key"":""bobcat-t870""},{""make"":""Gehl"",""model"":""RT250"",""machine_type"":""Compact Track Loader"",""track_size"":""450x86Bx58"",""model_key"":""gehl-rt250""},{""make"":""Gehl"",""model"":""RT255"",""machine_type"":""Compact Track Loader"",""track_size"":""450x86Bx58"",""model_key"":""gehl-rt255""},{""make"":""Gehl"",""model"":""VT320"",""machine_type"":""Compact Track Loader"",""track_size"":""450x86Bx58"",""model_key"":""gehl-vt320""},{""make"":""John Deere"",""model"":""331G"",""machine_type"":""Compact Track Loader"",""track_size"":""450x86Bx58"",""model_key"":""john-deere-331g""},{""make"":""John Deere"",""model"":""331P"",""machine_type"":""Compact Track Loader"",""track_size"":""450x86Bx58"",""model_key"":""john-deere-331p""},{""make"":""John Deere"",""model"":""333G"",""machine_type"":""Compact Track Loader"",""track_size"":""450x86Bx58"",""model_key"":""john-deere-333g""},{""make"":""John Deere"",""model"":""333P"",""machine_type"":""Compact Track Loader"",""track_size"":""450x86Bx58"",""model_key"":""john-deere-333p""},{""make"":""John Deere"",""model"":""335P"",""machine_type"":""Compact Track Loader"",""track_size"":""450x86Bx58"",""model_key"":""john-deere-335p""},{""make"":""Kubota"",""model"":""SVL90"",""machine_type"":""Compact Track Loader"",""track_size"":""450x86Bx58"",""model_key"":""kubota-svl90""},{""make"":""Kubota"",""model"":""SVL90-2"",""machine_type"":""Compact Track Loader"",""track_size"":""450x86Bx58"",""model_key"":""kubota-svl90-2""},{""make"":""Kubota"",""model"":""SVL95 2S"",""machine_type"":"""",""track_size"":""450x86Bx58"",""model_key"":""kubota-svl95-2s""},{""make"":""Kubota"",""model"":""SVL95-2"",""machine_type"":""Compact Track Loader"",""track_size"":""450x86Bx58"",""model_key"":""kubota-svl95-2""},{""make"":""Kubota"",""model"":""SVL97-2"",""machine_type"":""Compact Track Loader"",""track_size"":""450x86Bx58"",""model_key"":""kubota-svl97-2""},{""make"":""Mustang"",""model"":""2500RT"",""machine_type"":""Compact Track Loader"",""track_size"":""450x86Bx58"",""model_key"":""mustang-2500rt""}],""display_text"":""Fits select Bobcat, Gehl, John Deere, and 2 other brands and other compact track loader using 450x86Bx58 rubber tracks.""}"
tnt4508658hdz,MERGE,TRUE,TNT4508658HDZ,"{""verified"":true,""machine_type"":""Compact Track Loader"",""track_size"":""450x86Bx58"",""fits"":[{""make"":""Bobcat"",""model"":""T830"",""machine_type"":""Compact Track Loader"",""track_size"":""450x86Bx58"",""model_key"":""bobcat-t830""},{""make"":""Bobcat"",""model"":""T86"",""machine_type"":""Compact Track Loader"",""track_size"":""450x86Bx58"",""model_key"":""bobcat-t86""},{""make"":""Bobcat"",""model"":""T870"",""machine_type"":""Compact Track Loader"",""track_size"":""450x86Bx58"",""model_key"":""bobcat-t870""},{""make"":""Gehl"",""model"":""RT250"",""machine_type"":""Compact Track Loader"",""track_size"":""450x86Bx58"",""model_key"":""gehl-rt250""},{""make"":""Gehl"",""model"":""RT255"",""machine_type"":""Compact Track Loader"",""track_size"":""450x86Bx58"",""model_key"":""gehl-rt255""},{""make"":""Gehl"",""model"":""VT320"",""machine_type"":""Compact Track Loader"",""track_size"":""450x86Bx58"",""model_key"":""gehl-vt320""},{""make"":""John Deere"",""model"":""331G"",""machine_type"":""Compact Track Loader"",""track_size"":""450x86Bx58"",""model_key"":""john-deere-331g""},{""make"":""John Deere"",""model"":""331P"",""machine_type"":""Compact Track Loader"",""track_size"":""450x86Bx58"",""model_key"":""john-deere-331p""},{""make"":""John Deere"",""model"":""333G"",""machine_type"":""Compact Track Loader"",""track_size"":""450x86Bx58"",""model_key"":""john-deere-333g""},{""make"":""John Deere"",""model"":""333P"",""machine_type"":""Compact Track Loader"",""track_size"":""450x86Bx58"",""model_key"":""john-deere-333p""},{""make"":""John Deere"",""model"":""335P"",""machine_type"":""Compact Track Loader"",""track_size"":""450x86Bx58"",""model_key"":""john-deere-335p""},{""make"":""Kubota"",""model"":""SVL90"",""machine_type"":""Compact Track Loader"",""track_size"":""450x86Bx58"",""model_key"":""kubota-svl90""},{""make"":""Kubota"",""model"":""SVL90-2"",""machine_type"":""Compact Track Loader"",""track_size"":""450x86Bx58"",""model_key"":""kubota-svl90-2""},{""make"":""Kubota"",""model"":""SVL95 2S"",""machine_type"":"""",""track_size"":""450x86Bx58"",""model_key"":""kubota-svl95-2s""},{""make"":""Kubota"",""model"":""SVL95-2"",""machine_type"":""Compact Track Loader"",""track_size"":""450x86Bx58"",""model_key"":""kubota-svl95-2""},{""make"":""Kubota"",""model"":""SVL97-2"",""machine_type"":""Compact Track Loader"",""track_size"":""450x86Bx58"",""model_key"":""kubota-svl97-2""},{""make"":""Mustang"",""model"":""2500RT"",""machine_type"":""Compact Track Loader"",""track_size"":""450x86Bx58"",""model_key"":""mustang-2500rt""}],""display_text"":""Fits select Bobcat, Gehl, John Deere, and 2 other brands and other compact track loader using 450x86Bx58 rubber tracks.""}"
tnt4508658hdzb,MERGE,TRUE,TNT4508658HDZB,"{""verified"":true,""machine_type"":""Compact Track Loader"",""track_size"":""450x86Bx58"",""fits"":[{""make"":""Bobcat"",""model"":""T830"",""machine_type"":""Compact Track Loader"",""track_size"":""450x86Bx58"",""model_key"":""bobcat-t830""},{""make"":""Bobcat"",""model"":""T86"",""machine_type"":""Compact Track Loader"",""track_size"":""450x86Bx58"",""model_key"":""bobcat-t86""},{""make"":""Bobcat"",""model"":""T870"",""machine_type"":""Compact Track Loader"",""track_size"":""450x86Bx58"",""model_key"":""bobcat-t870""},{""make"":""Gehl"",""model"":""RT250"",""machine_type"":""Compact Track Loader"",""track_size"":""450x86Bx58"",""model_key"":""gehl-rt250""},{""make"":""Gehl"",""model"":""RT255"",""machine_type"":""Compact Track Loader"",""track_size"":""450x86Bx58"",""model_key"":""gehl-rt255""},{""make"":""Gehl"",""model"":""VT320"",""machine_type"":""Compact Track Loader"",""track_size"":""450x86Bx58"",""model_key"":""gehl-vt320""},{""make"":""John Deere"",""model"":""331G"",""machine_type"":""Compact Track Loader"",""track_size"":""450x86Bx58"",""model_key"":""john-deere-331g""},{""make"":""John Deere"",""model"":""331P"",""machine_type"":""Compact Track Loader"",""track_size"":""450x86Bx58"",""model_key"":""john-deere-331p""},{""make"":""John Deere"",""model"":""333G"",""machine_type"":""Compact Track Loader"",""track_size"":""450x86Bx58"",""model_key"":""john-deere-333g""},{""make"":""John Deere"",""model"":""333P"",""machine_type"":""Compact Track Loader"",""track_size"":""450x86Bx58"",""model_key"":""john-deere-333p""},{""make"":""John Deere"",""model"":""335P"",""machine_type"":""Compact Track Loader"",""track_size"":""450x86Bx58"",""model_key"":""john-deere-335p""},{""make"":""Kubota"",""model"":""SVL90"",""machine_type"":""Compact Track Loader"",""track_size"":""450x86Bx58"",""model_key"":""kubota-svl90""},{""make"":""Kubota"",""model"":""SVL90-2"",""machine_type"":""Compact Track Loader"",""track_size"":""450x86Bx58"",""model_key"":""kubota-svl90-2""},{""make"":""Kubota"",""model"":""SVL95 2S"",""machine_type"":"""",""track_size"":""450x86Bx58"",""model_key"":""kubota-svl95-2s""},{""make"":""Kubota"",""model"":""SVL95-2"",""machine_type"":""Compact Track Loader"",""track_size"":""450x86Bx58"",""model_key"":""kubota-svl95-2""},{""make"":""Kubota"",""model"":""SVL97-2"",""machine_type"":""Compact Track Loader"",""track_size"":""450x86Bx58"",""model_key"":""kubota-svl97-2""},{""make"":""Mustang"",""model"":""2500RT"",""machine_type"":""Compact Track Loader"",""track_size"":""450x86Bx58"",""model_key"":""mustang-2500rt""}],""display_text"":""Fits select Bobcat, Gehl, John Deere, and 2 other brands and other compact track loader using 450x86Bx58 rubber tracks.""}"
tnt4508658sdc,MERGE,TRUE,TNT4508658SDC,"{""verified"":true,""machine_type"":""Compact Track Loader"",""track_size"":""450x86Bx58"",""fits"":[{""make"":""Bobcat"",""model"":""T830"",""machine_type"":""Compact Track Loader"",""track_size"":""450x86Bx58"",""model_key"":""bobcat-t830""},{""make"":""Bobcat"",""model"":""T86"",""machine_type"":""Compact Track Loader"",""track_size"":""450x86Bx58"",""model_key"":""bobcat-t86""},{""make"":""Bobcat"",""model"":""T870"",""machine_type"":""Compact Track Loader"",""track_size"":""450x86Bx58"",""model_key"":""bobcat-t870""},{""make"":""Gehl"",""model"":""RT250"",""machine_type"":""Compact Track Loader"",""track_size"":""450x86Bx58"",""model_key"":""gehl-rt250""},{""make"":""Gehl"",""model"":""RT255"",""machine_type"":""Compact Track Loader"",""track_size"":""450x86Bx58"",""model_key"":""gehl-rt255""},{""make"":""Gehl"",""model"":""VT320"",""machine_type"":""Compact Track Loader"",""track_size"":""450x86Bx58"",""model_key"":""gehl-vt320""},{""make"":""John Deere"",""model"":""331G"",""machine_type"":""Compact Track Loader"",""track_size"":""450x86Bx58"",""model_key"":""john-deere-331g""},{""make"":""John Deere"",""model"":""331P"",""machine_type"":""Compact Track Loader"",""track_size"":""450x86Bx58"",""model_key"":""john-deere-331p""},{""make"":""John Deere"",""model"":""333G"",""machine_type"":""Compact Track Loader"",""track_size"":""450x86Bx58"",""model_key"":""john-deere-333g""},{""make"":""John Deere"",""model"":""333P"",""machine_type"":""Compact Track Loader"",""track_size"":""450x86Bx58"",""model_key"":""john-deere-333p""},{""make"":""John Deere"",""model"":""335P"",""machine_type"":""Compact Track Loader"",""track_size"":""450x86Bx58"",""model_key"":""john-deere-335p""},{""make"":""Kubota"",""model"":""SVL90"",""machine_type"":""Compact Track Loader"",""track_size"":""450x86Bx58"",""model_key"":""kubota-svl90""},{""make"":""Kubota"",""model"":""SVL90-2"",""machine_type"":""Compact Track Loader"",""track_size"":""450x86Bx58"",""model_key"":""kubota-svl90-2""},{""make"":""Kubota"",""model"":""SVL95 2S"",""machine_type"":"""",""track_size"":""450x86Bx58"",""model_key"":""kubota-svl95-2s""},{""make"":""Kubota"",""model"":""SVL95-2"",""machine_type"":""Compact Track Loader"",""track_size"":""450x86Bx58"",""model_key"":""kubota-svl95-2""},{""make"":""Kubota"",""model"":""SVL97-2"",""machine_type"":""Compact Track Loader"",""track_size"":""450x86Bx58"",""model_key"":""kubota-svl97-2""},{""make"":""Mustang"",""model"":""2500RT"",""machine_type"":""Compact Track Loader"",""track_size"":""450x86Bx58"",""model_key"":""mustang-2500rt""}],""display_text"":""Fits select Bobcat, Gehl, John Deere, and 2 other brands and other compact track loader using 450x86Bx58 rubber tracks.""}"
tnt4508660hdbd,MERGE,TRUE,TNT4508660HDBD,"{""verified"":true,""machine_type"":""Compact Track Loader"",""track_size"":""450x86Bx60"",""fits"":[{""make"":""Bobcat"",""model"":""T870"",""machine_type"":""Compact Track Loader"",""track_size"":""450x86Bx60"",""model_key"":""bobcat-t870""},{""make"":""CAT"",""model"":""269C"",""machine_type"":""Compact Track Loader"",""track_size"":""450x86Bx60"",""model_key"":""cat-269c""},{""make"":""CAT"",""model"":""279C"",""machine_type"":""Compact Track Loader"",""track_size"":""450x86Bx60"",""model_key"":""cat-279c""},{""make"":""CAT"",""model"":""289C"",""machine_type"":""Compact Track Loader"",""track_size"":""450x86Bx60"",""model_key"":""cat-289c""},{""make"":""CAT"",""model"":""299C"",""machine_type"":""Compact Track Loader"",""track_size"":""450x86Bx60"",""model_key"":""cat-299c""},{""make"":""CAT"",""model"":""299D"",""machine_type"":""Compact Track Loader"",""track_size"":""450x86Bx60"",""model_key"":""cat-299d""},{""make"":""CAT"",""model"":""299D XHP"",""machine_type"":""Compact Track Loader"",""track_size"":""450x86Bx60"",""model_key"":""cat-299d-xhp""},{""make"":""CAT"",""model"":""299D2"",""machine_type"":""Compact Track Loader"",""track_size"":""450x86Bx60"",""model_key"":""cat-299d2""},{""make"":""CAT"",""model"":""299D2 XHP"",""machine_type"":""Compact Track Loader"",""track_size"":""450x86Bx60"",""model_key"":""cat-299d2-xhp""},{""make"":""CAT"",""model"":""299D3"",""machine_type"":""Compact Track Loader"",""track_size"":""450x86Bx60"",""model_key"":""cat-299d3""},{""make"":""CAT"",""model"":""299D3 XE"",""machine_type"":""Compact Track Loader"",""track_size"":""450x86Bx60"",""model_key"":""cat-299d3-xe""},{""make"":""Takeuchi"",""model"":""TL12R2"",""machine_type"":""Compact Track Loader"",""track_size"":""450x86Bx60"",""model_key"":""takeuchi-tl12r2""},{""make"":""Takeuchi"",""model"":""TL12V2"",""machine_type"":""Compact Track Loader"",""track_size"":""450x86Bx60"",""model_key"":""takeuchi-tl12v2""}],""display_text"":""Fits select Bobcat, CAT, and Takeuchi and other compact track loader using 450x86Bx60 rubber tracks.""}"
tnt4508660hdbl,MERGE,TRUE,TNT4508660HDBL,"{""verified"":true,""machine_type"":""Compact Track Loader"",""track_size"":""450x86Bx60"",""fits"":[{""make"":""Bobcat"",""model"":""T870"",""machine_type"":""Compact Track Loader"",""track_size"":""450x86Bx60"",""model_key"":""bobcat-t870""},{""make"":""CAT"",""model"":""269C"",""machine_type"":""Compact Track Loader"",""track_size"":""450x86Bx60"",""model_key"":""cat-269c""},{""make"":""CAT"",""model"":""279C"",""machine_type"":""Compact Track Loader"",""track_size"":""450x86Bx60"",""model_key"":""cat-279c""},{""make"":""CAT"",""model"":""289C"",""machine_type"":""Compact Track Loader"",""track_size"":""450x86Bx60"",""model_key"":""cat-289c""},{""make"":""CAT"",""model"":""299C"",""machine_type"":""Compact Track Loader"",""track_size"":""450x86Bx60"",""model_key"":""cat-299c""},{""make"":""CAT"",""model"":""299D"",""machine_type"":""Compact Track Loader"",""track_size"":""450x86Bx60"",""model_key"":""cat-299d""},{""make"":""CAT"",""model"":""299D XHP"",""machine_type"":""Compact Track Loader"",""track_size"":""450x86Bx60"",""model_key"":""cat-299d-xhp""},{""make"":""CAT"",""model"":""299D2"",""machine_type"":""Compact Track Loader"",""track_size"":""450x86Bx60"",""model_key"":""cat-299d2""},{""make"":""CAT"",""model"":""299D2 XHP"",""machine_type"":""Compact Track Loader"",""track_size"":""450x86Bx60"",""model_key"":""cat-299d2-xhp""},{""make"":""CAT"",""model"":""299D3"",""machine_type"":""Compact Track Loader"",""track_size"":""450x86Bx60"",""model_key"":""cat-299d3""},{""make"":""CAT"",""model"":""299D3 XE"",""machine_type"":""Compact Track Loader"",""track_size"":""450x86Bx60"",""model_key"":""cat-299d3-xe""},{""make"":""Takeuchi"",""model"":""TL12R2"",""machine_type"":""Compact Track Loader"",""track_size"":""450x86Bx60"",""model_key"":""takeuchi-tl12r2""},{""make"":""Takeuchi"",""model"":""TL12V2"",""machine_type"":""Compact Track Loader"",""track_size"":""450x86Bx60"",""model_key"":""takeuchi-tl12v2""}],""display_text"":""Fits select Bobcat, CAT, and Takeuchi and other compact track loader using 450x86Bx60 rubber tracks.""}"
tnt4508660hdc,MERGE,TRUE,TNT4508660HDC,"{""verified"":true,""machine_type"":""Compact Track Loader"",""track_size"":""450x86Bx60"",""fits"":[{""make"":""Bobcat"",""model"":""T870"",""machine_type"":""Compact Track Loader"",""track_size"":""450x86Bx60"",""model_key"":""bobcat-t870""},{""make"":""CAT"",""model"":""269C"",""machine_type"":""Compact Track Loader"",""track_size"":""450x86Bx60"",""model_key"":""cat-269c""},{""make"":""CAT"",""model"":""279C"",""machine_type"":""Compact Track Loader"",""track_size"":""450x86Bx60"",""model_key"":""cat-279c""},{""make"":""CAT"",""model"":""289C"",""machine_type"":""Compact Track Loader"",""track_size"":""450x86Bx60"",""model_key"":""cat-289c""},{""make"":""CAT"",""model"":""299C"",""machine_type"":""Compact Track Loader"",""track_size"":""450x86Bx60"",""model_key"":""cat-299c""},{""make"":""CAT"",""model"":""299D"",""machine_type"":""Compact Track Loader"",""track_size"":""450x86Bx60"",""model_key"":""cat-299d""},{""make"":""CAT"",""model"":""299D XHP"",""machine_type"":""Compact Track Loader"",""track_size"":""450x86Bx60"",""model_key"":""cat-299d-xhp""},{""make"":""CAT"",""model"":""299D2"",""machine_type"":""Compact Track Loader"",""track_size"":""450x86Bx60"",""model_key"":""cat-299d2""},{""make"":""CAT"",""model"":""299D2 XHP"",""machine_type"":""Compact Track Loader"",""track_size"":""450x86Bx60"",""model_key"":""cat-299d2-xhp""},{""make"":""CAT"",""model"":""299D3"",""machine_type"":""Compact Track Loader"",""track_size"":""450x86Bx60"",""model_key"":""cat-299d3""},{""make"":""CAT"",""model"":""299D3 XE"",""machine_type"":""Compact Track Loader"",""track_size"":""450x86Bx60"",""model_key"":""cat-299d3-xe""},{""make"":""Takeuchi"",""model"":""TL12R2"",""machine_type"":""Compact Track Loader"",""track_size"":""450x86Bx60"",""model_key"":""takeuchi-tl12r2""},{""make"":""Takeuchi"",""model"":""TL12V2"",""machine_type"":""Compact Track Loader"",""track_size"":""450x86Bx60"",""model_key"":""takeuchi-tl12v2""}],""display_text"":""Fits select Bobcat, CAT, and Takeuchi and other compact track loader using 450x86Bx60 rubber tracks.""}"
tnt4508660hdmb,MERGE,TRUE,TNT4508660HDMB,"{""verified"":true,""machine_type"":""Compact Track Loader"",""track_size"":""450x86Bx60"",""fits"":[{""make"":""Bobcat"",""model"":""T870"",""machine_type"":""Compact Track Loader"",""track_size"":""450x86Bx60"",""model_key"":""bobcat-t870""},{""make"":""CAT"",""model"":""269C"",""machine_type"":""Compact Track Loader"",""track_size"":""450x86Bx60"",""model_key"":""cat-269c""},{""make"":""CAT"",""model"":""279C"",""machine_type"":""Compact Track Loader"",""track_size"":""450x86Bx60"",""model_key"":""cat-279c""},{""make"":""CAT"",""model"":""289C"",""machine_type"":""Compact Track Loader"",""track_size"":""450x86Bx60"",""model_key"":""cat-289c""},{""make"":""CAT"",""model"":""299C"",""machine_type"":""Compact Track Loader"",""track_size"":""450x86Bx60"",""model_key"":""cat-299c""},{""make"":""CAT"",""model"":""299D"",""machine_type"":""Compact Track Loader"",""track_size"":""450x86Bx60"",""model_key"":""cat-299d""},{""make"":""CAT"",""model"":""299D XHP"",""machine_type"":""Compact Track Loader"",""track_size"":""450x86Bx60"",""model_key"":""cat-299d-xhp""},{""make"":""CAT"",""model"":""299D2"",""machine_type"":""Compact Track Loader"",""track_size"":""450x86Bx60"",""model_key"":""cat-299d2""},{""make"":""CAT"",""model"":""299D2 XHP"",""machine_type"":""Compact Track Loader"",""track_size"":""450x86Bx60"",""model_key"":""cat-299d2-xhp""},{""make"":""CAT"",""model"":""299D3"",""machine_type"":""Compact Track Loader"",""track_size"":""450x86Bx60"",""model_key"":""cat-299d3""},{""make"":""CAT"",""model"":""299D3 XE"",""machine_type"":""Compact Track Loader"",""track_size"":""450x86Bx60"",""model_key"":""cat-299d3-xe""},{""make"":""Takeuchi"",""model"":""TL12R2"",""machine_type"":""Compact Track Loader"",""track_size"":""450x86Bx60"",""model_key"":""takeuchi-tl12r2""},{""make"":""Takeuchi"",""model"":""TL12V2"",""machine_type"":""Compact Track Loader"",""track_size"":""450x86Bx60"",""model_key"":""takeuchi-tl12v2""}],""display_text"":""Fits select Bobcat, CAT, and Takeuchi and other compact track loader using 450x86Bx60 rubber tracks.""}"
tnt4508660hdxt,MERGE,TRUE,TNT4508660HDXT,"{""verified"":true,""machine_type"":""Compact Track Loader"",""track_size"":""450x86Bx60"",""fits"":[{""make"":""Bobcat"",""model"":""T870"",""machine_type"":""Compact Track Loader"",""track_size"":""450x86Bx60"",""model_key"":""bobcat-t870""},{""make"":""CAT"",""model"":""269C"",""machine_type"":""Compact Track Loader"",""track_size"":""450x86Bx60"",""model_key"":""cat-269c""},{""make"":""CAT"",""model"":""279C"",""machine_type"":""Compact Track Loader"",""track_size"":""450x86Bx60"",""model_key"":""cat-279c""},{""make"":""CAT"",""model"":""289C"",""machine_type"":""Compact Track Loader"",""track_size"":""450x86Bx60"",""model_key"":""cat-289c""},{""make"":""CAT"",""model"":""299C"",""machine_type"":""Compact Track Loader"",""track_size"":""450x86Bx60"",""model_key"":""cat-299c""},{""make"":""CAT"",""model"":""299D"",""machine_type"":""Compact Track Loader"",""track_size"":""450x86Bx60"",""model_key"":""cat-299d""},{""make"":""CAT"",""model"":""299D XHP"",""machine_type"":""Compact Track Loader"",""track_size"":""450x86Bx60"",""model_key"":""cat-299d-xhp""},{""make"":""CAT"",""model"":""299D2"",""machine_type"":""Compact Track Loader"",""track_size"":""450x86Bx60"",""model_key"":""cat-299d2""},{""make"":""CAT"",""model"":""299D2 XHP"",""machine_type"":""Compact Track Loader"",""track_size"":""450x86Bx60"",""model_key"":""cat-299d2-xhp""},{""make"":""CAT"",""model"":""299D3"",""machine_type"":""Compact Track Loader"",""track_size"":""450x86Bx60"",""model_key"":""cat-299d3""},{""make"":""CAT"",""model"":""299D3 XE"",""machine_type"":""Compact Track Loader"",""track_size"":""450x86Bx60"",""model_key"":""cat-299d3-xe""},{""make"":""Takeuchi"",""model"":""TL12R2"",""machine_type"":""Compact Track Loader"",""track_size"":""450x86Bx60"",""model_key"":""takeuchi-tl12r2""},{""make"":""Takeuchi"",""model"":""TL12V2"",""machine_type"":""Compact Track Loader"",""track_size"":""450x86Bx60"",""model_key"":""takeuchi-tl12v2""}],""display_text"":""Fits select Bobcat, CAT, and Takeuchi and other compact track loader using 450x86Bx60 rubber tracks.""}"
tnt4508660hdz,MERGE,TRUE,TNT4508660HDZ,"{""verified"":true,""machine_type"":""Compact Track Loader"",""track_size"":""450x86Bx60"",""fits"":[{""make"":""Bobcat"",""model"":""T870"",""machine_type"":""Compact Track Loader"",""track_size"":""450x86Bx60"",""model_key"":""bobcat-t870""},{""make"":""CAT"",""model"":""269C"",""machine_type"":""Compact Track Loader"",""track_size"":""450x86Bx60"",""model_key"":""cat-269c""},{""make"":""CAT"",""model"":""279C"",""machine_type"":""Compact Track Loader"",""track_size"":""450x86Bx60"",""model_key"":""cat-279c""},{""make"":""CAT"",""model"":""289C"",""machine_type"":""Compact Track Loader"",""track_size"":""450x86Bx60"",""model_key"":""cat-289c""},{""make"":""CAT"",""model"":""299C"",""machine_type"":""Compact Track Loader"",""track_size"":""450x86Bx60"",""model_key"":""cat-299c""},{""make"":""CAT"",""model"":""299D"",""machine_type"":""Compact Track Loader"",""track_size"":""450x86Bx60"",""model_key"":""cat-299d""},{""make"":""CAT"",""model"":""299D XHP"",""machine_type"":""Compact Track Loader"",""track_size"":""450x86Bx60"",""model_key"":""cat-299d-xhp""},{""make"":""CAT"",""model"":""299D2"",""machine_type"":""Compact Track Loader"",""track_size"":""450x86Bx60"",""model_key"":""cat-299d2""},{""make"":""CAT"",""model"":""299D2 XHP"",""machine_type"":""Compact Track Loader"",""track_size"":""450x86Bx60"",""model_key"":""cat-299d2-xhp""},{""make"":""CAT"",""model"":""299D3"",""machine_type"":""Compact Track Loader"",""track_size"":""450x86Bx60"",""model_key"":""cat-299d3""},{""make"":""CAT"",""model"":""299D3 XE"",""machine_type"":""Compact Track Loader"",""track_size"":""450x86Bx60"",""model_key"":""cat-299d3-xe""},{""make"":""Takeuchi"",""model"":""TL12R2"",""machine_type"":""Compact Track Loader"",""track_size"":""450x86Bx60"",""model_key"":""takeuchi-tl12r2""},{""make"":""Takeuchi"",""model"":""TL12V2"",""machine_type"":""Compact Track Loader"",""track_size"":""450x86Bx60"",""model_key"":""takeuchi-tl12v2""}],""display_text"":""Fits select Bobcat, CAT, and Takeuchi and other compact track loader using 450x86Bx60 rubber tracks.""}"
tnt4508660hdzb,MERGE,TRUE,TNT4508660HDZB,"{""verified"":true,""machine_type"":""Compact Track Loader"",""track_size"":""450x86Bx60"",""fits"":[{""make"":""Bobcat"",""model"":""T870"",""machine_type"":""Compact Track Loader"",""track_size"":""450x86Bx60"",""model_key"":""bobcat-t870""},{""make"":""CAT"",""model"":""269C"",""machine_type"":""Compact Track Loader"",""track_size"":""450x86Bx60"",""model_key"":""cat-269c""},{""make"":""CAT"",""model"":""279C"",""machine_type"":""Compact Track Loader"",""track_size"":""450x86Bx60"",""model_key"":""cat-279c""},{""make"":""CAT"",""model"":""289C"",""machine_type"":""Compact Track Loader"",""track_size"":""450x86Bx60"",""model_key"":""cat-289c""},{""make"":""CAT"",""model"":""299C"",""machine_type"":""Compact Track Loader"",""track_size"":""450x86Bx60"",""model_key"":""cat-299c""},{""make"":""CAT"",""model"":""299D"",""machine_type"":""Compact Track Loader"",""track_size"":""450x86Bx60"",""model_key"":""cat-299d""},{""make"":""CAT"",""model"":""299D XHP"",""machine_type"":""Compact Track Loader"",""track_size"":""450x86Bx60"",""model_key"":""cat-299d-xhp""},{""make"":""CAT"",""model"":""299D2"",""machine_type"":""Compact Track Loader"",""track_size"":""450x86Bx60"",""model_key"":""cat-299d2""},{""make"":""CAT"",""model"":""299D2 XHP"",""machine_type"":""Compact Track Loader"",""track_size"":""450x86Bx60"",""model_key"":""cat-299d2-xhp""},{""make"":""CAT"",""model"":""299D3"",""machine_type"":""Compact Track Loader"",""track_size"":""450x86Bx60"",""model_key"":""cat-299d3""},{""make"":""CAT"",""model"":""299D3 XE"",""machine_type"":""Compact Track Loader"",""track_size"":""450x86Bx60"",""model_key"":""cat-299d3-xe""},{""make"":""Takeuchi"",""model"":""TL12R2"",""machine_type"":""Compact Track Loader"",""track_size"":""450x86Bx60"",""model_key"":""takeuchi-tl12r2""},{""make"":""Takeuchi"",""model"":""TL12V2"",""machine_type"":""Compact Track Loader"",""track_size"":""450x86Bx60"",""model_key"":""takeuchi-tl12v2""}],""display_text"":""Fits select Bobcat, CAT, and Takeuchi and other compact track loader using 450x86Bx60 rubber tracks.""}"
tnt4508660sdc,MERGE,TRUE,TNT4508660SDC,"{""verified"":true,""machine_type"":""Compact Track Loader"",""track_size"":""450x86Bx60"",""fits"":[{""make"":""Bobcat"",""model"":""T870"",""machine_type"":""Compact Track Loader"",""track_size"":""450x86Bx60"",""model_key"":""bobcat-t870""},{""make"":""CAT"",""model"":""269C"",""machine_type"":""Compact Track Loader"",""track_size"":""450x86Bx60"",""model_key"":""cat-269c""},{""make"":""CAT"",""model"":""279C"",""machine_type"":""Compact Track Loader"",""track_size"":""450x86Bx60"",""model_key"":""cat-279c""},{""make"":""CAT"",""model"":""289C"",""machine_type"":""Compact Track Loader"",""track_size"":""450x86Bx60"",""model_key"":""cat-289c""},{""make"":""CAT"",""model"":""299C"",""machine_type"":""Compact Track Loader"",""track_size"":""450x86Bx60"",""model_key"":""cat-299c""},{""make"":""CAT"",""model"":""299D"",""machine_type"":""Compact Track Loader"",""track_size"":""450x86Bx60"",""model_key"":""cat-299d""},{""make"":""CAT"",""model"":""299D XHP"",""machine_type"":""Compact Track Loader"",""track_size"":""450x86Bx60"",""model_key"":""cat-299d-xhp""},{""make"":""CAT"",""model"":""299D2"",""machine_type"":""Compact Track Loader"",""track_size"":""450x86Bx60"",""model_key"":""cat-299d2""},{""make"":""CAT"",""model"":""299D2 XHP"",""machine_type"":""Compact Track Loader"",""track_size"":""450x86Bx60"",""model_key"":""cat-299d2-xhp""},{""make"":""CAT"",""model"":""299D3"",""machine_type"":""Compact Track Loader"",""track_size"":""450x86Bx60"",""model_key"":""cat-299d3""},{""make"":""CAT"",""model"":""299D3 XE"",""machine_type"":""Compact Track Loader"",""track_size"":""450x86Bx60"",""model_key"":""cat-299d3-xe""},{""make"":""Takeuchi"",""model"":""TL12R2"",""machine_type"":""Compact Track Loader"",""track_size"":""450x86Bx60"",""model_key"":""takeuchi-tl12r2""},{""make"":""Takeuchi"",""model"":""TL12V2"",""machine_type"":""Compact Track Loader"",""track_size"":""450x86Bx60"",""model_key"":""takeuchi-tl12v2""}],""display_text"":""Fits select Bobcat, CAT, and Takeuchi and other compact track loader using 450x86Bx60 rubber tracks.""}"
tnt4508663hdc,MERGE,TRUE,TNT4508663HDC,"{""verified"":true,""machine_type"":""Compact Track Loader"",""track_size"":""450x86Bx63"",""fits"":[{""make"":""Case"",""model"":""TV620B"",""machine_type"":""Compact Track Loader"",""track_size"":""450x86Bx63"",""model_key"":""case-tv620b""},{""make"":""New Holland"",""model"":""C362"",""machine_type"":""Compact Track Loader"",""track_size"":""450x86Bx63"",""model_key"":""new-holland-c362""}],""display_text"":""Fits select Case, and New Holland and other compact track loader using 450x86Bx63 rubber tracks.""}"
tnt4508663hdmb,MERGE,TRUE,TNT4508663HDMB,"{""verified"":true,""machine_type"":""Compact Track Loader"",""track_size"":""450x86Bx63"",""fits"":[{""make"":""Case"",""model"":""TV620B"",""machine_type"":""Compact Track Loader"",""track_size"":""450x86Bx63"",""model_key"":""case-tv620b""},{""make"":""New Holland"",""model"":""C362"",""machine_type"":""Compact Track Loader"",""track_size"":""450x86Bx63"",""model_key"":""new-holland-c362""}],""display_text"":""Fits select Case, and New Holland and other compact track loader using 450x86Bx63 rubber tracks.""}"
tnt4508663hdz,MERGE,TRUE,TNT4508663HDZ,"{""verified"":true,""machine_type"":""Compact Track Loader"",""track_size"":""450x86Bx63"",""fits"":[{""make"":""Case"",""model"":""TV620B"",""machine_type"":""Compact Track Loader"",""track_size"":""450x86Bx63"",""model_key"":""case-tv620b""},{""make"":""New Holland"",""model"":""C362"",""machine_type"":""Compact Track Loader"",""track_size"":""450x86Bx63"",""model_key"":""new-holland-c362""}],""display_text"":""Fits select Case, and New Holland and other compact track loader using 450x86Bx63 rubber tracks.""}"
tnt4508663hdzb,MERGE,TRUE,TNT4508663HDZB,"{""verified"":true,""machine_type"":""Compact Track Loader"",""track_size"":""450x86Bx63"",""fits"":[{""make"":""Case"",""model"":""TV620B"",""machine_type"":""Compact Track Loader"",""track_size"":""450x86Bx63"",""model_key"":""case-tv620b""},{""make"":""New Holland"",""model"":""C362"",""machine_type"":""Compact Track Loader"",""track_size"":""450x86Bx63"",""model_key"":""new-holland-c362""}],""display_text"":""Fits select Case, and New Holland and other compact track loader using 450x86Bx63 rubber tracks.""}"
tnt4508663sdzb,MERGE,TRUE,TNT4508663SDZB,"{""verified"":true,""machine_type"":""Compact Track Loader"",""track_size"":""450x86Bx63"",""fits"":[{""make"":""Case"",""model"":""TV620B"",""machine_type"":""Compact Track Loader"",""track_size"":""450x86Bx63"",""model_key"":""case-tv620b""},{""make"":""New Holland"",""model"":""C362"",""machine_type"":""Compact Track Loader"",""track_size"":""450x86Bx63"",""model_key"":""new-holland-c362""}],""display_text"":""Fits select Case, and New Holland and other compact track loader using 450x86Bx63 rubber tracks.""}"
tnt457101650hdmb,MERGE,TRUE,TNT457101650HDMB,"{""verified"":true,""machine_type"":""Compact Track Loader"",""track_size"":""457X101.6X50"",""fits"":[{""make"":""ASV"",""model"":""RC100"",""machine_type"":"""",""track_size"":""457X101.6X50"",""model_key"":""asv-rc100""},{""make"":""ASV"",""model"":""RC85"",""machine_type"":"""",""track_size"":""457X101.6X50"",""model_key"":""asv-rc85""},{""make"":""CAT"",""model"":""287"",""machine_type"":""Compact Track Loader"",""track_size"":""457X101.6X50"",""model_key"":""cat-287""}],""display_text"":""Fits select ASV, and CAT and other compact track loader using 457X101.6X50 rubber tracks.""}"
tnt457101651hdmb,MERGE,TRUE,TNT457101651HDMB,"{""verified"":true,""machine_type"":""Compact Track Loader"",""track_size"":""457x101.6x51"",""fits"":[{""make"":""ASV"",""model"":""PT 100"",""machine_type"":"""",""track_size"":""457x101.6x51"",""model_key"":""asv-pt-100""},{""make"":""ASV"",""model"":""PT 80"",""machine_type"":"""",""track_size"":""457x101.6x51"",""model_key"":""asv-pt-80""},{""make"":""ASV"",""model"":""RCV"",""machine_type"":"""",""track_size"":""457x101.6x51"",""model_key"":""asv-rcv""},{""make"":""ASV"",""model"":""RT 135F"",""machine_type"":"""",""track_size"":""457x101.6x51"",""model_key"":""asv-rt-135f""},{""make"":""ASV"",""model"":""RT 75"",""machine_type"":"""",""track_size"":""457x101.6x51"",""model_key"":""asv-rt-75""},{""make"":""ASV"",""model"":""RT 75HD"",""machine_type"":"""",""track_size"":""457x101.6x51"",""model_key"":""asv-rt-75hd""},{""make"":""ASV"",""model"":""RT-120F"",""machine_type"":"""",""track_size"":""457x101.6x51"",""model_key"":""asv-rt-120f""},{""make"":""ASV"",""model"":""SR 80"",""machine_type"":"""",""track_size"":""457x101.6x51"",""model_key"":""asv-sr-80""},{""make"":""CAT"",""model"":""277C"",""machine_type"":"""",""track_size"":""457x101.6x51"",""model_key"":""cat-277c""},{""make"":""CAT"",""model"":""287"",""machine_type"":""Compact Track Loader"",""track_size"":""457x101.6x51"",""model_key"":""cat-287""},{""make"":""CAT"",""model"":""287C"",""machine_type"":"""",""track_size"":""457x101.6x51"",""model_key"":""cat-287c""},{""make"":""Terex"",""model"":""PT100"",""machine_type"":""Compact Track Loader"",""track_size"":""457x101.6x51"",""model_key"":""terex-pt100""},{""make"":""Terex"",""model"":""PT110"",""machine_type"":""Compact Track Loader"",""track_size"":""457x101.6x51"",""model_key"":""terex-pt110""},{""make"":""Terex"",""model"":""PT75"",""machine_type"":"""",""track_size"":""457x101.6x51"",""model_key"":""terex-pt75""},{""make"":""Terex"",""model"":""R265T"",""machine_type"":""Compact Track Loader"",""track_size"":""457x101.6x51"",""model_key"":""terex-r265t""}],""display_text"":""Fits select ASV, CAT, and Terex and other compact track loader using 457x101.6x51 rubber tracks.""}"
tnt457101656hdmb,MERGE,TRUE,TNT457101656HDMB,"{""verified"":true,""machine_type"":""Compact Track Loader"",""track_size"":""457x101.6x56"",""fits"":[{""make"":""ASV"",""model"":""POSI TRAC2800"",""machine_type"":"""",""track_size"":""457x101.6x56"",""model_key"":""asv-posi-trac2800""},{""make"":""ASV"",""model"":""POSI TRAC2810"",""machine_type"":"""",""track_size"":""457x101.6x56"",""model_key"":""asv-posi-trac2810""},{""make"":""ASV"",""model"":""POSI TRAC4800"",""machine_type"":"""",""track_size"":""457x101.6x56"",""model_key"":""asv-posi-trac4800""},{""make"":""ASV"",""model"":""POSI TRAC4810"",""machine_type"":"""",""track_size"":""457x101.6x56"",""model_key"":""asv-posi-trac4810""},{""make"":""ASV"",""model"":""POSI TRACHD4500"",""machine_type"":"""",""track_size"":""457x101.6x56"",""model_key"":""asv-posi-trachd4500""},{""make"":""ASV"",""model"":""POSI TRACHD4520"",""machine_type"":"""",""track_size"":""457x101.6x56"",""model_key"":""asv-posi-trachd4520""},{""make"":""CAT"",""model"":""277"",""machine_type"":""Compact Track Loader"",""track_size"":""457x101.6x56"",""model_key"":""cat-277""},{""make"":""CAT"",""model"":""277B"",""machine_type"":"""",""track_size"":""457x101.6x56"",""model_key"":""cat-277b""}],""display_text"":""Fits select ASV, and CAT and other compact track loader using 457x101.6x56 rubber tracks.""}"
tnt5009284hd,MERGE,TRUE,TNT5009284HD,"{""verified"":true,""machine_type"":""Mini Excavator"",""track_size"":""500x92x84"",""fits"":[{""make"":""Hitachi"",""model"":""120"",""machine_type"":""Mini Excavator"",""track_size"":""500x92x84"",""model_key"":""hitachi-120""}],""display_text"":""Fits select Hitachi and other mini excavator using 500x92x84 rubber tracks.""}"
tnt70010098hdmb,MERGE,TRUE,TNT70010098HDMB,"{""verified"":false,""machine_type"":"""",""track_size"":""700x100x98"",""fits"":[{""make"":""IHI"",""model"":""IC75"",""machine_type"":"""",""track_size"":""700x100x98"",""model_key"":""ihi-ic75""},{""make"":""IHI"",""model"":""Morooka"",""machine_type"":"""",""track_size"":""700x100x98"",""model_key"":""ihi-morooka""},{""make"":""IHI"",""model"":""MST1500"",""machine_type"":"""",""track_size"":""700x100x98"",""model_key"":""ihi-mst1500""},{""make"":""IHI"",""model"":""MST1500VD"",""machine_type"":"""",""track_size"":""700x100x98"",""model_key"":""ihi-mst1500vd""},{""make"":""IHI"",""model"":""MST1500VDL"",""machine_type"":"""",""track_size"":""700x100x98"",""model_key"":""ihi-mst1500vdl""},{""make"":""IHI"",""model"":""Terramac"",""machine_type"":"""",""track_size"":""700x100x98"",""model_key"":""ihi-terramac""},{""make"":""IHI"",""model"":""RT9"",""machine_type"":"""",""track_size"":""700x100x98"",""model_key"":""ihi-rt9""}],""display_text"":""Fits select IHI and other machines using 700x100x98 rubber tracks.""}"
tnt75015066hdmb,MERGE,TRUE,TNT75015066HDMB,"{""verified"":false,""machine_type"":"""",""track_size"":""750x150x66"",""fits"":[{""make"":""IHI"",""model"":""IC120"",""machine_type"":"""",""track_size"":""750x150x66"",""model_key"":""ihi-ic120""},{""make"":""IHI"",""model"":""Morooka"",""machine_type"":"""",""track_size"":""750x150x66"",""model_key"":""ihi-morooka""},{""make"":""IHI"",""model"":""MST2200"",""machine_type"":"""",""track_size"":""750x150x66"",""model_key"":""ihi-mst2200""},{""make"":""IHI"",""model"":""MST2200VD"",""machine_type"":"""",""track_size"":""750x150x66"",""model_key"":""ihi-mst2200vd""},{""make"":""IHI"",""model"":""MST2200VDR"",""machine_type"":"""",""track_size"":""750x150x66"",""model_key"":""ihi-mst2200vdr""},{""make"":""IHI"",""model"":""MST2500VDL"",""machine_type"":"""",""track_size"":""750x150x66"",""model_key"":""ihi-mst2500vdl""}],""display_text"":""Fits select IHI and other machines using 750x150x66 rubber tracks.""}"
