Handle,Image Src,Image Position,Image Alt Text
160x87.63x28-rubber-track-multi-bar,https://tcykyktvdlsbscrsbjyt.supabase.co/storage/v1/object/public/catalog-images/sizes/160x87.63x28/multi-bar/160x87.63x28-multi-bar-01.webp,1,160x87.63x28 Multi-Bar Rubber Track
160x87.63x28-rubber-track-multi-bar,https://tcykyktvdlsbscrsbjyt.supabase.co/storage/v1/object/public/catalog-images/sizes/160x87.63x28/multi-bar/160x87.63x28-multi-bar-03.webp,3,160x87.63x28 Multi-Bar Rubber Track alternate angle
160x87.63x28-rubber-track-multi-bar,https://tcykyktvdlsbscrsbjyt.supabase.co/storage/v1/object/public/catalog-images/sizes/160x87.63x28/multi-bar/160x87.63x28-multi-bar-04.webp,4,160x87.63x28 Multi-Bar Rubber Track steel cord / inside drive lugs
1807244-rubber-track-mx,https://tcykyktvdlsbscrsbjyt.supabase.co/storage/v1/object/public/catalog-images/sizes/1807244/mx/1807244-mx-01.webp,1,1807244 MX Rubber Track
1807244-rubber-track-mx,https://tcykyktvdlsbscrsbjyt.supabase.co/storage/v1/object/public/catalog-images/sizes/1807244/mx/1807244-mx-02.webp,2,1807244 MX Rubber Track tread close-up
1807244-rubber-track-mx,https://tcykyktvdlsbscrsbjyt.supabase.co/storage/v1/object/public/catalog-images/sizes/1807244/mx/1807244-mx-03.webp,3,1807244 MX Rubber Track alternate angle
1807244-rubber-track-mx,https://tcykyktvdlsbscrsbjyt.supabase.co/storage/v1/object/public/catalog-images/sizes/1807244/mx/1807244-mx-04.webp,4,1807244 MX Rubber Track steel cord / inside drive lugs
1807245-rubber-track-mx,https://tcykyktvdlsbscrsbjyt.supabase.co/storage/v1/object/public/catalog-images/sizes/1807245/mx/1807245-mx-01.webp,1,1807245 MX Rubber Track
1807245-rubber-track-mx,https://tcykyktvdlsbscrsbjyt.supabase.co/storage/v1/object/public/catalog-images/sizes/1807245/mx/1807245-mx-02.webp,2,1807245 MX Rubber Track tread close-up
1807245-rubber-track-mx,https://tcykyktvdlsbscrsbjyt.supabase.co/storage/v1/object/public/catalog-images/sizes/1807245/mx/1807245-mx-03.webp,3,1807245 MX Rubber Track alternate angle
1807245-rubber-track-mx,https://tcykyktvdlsbscrsbjyt.supabase.co/storage/v1/object/public/catalog-images/sizes/1807245/mx/1807245-mx-04.webp,4,1807245 MX Rubber Track steel cord / inside drive lugs
180x72x39-rubber-track-directional,https://tcykyktvdlsbscrsbjyt.supabase.co/storage/v1/object/public/catalog-images/sizes/180x72x39/directional/180x72x39-directional-01.webp,1,180x72x39 Directional Rubber Track
180x72x39-rubber-track-directional,https://tcykyktvdlsbscrsbjyt.supabase.co/storage/v1/object/public/catalog-images/sizes/180x72x39/directional/180x72x39-directional-03.webp,3,180x72x39 Directional Rubber Track alternate angle
180x72x39-rubber-track-directional,https://tcykyktvdlsbscrsbjyt.supabase.co/storage/v1/object/public/catalog-images/sizes/180x72x39/directional/180x72x39-directional-04.webp,4,180x72x39 Directional Rubber Track steel cord / inside drive lugs
180x72x45-rubber-track-directional,https://tcykyktvdlsbscrsbjyt.supabase.co/storage/v1/object/public/catalog-images/sizes/180x72x45/directional/180x72x45-directional-01.webp,1,180x72x45 Directional Rubber Track
180x72x45-rubber-track-directional,https://tcykyktvdlsbscrsbjyt.supabase.co/storage/v1/object/public/catalog-images/sizes/180x72x45/directional/180x72x45-directional-03.webp,3,180x72x45 Directional Rubber Track alternate angle
180x72x45-rubber-track-directional,https://tcykyktvdlsbscrsbjyt.supabase.co/storage/v1/object/public/catalog-images/sizes/180x72x45/directional/180x72x45-directional-04.webp,4,180x72x45 Directional Rubber Track steel cord / inside drive lugs
2307244-rubber-track-mx,https://tcykyktvdlsbscrsbjyt.supabase.co/storage/v1/object/public/catalog-images/sizes/2307244/mx/2307244-mx-01.webp,1,2307244 MX Rubber Track
2307244-rubber-track-mx,https://tcykyktvdlsbscrsbjyt.supabase.co/storage/v1/object/public/catalog-images/sizes/2307244/mx/2307244-mx-02.webp,2,2307244 MX Rubber Track tread close-up
2307244-rubber-track-mx,https://tcykyktvdlsbscrsbjyt.supabase.co/storage/v1/object/public/catalog-images/sizes/2307244/mx/2307244-mx-03.webp,3,2307244 MX Rubber Track alternate angle
2307244-rubber-track-mx,https://tcykyktvdlsbscrsbjyt.supabase.co/storage/v1/object/public/catalog-images/sizes/2307244/mx/2307244-mx-04.webp,4,2307244 MX Rubber Track steel cord / inside drive lugs
2307245-rubber-track-mx,https://tcykyktvdlsbscrsbjyt.supabase.co/storage/v1/object/public/catalog-images/sizes/2307245/mx/2307245-mx-01.webp,1,2307245 MX Rubber Track
2307245-rubber-track-mx,https://tcykyktvdlsbscrsbjyt.supabase.co/storage/v1/object/public/catalog-images/sizes/2307245/mx/2307245-mx-02.webp,2,2307245 MX Rubber Track tread close-up
2307245-rubber-track-mx,https://tcykyktvdlsbscrsbjyt.supabase.co/storage/v1/object/public/catalog-images/sizes/2307245/mx/2307245-mx-03.webp,3,2307245 MX Rubber Track alternate angle
2307245-rubber-track-mx,https://tcykyktvdlsbscrsbjyt.supabase.co/storage/v1/object/public/catalog-images/sizes/2307245/mx/2307245-mx-04.webp,4,2307245 MX Rubber Track steel cord / inside drive lugs
230x48x60-rubber-track-directional,https://tcykyktvdlsbscrsbjyt.supabase.co/storage/v1/object/public/catalog-images/sizes/230x48x60/directional/230x48x60-directional-01.webp,1,230x48x60 Directional Rubber Track
230x48x60-rubber-track-directional,https://tcykyktvdlsbscrsbjyt.supabase.co/storage/v1/object/public/catalog-images/sizes/230x48x60/directional/230x48x60-directional-03.webp,3,230x48x60 Directional Rubber Track alternate angle
230x48x60-rubber-track-directional,https://tcykyktvdlsbscrsbjyt.supabase.co/storage/v1/object/public/catalog-images/sizes/230x48x60/directional/230x48x60-directional-04.webp,4,230x48x60 Directional Rubber Track steel cord / inside drive lugs
230x48x62-rubber-track-directional,https://tcykyktvdlsbscrsbjyt.supabase.co/storage/v1/object/public/catalog-images/sizes/230x48x62/directional/230x48x62-directional-01.webp,1,230x48x62 Directional Rubber Track
230x48x62-rubber-track-directional,https://tcykyktvdlsbscrsbjyt.supabase.co/storage/v1/object/public/catalog-images/sizes/230x48x62/directional/230x48x62-directional-03.webp,3,230x48x62 Directional Rubber Track alternate angle
230x48x62-rubber-track-directional,https://tcykyktvdlsbscrsbjyt.supabase.co/storage/v1/object/public/catalog-images/sizes/230x48x62/directional/230x48x62-directional-04.webp,4,230x48x62 Directional Rubber Track steel cord / inside drive lugs
230x48x62-rubber-track-mx,https://tcykyktvdlsbscrsbjyt.supabase.co/storage/v1/object/public/catalog-images/sizes/230x48x62/mx/230x48x62-mx-01.webp,1,230x48x62 MX Rubber Track
230x48x62-rubber-track-mx,https://tcykyktvdlsbscrsbjyt.supabase.co/storage/v1/object/public/catalog-images/sizes/230x48x62/mx/230x48x62-mx-03.webp,3,230x48x62 MX Rubber Track alternate angle
230x48x62-rubber-track-mx,https://tcykyktvdlsbscrsbjyt.supabase.co/storage/v1/object/public/catalog-images/sizes/230x48x62/mx/230x48x62-mx-04.webp,4,230x48x62 MX Rubber Track steel cord / inside drive lugs
230x48x64-rubber-track-directional,https://tcykyktvdlsbscrsbjyt.supabase.co/storage/v1/object/public/catalog-images/sizes/230x48x64/directional/230x48x64-directional-01.webp,1,230x48x64 Directional Rubber Track
230x48x64-rubber-track-directional,https://tcykyktvdlsbscrsbjyt.supabase.co/storage/v1/object/public/catalog-images/sizes/230x48x64/directional/230x48x64-directional-03.webp,3,230x48x64 Directional Rubber Track alternate angle
230x48x64-rubber-track-directional,https://tcykyktvdlsbscrsbjyt.supabase.co/storage/v1/object/public/catalog-images/sizes/230x48x64/directional/230x48x64-directional-04.webp,4,230x48x64 Directional Rubber Track steel cord / inside drive lugs
230x48x64-rubber-track-mx,https://tcykyktvdlsbscrsbjyt.supabase.co/storage/v1/object/public/catalog-images/sizes/230x48x64/mx/230x48x64-mx-01.webp,1,230x48x64 MX Rubber Track
230x48x64-rubber-track-mx,https://tcykyktvdlsbscrsbjyt.supabase.co/storage/v1/object/public/catalog-images/sizes/230x48x64/mx/230x48x64-mx-03.webp,3,230x48x64 MX Rubber Track alternate angle
230x48x64-rubber-track-mx,https://tcykyktvdlsbscrsbjyt.supabase.co/storage/v1/object/public/catalog-images/sizes/230x48x64/mx/230x48x64-mx-04.webp,4,230x48x64 MX Rubber Track steel cord / inside drive lugs
230x48x66-rubber-track-directional,https://tcykyktvdlsbscrsbjyt.supabase.co/storage/v1/object/public/catalog-images/sizes/230x48x66/directional/230x48x66-directional-01.webp,1,230x48x66 Directional Rubber Track
230x48x66-rubber-track-directional,https://tcykyktvdlsbscrsbjyt.supabase.co/storage/v1/object/public/catalog-images/sizes/230x48x66/directional/230x48x66-directional-03.webp,3,230x48x66 Directional Rubber Track alternate angle
230x48x66-rubber-track-directional,https://tcykyktvdlsbscrsbjyt.supabase.co/storage/v1/object/public/catalog-images/sizes/230x48x66/directional/230x48x66-directional-04.webp,4,230x48x66 Directional Rubber Track steel cord / inside drive lugs
230x48x68-rubber-track-directional,https://tcykyktvdlsbscrsbjyt.supabase.co/storage/v1/object/public/catalog-images/sizes/230x48x68/directional/230x48x68-directional-01.webp,1,230x48x68 Directional Rubber Track
230x48x68-rubber-track-directional,https://tcykyktvdlsbscrsbjyt.supabase.co/storage/v1/object/public/catalog-images/sizes/230x48x68/directional/230x48x68-directional-03.webp,3,230x48x68 Directional Rubber Track alternate angle
230x48x68-rubber-track-directional,https://tcykyktvdlsbscrsbjyt.supabase.co/storage/v1/object/public/catalog-images/sizes/230x48x68/directional/230x48x68-directional-04.webp,4,230x48x68 Directional Rubber Track steel cord / inside drive lugs
230x48x68-rubber-track-mx,https://tcykyktvdlsbscrsbjyt.supabase.co/storage/v1/object/public/catalog-images/sizes/230x48x68/mx/230x48x68-mx-01.webp,1,230x48x68 MX Rubber Track
230x48x68-rubber-track-mx,https://tcykyktvdlsbscrsbjyt.supabase.co/storage/v1/object/public/catalog-images/sizes/230x48x68/mx/230x48x68-mx-03.webp,3,230x48x68 MX Rubber Track alternate angle
230x48x68-rubber-track-mx,https://tcykyktvdlsbscrsbjyt.supabase.co/storage/v1/object/public/catalog-images/sizes/230x48x68/mx/230x48x68-mx-04.webp,4,230x48x68 MX Rubber Track steel cord / inside drive lugs
230x48x70-rubber-track-directional,https://tcykyktvdlsbscrsbjyt.supabase.co/storage/v1/object/public/catalog-images/sizes/230x48x70/directional/230x48x70-directional-01.webp,1,230x48x70 Directional Rubber Track
230x48x70-rubber-track-directional,https://tcykyktvdlsbscrsbjyt.supabase.co/storage/v1/object/public/catalog-images/sizes/230x48x70/directional/230x48x70-directional-03.webp,3,230x48x70 Directional Rubber Track alternate angle
230x48x70-rubber-track-directional,https://tcykyktvdlsbscrsbjyt.supabase.co/storage/v1/object/public/catalog-images/sizes/230x48x70/directional/230x48x70-directional-04.webp,4,230x48x70 Directional Rubber Track steel cord / inside drive lugs
230x48x70-rubber-track-mx,https://tcykyktvdlsbscrsbjyt.supabase.co/storage/v1/object/public/catalog-images/sizes/230x48x70/mx/230x48x70-mx-01.webp,1,230x48x70 MX Rubber Track
230x48x70-rubber-track-mx,https://tcykyktvdlsbscrsbjyt.supabase.co/storage/v1/object/public/catalog-images/sizes/230x48x70/mx/230x48x70-mx-03.webp,3,230x48x70 MX Rubber Track alternate angle
230x48x70-rubber-track-mx,https://tcykyktvdlsbscrsbjyt.supabase.co/storage/v1/object/public/catalog-images/sizes/230x48x70/mx/230x48x70-mx-04.webp,4,230x48x70 MX Rubber Track steel cord / inside drive lugs
230x48x72-rubber-track-directional,https://tcykyktvdlsbscrsbjyt.supabase.co/storage/v1/object/public/catalog-images/sizes/230x48x72/directional/230x48x72-directional-01.webp,1,230x48x72 Directional Rubber Track
230x48x72-rubber-track-directional,https://tcykyktvdlsbscrsbjyt.supabase.co/storage/v1/object/public/catalog-images/sizes/230x48x72/directional/230x48x72-directional-03.webp,3,230x48x72 Directional Rubber Track alternate angle
230x48x72-rubber-track-directional,https://tcykyktvdlsbscrsbjyt.supabase.co/storage/v1/object/public/catalog-images/sizes/230x48x72/directional/230x48x72-directional-04.webp,4,230x48x72 Directional Rubber Track steel cord / inside drive lugs
230x72x39-rubber-track-c-block,https://tcykyktvdlsbscrsbjyt.supabase.co/storage/v1/object/public/catalog-images/sizes/230x72x39/c-block/230x72x39-c-block-01.webp,1,230x72x39 C-Block Rubber Track
230x72x39-rubber-track-c-block,https://tcykyktvdlsbscrsbjyt.supabase.co/storage/v1/object/public/catalog-images/sizes/230x72x39/c-block/230x72x39-c-block-03.webp,3,230x72x39 C-Block Rubber Track alternate angle
230x72x39-rubber-track-c-block,https://tcykyktvdlsbscrsbjyt.supabase.co/storage/v1/object/public/catalog-images/sizes/230x72x39/c-block/230x72x39-c-block-04.webp,4,230x72x39 C-Block Rubber Track steel cord / inside drive lugs
230x72x42-rubber-track-directional,https://tcykyktvdlsbscrsbjyt.supabase.co/storage/v1/object/public/catalog-images/sizes/230x72x42/directional/230x72x42-directional-01.webp,1,230x72x42 Directional Rubber Track
230x72x42-rubber-track-directional,https://tcykyktvdlsbscrsbjyt.supabase.co/storage/v1/object/public/catalog-images/sizes/230x72x42/directional/230x72x42-directional-03.webp,3,230x72x42 Directional Rubber Track alternate angle
230x72x42-rubber-track-directional,https://tcykyktvdlsbscrsbjyt.supabase.co/storage/v1/object/public/catalog-images/sizes/230x72x42/directional/230x72x42-directional-04.webp,4,230x72x42 Directional Rubber Track steel cord / inside drive lugs
230x72x42-rubber-track-mx,https://tcykyktvdlsbscrsbjyt.supabase.co/storage/v1/object/public/catalog-images/sizes/230x72x42/mx/230x72x42-mx-01.webp,1,230x72x42 MX Rubber Track
230x72x42-rubber-track-mx,https://tcykyktvdlsbscrsbjyt.supabase.co/storage/v1/object/public/catalog-images/sizes/230x72x42/mx/230x72x42-mx-03.webp,3,230x72x42 MX Rubber Track alternate angle
230x72x42-rubber-track-mx,https://tcykyktvdlsbscrsbjyt.supabase.co/storage/v1/object/public/catalog-images/sizes/230x72x42/mx/230x72x42-mx-04.webp,4,230x72x42 MX Rubber Track steel cord / inside drive lugs
230x72x43-rubber-track-directional,https://tcykyktvdlsbscrsbjyt.supabase.co/storage/v1/object/public/catalog-images/sizes/230x72x43/directional/230x72x43-directional-01.webp,1,230x72x43 Directional Rubber Track
230x72x43-rubber-track-directional,https://tcykyktvdlsbscrsbjyt.supabase.co/storage/v1/object/public/catalog-images/sizes/230x72x43/directional/230x72x43-directional-03.webp,3,230x72x43 Directional Rubber Track alternate angle
230x72x43-rubber-track-directional,https://tcykyktvdlsbscrsbjyt.supabase.co/storage/v1/object/public/catalog-images/sizes/230x72x43/directional/230x72x43-directional-04.webp,4,230x72x43 Directional Rubber Track steel cord / inside drive lugs
230x72x45-rubber-track-c-block,https://tcykyktvdlsbscrsbjyt.supabase.co/storage/v1/object/public/catalog-images/sizes/230x72x45/c-block/230x72x45-c-block-01.webp,1,230x72x45 C-Block Rubber Track
230x72x45-rubber-track-c-block,https://tcykyktvdlsbscrsbjyt.supabase.co/storage/v1/object/public/catalog-images/sizes/230x72x45/c-block/230x72x45-c-block-03.webp,3,230x72x45 C-Block Rubber Track alternate angle
230x72x45-rubber-track-c-block,https://tcykyktvdlsbscrsbjyt.supabase.co/storage/v1/object/public/catalog-images/sizes/230x72x45/c-block/230x72x45-c-block-04.webp,4,230x72x45 C-Block Rubber Track steel cord / inside drive lugs
230x96x31-rubber-track-mx,https://tcykyktvdlsbscrsbjyt.supabase.co/storage/v1/object/public/catalog-images/sizes/230x96x31/mx/230x96x31-mx-01.webp,1,230x96x31 MX Rubber Track
230x96x31-rubber-track-mx,https://tcykyktvdlsbscrsbjyt.supabase.co/storage/v1/object/public/catalog-images/sizes/230x96x31/mx/230x96x31-mx-02.webp,2,230x96x31 MX Rubber Track tread close-up
230x96x31-rubber-track-mx,https://tcykyktvdlsbscrsbjyt.supabase.co/storage/v1/object/public/catalog-images/sizes/230x96x31/mx/230x96x31-mx-03.webp,3,230x96x31 MX Rubber Track alternate angle
230x96x31-rubber-track-mx,https://tcykyktvdlsbscrsbjyt.supabase.co/storage/v1/object/public/catalog-images/sizes/230x96x31/mx/230x96x31-mx-04.webp,4,230x96x31 MX Rubber Track steel cord / inside drive lugs
230x96x36-rubber-track-mx,https://tcykyktvdlsbscrsbjyt.supabase.co/storage/v1/object/public/catalog-images/sizes/230x96x36/mx/230x96x36-mx-01.webp,1,230x96x36 MX Rubber Track
230x96x36-rubber-track-mx,https://tcykyktvdlsbscrsbjyt.supabase.co/storage/v1/object/public/catalog-images/sizes/230x96x36/mx/230x96x36-mx-02.webp,2,230x96x36 MX Rubber Track tread close-up
230x96x36-rubber-track-mx,https://tcykyktvdlsbscrsbjyt.supabase.co/storage/v1/object/public/catalog-images/sizes/230x96x36/mx/230x96x36-mx-03.webp,3,230x96x36 MX Rubber Track alternate angle
230x96x36-rubber-track-mx,https://tcykyktvdlsbscrsbjyt.supabase.co/storage/v1/object/public/catalog-images/sizes/230x96x36/mx/230x96x36-mx-04.webp,4,230x96x36 MX Rubber Track steel cord / inside drive lugs
240x87.63x28-rubber-track-mx,https://tcykyktvdlsbscrsbjyt.supabase.co/storage/v1/object/public/catalog-images/sizes/240x87.63x28/mx/240x87.63x28-mx-01.webp,1,240x87.63x28 MX Rubber Track
240x87.63x28-rubber-track-mx,https://tcykyktvdlsbscrsbjyt.supabase.co/storage/v1/object/public/catalog-images/sizes/240x87.63x28/mx/240x87.63x28-mx-02.webp,2,240x87.63x28 MX Rubber Track tread close-up
240x87.63x28-rubber-track-mx,https://tcykyktvdlsbscrsbjyt.supabase.co/storage/v1/object/public/catalog-images/sizes/240x87.63x28/mx/240x87.63x28-mx-03.webp,3,240x87.63x28 MX Rubber Track alternate angle
240x87.63x28-rubber-track-mx,https://tcykyktvdlsbscrsbjyt.supabase.co/storage/v1/object/public/catalog-images/sizes/240x87.63x28/mx/240x87.63x28-mx-04.webp,4,240x87.63x28 MX Rubber Track steel cord / inside drive lugs
240x87.63x37-rubber-track-multi-bar,https://tcykyktvdlsbscrsbjyt.supabase.co/storage/v1/object/public/catalog-images/sizes/240x87.63x37/multi-bar/240x87.63x37-multi-bar-01.webp,1,240x87.63x37 Multi-Bar Rubber Track
240x87.63x37-rubber-track-multi-bar,https://tcykyktvdlsbscrsbjyt.supabase.co/storage/v1/object/public/catalog-images/sizes/240x87.63x37/multi-bar/240x87.63x37-multi-bar-02.webp,2,240x87.63x37 Multi-Bar Rubber Track tread close-up
240x87.63x37-rubber-track-multi-bar,https://tcykyktvdlsbscrsbjyt.supabase.co/storage/v1/object/public/catalog-images/sizes/240x87.63x37/multi-bar/240x87.63x37-multi-bar-03.webp,3,240x87.63x37 Multi-Bar Rubber Track alternate angle
240x87.63x37-rubber-track-multi-bar,https://tcykyktvdlsbscrsbjyt.supabase.co/storage/v1/object/public/catalog-images/sizes/240x87.63x37/multi-bar/240x87.63x37-multi-bar-04.webp,4,240x87.63x37 Multi-Bar Rubber Track steel cord / inside drive lugs
300x52.5K-Nx78-rubber-track-directional,https://tcykyktvdlsbscrsbjyt.supabase.co/storage/v1/object/public/catalog-images/sizes/300x52.5K-Nx78/directional/300x52.5K-Nx78-directional-01.webp,1,300x52.5K-Nx78 Directional Rubber Track
300x52.5K-Nx78-rubber-track-directional,https://tcykyktvdlsbscrsbjyt.supabase.co/storage/v1/object/public/catalog-images/sizes/300x52.5K-Nx78/directional/300x52.5K-Nx78-directional-02.webp,2,300x52.5K-Nx78 Directional Rubber Track tread close-up
300x52.5K-Nx78-rubber-track-directional,https://tcykyktvdlsbscrsbjyt.supabase.co/storage/v1/object/public/catalog-images/sizes/300x52.5K-Nx78/directional/300x52.5K-Nx78-directional-03.webp,3,300x52.5K-Nx78 Directional Rubber Track alternate angle
300x52.5K-Nx78-rubber-track-directional,https://tcykyktvdlsbscrsbjyt.supabase.co/storage/v1/object/public/catalog-images/sizes/300x52.5K-Nx78/directional/300x52.5K-Nx78-directional-04.webp,4,300x52.5K-Nx78 Directional Rubber Track steel cord / inside drive lugs
300x52.5KMx86-rubber-track-directional,https://tcykyktvdlsbscrsbjyt.supabase.co/storage/v1/object/public/catalog-images/sizes/300x52.5KMx86/directional/300x52.5KMx86-directional-01.webp,1,300x52.5KMx86 Directional Rubber Track
300x52.5KMx86-rubber-track-directional,https://tcykyktvdlsbscrsbjyt.supabase.co/storage/v1/object/public/catalog-images/sizes/300x52.5KMx86/directional/300x52.5KMx86-directional-02.webp,2,300x52.5KMx86 Directional Rubber Track tread close-up
300x52.5KMx86-rubber-track-directional,https://tcykyktvdlsbscrsbjyt.supabase.co/storage/v1/object/public/catalog-images/sizes/300x52.5KMx86/directional/300x52.5KMx86-directional-03.webp,3,300x52.5KMx86 Directional Rubber Track alternate angle
300x52.5KMx86-rubber-track-directional,https://tcykyktvdlsbscrsbjyt.supabase.co/storage/v1/object/public/catalog-images/sizes/300x52.5KMx86/directional/300x52.5KMx86-directional-04.webp,4,300x52.5KMx86 Directional Rubber Track steel cord / inside drive lugs
300x52.5KMx88-rubber-track-directional,https://tcykyktvdlsbscrsbjyt.supabase.co/storage/v1/object/public/catalog-images/sizes/300x52.5KMx88/directional/300x52.5KMx88-directional-01.webp,1,300x52.5KMx88 Directional Rubber Track
300x52.5KMx88-rubber-track-directional,https://tcykyktvdlsbscrsbjyt.supabase.co/storage/v1/object/public/catalog-images/sizes/300x52.5KMx88/directional/300x52.5KMx88-directional-02.webp,2,300x52.5KMx88 Directional Rubber Track tread close-up
300x52.5KMx88-rubber-track-directional,https://tcykyktvdlsbscrsbjyt.supabase.co/storage/v1/object/public/catalog-images/sizes/300x52.5KMx88/directional/300x52.5KMx88-directional-03.webp,3,300x52.5KMx88 Directional Rubber Track alternate angle
300x52.5KMx88-rubber-track-directional,https://tcykyktvdlsbscrsbjyt.supabase.co/storage/v1/object/public/catalog-images/sizes/300x52.5KMx88/directional/300x52.5KMx88-directional-04.webp,4,300x52.5KMx88 Directional Rubber Track steel cord / inside drive lugs
300x52.5KWx86-rubber-track-directional,https://tcykyktvdlsbscrsbjyt.supabase.co/storage/v1/object/public/catalog-images/sizes/300x52.5KWx86/directional/300x52.5KWx86-directional-01.webp,1,300x52.5KWx86 Directional Rubber Track
300x52.5KWx86-rubber-track-directional,https://tcykyktvdlsbscrsbjyt.supabase.co/storage/v1/object/public/catalog-images/sizes/300x52.5KWx86/directional/300x52.5KWx86-directional-02.webp,2,300x52.5KWx86 Directional Rubber Track tread close-up
300x52.5KWx86-rubber-track-directional,https://tcykyktvdlsbscrsbjyt.supabase.co/storage/v1/object/public/catalog-images/sizes/300x52.5KWx86/directional/300x52.5KWx86-directional-03.webp,3,300x52.5KWx86 Directional Rubber Track alternate angle
300x52.5KWx86-rubber-track-directional,https://tcykyktvdlsbscrsbjyt.supabase.co/storage/v1/object/public/catalog-images/sizes/300x52.5KWx86/directional/300x52.5KWx86-directional-04.webp,4,300x52.5KWx86 Directional Rubber Track steel cord / inside drive lugs
300x52.5Kx86-rubber-track-directional,https://tcykyktvdlsbscrsbjyt.supabase.co/storage/v1/object/public/catalog-images/sizes/300x52.5Kx86/directional/300x52.5Kx86-directional-01.webp,1,300x52.5Kx86 Directional Rubber Track
300x52.5Kx86-rubber-track-directional,https://tcykyktvdlsbscrsbjyt.supabase.co/storage/v1/object/public/catalog-images/sizes/300x52.5Kx86/directional/300x52.5Kx86-directional-02.webp,2,300x52.5Kx86 Directional Rubber Track tread close-up
300x52.5Kx86-rubber-track-directional,https://tcykyktvdlsbscrsbjyt.supabase.co/storage/v1/object/public/catalog-images/sizes/300x52.5Kx86/directional/300x52.5Kx86-directional-03.webp,3,300x52.5Kx86 Directional Rubber Track alternate angle
300x52.5Kx86-rubber-track-directional,https://tcykyktvdlsbscrsbjyt.supabase.co/storage/v1/object/public/catalog-images/sizes/300x52.5Kx86/directional/300x52.5Kx86-directional-04.webp,4,300x52.5Kx86 Directional Rubber Track steel cord / inside drive lugs
300x52.5Kx88-rubber-track-directional,https://tcykyktvdlsbscrsbjyt.supabase.co/storage/v1/object/public/catalog-images/sizes/300x52.5Kx88/directional/300x52.5Kx88-directional-01.webp,1,300x52.5Kx88 Directional Rubber Track
300x52.5Kx88-rubber-track-directional,https://tcykyktvdlsbscrsbjyt.supabase.co/storage/v1/object/public/catalog-images/sizes/300x52.5Kx88/directional/300x52.5Kx88-directional-02.webp,2,300x52.5Kx88 Directional Rubber Track tread close-up
300x52.5Kx88-rubber-track-directional,https://tcykyktvdlsbscrsbjyt.supabase.co/storage/v1/object/public/catalog-images/sizes/300x52.5Kx88/directional/300x52.5Kx88-directional-03.webp,3,300x52.5Kx88 Directional Rubber Track alternate angle
300x52.5Kx88-rubber-track-directional,https://tcykyktvdlsbscrsbjyt.supabase.co/storage/v1/object/public/catalog-images/sizes/300x52.5Kx88/directional/300x52.5Kx88-directional-04.webp,4,300x52.5Kx88 Directional Rubber Track steel cord / inside drive lugs
300x52.5Nx74-rubber-track-directional,https://tcykyktvdlsbscrsbjyt.supabase.co/storage/v1/object/public/catalog-images/sizes/300x52.5Nx74/directional/300x52.5Nx74-directional-01.webp,1,300x52.5Nx74 Directional Rubber Track
300x52.5Nx74-rubber-track-directional,https://tcykyktvdlsbscrsbjyt.supabase.co/storage/v1/object/public/catalog-images/sizes/300x52.5Nx74/directional/300x52.5Nx74-directional-02.webp,2,300x52.5Nx74 Directional Rubber Track tread close-up
300x52.5Nx74-rubber-track-directional,https://tcykyktvdlsbscrsbjyt.supabase.co/storage/v1/object/public/catalog-images/sizes/300x52.5Nx74/directional/300x52.5Nx74-directional-03.webp,3,300x52.5Nx74 Directional Rubber Track alternate angle
300x52.5Nx74-rubber-track-directional,https://tcykyktvdlsbscrsbjyt.supabase.co/storage/v1/object/public/catalog-images/sizes/300x52.5Nx74/directional/300x52.5Nx74-directional-04.webp,4,300x52.5Nx74 Directional Rubber Track steel cord / inside drive lugs
300x52.5Nx76-rubber-track-directional,https://tcykyktvdlsbscrsbjyt.supabase.co/storage/v1/object/public/catalog-images/sizes/300x52.5Nx76/directional/300x52.5Nx76-directional-01.webp,1,300x52.5Nx76 Directional Rubber Track
300x52.5Nx76-rubber-track-directional,https://tcykyktvdlsbscrsbjyt.supabase.co/storage/v1/object/public/catalog-images/sizes/300x52.5Nx76/directional/300x52.5Nx76-directional-02.webp,2,300x52.5Nx76 Directional Rubber Track tread close-up
300x52.5Nx76-rubber-track-directional,https://tcykyktvdlsbscrsbjyt.supabase.co/storage/v1/object/public/catalog-images/sizes/300x52.5Nx76/directional/300x52.5Nx76-directional-03.webp,3,300x52.5Nx76 Directional Rubber Track alternate angle
300x52.5Nx76-rubber-track-directional,https://tcykyktvdlsbscrsbjyt.supabase.co/storage/v1/object/public/catalog-images/sizes/300x52.5Nx76/directional/300x52.5Nx76-directional-04.webp,4,300x52.5Nx76 Directional Rubber Track steel cord / inside drive lugs
300x52.5Nx78-rubber-track-directional,https://tcykyktvdlsbscrsbjyt.supabase.co/storage/v1/object/public/catalog-images/sizes/300x52.5Nx78/directional/300x52.5Nx78-directional-01.webp,1,300x52.5Nx78 Directional Rubber Track
300x52.5Nx78-rubber-track-directional,https://tcykyktvdlsbscrsbjyt.supabase.co/storage/v1/object/public/catalog-images/sizes/300x52.5Nx78/directional/300x52.5Nx78-directional-02.webp,2,300x52.5Nx78 Directional Rubber Track tread close-up
300x52.5Nx78-rubber-track-directional,https://tcykyktvdlsbscrsbjyt.supabase.co/storage/v1/object/public/catalog-images/sizes/300x52.5Nx78/directional/300x52.5Nx78-directional-03.webp,3,300x52.5Nx78 Directional Rubber Track alternate angle
300x52.5Nx78-rubber-track-directional,https://tcykyktvdlsbscrsbjyt.supabase.co/storage/v1/object/public/catalog-images/sizes/300x52.5Nx78/directional/300x52.5Nx78-directional-04.webp,4,300x52.5Nx78 Directional Rubber Track steel cord / inside drive lugs
300x52.5Nx80-rubber-track-directional,https://tcykyktvdlsbscrsbjyt.supabase.co/storage/v1/object/public/catalog-images/sizes/300x52.5Nx80/directional/300x52.5Nx80-directional-01.webp,1,300x52.5Nx80 Directional Rubber Track
300x52.5Nx80-rubber-track-directional,https://tcykyktvdlsbscrsbjyt.supabase.co/storage/v1/object/public/catalog-images/sizes/300x52.5Nx80/directional/300x52.5Nx80-directional-02.webp,2,300x52.5Nx80 Directional Rubber Track tread close-up
300x52.5Nx80-rubber-track-directional,https://tcykyktvdlsbscrsbjyt.supabase.co/storage/v1/object/public/catalog-images/sizes/300x52.5Nx80/directional/300x52.5Nx80-directional-03.webp,3,300x52.5Nx80 Directional Rubber Track alternate angle
300x52.5Nx80-rubber-track-directional,https://tcykyktvdlsbscrsbjyt.supabase.co/storage/v1/object/public/catalog-images/sizes/300x52.5Nx80/directional/300x52.5Nx80-directional-04.webp,4,300x52.5Nx80 Directional Rubber Track steel cord / inside drive lugs
300x52.5Nx82-rubber-track-directional,https://tcykyktvdlsbscrsbjyt.supabase.co/storage/v1/object/public/catalog-images/sizes/300x52.5Nx82/directional/300x52.5Nx82-directional-01.webp,1,300x52.5Nx82 Directional Rubber Track
300x52.5Nx82-rubber-track-directional,https://tcykyktvdlsbscrsbjyt.supabase.co/storage/v1/object/public/catalog-images/sizes/300x52.5Nx82/directional/300x52.5Nx82-directional-02.webp,2,300x52.5Nx82 Directional Rubber Track tread close-up
300x52.5Nx82-rubber-track-directional,https://tcykyktvdlsbscrsbjyt.supabase.co/storage/v1/object/public/catalog-images/sizes/300x52.5Nx82/directional/300x52.5Nx82-directional-03.webp,3,300x52.5Nx82 Directional Rubber Track alternate angle
300x52.5Nx82-rubber-track-directional,https://tcykyktvdlsbscrsbjyt.supabase.co/storage/v1/object/public/catalog-images/sizes/300x52.5Nx82/directional/300x52.5Nx82-directional-04.webp,4,300x52.5Nx82 Directional Rubber Track steel cord / inside drive lugs
300x52.5Nx84-rubber-track-directional,https://tcykyktvdlsbscrsbjyt.supabase.co/storage/v1/object/public/catalog-images/sizes/300x52.5Nx84/directional/300x52.5Nx84-directional-01.webp,1,300x52.5Nx84 Directional Rubber Track
300x52.5Nx84-rubber-track-directional,https://tcykyktvdlsbscrsbjyt.supabase.co/storage/v1/object/public/catalog-images/sizes/300x52.5Nx84/directional/300x52.5Nx84-directional-02.webp,2,300x52.5Nx84 Directional Rubber Track tread close-up
300x52.5Nx84-rubber-track-directional,https://tcykyktvdlsbscrsbjyt.supabase.co/storage/v1/object/public/catalog-images/sizes/300x52.5Nx84/directional/300x52.5Nx84-directional-03.webp,3,300x52.5Nx84 Directional Rubber Track alternate angle
300x52.5Nx84-rubber-track-directional,https://tcykyktvdlsbscrsbjyt.supabase.co/storage/v1/object/public/catalog-images/sizes/300x52.5Nx84/directional/300x52.5Nx84-directional-04.webp,4,300x52.5Nx84 Directional Rubber Track steel cord / inside drive lugs
300x52.5Nx86-rubber-track-directional,https://tcykyktvdlsbscrsbjyt.supabase.co/storage/v1/object/public/catalog-images/sizes/300x52.5Nx86/directional/300x52.5Nx86-directional-01.webp,1,300x52.5Nx86 Directional Rubber Track
300x52.5Nx86-rubber-track-directional,https://tcykyktvdlsbscrsbjyt.supabase.co/storage/v1/object/public/catalog-images/sizes/300x52.5Nx86/directional/300x52.5Nx86-directional-02.webp,2,300x52.5Nx86 Directional Rubber Track tread close-up
300x52.5Nx86-rubber-track-directional,https://tcykyktvdlsbscrsbjyt.supabase.co/storage/v1/object/public/catalog-images/sizes/300x52.5Nx86/directional/300x52.5Nx86-directional-03.webp,3,300x52.5Nx86 Directional Rubber Track alternate angle
300x52.5Nx86-rubber-track-directional,https://tcykyktvdlsbscrsbjyt.supabase.co/storage/v1/object/public/catalog-images/sizes/300x52.5Nx86/directional/300x52.5Nx86-directional-04.webp,4,300x52.5Nx86 Directional Rubber Track steel cord / inside drive lugs
300x52.5Nx88-rubber-track-directional,https://tcykyktvdlsbscrsbjyt.supabase.co/storage/v1/object/public/catalog-images/sizes/300x52.5Nx88/directional/300x52.5Nx88-directional-01.webp,1,300x52.5Nx88 Directional Rubber Track
300x52.5Nx88-rubber-track-directional,https://tcykyktvdlsbscrsbjyt.supabase.co/storage/v1/object/public/catalog-images/sizes/300x52.5Nx88/directional/300x52.5Nx88-directional-02.webp,2,300x52.5Nx88 Directional Rubber Track tread close-up
300x52.5Nx88-rubber-track-directional,https://tcykyktvdlsbscrsbjyt.supabase.co/storage/v1/object/public/catalog-images/sizes/300x52.5Nx88/directional/300x52.5Nx88-directional-03.webp,3,300x52.5Nx88 Directional Rubber Track alternate angle
300x52.5Nx88-rubber-track-directional,https://tcykyktvdlsbscrsbjyt.supabase.co/storage/v1/object/public/catalog-images/sizes/300x52.5Nx88/directional/300x52.5Nx88-directional-04.webp,4,300x52.5Nx88 Directional Rubber Track steel cord / inside drive lugs
300x52.5Nx92-rubber-track-directional,https://tcykyktvdlsbscrsbjyt.supabase.co/storage/v1/object/public/catalog-images/sizes/300x52.5Nx92/directional/300x52.5Nx92-directional-01.webp,1,300x52.5Nx92 Directional Rubber Track
300x52.5Nx92-rubber-track-directional,https://tcykyktvdlsbscrsbjyt.supabase.co/storage/v1/object/public/catalog-images/sizes/300x52.5Nx92/directional/300x52.5Nx92-directional-02.webp,2,300x52.5Nx92 Directional Rubber Track tread close-up
300x52.5Nx92-rubber-track-directional,https://tcykyktvdlsbscrsbjyt.supabase.co/storage/v1/object/public/catalog-images/sizes/300x52.5Nx92/directional/300x52.5Nx92-directional-03.webp,3,300x52.5Nx92 Directional Rubber Track alternate angle
300x52.5Nx92-rubber-track-directional,https://tcykyktvdlsbscrsbjyt.supabase.co/storage/v1/object/public/catalog-images/sizes/300x52.5Nx92/directional/300x52.5Nx92-directional-04.webp,4,300x52.5Nx92 Directional Rubber Track steel cord / inside drive lugs
300x52.5Wx74-rubber-track-block,https://tcykyktvdlsbscrsbjyt.supabase.co/storage/v1/object/public/catalog-images/sizes/300x52.5Wx74/block/300x52.5Wx74-block-01.webp,1,300x52.5Wx74 Block Rubber Track
300x52.5Wx74-rubber-track-block,https://tcykyktvdlsbscrsbjyt.supabase.co/storage/v1/object/public/catalog-images/sizes/300x52.5Wx74/block/300x52.5Wx74-block-02.webp,2,300x52.5Wx74 Block Rubber Track tread close-up
300x52.5Wx74-rubber-track-block,https://tcykyktvdlsbscrsbjyt.supabase.co/storage/v1/object/public/catalog-images/sizes/300x52.5Wx74/block/300x52.5Wx74-block-03.webp,3,300x52.5Wx74 Block Rubber Track alternate angle
300x52.5Wx74-rubber-track-block,https://tcykyktvdlsbscrsbjyt.supabase.co/storage/v1/object/public/catalog-images/sizes/300x52.5Wx74/block/300x52.5Wx74-block-04.webp,4,300x52.5Wx74 Block Rubber Track steel cord / inside drive lugs
300x52.5Wx76-rubber-track-block,https://tcykyktvdlsbscrsbjyt.supabase.co/storage/v1/object/public/catalog-images/sizes/300x52.5Wx76/block/300x52.5Wx76-block-01.webp,1,300x52.5Wx76 Block Rubber Track
300x52.5Wx76-rubber-track-block,https://tcykyktvdlsbscrsbjyt.supabase.co/storage/v1/object/public/catalog-images/sizes/300x52.5Wx76/block/300x52.5Wx76-block-02.webp,2,300x52.5Wx76 Block Rubber Track tread close-up
300x52.5Wx76-rubber-track-block,https://tcykyktvdlsbscrsbjyt.supabase.co/storage/v1/object/public/catalog-images/sizes/300x52.5Wx76/block/300x52.5Wx76-block-03.webp,3,300x52.5Wx76 Block Rubber Track alternate angle
300x52.5Wx76-rubber-track-block,https://tcykyktvdlsbscrsbjyt.supabase.co/storage/v1/object/public/catalog-images/sizes/300x52.5Wx76/block/300x52.5Wx76-block-04.webp,4,300x52.5Wx76 Block Rubber Track steel cord / inside drive lugs
300x52.5Wx78-rubber-track-block,https://tcykyktvdlsbscrsbjyt.supabase.co/storage/v1/object/public/catalog-images/sizes/300x52.5Wx78/block/300x52.5Wx78-block-01.webp,1,300x52.5Wx78 Block Rubber Track
300x52.5Wx78-rubber-track-block,https://tcykyktvdlsbscrsbjyt.supabase.co/storage/v1/object/public/catalog-images/sizes/300x52.5Wx78/block/300x52.5Wx78-block-02.webp,2,300x52.5Wx78 Block Rubber Track tread close-up
300x52.5Wx78-rubber-track-block,https://tcykyktvdlsbscrsbjyt.supabase.co/storage/v1/object/public/catalog-images/sizes/300x52.5Wx78/block/300x52.5Wx78-block-03.webp,3,300x52.5Wx78 Block Rubber Track alternate angle
300x52.5Wx78-rubber-track-block,https://tcykyktvdlsbscrsbjyt.supabase.co/storage/v1/object/public/catalog-images/sizes/300x52.5Wx78/block/300x52.5Wx78-block-04.webp,4,300x52.5Wx78 Block Rubber Track steel cord / inside drive lugs
300x52.5Wx82-rubber-track-block,https://tcykyktvdlsbscrsbjyt.supabase.co/storage/v1/object/public/catalog-images/sizes/300x52.5Wx82/block/300x52.5Wx82-block-01.webp,1,300x52.5Wx82 Block Rubber Track
300x52.5Wx82-rubber-track-block,https://tcykyktvdlsbscrsbjyt.supabase.co/storage/v1/object/public/catalog-images/sizes/300x52.5Wx82/block/300x52.5Wx82-block-02.webp,2,300x52.5Wx82 Block Rubber Track tread close-up
300x52.5Wx82-rubber-track-block,https://tcykyktvdlsbscrsbjyt.supabase.co/storage/v1/object/public/catalog-images/sizes/300x52.5Wx82/block/300x52.5Wx82-block-03.webp,3,300x52.5Wx82 Block Rubber Track alternate angle
300x52.5Wx82-rubber-track-block,https://tcykyktvdlsbscrsbjyt.supabase.co/storage/v1/object/public/catalog-images/sizes/300x52.5Wx82/block/300x52.5Wx82-block-04.webp,4,300x52.5Wx82 Block Rubber Track steel cord / inside drive lugs
300x52.5Wx84-rubber-track-block,https://tcykyktvdlsbscrsbjyt.supabase.co/storage/v1/object/public/catalog-images/sizes/300x52.5Wx84/block/300x52.5Wx84-block-01.webp,1,300x52.5Wx84 Block Rubber Track
300x52.5Wx84-rubber-track-block,https://tcykyktvdlsbscrsbjyt.supabase.co/storage/v1/object/public/catalog-images/sizes/300x52.5Wx84/block/300x52.5Wx84-block-02.webp,2,300x52.5Wx84 Block Rubber Track tread close-up
300x52.5Wx84-rubber-track-block,https://tcykyktvdlsbscrsbjyt.supabase.co/storage/v1/object/public/catalog-images/sizes/300x52.5Wx84/block/300x52.5Wx84-block-03.webp,3,300x52.5Wx84 Block Rubber Track alternate angle
300x52.5Wx84-rubber-track-block,https://tcykyktvdlsbscrsbjyt.supabase.co/storage/v1/object/public/catalog-images/sizes/300x52.5Wx84/block/300x52.5Wx84-block-04.webp,4,300x52.5Wx84 Block Rubber Track steel cord / inside drive lugs
300x52.5Wx86-rubber-track-block,https://tcykyktvdlsbscrsbjyt.supabase.co/storage/v1/object/public/catalog-images/sizes/300x52.5Wx86/block/300x52.5Wx86-block-01.webp,1,300x52.5Wx86 Block Rubber Track
300x52.5Wx86-rubber-track-block,https://tcykyktvdlsbscrsbjyt.supabase.co/storage/v1/object/public/catalog-images/sizes/300x52.5Wx86/block/300x52.5Wx86-block-02.webp,2,300x52.5Wx86 Block Rubber Track tread close-up
300x52.5Wx86-rubber-track-block,https://tcykyktvdlsbscrsbjyt.supabase.co/storage/v1/object/public/catalog-images/sizes/300x52.5Wx86/block/300x52.5Wx86-block-03.webp,3,300x52.5Wx86 Block Rubber Track alternate angle
300x52.5Wx86-rubber-track-block,https://tcykyktvdlsbscrsbjyt.supabase.co/storage/v1/object/public/catalog-images/sizes/300x52.5Wx86/block/300x52.5Wx86-block-04.webp,4,300x52.5Wx86 Block Rubber Track steel cord / inside drive lugs
300x52.5Wx88-rubber-track-block,https://tcykyktvdlsbscrsbjyt.supabase.co/storage/v1/object/public/catalog-images/sizes/300x52.5Wx88/block/300x52.5Wx88-block-01.webp,1,300x52.5Wx88 Block Rubber Track
300x52.5Wx88-rubber-track-block,https://tcykyktvdlsbscrsbjyt.supabase.co/storage/v1/object/public/catalog-images/sizes/300x52.5Wx88/block/300x52.5Wx88-block-02.webp,2,300x52.5Wx88 Block Rubber Track tread close-up
300x52.5Wx88-rubber-track-block,https://tcykyktvdlsbscrsbjyt.supabase.co/storage/v1/object/public/catalog-images/sizes/300x52.5Wx88/block/300x52.5Wx88-block-03.webp,3,300x52.5Wx88 Block Rubber Track alternate angle
300x52.5Wx88-rubber-track-block,https://tcykyktvdlsbscrsbjyt.supabase.co/storage/v1/object/public/catalog-images/sizes/300x52.5Wx88/block/300x52.5Wx88-block-04.webp,4,300x52.5Wx88 Block Rubber Track steel cord / inside drive lugs
300x52.5Wx90-rubber-track-block,https://tcykyktvdlsbscrsbjyt.supabase.co/storage/v1/object/public/catalog-images/sizes/300x52.5Wx90/block/300x52.5Wx90-block-01.webp,1,300x52.5Wx90 Block Rubber Track
300x52.5Wx90-rubber-track-block,https://tcykyktvdlsbscrsbjyt.supabase.co/storage/v1/object/public/catalog-images/sizes/300x52.5Wx90/block/300x52.5Wx90-block-02.webp,2,300x52.5Wx90 Block Rubber Track tread close-up
300x52.5Wx90-rubber-track-block,https://tcykyktvdlsbscrsbjyt.supabase.co/storage/v1/object/public/catalog-images/sizes/300x52.5Wx90/block/300x52.5Wx90-block-03.webp,3,300x52.5Wx90 Block Rubber Track alternate angle
300x52.5Wx90-rubber-track-block,https://tcykyktvdlsbscrsbjyt.supabase.co/storage/v1/object/public/catalog-images/sizes/300x52.5Wx90/block/300x52.5Wx90-block-04.webp,4,300x52.5Wx90 Block Rubber Track steel cord / inside drive lugs
300x52.5x74-rubber-track-mx,https://tcykyktvdlsbscrsbjyt.supabase.co/storage/v1/object/public/catalog-images/sizes/300x52.5x74/mx/300x52.5x74-mx-01.webp,1,300x52.5x74 MX Rubber Track
300x52.5x74-rubber-track-mx,https://tcykyktvdlsbscrsbjyt.supabase.co/storage/v1/object/public/catalog-images/sizes/300x52.5x74/mx/300x52.5x74-mx-02.webp,2,300x52.5x74 MX Rubber Track tread close-up
300x52.5x74-rubber-track-mx,https://tcykyktvdlsbscrsbjyt.supabase.co/storage/v1/object/public/catalog-images/sizes/300x52.5x74/mx/300x52.5x74-mx-03.webp,3,300x52.5x74 MX Rubber Track alternate angle
300x52.5x74-rubber-track-mx,https://tcykyktvdlsbscrsbjyt.supabase.co/storage/v1/object/public/catalog-images/sizes/300x52.5x74/mx/300x52.5x74-mx-04.webp,4,300x52.5x74 MX Rubber Track steel cord / inside drive lugs
300x52.5x76-rubber-track-mx,https://tcykyktvdlsbscrsbjyt.supabase.co/storage/v1/object/public/catalog-images/sizes/300x52.5x76/mx/300x52.5x76-mx-01.webp,1,300x52.5x76 MX Rubber Track
300x52.5x76-rubber-track-mx,https://tcykyktvdlsbscrsbjyt.supabase.co/storage/v1/object/public/catalog-images/sizes/300x52.5x76/mx/300x52.5x76-mx-02.webp,2,300x52.5x76 MX Rubber Track tread close-up
300x52.5x76-rubber-track-mx,https://tcykyktvdlsbscrsbjyt.supabase.co/storage/v1/object/public/catalog-images/sizes/300x52.5x76/mx/300x52.5x76-mx-03.webp,3,300x52.5x76 MX Rubber Track alternate angle
300x52.5x76-rubber-track-mx,https://tcykyktvdlsbscrsbjyt.supabase.co/storage/v1/object/public/catalog-images/sizes/300x52.5x76/mx/300x52.5x76-mx-04.webp,4,300x52.5x76 MX Rubber Track steel cord / inside drive lugs
300x52.5x78-rubber-track-mx,https://tcykyktvdlsbscrsbjyt.supabase.co/storage/v1/object/public/catalog-images/sizes/300x52.5x78/mx/300x52.5x78-mx-01.webp,1,300x52.5x78 MX Rubber Track
300x52.5x78-rubber-track-mx,https://tcykyktvdlsbscrsbjyt.supabase.co/storage/v1/object/public/catalog-images/sizes/300x52.5x78/mx/300x52.5x78-mx-02.webp,2,300x52.5x78 MX Rubber Track tread close-up
300x52.5x78-rubber-track-mx,https://tcykyktvdlsbscrsbjyt.supabase.co/storage/v1/object/public/catalog-images/sizes/300x52.5x78/mx/300x52.5x78-mx-03.webp,3,300x52.5x78 MX Rubber Track alternate angle
300x52.5x78-rubber-track-mx,https://tcykyktvdlsbscrsbjyt.supabase.co/storage/v1/object/public/catalog-images/sizes/300x52.5x78/mx/300x52.5x78-mx-04.webp,4,300x52.5x78 MX Rubber Track steel cord / inside drive lugs
300x52.5x80-rubber-track-mx,https://tcykyktvdlsbscrsbjyt.supabase.co/storage/v1/object/public/catalog-images/sizes/300x52.5x80/mx/300x52.5x80-mx-01.webp,1,300x52.5x80 MX Rubber Track
300x52.5x80-rubber-track-mx,https://tcykyktvdlsbscrsbjyt.supabase.co/storage/v1/object/public/catalog-images/sizes/300x52.5x80/mx/300x52.5x80-mx-02.webp,2,300x52.5x80 MX Rubber Track tread close-up
300x52.5x80-rubber-track-mx,https://tcykyktvdlsbscrsbjyt.supabase.co/storage/v1/object/public/catalog-images/sizes/300x52.5x80/mx/300x52.5x80-mx-03.webp,3,300x52.5x80 MX Rubber Track alternate angle
300x52.5x80-rubber-track-mx,https://tcykyktvdlsbscrsbjyt.supabase.co/storage/v1/object/public/catalog-images/sizes/300x52.5x80/mx/300x52.5x80-mx-04.webp,4,300x52.5x80 MX Rubber Track steel cord / inside drive lugs
300x52.5x84-rubber-track-mx,https://tcykyktvdlsbscrsbjyt.supabase.co/storage/v1/object/public/catalog-images/sizes/300x52.5x84/mx/300x52.5x84-mx-01.webp,1,300x52.5x84 MX Rubber Track
300x52.5x84-rubber-track-mx,https://tcykyktvdlsbscrsbjyt.supabase.co/storage/v1/object/public/catalog-images/sizes/300x52.5x84/mx/300x52.5x84-mx-02.webp,2,300x52.5x84 MX Rubber Track tread close-up
300x52.5x84-rubber-track-mx,https://tcykyktvdlsbscrsbjyt.supabase.co/storage/v1/object/public/catalog-images/sizes/300x52.5x84/mx/300x52.5x84-mx-03.webp,3,300x52.5x84 MX Rubber Track alternate angle
300x52.5x84-rubber-track-mx,https://tcykyktvdlsbscrsbjyt.supabase.co/storage/v1/object/public/catalog-images/sizes/300x52.5x84/mx/300x52.5x84-mx-04.webp,4,300x52.5x84 MX Rubber Track steel cord / inside drive lugs
300x52.5x86-rubber-track-mx,https://tcykyktvdlsbscrsbjyt.supabase.co/storage/v1/object/public/catalog-images/sizes/300x52.5x86/mx/300x52.5x86-mx-01.webp,1,300x52.5x86 MX Rubber Track
300x52.5x86-rubber-track-mx,https://tcykyktvdlsbscrsbjyt.supabase.co/storage/v1/object/public/catalog-images/sizes/300x52.5x86/mx/300x52.5x86-mx-02.webp,2,300x52.5x86 MX Rubber Track tread close-up
300x52.5x86-rubber-track-mx,https://tcykyktvdlsbscrsbjyt.supabase.co/storage/v1/object/public/catalog-images/sizes/300x52.5x86/mx/300x52.5x86-mx-03.webp,3,300x52.5x86 MX Rubber Track alternate angle
300x52.5x86-rubber-track-mx,https://tcykyktvdlsbscrsbjyt.supabase.co/storage/v1/object/public/catalog-images/sizes/300x52.5x86/mx/300x52.5x86-mx-04.webp,4,300x52.5x86 MX Rubber Track steel cord / inside drive lugs
300x52.5x88-rubber-track-mx,https://tcykyktvdlsbscrsbjyt.supabase.co/storage/v1/object/public/catalog-images/sizes/300x52.5x88/mx/300x52.5x88-mx-01.webp,1,300x52.5x88 MX Rubber Track
300x52.5x88-rubber-track-mx,https://tcykyktvdlsbscrsbjyt.supabase.co/storage/v1/object/public/catalog-images/sizes/300x52.5x88/mx/300x52.5x88-mx-02.webp,2,300x52.5x88 MX Rubber Track tread close-up
300x52.5x88-rubber-track-mx,https://tcykyktvdlsbscrsbjyt.supabase.co/storage/v1/object/public/catalog-images/sizes/300x52.5x88/mx/300x52.5x88-mx-03.webp,3,300x52.5x88 MX Rubber Track alternate angle
300x52.5x88-rubber-track-mx,https://tcykyktvdlsbscrsbjyt.supabase.co/storage/v1/object/public/catalog-images/sizes/300x52.5x88/mx/300x52.5x88-mx-04.webp,4,300x52.5x88 MX Rubber Track steel cord / inside drive lugs
300x52.5x90-rubber-track-directional,https://tcykyktvdlsbscrsbjyt.supabase.co/storage/v1/object/public/catalog-images/sizes/300x52.5x90/directional/300x52.5x90-directional-01.webp,1,300x52.5x90 Directional Rubber Track
300x52.5x90-rubber-track-directional,https://tcykyktvdlsbscrsbjyt.supabase.co/storage/v1/object/public/catalog-images/sizes/300x52.5x90/directional/300x52.5x90-directional-02.webp,2,300x52.5x90 Directional Rubber Track tread close-up
300x52.5x90-rubber-track-directional,https://tcykyktvdlsbscrsbjyt.supabase.co/storage/v1/object/public/catalog-images/sizes/300x52.5x90/directional/300x52.5x90-directional-03.webp,3,300x52.5x90 Directional Rubber Track alternate angle
300x52.5x90-rubber-track-directional,https://tcykyktvdlsbscrsbjyt.supabase.co/storage/v1/object/public/catalog-images/sizes/300x52.5x90/directional/300x52.5x90-directional-04.webp,4,300x52.5x90 Directional Rubber Track steel cord / inside drive lugs
300x52.5x90-rubber-track-mx,https://tcykyktvdlsbscrsbjyt.supabase.co/storage/v1/object/public/catalog-images/sizes/300x52.5x90/mx/300x52.5x90-mx-01.webp,1,300x52.5x90 MX Rubber Track
300x52.5x90-rubber-track-mx,https://tcykyktvdlsbscrsbjyt.supabase.co/storage/v1/object/public/catalog-images/sizes/300x52.5x90/mx/300x52.5x90-mx-02.webp,2,300x52.5x90 MX Rubber Track tread close-up
300x52.5x90-rubber-track-mx,https://tcykyktvdlsbscrsbjyt.supabase.co/storage/v1/object/public/catalog-images/sizes/300x52.5x90/mx/300x52.5x90-mx-03.webp,3,300x52.5x90 MX Rubber Track alternate angle
300x52.5x90-rubber-track-mx,https://tcykyktvdlsbscrsbjyt.supabase.co/storage/v1/object/public/catalog-images/sizes/300x52.5x90/mx/300x52.5x90-mx-04.webp,4,300x52.5x90 MX Rubber Track steel cord / inside drive lugs
300x53x80-rubber-track-mx,https://tcykyktvdlsbscrsbjyt.supabase.co/storage/v1/object/public/catalog-images/sizes/300x53x80/mx/300x53x80-mx-01.webp,1,300x53x80 MX Rubber Track
300x53x80-rubber-track-mx,https://tcykyktvdlsbscrsbjyt.supabase.co/storage/v1/object/public/catalog-images/sizes/300x53x80/mx/300x53x80-mx-02.webp,2,300x53x80 MX Rubber Track tread close-up
300x53x80-rubber-track-mx,https://tcykyktvdlsbscrsbjyt.supabase.co/storage/v1/object/public/catalog-images/sizes/300x53x80/mx/300x53x80-mx-03.webp,3,300x53x80 MX Rubber Track alternate angle
300x53x80-rubber-track-mx,https://tcykyktvdlsbscrsbjyt.supabase.co/storage/v1/object/public/catalog-images/sizes/300x53x80/mx/300x53x80-mx-04.webp,4,300x53x80 MX Rubber Track steel cord / inside drive lugs
300x53x84-rubber-track-mx,https://tcykyktvdlsbscrsbjyt.supabase.co/storage/v1/object/public/catalog-images/sizes/300x53x84/mx/300x53x84-mx-01.webp,1,300x53x84 MX Rubber Track
300x53x84-rubber-track-mx,https://tcykyktvdlsbscrsbjyt.supabase.co/storage/v1/object/public/catalog-images/sizes/300x53x84/mx/300x53x84-mx-02.webp,2,300x53x84 MX Rubber Track tread close-up
300x53x84-rubber-track-mx,https://tcykyktvdlsbscrsbjyt.supabase.co/storage/v1/object/public/catalog-images/sizes/300x53x84/mx/300x53x84-mx-03.webp,3,300x53x84 MX Rubber Track alternate angle
300x53x84-rubber-track-mx,https://tcykyktvdlsbscrsbjyt.supabase.co/storage/v1/object/public/catalog-images/sizes/300x53x84/mx/300x53x84-mx-04.webp,4,300x53x84 MX Rubber Track steel cord / inside drive lugs
300x55.5x82-rubber-track-mx,https://tcykyktvdlsbscrsbjyt.supabase.co/storage/v1/object/public/catalog-images/sizes/300x55.5x82/mx/300x55.5x82-mx-01.webp,1,300x55.5x82 MX Rubber Track
300x55.5x82-rubber-track-mx,https://tcykyktvdlsbscrsbjyt.supabase.co/storage/v1/object/public/catalog-images/sizes/300x55.5x82/mx/300x55.5x82-mx-02.webp,2,300x55.5x82 MX Rubber Track tread close-up
300x55.5x82-rubber-track-mx,https://tcykyktvdlsbscrsbjyt.supabase.co/storage/v1/object/public/catalog-images/sizes/300x55.5x82/mx/300x55.5x82-mx-03.webp,3,300x55.5x82 MX Rubber Track alternate angle
300x55.5x82-rubber-track-mx,https://tcykyktvdlsbscrsbjyt.supabase.co/storage/v1/object/public/catalog-images/sizes/300x55.5x82/mx/300x55.5x82-mx-04.webp,4,300x55.5x82 MX Rubber Track steel cord / inside drive lugs
300x55x82-rubber-track-offset-block,https://tcykyktvdlsbscrsbjyt.supabase.co/storage/v1/object/public/catalog-images/sizes/300x55x82/offset-block/300x55x82-offset-block-01.webp,1,300x55x82 Offset-Block Rubber Track
300x55x82-rubber-track-offset-block,https://tcykyktvdlsbscrsbjyt.supabase.co/storage/v1/object/public/catalog-images/sizes/300x55x82/offset-block/300x55x82-offset-block-02.webp,2,300x55x82 Offset-Block Rubber Track tread close-up
300x55x82-rubber-track-offset-block,https://tcykyktvdlsbscrsbjyt.supabase.co/storage/v1/object/public/catalog-images/sizes/300x55x82/offset-block/300x55x82-offset-block-03.webp,3,300x55x82 Offset-Block Rubber Track alternate angle
300x55x82-rubber-track-offset-block,https://tcykyktvdlsbscrsbjyt.supabase.co/storage/v1/object/public/catalog-images/sizes/300x55x82/offset-block/300x55x82-offset-block-04.webp,4,300x55x82 Offset-Block Rubber Track steel cord / inside drive lugs
320x86x46-rubber-track-c-block,https://tcykyktvdlsbscrsbjyt.supabase.co/storage/v1/object/public/catalog-images/sizes/320x86x46/c-block/320x86x46-c-block-01.webp,1,320x86x46 C-Block Rubber Track
320x86x46-rubber-track-c-block,https://tcykyktvdlsbscrsbjyt.supabase.co/storage/v1/object/public/catalog-images/sizes/320x86x46/c-block/320x86x46-c-block-02.webp,2,320x86x46 C-Block Rubber Track tread close-up
320x86x46-rubber-track-c-block,https://tcykyktvdlsbscrsbjyt.supabase.co/storage/v1/object/public/catalog-images/sizes/320x86x46/c-block/320x86x46-c-block-04.webp,4,320x86x46 C-Block Rubber Track steel cord / inside drive lugs
320x86x48-rubber-track-multi-bar,https://tcykyktvdlsbscrsbjyt.supabase.co/storage/v1/object/public/catalog-images/sizes/320x86x48/multi-bar/320x86x48-multi-bar-01.webp,1,320x86x48 Multi-Bar Rubber Track
320x86x48-rubber-track-multi-bar,https://tcykyktvdlsbscrsbjyt.supabase.co/storage/v1/object/public/catalog-images/sizes/320x86x48/multi-bar/320x86x48-multi-bar-02.webp,2,320x86x48 Multi-Bar Rubber Track tread close-up
320x86x48-rubber-track-multi-bar,https://tcykyktvdlsbscrsbjyt.supabase.co/storage/v1/object/public/catalog-images/sizes/320x86x48/multi-bar/320x86x48-multi-bar-03.webp,3,320x86x48 Multi-Bar Rubber Track alternate angle
320x86x48-rubber-track-multi-bar,https://tcykyktvdlsbscrsbjyt.supabase.co/storage/v1/object/public/catalog-images/sizes/320x86x48/multi-bar/320x86x48-multi-bar-04.webp,4,320x86x48 Multi-Bar Rubber Track steel cord / inside drive lugs
320x86x49-rubber-track-c-block,https://tcykyktvdlsbscrsbjyt.supabase.co/storage/v1/object/public/catalog-images/sizes/320x86x49/c-block/320x86x49-c-block-01.webp,1,320x86x49 C-Block Rubber Track
320x86x49-rubber-track-c-block,https://tcykyktvdlsbscrsbjyt.supabase.co/storage/v1/object/public/catalog-images/sizes/320x86x49/c-block/320x86x49-c-block-02.webp,2,320x86x49 C-Block Rubber Track tread close-up
320x86x49-rubber-track-c-block,https://tcykyktvdlsbscrsbjyt.supabase.co/storage/v1/object/public/catalog-images/sizes/320x86x49/c-block/320x86x49-c-block-04.webp,4,320x86x49 C-Block Rubber Track steel cord / inside drive lugs
320x86x49-rubber-track-multi-bar,https://tcykyktvdlsbscrsbjyt.supabase.co/storage/v1/object/public/catalog-images/sizes/320x86x49/multi-bar/320x86x49-multi-bar-01.webp,1,320x86x49 Multi-Bar Rubber Track
320x86x49-rubber-track-multi-bar,https://tcykyktvdlsbscrsbjyt.supabase.co/storage/v1/object/public/catalog-images/sizes/320x86x49/multi-bar/320x86x49-multi-bar-02.webp,2,320x86x49 Multi-Bar Rubber Track tread close-up
320x86x49-rubber-track-multi-bar,https://tcykyktvdlsbscrsbjyt.supabase.co/storage/v1/object/public/catalog-images/sizes/320x86x49/multi-bar/320x86x49-multi-bar-03.webp,3,320x86x49 Multi-Bar Rubber Track alternate angle
320x86x49-rubber-track-multi-bar,https://tcykyktvdlsbscrsbjyt.supabase.co/storage/v1/object/public/catalog-images/sizes/320x86x49/multi-bar/320x86x49-multi-bar-04.webp,4,320x86x49 Multi-Bar Rubber Track steel cord / inside drive lugs
320x86x49-rubber-track-zig-zag,https://tcykyktvdlsbscrsbjyt.supabase.co/storage/v1/object/public/catalog-images/sizes/320x86x49/zig-zag/320x86x49-zig-zag-01.webp,1,320x86x49 Zig-Zag Rubber Track
320x86x49-rubber-track-zig-zag,https://tcykyktvdlsbscrsbjyt.supabase.co/storage/v1/object/public/catalog-images/sizes/320x86x49/zig-zag/320x86x49-zig-zag-02.webp,2,320x86x49 Zig-Zag Rubber Track tread close-up
320x86x49-rubber-track-zig-zag,https://tcykyktvdlsbscrsbjyt.supabase.co/storage/v1/object/public/catalog-images/sizes/320x86x49/zig-zag/320x86x49-zig-zag-03.webp,3,320x86x49 Zig-Zag Rubber Track alternate angle
320x86x49-rubber-track-zig-zag,https://tcykyktvdlsbscrsbjyt.supabase.co/storage/v1/object/public/catalog-images/sizes/320x86x49/zig-zag/320x86x49-zig-zag-04.webp,4,320x86x49 Zig-Zag Rubber Track steel cord / inside drive lugs
320x86x50-rubber-track-c-block,https://tcykyktvdlsbscrsbjyt.supabase.co/storage/v1/object/public/catalog-images/sizes/320x86x50/c-block/320x86x50-c-block-01.webp,1,320x86x50 C-Block Rubber Track
320x86x50-rubber-track-c-block,https://tcykyktvdlsbscrsbjyt.supabase.co/storage/v1/object/public/catalog-images/sizes/320x86x50/c-block/320x86x50-c-block-02.webp,2,320x86x50 C-Block Rubber Track tread close-up
320x86x50-rubber-track-c-block,https://tcykyktvdlsbscrsbjyt.supabase.co/storage/v1/object/public/catalog-images/sizes/320x86x50/c-block/320x86x50-c-block-04.webp,4,320x86x50 C-Block Rubber Track steel cord / inside drive lugs
320x86x50-rubber-track-multi-bar,https://tcykyktvdlsbscrsbjyt.supabase.co/storage/v1/object/public/catalog-images/sizes/320x86x50/multi-bar/320x86x50-multi-bar-01.webp,1,320x86x50 Multi-Bar Rubber Track
320x86x50-rubber-track-multi-bar,https://tcykyktvdlsbscrsbjyt.supabase.co/storage/v1/object/public/catalog-images/sizes/320x86x50/multi-bar/320x86x50-multi-bar-02.webp,2,320x86x50 Multi-Bar Rubber Track tread close-up
320x86x50-rubber-track-multi-bar,https://tcykyktvdlsbscrsbjyt.supabase.co/storage/v1/object/public/catalog-images/sizes/320x86x50/multi-bar/320x86x50-multi-bar-03.webp,3,320x86x50 Multi-Bar Rubber Track alternate angle
320x86x50-rubber-track-multi-bar,https://tcykyktvdlsbscrsbjyt.supabase.co/storage/v1/object/public/catalog-images/sizes/320x86x50/multi-bar/320x86x50-multi-bar-04.webp,4,320x86x50 Multi-Bar Rubber Track steel cord / inside drive lugs
320x86x50-rubber-track-x-terrain,https://tcykyktvdlsbscrsbjyt.supabase.co/storage/v1/object/public/catalog-images/sizes/320x86x50/x-terrain/320x86x50-x-terrain-01.webp,1,320x86x50 X-Terrain Rubber Track
320x86x50-rubber-track-x-terrain,https://tcykyktvdlsbscrsbjyt.supabase.co/storage/v1/object/public/catalog-images/sizes/320x86x50/x-terrain/320x86x50-x-terrain-02.webp,2,320x86x50 X-Terrain Rubber Track tread close-up
320x86x50-rubber-track-x-terrain,https://tcykyktvdlsbscrsbjyt.supabase.co/storage/v1/object/public/catalog-images/sizes/320x86x50/x-terrain/320x86x50-x-terrain-03.webp,3,320x86x50 X-Terrain Rubber Track alternate angle
320x86x50-rubber-track-x-terrain,https://tcykyktvdlsbscrsbjyt.supabase.co/storage/v1/object/public/catalog-images/sizes/320x86x50/x-terrain/320x86x50-x-terrain-04.webp,4,320x86x50 X-Terrain Rubber Track steel cord / inside drive lugs
320x86x50-rubber-track-zig-zag,https://tcykyktvdlsbscrsbjyt.supabase.co/storage/v1/object/public/catalog-images/sizes/320x86x50/zig-zag/320x86x50-zig-zag-01.webp,1,320x86x50 Zig-Zag Rubber Track
320x86x50-rubber-track-zig-zag,https://tcykyktvdlsbscrsbjyt.supabase.co/storage/v1/object/public/catalog-images/sizes/320x86x50/zig-zag/320x86x50-zig-zag-02.webp,2,320x86x50 Zig-Zag Rubber Track tread close-up
320x86x50-rubber-track-zig-zag,https://tcykyktvdlsbscrsbjyt.supabase.co/storage/v1/object/public/catalog-images/sizes/320x86x50/zig-zag/320x86x50-zig-zag-03.webp,3,320x86x50 Zig-Zag Rubber Track alternate angle
320x86x50-rubber-track-zig-zag,https://tcykyktvdlsbscrsbjyt.supabase.co/storage/v1/object/public/catalog-images/sizes/320x86x50/zig-zag/320x86x50-zig-zag-04.webp,4,320x86x50 Zig-Zag Rubber Track steel cord / inside drive lugs
320x86x52-rubber-track-c-block,https://tcykyktvdlsbscrsbjyt.supabase.co/storage/v1/object/public/catalog-images/sizes/320x86x52/c-block/320x86x52-c-block-01.webp,1,320x86x52 C-Block Rubber Track
320x86x52-rubber-track-c-block,https://tcykyktvdlsbscrsbjyt.supabase.co/storage/v1/object/public/catalog-images/sizes/320x86x52/c-block/320x86x52-c-block-02.webp,2,320x86x52 C-Block Rubber Track tread close-up
320x86x52-rubber-track-c-block,https://tcykyktvdlsbscrsbjyt.supabase.co/storage/v1/object/public/catalog-images/sizes/320x86x52/c-block/320x86x52-c-block-04.webp,4,320x86x52 C-Block Rubber Track steel cord / inside drive lugs
320x86x52-rubber-track-multi-bar,https://tcykyktvdlsbscrsbjyt.supabase.co/storage/v1/object/public/catalog-images/sizes/320x86x52/multi-bar/320x86x52-multi-bar-01.webp,1,320x86x52 Multi-Bar Rubber Track
320x86x52-rubber-track-multi-bar,https://tcykyktvdlsbscrsbjyt.supabase.co/storage/v1/object/public/catalog-images/sizes/320x86x52/multi-bar/320x86x52-multi-bar-02.webp,2,320x86x52 Multi-Bar Rubber Track tread close-up
320x86x52-rubber-track-multi-bar,https://tcykyktvdlsbscrsbjyt.supabase.co/storage/v1/object/public/catalog-images/sizes/320x86x52/multi-bar/320x86x52-multi-bar-03.webp,3,320x86x52 Multi-Bar Rubber Track alternate angle
320x86x52-rubber-track-multi-bar,https://tcykyktvdlsbscrsbjyt.supabase.co/storage/v1/object/public/catalog-images/sizes/320x86x52/multi-bar/320x86x52-multi-bar-04.webp,4,320x86x52 Multi-Bar Rubber Track steel cord / inside drive lugs
320x86x52-rubber-track-zig-zag,https://tcykyktvdlsbscrsbjyt.supabase.co/storage/v1/object/public/catalog-images/sizes/320x86x52/zig-zag/320x86x52-zig-zag-01.webp,1,320x86x52 Zig-Zag Rubber Track
320x86x52-rubber-track-zig-zag,https://tcykyktvdlsbscrsbjyt.supabase.co/storage/v1/object/public/catalog-images/sizes/320x86x52/zig-zag/320x86x52-zig-zag-02.webp,2,320x86x52 Zig-Zag Rubber Track tread close-up
320x86x52-rubber-track-zig-zag,https://tcykyktvdlsbscrsbjyt.supabase.co/storage/v1/object/public/catalog-images/sizes/320x86x52/zig-zag/320x86x52-zig-zag-03.webp,3,320x86x52 Zig-Zag Rubber Track alternate angle
320x86x52-rubber-track-zig-zag,https://tcykyktvdlsbscrsbjyt.supabase.co/storage/v1/object/public/catalog-images/sizes/320x86x52/zig-zag/320x86x52-zig-zag-04.webp,4,320x86x52 Zig-Zag Rubber Track steel cord / inside drive lugs
320x86x53-rubber-track-c-block,https://tcykyktvdlsbscrsbjyt.supabase.co/storage/v1/object/public/catalog-images/sizes/320x86x53/c-block/320x86x53-c-block-01.webp,1,320x86x53 C-Block Rubber Track
320x86x53-rubber-track-c-block,https://tcykyktvdlsbscrsbjyt.supabase.co/storage/v1/object/public/catalog-images/sizes/320x86x53/c-block/320x86x53-c-block-02.webp,2,320x86x53 C-Block Rubber Track tread close-up
320x86x53-rubber-track-c-block,https://tcykyktvdlsbscrsbjyt.supabase.co/storage/v1/object/public/catalog-images/sizes/320x86x53/c-block/320x86x53-c-block-04.webp,4,320x86x53 C-Block Rubber Track steel cord / inside drive lugs
320x86x53-rubber-track-multi-bar,https://tcykyktvdlsbscrsbjyt.supabase.co/storage/v1/object/public/catalog-images/sizes/320x86x53/multi-bar/320x86x53-multi-bar-01.webp,1,320x86x53 Multi-Bar Rubber Track
320x86x53-rubber-track-multi-bar,https://tcykyktvdlsbscrsbjyt.supabase.co/storage/v1/object/public/catalog-images/sizes/320x86x53/multi-bar/320x86x53-multi-bar-02.webp,2,320x86x53 Multi-Bar Rubber Track tread close-up
320x86x53-rubber-track-multi-bar,https://tcykyktvdlsbscrsbjyt.supabase.co/storage/v1/object/public/catalog-images/sizes/320x86x53/multi-bar/320x86x53-multi-bar-03.webp,3,320x86x53 Multi-Bar Rubber Track alternate angle
320x86x53-rubber-track-multi-bar,https://tcykyktvdlsbscrsbjyt.supabase.co/storage/v1/object/public/catalog-images/sizes/320x86x53/multi-bar/320x86x53-multi-bar-04.webp,4,320x86x53 Multi-Bar Rubber Track steel cord / inside drive lugs
320x86x53-rubber-track-zig-zag,https://tcykyktvdlsbscrsbjyt.supabase.co/storage/v1/object/public/catalog-images/sizes/320x86x53/zig-zag/320x86x53-zig-zag-01.webp,1,320x86x53 Zig-Zag Rubber Track
320x86x53-rubber-track-zig-zag,https://tcykyktvdlsbscrsbjyt.supabase.co/storage/v1/object/public/catalog-images/sizes/320x86x53/zig-zag/320x86x53-zig-zag-02.webp,2,320x86x53 Zig-Zag Rubber Track tread close-up
320x86x53-rubber-track-zig-zag,https://tcykyktvdlsbscrsbjyt.supabase.co/storage/v1/object/public/catalog-images/sizes/320x86x53/zig-zag/320x86x53-zig-zag-03.webp,3,320x86x53 Zig-Zag Rubber Track alternate angle
320x86x53-rubber-track-zig-zag,https://tcykyktvdlsbscrsbjyt.supabase.co/storage/v1/object/public/catalog-images/sizes/320x86x53/zig-zag/320x86x53-zig-zag-04.webp,4,320x86x53 Zig-Zag Rubber Track steel cord / inside drive lugs
320x86x54-rubber-track-c-block,https://tcykyktvdlsbscrsbjyt.supabase.co/storage/v1/object/public/catalog-images/sizes/320x86x54/c-block/320x86x54-c-block-01.webp,1,320x86x54 C-Block Rubber Track
320x86x54-rubber-track-c-block,https://tcykyktvdlsbscrsbjyt.supabase.co/storage/v1/object/public/catalog-images/sizes/320x86x54/c-block/320x86x54-c-block-02.webp,2,320x86x54 C-Block Rubber Track tread close-up
320x86x54-rubber-track-c-block,https://tcykyktvdlsbscrsbjyt.supabase.co/storage/v1/object/public/catalog-images/sizes/320x86x54/c-block/320x86x54-c-block-04.webp,4,320x86x54 C-Block Rubber Track steel cord / inside drive lugs
320x86x54-rubber-track-multi-bar,https://tcykyktvdlsbscrsbjyt.supabase.co/storage/v1/object/public/catalog-images/sizes/320x86x54/multi-bar/320x86x54-multi-bar-01.webp,1,320x86x54 Multi-Bar Rubber Track
320x86x54-rubber-track-multi-bar,https://tcykyktvdlsbscrsbjyt.supabase.co/storage/v1/object/public/catalog-images/sizes/320x86x54/multi-bar/320x86x54-multi-bar-02.webp,2,320x86x54 Multi-Bar Rubber Track tread close-up
320x86x54-rubber-track-multi-bar,https://tcykyktvdlsbscrsbjyt.supabase.co/storage/v1/object/public/catalog-images/sizes/320x86x54/multi-bar/320x86x54-multi-bar-03.webp,3,320x86x54 Multi-Bar Rubber Track alternate angle
320x86x54-rubber-track-multi-bar,https://tcykyktvdlsbscrsbjyt.supabase.co/storage/v1/object/public/catalog-images/sizes/320x86x54/multi-bar/320x86x54-multi-bar-04.webp,4,320x86x54 Multi-Bar Rubber Track steel cord / inside drive lugs
320x86x54-rubber-track-zig-zag,https://tcykyktvdlsbscrsbjyt.supabase.co/storage/v1/object/public/catalog-images/sizes/320x86x54/zig-zag/320x86x54-zig-zag-01.webp,1,320x86x54 Zig-Zag Rubber Track
320x86x54-rubber-track-zig-zag,https://tcykyktvdlsbscrsbjyt.supabase.co/storage/v1/object/public/catalog-images/sizes/320x86x54/zig-zag/320x86x54-zig-zag-02.webp,2,320x86x54 Zig-Zag Rubber Track tread close-up
320x86x54-rubber-track-zig-zag,https://tcykyktvdlsbscrsbjyt.supabase.co/storage/v1/object/public/catalog-images/sizes/320x86x54/zig-zag/320x86x54-zig-zag-03.webp,3,320x86x54 Zig-Zag Rubber Track alternate angle
320x86x54-rubber-track-zig-zag,https://tcykyktvdlsbscrsbjyt.supabase.co/storage/v1/object/public/catalog-images/sizes/320x86x54/zig-zag/320x86x54-zig-zag-04.webp,4,320x86x54 Zig-Zag Rubber Track steel cord / inside drive lugs
350x52.5Bx90-rubber-track-directional,https://tcykyktvdlsbscrsbjyt.supabase.co/storage/v1/object/public/catalog-images/sizes/350x52.5Bx90/directional/350x52.5Bx90-directional-01.webp,1,350x52.5Bx90 Directional Rubber Track
350x52.5Bx90-rubber-track-directional,https://tcykyktvdlsbscrsbjyt.supabase.co/storage/v1/object/public/catalog-images/sizes/350x52.5Bx90/directional/350x52.5Bx90-directional-02.webp,2,350x52.5Bx90 Directional Rubber Track tread close-up
350x52.5Bx90-rubber-track-directional,https://tcykyktvdlsbscrsbjyt.supabase.co/storage/v1/object/public/catalog-images/sizes/350x52.5Bx90/directional/350x52.5Bx90-directional-03.webp,3,350x52.5Bx90 Directional Rubber Track alternate angle
350x52.5Bx90-rubber-track-directional,https://tcykyktvdlsbscrsbjyt.supabase.co/storage/v1/object/public/catalog-images/sizes/350x52.5Bx90/directional/350x52.5Bx90-directional-04.webp,4,350x52.5Bx90 Directional Rubber Track steel cord / inside drive lugs
350x52.5Wx86-rubber-track-directional,https://tcykyktvdlsbscrsbjyt.supabase.co/storage/v1/object/public/catalog-images/sizes/350x52.5Wx86/directional/350x52.5Wx86-directional-01.webp,1,350x52.5Wx86 Directional Rubber Track
350x52.5Wx86-rubber-track-directional,https://tcykyktvdlsbscrsbjyt.supabase.co/storage/v1/object/public/catalog-images/sizes/350x52.5Wx86/directional/350x52.5Wx86-directional-02.webp,2,350x52.5Wx86 Directional Rubber Track tread close-up
350x52.5Wx86-rubber-track-directional,https://tcykyktvdlsbscrsbjyt.supabase.co/storage/v1/object/public/catalog-images/sizes/350x52.5Wx86/directional/350x52.5Wx86-directional-03.webp,3,350x52.5Wx86 Directional Rubber Track alternate angle
350x52.5Wx86-rubber-track-directional,https://tcykyktvdlsbscrsbjyt.supabase.co/storage/v1/object/public/catalog-images/sizes/350x52.5Wx86/directional/350x52.5Wx86-directional-04.webp,4,350x52.5Wx86 Directional Rubber Track steel cord / inside drive lugs
350x52.5x86-rubber-track-mx,https://tcykyktvdlsbscrsbjyt.supabase.co/storage/v1/object/public/catalog-images/sizes/350x52.5x86/mx/350x52.5x86-mx-01.webp,1,350x52.5x86 MX Rubber Track
350x52.5x86-rubber-track-mx,https://tcykyktvdlsbscrsbjyt.supabase.co/storage/v1/object/public/catalog-images/sizes/350x52.5x86/mx/350x52.5x86-mx-02.webp,2,350x52.5x86 MX Rubber Track tread close-up
350x52.5x86-rubber-track-mx,https://tcykyktvdlsbscrsbjyt.supabase.co/storage/v1/object/public/catalog-images/sizes/350x52.5x86/mx/350x52.5x86-mx-03.webp,3,350x52.5x86 MX Rubber Track alternate angle
350x52.5x86-rubber-track-mx,https://tcykyktvdlsbscrsbjyt.supabase.co/storage/v1/object/public/catalog-images/sizes/350x52.5x86/mx/350x52.5x86-mx-04.webp,4,350x52.5x86 MX Rubber Track steel cord / inside drive lugs
350x54.5x86-rubber-track-directional,https://tcykyktvdlsbscrsbjyt.supabase.co/storage/v1/object/public/catalog-images/sizes/350x54.5x86/directional/350x54.5x86-directional-01.webp,1,350x54.5x86 Directional Rubber Track
350x54.5x86-rubber-track-directional,https://tcykyktvdlsbscrsbjyt.supabase.co/storage/v1/object/public/catalog-images/sizes/350x54.5x86/directional/350x54.5x86-directional-02.webp,2,350x54.5x86 Directional Rubber Track tread close-up
350x54.5x86-rubber-track-directional,https://tcykyktvdlsbscrsbjyt.supabase.co/storage/v1/object/public/catalog-images/sizes/350x54.5x86/directional/350x54.5x86-directional-03.webp,3,350x54.5x86 Directional Rubber Track alternate angle
350x54.5x86-rubber-track-directional,https://tcykyktvdlsbscrsbjyt.supabase.co/storage/v1/object/public/catalog-images/sizes/350x54.5x86/directional/350x54.5x86-directional-04.webp,4,350x54.5x86 Directional Rubber Track steel cord / inside drive lugs
350x75.5x74-rubber-track-mx,https://tcykyktvdlsbscrsbjyt.supabase.co/storage/v1/object/public/catalog-images/sizes/350x75.5x74/mx/350x75.5x74-mx-01.webp,1,350x75.5x74 MX Rubber Track
350x75.5x74-rubber-track-mx,https://tcykyktvdlsbscrsbjyt.supabase.co/storage/v1/object/public/catalog-images/sizes/350x75.5x74/mx/350x75.5x74-mx-02.webp,2,350x75.5x74 MX Rubber Track tread close-up
350x75.5x74-rubber-track-mx,https://tcykyktvdlsbscrsbjyt.supabase.co/storage/v1/object/public/catalog-images/sizes/350x75.5x74/mx/350x75.5x74-mx-03.webp,3,350x75.5x74 MX Rubber Track alternate angle
350x75.5x74-rubber-track-mx,https://tcykyktvdlsbscrsbjyt.supabase.co/storage/v1/object/public/catalog-images/sizes/350x75.5x74/mx/350x75.5x74-mx-04.webp,4,350x75.5x74 MX Rubber Track steel cord / inside drive lugs
380x86x52-rubber-track-staggered-block,https://tcykyktvdlsbscrsbjyt.supabase.co/storage/v1/object/public/catalog-images/sizes/380x86x52/staggered-block/380x86x52-staggered-block-01.webp,1,380x86x52 Staggered-Block Rubber Track
380x86x52-rubber-track-staggered-block,https://tcykyktvdlsbscrsbjyt.supabase.co/storage/v1/object/public/catalog-images/sizes/380x86x52/staggered-block/380x86x52-staggered-block-02.webp,2,380x86x52 Staggered-Block Rubber Track tread close-up
380x86x52-rubber-track-staggered-block,https://tcykyktvdlsbscrsbjyt.supabase.co/storage/v1/object/public/catalog-images/sizes/380x86x52/staggered-block/380x86x52-staggered-block-03.webp,3,380x86x52 Staggered-Block Rubber Track alternate angle
380x86x52-rubber-track-staggered-block,https://tcykyktvdlsbscrsbjyt.supabase.co/storage/v1/object/public/catalog-images/sizes/380x86x52/staggered-block/380x86x52-staggered-block-04.webp,4,380x86x52 Staggered-Block Rubber Track steel cord / inside drive lugs
381x101.6x42-rubber-track-multi-bar,https://tcykyktvdlsbscrsbjyt.supabase.co/storage/v1/object/public/catalog-images/sizes/381x101.6x42/multi-bar/381x101.6x42-multi-bar-01.webp,1,381x101.6x42 Multi-Bar Rubber Track
381x101.6x42-rubber-track-multi-bar,https://tcykyktvdlsbscrsbjyt.supabase.co/storage/v1/object/public/catalog-images/sizes/381x101.6x42/multi-bar/381x101.6x42-multi-bar-02.webp,2,381x101.6x42 Multi-Bar Rubber Track tread close-up
381x101.6x42-rubber-track-multi-bar,https://tcykyktvdlsbscrsbjyt.supabase.co/storage/v1/object/public/catalog-images/sizes/381x101.6x42/multi-bar/381x101.6x42-multi-bar-03.webp,3,381x101.6x42 Multi-Bar Rubber Track alternate angle
400x72.5Kx72-rubber-track-directional,https://tcykyktvdlsbscrsbjyt.supabase.co/storage/v1/object/public/catalog-images/sizes/400x72.5Kx72/directional/400x72.5Kx72-directional-01.webp,1,400x72.5Kx72 Directional Rubber Track
400x72.5Kx72-rubber-track-directional,https://tcykyktvdlsbscrsbjyt.supabase.co/storage/v1/object/public/catalog-images/sizes/400x72.5Kx72/directional/400x72.5Kx72-directional-02.webp,2,400x72.5Kx72 Directional Rubber Track tread close-up
400x72.5Kx72-rubber-track-directional,https://tcykyktvdlsbscrsbjyt.supabase.co/storage/v1/object/public/catalog-images/sizes/400x72.5Kx72/directional/400x72.5Kx72-directional-03.webp,3,400x72.5Kx72 Directional Rubber Track alternate angle
400x72.5Kx72-rubber-track-directional,https://tcykyktvdlsbscrsbjyt.supabase.co/storage/v1/object/public/catalog-images/sizes/400x72.5Kx72/directional/400x72.5Kx72-directional-04.webp,4,400x72.5Kx72 Directional Rubber Track steel cord / inside drive lugs
400x72.5Kx74-rubber-track-directional,https://tcykyktvdlsbscrsbjyt.supabase.co/storage/v1/object/public/catalog-images/sizes/400x72.5Kx74/directional/400x72.5Kx74-directional-01.webp,1,400x72.5Kx74 Directional Rubber Track
400x72.5Kx74-rubber-track-directional,https://tcykyktvdlsbscrsbjyt.supabase.co/storage/v1/object/public/catalog-images/sizes/400x72.5Kx74/directional/400x72.5Kx74-directional-02.webp,2,400x72.5Kx74 Directional Rubber Track tread close-up
400x72.5Kx74-rubber-track-directional,https://tcykyktvdlsbscrsbjyt.supabase.co/storage/v1/object/public/catalog-images/sizes/400x72.5Kx74/directional/400x72.5Kx74-directional-03.webp,3,400x72.5Kx74 Directional Rubber Track alternate angle
400x72.5Kx74-rubber-track-directional,https://tcykyktvdlsbscrsbjyt.supabase.co/storage/v1/object/public/catalog-images/sizes/400x72.5Kx74/directional/400x72.5Kx74-directional-04.webp,4,400x72.5Kx74 Directional Rubber Track steel cord / inside drive lugs
400x72.5Nx72-rubber-track-directional,https://tcykyktvdlsbscrsbjyt.supabase.co/storage/v1/object/public/catalog-images/sizes/400x72.5Nx72/directional/400x72.5Nx72-directional-01.webp,1,400x72.5Nx72 Directional Rubber Track
400x72.5Nx72-rubber-track-directional,https://tcykyktvdlsbscrsbjyt.supabase.co/storage/v1/object/public/catalog-images/sizes/400x72.5Nx72/directional/400x72.5Nx72-directional-02.webp,2,400x72.5Nx72 Directional Rubber Track tread close-up
400x72.5Nx72-rubber-track-directional,https://tcykyktvdlsbscrsbjyt.supabase.co/storage/v1/object/public/catalog-images/sizes/400x72.5Nx72/directional/400x72.5Nx72-directional-03.webp,3,400x72.5Nx72 Directional Rubber Track alternate angle
400x72.5Nx72-rubber-track-directional,https://tcykyktvdlsbscrsbjyt.supabase.co/storage/v1/object/public/catalog-images/sizes/400x72.5Nx72/directional/400x72.5Nx72-directional-04.webp,4,400x72.5Nx72 Directional Rubber Track steel cord / inside drive lugs
400x72.5Nx74-rubber-track-directional,https://tcykyktvdlsbscrsbjyt.supabase.co/storage/v1/object/public/catalog-images/sizes/400x72.5Nx74/directional/400x72.5Nx74-directional-01.webp,1,400x72.5Nx74 Directional Rubber Track
400x72.5Nx74-rubber-track-directional,https://tcykyktvdlsbscrsbjyt.supabase.co/storage/v1/object/public/catalog-images/sizes/400x72.5Nx74/directional/400x72.5Nx74-directional-02.webp,2,400x72.5Nx74 Directional Rubber Track tread close-up
400x72.5Nx74-rubber-track-directional,https://tcykyktvdlsbscrsbjyt.supabase.co/storage/v1/object/public/catalog-images/sizes/400x72.5Nx74/directional/400x72.5Nx74-directional-03.webp,3,400x72.5Nx74 Directional Rubber Track alternate angle
400x72.5Nx74-rubber-track-directional,https://tcykyktvdlsbscrsbjyt.supabase.co/storage/v1/object/public/catalog-images/sizes/400x72.5Nx74/directional/400x72.5Nx74-directional-04.webp,4,400x72.5Nx74 Directional Rubber Track steel cord / inside drive lugs
400x72.5Wx67-rubber-track-directional,https://tcykyktvdlsbscrsbjyt.supabase.co/storage/v1/object/public/catalog-images/sizes/400x72.5Wx67/directional/400x72.5Wx67-directional-01.webp,1,400x72.5Wx67 Directional Rubber Track
400x72.5Wx67-rubber-track-directional,https://tcykyktvdlsbscrsbjyt.supabase.co/storage/v1/object/public/catalog-images/sizes/400x72.5Wx67/directional/400x72.5Wx67-directional-02.webp,2,400x72.5Wx67 Directional Rubber Track tread close-up
400x72.5Wx67-rubber-track-directional,https://tcykyktvdlsbscrsbjyt.supabase.co/storage/v1/object/public/catalog-images/sizes/400x72.5Wx67/directional/400x72.5Wx67-directional-03.webp,3,400x72.5Wx67 Directional Rubber Track alternate angle
400x72.5Wx67-rubber-track-directional,https://tcykyktvdlsbscrsbjyt.supabase.co/storage/v1/object/public/catalog-images/sizes/400x72.5Wx67/directional/400x72.5Wx67-directional-04.webp,4,400x72.5Wx67 Directional Rubber Track steel cord / inside drive lugs
400x72.5Wx72-rubber-track-directional,https://tcykyktvdlsbscrsbjyt.supabase.co/storage/v1/object/public/catalog-images/sizes/400x72.5Wx72/directional/400x72.5Wx72-directional-01.webp,1,400x72.5Wx72 Directional Rubber Track
400x72.5Wx72-rubber-track-directional,https://tcykyktvdlsbscrsbjyt.supabase.co/storage/v1/object/public/catalog-images/sizes/400x72.5Wx72/directional/400x72.5Wx72-directional-02.webp,2,400x72.5Wx72 Directional Rubber Track tread close-up
400x72.5Wx72-rubber-track-directional,https://tcykyktvdlsbscrsbjyt.supabase.co/storage/v1/object/public/catalog-images/sizes/400x72.5Wx72/directional/400x72.5Wx72-directional-03.webp,3,400x72.5Wx72 Directional Rubber Track alternate angle
400x72.5Wx72-rubber-track-directional,https://tcykyktvdlsbscrsbjyt.supabase.co/storage/v1/object/public/catalog-images/sizes/400x72.5Wx72/directional/400x72.5Wx72-directional-04.webp,4,400x72.5Wx72 Directional Rubber Track steel cord / inside drive lugs
400x72.5Wx74-rubber-track-directional,https://tcykyktvdlsbscrsbjyt.supabase.co/storage/v1/object/public/catalog-images/sizes/400x72.5Wx74/directional/400x72.5Wx74-directional-01.webp,1,400x72.5Wx74 Directional Rubber Track
400x72.5Wx74-rubber-track-directional,https://tcykyktvdlsbscrsbjyt.supabase.co/storage/v1/object/public/catalog-images/sizes/400x72.5Wx74/directional/400x72.5Wx74-directional-02.webp,2,400x72.5Wx74 Directional Rubber Track tread close-up
400x72.5Wx74-rubber-track-directional,https://tcykyktvdlsbscrsbjyt.supabase.co/storage/v1/object/public/catalog-images/sizes/400x72.5Wx74/directional/400x72.5Wx74-directional-03.webp,3,400x72.5Wx74 Directional Rubber Track alternate angle
400x72.5Wx74-rubber-track-directional,https://tcykyktvdlsbscrsbjyt.supabase.co/storage/v1/object/public/catalog-images/sizes/400x72.5Wx74/directional/400x72.5Wx74-directional-04.webp,4,400x72.5Wx74 Directional Rubber Track steel cord / inside drive lugs
400x72.5Wx76-rubber-track-directional,https://tcykyktvdlsbscrsbjyt.supabase.co/storage/v1/object/public/catalog-images/sizes/400x72.5Wx76/directional/400x72.5Wx76-directional-01.webp,1,400x72.5Wx76 Directional Rubber Track
400x72.5Wx76-rubber-track-directional,https://tcykyktvdlsbscrsbjyt.supabase.co/storage/v1/object/public/catalog-images/sizes/400x72.5Wx76/directional/400x72.5Wx76-directional-02.webp,2,400x72.5Wx76 Directional Rubber Track tread close-up
400x72.5Wx76-rubber-track-directional,https://tcykyktvdlsbscrsbjyt.supabase.co/storage/v1/object/public/catalog-images/sizes/400x72.5Wx76/directional/400x72.5Wx76-directional-03.webp,3,400x72.5Wx76 Directional Rubber Track alternate angle
400x72.5Wx76-rubber-track-directional,https://tcykyktvdlsbscrsbjyt.supabase.co/storage/v1/object/public/catalog-images/sizes/400x72.5Wx76/directional/400x72.5Wx76-directional-04.webp,4,400x72.5Wx76 Directional Rubber Track steel cord / inside drive lugs
400x72.5x70-rubber-track-mx,https://tcykyktvdlsbscrsbjyt.supabase.co/storage/v1/object/public/catalog-images/sizes/400x72.5x70/mx/400x72.5x70-mx-01.webp,1,400x72.5x70 MX Rubber Track
400x72.5x70-rubber-track-mx,https://tcykyktvdlsbscrsbjyt.supabase.co/storage/v1/object/public/catalog-images/sizes/400x72.5x70/mx/400x72.5x70-mx-02.webp,2,400x72.5x70 MX Rubber Track tread close-up
400x72.5x70-rubber-track-mx,https://tcykyktvdlsbscrsbjyt.supabase.co/storage/v1/object/public/catalog-images/sizes/400x72.5x70/mx/400x72.5x70-mx-03.webp,3,400x72.5x70 MX Rubber Track alternate angle
400x72.5x70-rubber-track-mx,https://tcykyktvdlsbscrsbjyt.supabase.co/storage/v1/object/public/catalog-images/sizes/400x72.5x70/mx/400x72.5x70-mx-04.webp,4,400x72.5x70 MX Rubber Track steel cord / inside drive lugs
400x72.5x72-rubber-track-mx,https://tcykyktvdlsbscrsbjyt.supabase.co/storage/v1/object/public/catalog-images/sizes/400x72.5x72/mx/400x72.5x72-mx-01.webp,1,400x72.5x72 MX Rubber Track
400x72.5x72-rubber-track-mx,https://tcykyktvdlsbscrsbjyt.supabase.co/storage/v1/object/public/catalog-images/sizes/400x72.5x72/mx/400x72.5x72-mx-02.webp,2,400x72.5x72 MX Rubber Track tread close-up
400x72.5x72-rubber-track-mx,https://tcykyktvdlsbscrsbjyt.supabase.co/storage/v1/object/public/catalog-images/sizes/400x72.5x72/mx/400x72.5x72-mx-03.webp,3,400x72.5x72 MX Rubber Track alternate angle
400x72.5x72-rubber-track-mx,https://tcykyktvdlsbscrsbjyt.supabase.co/storage/v1/object/public/catalog-images/sizes/400x72.5x72/mx/400x72.5x72-mx-04.webp,4,400x72.5x72 MX Rubber Track steel cord / inside drive lugs
400x72.5x74-rubber-track-mx,https://tcykyktvdlsbscrsbjyt.supabase.co/storage/v1/object/public/catalog-images/sizes/400x72.5x74/mx/400x72.5x74-mx-01.webp,1,400x72.5x74 MX Rubber Track
400x72.5x74-rubber-track-mx,https://tcykyktvdlsbscrsbjyt.supabase.co/storage/v1/object/public/catalog-images/sizes/400x72.5x74/mx/400x72.5x74-mx-02.webp,2,400x72.5x74 MX Rubber Track tread close-up
400x72.5x74-rubber-track-mx,https://tcykyktvdlsbscrsbjyt.supabase.co/storage/v1/object/public/catalog-images/sizes/400x72.5x74/mx/400x72.5x74-mx-03.webp,3,400x72.5x74 MX Rubber Track alternate angle
400x72.5x74-rubber-track-mx,https://tcykyktvdlsbscrsbjyt.supabase.co/storage/v1/object/public/catalog-images/sizes/400x72.5x74/mx/400x72.5x74-mx-04.webp,4,400x72.5x74 MX Rubber Track steel cord / inside drive lugs
400x72.5x76-rubber-track-directional,https://tcykyktvdlsbscrsbjyt.supabase.co/storage/v1/object/public/catalog-images/sizes/400x72.5x76/directional/400x72.5x76-directional-01.webp,1,400x72.5x76 Directional Rubber Track
400x72.5x76-rubber-track-directional,https://tcykyktvdlsbscrsbjyt.supabase.co/storage/v1/object/public/catalog-images/sizes/400x72.5x76/directional/400x72.5x76-directional-02.webp,2,400x72.5x76 Directional Rubber Track tread close-up
400x72.5x76-rubber-track-directional,https://tcykyktvdlsbscrsbjyt.supabase.co/storage/v1/object/public/catalog-images/sizes/400x72.5x76/directional/400x72.5x76-directional-03.webp,3,400x72.5x76 Directional Rubber Track alternate angle
400x72.5x76-rubber-track-directional,https://tcykyktvdlsbscrsbjyt.supabase.co/storage/v1/object/public/catalog-images/sizes/400x72.5x76/directional/400x72.5x76-directional-04.webp,4,400x72.5x76 Directional Rubber Track steel cord / inside drive lugs
400x74x72-rubber-track-mx,https://tcykyktvdlsbscrsbjyt.supabase.co/storage/v1/object/public/catalog-images/sizes/400x74x72/mx/400x74x72-mx-01.webp,1,400x74x72 MX Rubber Track
400x74x72-rubber-track-mx,https://tcykyktvdlsbscrsbjyt.supabase.co/storage/v1/object/public/catalog-images/sizes/400x74x72/mx/400x74x72-mx-02.webp,2,400x74x72 MX Rubber Track tread close-up
400x74x72-rubber-track-mx,https://tcykyktvdlsbscrsbjyt.supabase.co/storage/v1/object/public/catalog-images/sizes/400x74x72/mx/400x74x72-mx-03.webp,3,400x74x72 MX Rubber Track alternate angle
400x74x72-rubber-track-mx,https://tcykyktvdlsbscrsbjyt.supabase.co/storage/v1/object/public/catalog-images/sizes/400x74x72/mx/400x74x72-mx-04.webp,4,400x74x72 MX Rubber Track steel cord / inside drive lugs
400x75.5x74-rubber-track-mx,https://tcykyktvdlsbscrsbjyt.supabase.co/storage/v1/object/public/catalog-images/sizes/400x75.5x74/mx/400x75.5x74-mx-01.webp,1,400x75.5x74 MX Rubber Track
400x75.5x74-rubber-track-mx,https://tcykyktvdlsbscrsbjyt.supabase.co/storage/v1/object/public/catalog-images/sizes/400x75.5x74/mx/400x75.5x74-mx-02.webp,2,400x75.5x74 MX Rubber Track tread close-up
400x75.5x74-rubber-track-mx,https://tcykyktvdlsbscrsbjyt.supabase.co/storage/v1/object/public/catalog-images/sizes/400x75.5x74/mx/400x75.5x74-mx-03.webp,3,400x75.5x74 MX Rubber Track alternate angle
400x75.5x74-rubber-track-mx,https://tcykyktvdlsbscrsbjyt.supabase.co/storage/v1/object/public/catalog-images/sizes/400x75.5x74/mx/400x75.5x74-mx-04.webp,4,400x75.5x74 MX Rubber Track steel cord / inside drive lugs
400x86x49-rubber-track-c-block,https://tcykyktvdlsbscrsbjyt.supabase.co/storage/v1/object/public/catalog-images/sizes/400x86x49/c-block/400x86x49-c-block-01.webp,1,400x86x49 C-Block Rubber Track
400x86x49-rubber-track-c-block,https://tcykyktvdlsbscrsbjyt.supabase.co/storage/v1/object/public/catalog-images/sizes/400x86x49/c-block/400x86x49-c-block-02.webp,2,400x86x49 C-Block Rubber Track tread close-up
400x86x49-rubber-track-c-block,https://tcykyktvdlsbscrsbjyt.supabase.co/storage/v1/object/public/catalog-images/sizes/400x86x49/c-block/400x86x49-c-block-03.webp,3,400x86x49 C-Block Rubber Track alternate angle
400x86x49-rubber-track-c-block,https://tcykyktvdlsbscrsbjyt.supabase.co/storage/v1/object/public/catalog-images/sizes/400x86x49/c-block/400x86x49-c-block-04.webp,4,400x86x49 C-Block Rubber Track steel cord / inside drive lugs
400x86x49-rubber-track-multi-bar,https://tcykyktvdlsbscrsbjyt.supabase.co/storage/v1/object/public/catalog-images/sizes/400x86x49/multi-bar/400x86x49-multi-bar-01.webp,1,400x86x49 Multi-Bar Rubber Track
400x86x49-rubber-track-multi-bar,https://tcykyktvdlsbscrsbjyt.supabase.co/storage/v1/object/public/catalog-images/sizes/400x86x49/multi-bar/400x86x49-multi-bar-02.webp,2,400x86x49 Multi-Bar Rubber Track tread close-up
400x86x49-rubber-track-multi-bar,https://tcykyktvdlsbscrsbjyt.supabase.co/storage/v1/object/public/catalog-images/sizes/400x86x49/multi-bar/400x86x49-multi-bar-03.webp,3,400x86x49 Multi-Bar Rubber Track alternate angle
400x86x49-rubber-track-multi-bar,https://tcykyktvdlsbscrsbjyt.supabase.co/storage/v1/object/public/catalog-images/sizes/400x86x49/multi-bar/400x86x49-multi-bar-04.webp,4,400x86x49 Multi-Bar Rubber Track steel cord / inside drive lugs
400x86x49-rubber-track-zig-zag,https://tcykyktvdlsbscrsbjyt.supabase.co/storage/v1/object/public/catalog-images/sizes/400x86x49/zig-zag/400x86x49-zig-zag-01.webp,1,400x86x49 Zig-Zag Rubber Track
400x86x49-rubber-track-zig-zag,https://tcykyktvdlsbscrsbjyt.supabase.co/storage/v1/object/public/catalog-images/sizes/400x86x49/zig-zag/400x86x49-zig-zag-02.webp,2,400x86x49 Zig-Zag Rubber Track tread close-up
400x86x49-rubber-track-zig-zag,https://tcykyktvdlsbscrsbjyt.supabase.co/storage/v1/object/public/catalog-images/sizes/400x86x49/zig-zag/400x86x49-zig-zag-03.webp,3,400x86x49 Zig-Zag Rubber Track alternate angle
400x86x49-rubber-track-zig-zag,https://tcykyktvdlsbscrsbjyt.supabase.co/storage/v1/object/public/catalog-images/sizes/400x86x49/zig-zag/400x86x49-zig-zag-04.webp,4,400x86x49 Zig-Zag Rubber Track steel cord / inside drive lugs
400x86x50-rubber-track-c-block,https://tcykyktvdlsbscrsbjyt.supabase.co/storage/v1/object/public/catalog-images/sizes/400x86x50/c-block/400x86x50-c-block-01.webp,1,400x86x50 C-Block Rubber Track
400x86x50-rubber-track-c-block,https://tcykyktvdlsbscrsbjyt.supabase.co/storage/v1/object/public/catalog-images/sizes/400x86x50/c-block/400x86x50-c-block-02.webp,2,400x86x50 C-Block Rubber Track tread close-up
400x86x50-rubber-track-c-block,https://tcykyktvdlsbscrsbjyt.supabase.co/storage/v1/object/public/catalog-images/sizes/400x86x50/c-block/400x86x50-c-block-03.webp,3,400x86x50 C-Block Rubber Track alternate angle
400x86x50-rubber-track-c-block,https://tcykyktvdlsbscrsbjyt.supabase.co/storage/v1/object/public/catalog-images/sizes/400x86x50/c-block/400x86x50-c-block-04.webp,4,400x86x50 C-Block Rubber Track steel cord / inside drive lugs
400x86x50-rubber-track-multi-bar,https://tcykyktvdlsbscrsbjyt.supabase.co/storage/v1/object/public/catalog-images/sizes/400x86x50/multi-bar/400x86x50-multi-bar-01.webp,1,400x86x50 Multi-Bar Rubber Track
400x86x50-rubber-track-multi-bar,https://tcykyktvdlsbscrsbjyt.supabase.co/storage/v1/object/public/catalog-images/sizes/400x86x50/multi-bar/400x86x50-multi-bar-02.webp,2,400x86x50 Multi-Bar Rubber Track tread close-up
400x86x50-rubber-track-multi-bar,https://tcykyktvdlsbscrsbjyt.supabase.co/storage/v1/object/public/catalog-images/sizes/400x86x50/multi-bar/400x86x50-multi-bar-03.webp,3,400x86x50 Multi-Bar Rubber Track alternate angle
400x86x50-rubber-track-multi-bar,https://tcykyktvdlsbscrsbjyt.supabase.co/storage/v1/object/public/catalog-images/sizes/400x86x50/multi-bar/400x86x50-multi-bar-04.webp,4,400x86x50 Multi-Bar Rubber Track steel cord / inside drive lugs
400x86x50-rubber-track-zig-zag,https://tcykyktvdlsbscrsbjyt.supabase.co/storage/v1/object/public/catalog-images/sizes/400x86x50/zig-zag/400x86x50-zig-zag-01.webp,1,400x86x50 Zig-Zag Rubber Track
400x86x50-rubber-track-zig-zag,https://tcykyktvdlsbscrsbjyt.supabase.co/storage/v1/object/public/catalog-images/sizes/400x86x50/zig-zag/400x86x50-zig-zag-02.webp,2,400x86x50 Zig-Zag Rubber Track tread close-up
400x86x50-rubber-track-zig-zag,https://tcykyktvdlsbscrsbjyt.supabase.co/storage/v1/object/public/catalog-images/sizes/400x86x50/zig-zag/400x86x50-zig-zag-03.webp,3,400x86x50 Zig-Zag Rubber Track alternate angle
400x86x50-rubber-track-zig-zag,https://tcykyktvdlsbscrsbjyt.supabase.co/storage/v1/object/public/catalog-images/sizes/400x86x50/zig-zag/400x86x50-zig-zag-04.webp,4,400x86x50 Zig-Zag Rubber Track steel cord / inside drive lugs
400x86x52-rubber-track-c-block,https://tcykyktvdlsbscrsbjyt.supabase.co/storage/v1/object/public/catalog-images/sizes/400x86x52/c-block/400x86x52-c-block-01.webp,1,400x86x52 C-Block Rubber Track
400x86x52-rubber-track-c-block,https://tcykyktvdlsbscrsbjyt.supabase.co/storage/v1/object/public/catalog-images/sizes/400x86x52/c-block/400x86x52-c-block-02.webp,2,400x86x52 C-Block Rubber Track tread close-up
400x86x52-rubber-track-c-block,https://tcykyktvdlsbscrsbjyt.supabase.co/storage/v1/object/public/catalog-images/sizes/400x86x52/c-block/400x86x52-c-block-03.webp,3,400x86x52 C-Block Rubber Track alternate angle
400x86x52-rubber-track-c-block,https://tcykyktvdlsbscrsbjyt.supabase.co/storage/v1/object/public/catalog-images/sizes/400x86x52/c-block/400x86x52-c-block-04.webp,4,400x86x52 C-Block Rubber Track steel cord / inside drive lugs
400x86x52-rubber-track-multi-bar,https://tcykyktvdlsbscrsbjyt.supabase.co/storage/v1/object/public/catalog-images/sizes/400x86x52/multi-bar/400x86x52-multi-bar-01.webp,1,400x86x52 Multi-Bar Rubber Track
400x86x52-rubber-track-multi-bar,https://tcykyktvdlsbscrsbjyt.supabase.co/storage/v1/object/public/catalog-images/sizes/400x86x52/multi-bar/400x86x52-multi-bar-02.webp,2,400x86x52 Multi-Bar Rubber Track tread close-up
400x86x52-rubber-track-multi-bar,https://tcykyktvdlsbscrsbjyt.supabase.co/storage/v1/object/public/catalog-images/sizes/400x86x52/multi-bar/400x86x52-multi-bar-03.webp,3,400x86x52 Multi-Bar Rubber Track alternate angle
400x86x52-rubber-track-multi-bar,https://tcykyktvdlsbscrsbjyt.supabase.co/storage/v1/object/public/catalog-images/sizes/400x86x52/multi-bar/400x86x52-multi-bar-04.webp,4,400x86x52 Multi-Bar Rubber Track steel cord / inside drive lugs
400x86x52-rubber-track-zig-zag,https://tcykyktvdlsbscrsbjyt.supabase.co/storage/v1/object/public/catalog-images/sizes/400x86x52/zig-zag/400x86x52-zig-zag-01.webp,1,400x86x52 Zig-Zag Rubber Track
400x86x52-rubber-track-zig-zag,https://tcykyktvdlsbscrsbjyt.supabase.co/storage/v1/object/public/catalog-images/sizes/400x86x52/zig-zag/400x86x52-zig-zag-02.webp,2,400x86x52 Zig-Zag Rubber Track tread close-up
400x86x52-rubber-track-zig-zag,https://tcykyktvdlsbscrsbjyt.supabase.co/storage/v1/object/public/catalog-images/sizes/400x86x52/zig-zag/400x86x52-zig-zag-03.webp,3,400x86x52 Zig-Zag Rubber Track alternate angle
400x86x52-rubber-track-zig-zag,https://tcykyktvdlsbscrsbjyt.supabase.co/storage/v1/object/public/catalog-images/sizes/400x86x52/zig-zag/400x86x52-zig-zag-04.webp,4,400x86x52 Zig-Zag Rubber Track steel cord / inside drive lugs
400x86x53-rubber-track-c-block,https://tcykyktvdlsbscrsbjyt.supabase.co/storage/v1/object/public/catalog-images/sizes/400x86x53/c-block/400x86x53-c-block-01.webp,1,400x86x53 C-Block Rubber Track
400x86x53-rubber-track-c-block,https://tcykyktvdlsbscrsbjyt.supabase.co/storage/v1/object/public/catalog-images/sizes/400x86x53/c-block/400x86x53-c-block-02.webp,2,400x86x53 C-Block Rubber Track tread close-up
400x86x53-rubber-track-c-block,https://tcykyktvdlsbscrsbjyt.supabase.co/storage/v1/object/public/catalog-images/sizes/400x86x53/c-block/400x86x53-c-block-03.webp,3,400x86x53 C-Block Rubber Track alternate angle
400x86x53-rubber-track-c-block,https://tcykyktvdlsbscrsbjyt.supabase.co/storage/v1/object/public/catalog-images/sizes/400x86x53/c-block/400x86x53-c-block-04.webp,4,400x86x53 C-Block Rubber Track steel cord / inside drive lugs
400x86x53-rubber-track-multi-bar,https://tcykyktvdlsbscrsbjyt.supabase.co/storage/v1/object/public/catalog-images/sizes/400x86x53/multi-bar/400x86x53-multi-bar-01.webp,1,400x86x53 Multi-Bar Rubber Track
400x86x53-rubber-track-multi-bar,https://tcykyktvdlsbscrsbjyt.supabase.co/storage/v1/object/public/catalog-images/sizes/400x86x53/multi-bar/400x86x53-multi-bar-02.webp,2,400x86x53 Multi-Bar Rubber Track tread close-up
400x86x53-rubber-track-multi-bar,https://tcykyktvdlsbscrsbjyt.supabase.co/storage/v1/object/public/catalog-images/sizes/400x86x53/multi-bar/400x86x53-multi-bar-03.webp,3,400x86x53 Multi-Bar Rubber Track alternate angle
400x86x53-rubber-track-multi-bar,https://tcykyktvdlsbscrsbjyt.supabase.co/storage/v1/object/public/catalog-images/sizes/400x86x53/multi-bar/400x86x53-multi-bar-04.webp,4,400x86x53 Multi-Bar Rubber Track steel cord / inside drive lugs
400x86x53-rubber-track-zig-zag,https://tcykyktvdlsbscrsbjyt.supabase.co/storage/v1/object/public/catalog-images/sizes/400x86x53/zig-zag/400x86x53-zig-zag-01.webp,1,400x86x53 Zig-Zag Rubber Track
400x86x53-rubber-track-zig-zag,https://tcykyktvdlsbscrsbjyt.supabase.co/storage/v1/object/public/catalog-images/sizes/400x86x53/zig-zag/400x86x53-zig-zag-02.webp,2,400x86x53 Zig-Zag Rubber Track tread close-up
400x86x53-rubber-track-zig-zag,https://tcykyktvdlsbscrsbjyt.supabase.co/storage/v1/object/public/catalog-images/sizes/400x86x53/zig-zag/400x86x53-zig-zag-03.webp,3,400x86x53 Zig-Zag Rubber Track alternate angle
400x86x53-rubber-track-zig-zag,https://tcykyktvdlsbscrsbjyt.supabase.co/storage/v1/object/public/catalog-images/sizes/400x86x53/zig-zag/400x86x53-zig-zag-04.webp,4,400x86x53 Zig-Zag Rubber Track steel cord / inside drive lugs
400x86x54-rubber-track-c-block,https://tcykyktvdlsbscrsbjyt.supabase.co/storage/v1/object/public/catalog-images/sizes/400x86x54/c-block/400x86x54-c-block-01.webp,1,400x86x54 C-Block Rubber Track
400x86x54-rubber-track-c-block,https://tcykyktvdlsbscrsbjyt.supabase.co/storage/v1/object/public/catalog-images/sizes/400x86x54/c-block/400x86x54-c-block-02.webp,2,400x86x54 C-Block Rubber Track tread close-up
400x86x54-rubber-track-c-block,https://tcykyktvdlsbscrsbjyt.supabase.co/storage/v1/object/public/catalog-images/sizes/400x86x54/c-block/400x86x54-c-block-03.webp,3,400x86x54 C-Block Rubber Track alternate angle
400x86x54-rubber-track-c-block,https://tcykyktvdlsbscrsbjyt.supabase.co/storage/v1/object/public/catalog-images/sizes/400x86x54/c-block/400x86x54-c-block-04.webp,4,400x86x54 C-Block Rubber Track steel cord / inside drive lugs
400x86x54-rubber-track-multi-bar,https://tcykyktvdlsbscrsbjyt.supabase.co/storage/v1/object/public/catalog-images/sizes/400x86x54/multi-bar/400x86x54-multi-bar-01.webp,1,400x86x54 Multi-Bar Rubber Track
400x86x54-rubber-track-multi-bar,https://tcykyktvdlsbscrsbjyt.supabase.co/storage/v1/object/public/catalog-images/sizes/400x86x54/multi-bar/400x86x54-multi-bar-02.webp,2,400x86x54 Multi-Bar Rubber Track tread close-up
400x86x54-rubber-track-multi-bar,https://tcykyktvdlsbscrsbjyt.supabase.co/storage/v1/object/public/catalog-images/sizes/400x86x54/multi-bar/400x86x54-multi-bar-03.webp,3,400x86x54 Multi-Bar Rubber Track alternate angle
400x86x54-rubber-track-multi-bar,https://tcykyktvdlsbscrsbjyt.supabase.co/storage/v1/object/public/catalog-images/sizes/400x86x54/multi-bar/400x86x54-multi-bar-04.webp,4,400x86x54 Multi-Bar Rubber Track steel cord / inside drive lugs
400x86x54-rubber-track-zig-zag,https://tcykyktvdlsbscrsbjyt.supabase.co/storage/v1/object/public/catalog-images/sizes/400x86x54/zig-zag/400x86x54-zig-zag-01.webp,1,400x86x54 Zig-Zag Rubber Track
400x86x54-rubber-track-zig-zag,https://tcykyktvdlsbscrsbjyt.supabase.co/storage/v1/object/public/catalog-images/sizes/400x86x54/zig-zag/400x86x54-zig-zag-02.webp,2,400x86x54 Zig-Zag Rubber Track tread close-up
400x86x54-rubber-track-zig-zag,https://tcykyktvdlsbscrsbjyt.supabase.co/storage/v1/object/public/catalog-images/sizes/400x86x54/zig-zag/400x86x54-zig-zag-03.webp,3,400x86x54 Zig-Zag Rubber Track alternate angle
400x86x54-rubber-track-zig-zag,https://tcykyktvdlsbscrsbjyt.supabase.co/storage/v1/object/public/catalog-images/sizes/400x86x54/zig-zag/400x86x54-zig-zag-04.webp,4,400x86x54 Zig-Zag Rubber Track steel cord / inside drive lugs
400x86x55-rubber-track-c-block,https://tcykyktvdlsbscrsbjyt.supabase.co/storage/v1/object/public/catalog-images/sizes/400x86x55/c-block/400x86x55-c-block-01.webp,1,400x86x55 C-Block Rubber Track
400x86x55-rubber-track-c-block,https://tcykyktvdlsbscrsbjyt.supabase.co/storage/v1/object/public/catalog-images/sizes/400x86x55/c-block/400x86x55-c-block-02.webp,2,400x86x55 C-Block Rubber Track tread close-up
400x86x55-rubber-track-c-block,https://tcykyktvdlsbscrsbjyt.supabase.co/storage/v1/object/public/catalog-images/sizes/400x86x55/c-block/400x86x55-c-block-03.webp,3,400x86x55 C-Block Rubber Track alternate angle
400x86x55-rubber-track-c-block,https://tcykyktvdlsbscrsbjyt.supabase.co/storage/v1/object/public/catalog-images/sizes/400x86x55/c-block/400x86x55-c-block-04.webp,4,400x86x55 C-Block Rubber Track steel cord / inside drive lugs
400x86x55-rubber-track-multi-bar,https://tcykyktvdlsbscrsbjyt.supabase.co/storage/v1/object/public/catalog-images/sizes/400x86x55/multi-bar/400x86x55-multi-bar-01.webp,1,400x86x55 Multi-Bar Rubber Track
400x86x55-rubber-track-multi-bar,https://tcykyktvdlsbscrsbjyt.supabase.co/storage/v1/object/public/catalog-images/sizes/400x86x55/multi-bar/400x86x55-multi-bar-02.webp,2,400x86x55 Multi-Bar Rubber Track tread close-up
400x86x55-rubber-track-multi-bar,https://tcykyktvdlsbscrsbjyt.supabase.co/storage/v1/object/public/catalog-images/sizes/400x86x55/multi-bar/400x86x55-multi-bar-03.webp,3,400x86x55 Multi-Bar Rubber Track alternate angle
400x86x55-rubber-track-multi-bar,https://tcykyktvdlsbscrsbjyt.supabase.co/storage/v1/object/public/catalog-images/sizes/400x86x55/multi-bar/400x86x55-multi-bar-04.webp,4,400x86x55 Multi-Bar Rubber Track steel cord / inside drive lugs
400x86x55-rubber-track-zig-zag,https://tcykyktvdlsbscrsbjyt.supabase.co/storage/v1/object/public/catalog-images/sizes/400x86x55/zig-zag/400x86x55-zig-zag-01.webp,1,400x86x55 Zig-Zag Rubber Track
400x86x55-rubber-track-zig-zag,https://tcykyktvdlsbscrsbjyt.supabase.co/storage/v1/object/public/catalog-images/sizes/400x86x55/zig-zag/400x86x55-zig-zag-02.webp,2,400x86x55 Zig-Zag Rubber Track tread close-up
400x86x55-rubber-track-zig-zag,https://tcykyktvdlsbscrsbjyt.supabase.co/storage/v1/object/public/catalog-images/sizes/400x86x55/zig-zag/400x86x55-zig-zag-03.webp,3,400x86x55 Zig-Zag Rubber Track alternate angle
400x86x55-rubber-track-zig-zag,https://tcykyktvdlsbscrsbjyt.supabase.co/storage/v1/object/public/catalog-images/sizes/400x86x55/zig-zag/400x86x55-zig-zag-04.webp,4,400x86x55 Zig-Zag Rubber Track steel cord / inside drive lugs
400x86x56-rubber-track-multi-bar,https://tcykyktvdlsbscrsbjyt.supabase.co/storage/v1/object/public/catalog-images/sizes/400x86x56/multi-bar/400x86x56-multi-bar-01.webp,1,400x86x56 Multi-Bar Rubber Track
400x86x56-rubber-track-multi-bar,https://tcykyktvdlsbscrsbjyt.supabase.co/storage/v1/object/public/catalog-images/sizes/400x86x56/multi-bar/400x86x56-multi-bar-02.webp,2,400x86x56 Multi-Bar Rubber Track tread close-up
400x86x56-rubber-track-multi-bar,https://tcykyktvdlsbscrsbjyt.supabase.co/storage/v1/object/public/catalog-images/sizes/400x86x56/multi-bar/400x86x56-multi-bar-03.webp,3,400x86x56 Multi-Bar Rubber Track alternate angle
400x86x56-rubber-track-multi-bar,https://tcykyktvdlsbscrsbjyt.supabase.co/storage/v1/object/public/catalog-images/sizes/400x86x56/multi-bar/400x86x56-multi-bar-04.webp,4,400x86x56 Multi-Bar Rubber Track steel cord / inside drive lugs
450x100x48-rubber-track-c-block,https://tcykyktvdlsbscrsbjyt.supabase.co/storage/v1/object/public/catalog-images/sizes/450x100x48/c-block/450x100x48-c-block-01.webp,1,450x100x48 C-Block Rubber Track
450x100x48-rubber-track-c-block,https://tcykyktvdlsbscrsbjyt.supabase.co/storage/v1/object/public/catalog-images/sizes/450x100x48/c-block/450x100x48-c-block-02.webp,2,450x100x48 C-Block Rubber Track tread close-up
450x100x48-rubber-track-c-block,https://tcykyktvdlsbscrsbjyt.supabase.co/storage/v1/object/public/catalog-images/sizes/450x100x48/c-block/450x100x48-c-block-03.webp,3,450x100x48 C-Block Rubber Track alternate angle
450x100x48-rubber-track-c-block,https://tcykyktvdlsbscrsbjyt.supabase.co/storage/v1/object/public/catalog-images/sizes/450x100x48/c-block/450x100x48-c-block-04.webp,4,450x100x48 C-Block Rubber Track steel cord / inside drive lugs
450x100x48-rubber-track-zig-zag,https://tcykyktvdlsbscrsbjyt.supabase.co/storage/v1/object/public/catalog-images/sizes/450x100x48/zig-zag/450x100x48-zig-zag-01.webp,1,450x100x48 Zig-Zag Rubber Track
450x100x48-rubber-track-zig-zag,https://tcykyktvdlsbscrsbjyt.supabase.co/storage/v1/object/public/catalog-images/sizes/450x100x48/zig-zag/450x100x48-zig-zag-02.webp,2,450x100x48 Zig-Zag Rubber Track tread close-up
450x100x48-rubber-track-zig-zag,https://tcykyktvdlsbscrsbjyt.supabase.co/storage/v1/object/public/catalog-images/sizes/450x100x48/zig-zag/450x100x48-zig-zag-03.webp,3,450x100x48 Zig-Zag Rubber Track alternate angle
450x100x48-rubber-track-zig-zag,https://tcykyktvdlsbscrsbjyt.supabase.co/storage/v1/object/public/catalog-images/sizes/450x100x48/zig-zag/450x100x48-zig-zag-04.webp,4,450x100x48 Zig-Zag Rubber Track steel cord / inside drive lugs
450x100x50-rubber-track-c-block,https://tcykyktvdlsbscrsbjyt.supabase.co/storage/v1/object/public/catalog-images/sizes/450x100x50/c-block/450x100x50-c-block-01.webp,1,450x100x50 C-Block Rubber Track
450x100x50-rubber-track-c-block,https://tcykyktvdlsbscrsbjyt.supabase.co/storage/v1/object/public/catalog-images/sizes/450x100x50/c-block/450x100x50-c-block-02.webp,2,450x100x50 C-Block Rubber Track tread close-up
450x100x50-rubber-track-c-block,https://tcykyktvdlsbscrsbjyt.supabase.co/storage/v1/object/public/catalog-images/sizes/450x100x50/c-block/450x100x50-c-block-03.webp,3,450x100x50 C-Block Rubber Track alternate angle
450x100x50-rubber-track-c-block,https://tcykyktvdlsbscrsbjyt.supabase.co/storage/v1/object/public/catalog-images/sizes/450x100x50/c-block/450x100x50-c-block-04.webp,4,450x100x50 C-Block Rubber Track steel cord / inside drive lugs
450x100x50-rubber-track-zig-zag,https://tcykyktvdlsbscrsbjyt.supabase.co/storage/v1/object/public/catalog-images/sizes/450x100x50/zig-zag/450x100x50-zig-zag-01.webp,1,450x100x50 Zig-Zag Rubber Track
450x100x50-rubber-track-zig-zag,https://tcykyktvdlsbscrsbjyt.supabase.co/storage/v1/object/public/catalog-images/sizes/450x100x50/zig-zag/450x100x50-zig-zag-02.webp,2,450x100x50 Zig-Zag Rubber Track tread close-up
450x100x50-rubber-track-zig-zag,https://tcykyktvdlsbscrsbjyt.supabase.co/storage/v1/object/public/catalog-images/sizes/450x100x50/zig-zag/450x100x50-zig-zag-03.webp,3,450x100x50 Zig-Zag Rubber Track alternate angle
450x100x50-rubber-track-zig-zag,https://tcykyktvdlsbscrsbjyt.supabase.co/storage/v1/object/public/catalog-images/sizes/450x100x50/zig-zag/450x100x50-zig-zag-04.webp,4,450x100x50 Zig-Zag Rubber Track steel cord / inside drive lugs
450x71x84-rubber-track-mx,https://tcykyktvdlsbscrsbjyt.supabase.co/storage/v1/object/public/catalog-images/sizes/450x71x84/mx/450x71x84-mx-01.webp,1,450x71x84 MX Rubber Track
450x71x84-rubber-track-mx,https://tcykyktvdlsbscrsbjyt.supabase.co/storage/v1/object/public/catalog-images/sizes/450x71x84/mx/450x71x84-mx-02.webp,2,450x71x84 MX Rubber Track tread close-up
450x71x84-rubber-track-mx,https://tcykyktvdlsbscrsbjyt.supabase.co/storage/v1/object/public/catalog-images/sizes/450x71x84/mx/450x71x84-mx-03.webp,3,450x71x84 MX Rubber Track alternate angle
450x71x84-rubber-track-mx,https://tcykyktvdlsbscrsbjyt.supabase.co/storage/v1/object/public/catalog-images/sizes/450x71x84/mx/450x71x84-mx-04.webp,4,450x71x84 MX Rubber Track steel cord / inside drive lugs
450x81.5x76-rubber-track-mx,https://tcykyktvdlsbscrsbjyt.supabase.co/storage/v1/object/public/catalog-images/sizes/450x81.5x76/mx/450x81.5x76-mx-01.webp,1,450x81.5x76 MX Rubber Track
450x81.5x76-rubber-track-mx,https://tcykyktvdlsbscrsbjyt.supabase.co/storage/v1/object/public/catalog-images/sizes/450x81.5x76/mx/450x81.5x76-mx-02.webp,2,450x81.5x76 MX Rubber Track tread close-up
450x81.5x76-rubber-track-mx,https://tcykyktvdlsbscrsbjyt.supabase.co/storage/v1/object/public/catalog-images/sizes/450x81.5x76/mx/450x81.5x76-mx-03.webp,3,450x81.5x76 MX Rubber Track alternate angle
450x81.5x76-rubber-track-mx,https://tcykyktvdlsbscrsbjyt.supabase.co/storage/v1/object/public/catalog-images/sizes/450x81.5x76/mx/450x81.5x76-mx-04.webp,4,450x81.5x76 MX Rubber Track steel cord / inside drive lugs
450x81x76-rubber-track-directional,https://tcykyktvdlsbscrsbjyt.supabase.co/storage/v1/object/public/catalog-images/sizes/450x81x76/directional/450x81x76-directional-01.webp,1,450x81x76 Directional Rubber Track
450x81x76-rubber-track-directional,https://tcykyktvdlsbscrsbjyt.supabase.co/storage/v1/object/public/catalog-images/sizes/450x81x76/directional/450x81x76-directional-02.webp,2,450x81x76 Directional Rubber Track tread close-up
450x81x76-rubber-track-directional,https://tcykyktvdlsbscrsbjyt.supabase.co/storage/v1/object/public/catalog-images/sizes/450x81x76/directional/450x81x76-directional-03.webp,3,450x81x76 Directional Rubber Track alternate angle
450x81x76-rubber-track-directional,https://tcykyktvdlsbscrsbjyt.supabase.co/storage/v1/object/public/catalog-images/sizes/450x81x76/directional/450x81x76-directional-04.webp,4,450x81x76 Directional Rubber Track steel cord / inside drive lugs
450x81x76-rubber-track-mx,https://tcykyktvdlsbscrsbjyt.supabase.co/storage/v1/object/public/catalog-images/sizes/450x81x76/mx/450x81x76-mx-01.webp,1,450x81x76 MX Rubber Track
450x81x76-rubber-track-mx,https://tcykyktvdlsbscrsbjyt.supabase.co/storage/v1/object/public/catalog-images/sizes/450x81x76/mx/450x81x76-mx-02.webp,2,450x81x76 MX Rubber Track tread close-up
450x81x76-rubber-track-mx,https://tcykyktvdlsbscrsbjyt.supabase.co/storage/v1/object/public/catalog-images/sizes/450x81x76/mx/450x81x76-mx-03.webp,3,450x81x76 MX Rubber Track alternate angle
450x81x76-rubber-track-mx,https://tcykyktvdlsbscrsbjyt.supabase.co/storage/v1/object/public/catalog-images/sizes/450x81x76/mx/450x81x76-mx-04.webp,4,450x81x76 MX Rubber Track steel cord / inside drive lugs
450x81x78-rubber-track-mx,https://tcykyktvdlsbscrsbjyt.supabase.co/storage/v1/object/public/catalog-images/sizes/450x81x78/mx/450x81x78-mx-01.webp,1,450x81x78 MX Rubber Track
450x81x78-rubber-track-mx,https://tcykyktvdlsbscrsbjyt.supabase.co/storage/v1/object/public/catalog-images/sizes/450x81x78/mx/450x81x78-mx-02.webp,2,450x81x78 MX Rubber Track tread close-up
450x81x78-rubber-track-mx,https://tcykyktvdlsbscrsbjyt.supabase.co/storage/v1/object/public/catalog-images/sizes/450x81x78/mx/450x81x78-mx-03.webp,3,450x81x78 MX Rubber Track alternate angle
450x81x78-rubber-track-mx,https://tcykyktvdlsbscrsbjyt.supabase.co/storage/v1/object/public/catalog-images/sizes/450x81x78/mx/450x81x78-mx-04.webp,4,450x81x78 MX Rubber Track steel cord / inside drive lugs
450x86x52-rubber-track-c-block,https://tcykyktvdlsbscrsbjyt.supabase.co/storage/v1/object/public/catalog-images/sizes/450x86x52/c-block/450x86x52-c-block-01.webp,1,450x86x52 C-Block Rubber Track
450x86x52-rubber-track-c-block,https://tcykyktvdlsbscrsbjyt.supabase.co/storage/v1/object/public/catalog-images/sizes/450x86x52/c-block/450x86x52-c-block-02.webp,2,450x86x52 C-Block Rubber Track tread close-up
450x86x52-rubber-track-c-block,https://tcykyktvdlsbscrsbjyt.supabase.co/storage/v1/object/public/catalog-images/sizes/450x86x52/c-block/450x86x52-c-block-03.webp,3,450x86x52 C-Block Rubber Track alternate angle
450x86x52-rubber-track-c-block,https://tcykyktvdlsbscrsbjyt.supabase.co/storage/v1/object/public/catalog-images/sizes/450x86x52/c-block/450x86x52-c-block-04.webp,4,450x86x52 C-Block Rubber Track steel cord / inside drive lugs
450x86x52-rubber-track-multi-bar,https://tcykyktvdlsbscrsbjyt.supabase.co/storage/v1/object/public/catalog-images/sizes/450x86x52/multi-bar/450x86x52-multi-bar-01.webp,1,450x86x52 Multi-Bar Rubber Track
450x86x52-rubber-track-multi-bar,https://tcykyktvdlsbscrsbjyt.supabase.co/storage/v1/object/public/catalog-images/sizes/450x86x52/multi-bar/450x86x52-multi-bar-02.webp,2,450x86x52 Multi-Bar Rubber Track tread close-up
450x86x52-rubber-track-multi-bar,https://tcykyktvdlsbscrsbjyt.supabase.co/storage/v1/object/public/catalog-images/sizes/450x86x52/multi-bar/450x86x52-multi-bar-03.webp,3,450x86x52 Multi-Bar Rubber Track alternate angle
450x86x52-rubber-track-multi-bar,https://tcykyktvdlsbscrsbjyt.supabase.co/storage/v1/object/public/catalog-images/sizes/450x86x52/multi-bar/450x86x52-multi-bar-04.webp,4,450x86x52 Multi-Bar Rubber Track steel cord / inside drive lugs
450x86x52-rubber-track-zig-zag,https://tcykyktvdlsbscrsbjyt.supabase.co/storage/v1/object/public/catalog-images/sizes/450x86x52/zig-zag/450x86x52-zig-zag-01.webp,1,450x86x52 Zig-Zag Rubber Track
450x86x52-rubber-track-zig-zag,https://tcykyktvdlsbscrsbjyt.supabase.co/storage/v1/object/public/catalog-images/sizes/450x86x52/zig-zag/450x86x52-zig-zag-02.webp,2,450x86x52 Zig-Zag Rubber Track tread close-up
450x86x52-rubber-track-zig-zag,https://tcykyktvdlsbscrsbjyt.supabase.co/storage/v1/object/public/catalog-images/sizes/450x86x52/zig-zag/450x86x52-zig-zag-03.webp,3,450x86x52 Zig-Zag Rubber Track alternate angle
450x86x52-rubber-track-zig-zag,https://tcykyktvdlsbscrsbjyt.supabase.co/storage/v1/object/public/catalog-images/sizes/450x86x52/zig-zag/450x86x52-zig-zag-04.webp,4,450x86x52 Zig-Zag Rubber Track steel cord / inside drive lugs
450x86x53-rubber-track-c-block,https://tcykyktvdlsbscrsbjyt.supabase.co/storage/v1/object/public/catalog-images/sizes/450x86x53/c-block/450x86x53-c-block-01.webp,1,450x86x53 C-Block Rubber Track
450x86x53-rubber-track-c-block,https://tcykyktvdlsbscrsbjyt.supabase.co/storage/v1/object/public/catalog-images/sizes/450x86x53/c-block/450x86x53-c-block-02.webp,2,450x86x53 C-Block Rubber Track tread close-up
450x86x53-rubber-track-c-block,https://tcykyktvdlsbscrsbjyt.supabase.co/storage/v1/object/public/catalog-images/sizes/450x86x53/c-block/450x86x53-c-block-03.webp,3,450x86x53 C-Block Rubber Track alternate angle
450x86x53-rubber-track-c-block,https://tcykyktvdlsbscrsbjyt.supabase.co/storage/v1/object/public/catalog-images/sizes/450x86x53/c-block/450x86x53-c-block-04.webp,4,450x86x53 C-Block Rubber Track steel cord / inside drive lugs
450x86x53-rubber-track-multi-bar,https://tcykyktvdlsbscrsbjyt.supabase.co/storage/v1/object/public/catalog-images/sizes/450x86x53/multi-bar/450x86x53-multi-bar-01.webp,1,450x86x53 Multi-Bar Rubber Track
450x86x53-rubber-track-multi-bar,https://tcykyktvdlsbscrsbjyt.supabase.co/storage/v1/object/public/catalog-images/sizes/450x86x53/multi-bar/450x86x53-multi-bar-02.webp,2,450x86x53 Multi-Bar Rubber Track tread close-up
450x86x53-rubber-track-multi-bar,https://tcykyktvdlsbscrsbjyt.supabase.co/storage/v1/object/public/catalog-images/sizes/450x86x53/multi-bar/450x86x53-multi-bar-03.webp,3,450x86x53 Multi-Bar Rubber Track alternate angle
450x86x53-rubber-track-multi-bar,https://tcykyktvdlsbscrsbjyt.supabase.co/storage/v1/object/public/catalog-images/sizes/450x86x53/multi-bar/450x86x53-multi-bar-04.webp,4,450x86x53 Multi-Bar Rubber Track steel cord / inside drive lugs
450x86x53-rubber-track-zig-zag,https://tcykyktvdlsbscrsbjyt.supabase.co/storage/v1/object/public/catalog-images/sizes/450x86x53/zig-zag/450x86x53-zig-zag-01.webp,1,450x86x53 Zig-Zag Rubber Track
450x86x53-rubber-track-zig-zag,https://tcykyktvdlsbscrsbjyt.supabase.co/storage/v1/object/public/catalog-images/sizes/450x86x53/zig-zag/450x86x53-zig-zag-02.webp,2,450x86x53 Zig-Zag Rubber Track tread close-up
450x86x53-rubber-track-zig-zag,https://tcykyktvdlsbscrsbjyt.supabase.co/storage/v1/object/public/catalog-images/sizes/450x86x53/zig-zag/450x86x53-zig-zag-03.webp,3,450x86x53 Zig-Zag Rubber Track alternate angle
450x86x53-rubber-track-zig-zag,https://tcykyktvdlsbscrsbjyt.supabase.co/storage/v1/object/public/catalog-images/sizes/450x86x53/zig-zag/450x86x53-zig-zag-04.webp,4,450x86x53 Zig-Zag Rubber Track steel cord / inside drive lugs
450x86x55-rubber-track-c-block,https://tcykyktvdlsbscrsbjyt.supabase.co/storage/v1/object/public/catalog-images/sizes/450x86x55/c-block/450x86x55-c-block-01.webp,1,450x86x55 C-Block Rubber Track
450x86x55-rubber-track-c-block,https://tcykyktvdlsbscrsbjyt.supabase.co/storage/v1/object/public/catalog-images/sizes/450x86x55/c-block/450x86x55-c-block-02.webp,2,450x86x55 C-Block Rubber Track tread close-up
450x86x55-rubber-track-c-block,https://tcykyktvdlsbscrsbjyt.supabase.co/storage/v1/object/public/catalog-images/sizes/450x86x55/c-block/450x86x55-c-block-03.webp,3,450x86x55 C-Block Rubber Track alternate angle
450x86x55-rubber-track-c-block,https://tcykyktvdlsbscrsbjyt.supabase.co/storage/v1/object/public/catalog-images/sizes/450x86x55/c-block/450x86x55-c-block-04.webp,4,450x86x55 C-Block Rubber Track steel cord / inside drive lugs
450x86x55-rubber-track-zig-zag,https://tcykyktvdlsbscrsbjyt.supabase.co/storage/v1/object/public/catalog-images/sizes/450x86x55/zig-zag/450x86x55-zig-zag-01.webp,1,450x86x55 Zig-Zag Rubber Track
450x86x55-rubber-track-zig-zag,https://tcykyktvdlsbscrsbjyt.supabase.co/storage/v1/object/public/catalog-images/sizes/450x86x55/zig-zag/450x86x55-zig-zag-02.webp,2,450x86x55 Zig-Zag Rubber Track tread close-up
450x86x55-rubber-track-zig-zag,https://tcykyktvdlsbscrsbjyt.supabase.co/storage/v1/object/public/catalog-images/sizes/450x86x55/zig-zag/450x86x55-zig-zag-03.webp,3,450x86x55 Zig-Zag Rubber Track alternate angle
450x86x55-rubber-track-zig-zag,https://tcykyktvdlsbscrsbjyt.supabase.co/storage/v1/object/public/catalog-images/sizes/450x86x55/zig-zag/450x86x55-zig-zag-04.webp,4,450x86x55 Zig-Zag Rubber Track steel cord / inside drive lugs
450x86x56-rubber-track-c-block,https://tcykyktvdlsbscrsbjyt.supabase.co/storage/v1/object/public/catalog-images/sizes/450x86x56/c-block/450x86x56-c-block-01.webp,1,450x86x56 C-Block Rubber Track
450x86x56-rubber-track-c-block,https://tcykyktvdlsbscrsbjyt.supabase.co/storage/v1/object/public/catalog-images/sizes/450x86x56/c-block/450x86x56-c-block-02.webp,2,450x86x56 C-Block Rubber Track tread close-up
450x86x56-rubber-track-c-block,https://tcykyktvdlsbscrsbjyt.supabase.co/storage/v1/object/public/catalog-images/sizes/450x86x56/c-block/450x86x56-c-block-03.webp,3,450x86x56 C-Block Rubber Track alternate angle
450x86x56-rubber-track-c-block,https://tcykyktvdlsbscrsbjyt.supabase.co/storage/v1/object/public/catalog-images/sizes/450x86x56/c-block/450x86x56-c-block-04.webp,4,450x86x56 C-Block Rubber Track steel cord / inside drive lugs
450x86x56-rubber-track-multi-bar,https://tcykyktvdlsbscrsbjyt.supabase.co/storage/v1/object/public/catalog-images/sizes/450x86x56/multi-bar/450x86x56-multi-bar-01.webp,1,450x86x56 Multi-Bar Rubber Track
450x86x56-rubber-track-multi-bar,https://tcykyktvdlsbscrsbjyt.supabase.co/storage/v1/object/public/catalog-images/sizes/450x86x56/multi-bar/450x86x56-multi-bar-02.webp,2,450x86x56 Multi-Bar Rubber Track tread close-up
450x86x56-rubber-track-multi-bar,https://tcykyktvdlsbscrsbjyt.supabase.co/storage/v1/object/public/catalog-images/sizes/450x86x56/multi-bar/450x86x56-multi-bar-03.webp,3,450x86x56 Multi-Bar Rubber Track alternate angle
450x86x56-rubber-track-multi-bar,https://tcykyktvdlsbscrsbjyt.supabase.co/storage/v1/object/public/catalog-images/sizes/450x86x56/multi-bar/450x86x56-multi-bar-04.webp,4,450x86x56 Multi-Bar Rubber Track steel cord / inside drive lugs
450x86x56-rubber-track-zig-zag,https://tcykyktvdlsbscrsbjyt.supabase.co/storage/v1/object/public/catalog-images/sizes/450x86x56/zig-zag/450x86x56-zig-zag-01.webp,1,450x86x56 Zig-Zag Rubber Track
450x86x56-rubber-track-zig-zag,https://tcykyktvdlsbscrsbjyt.supabase.co/storage/v1/object/public/catalog-images/sizes/450x86x56/zig-zag/450x86x56-zig-zag-02.webp,2,450x86x56 Zig-Zag Rubber Track tread close-up
450x86x56-rubber-track-zig-zag,https://tcykyktvdlsbscrsbjyt.supabase.co/storage/v1/object/public/catalog-images/sizes/450x86x56/zig-zag/450x86x56-zig-zag-03.webp,3,450x86x56 Zig-Zag Rubber Track alternate angle
450x86x56-rubber-track-zig-zag,https://tcykyktvdlsbscrsbjyt.supabase.co/storage/v1/object/public/catalog-images/sizes/450x86x56/zig-zag/450x86x56-zig-zag-04.webp,4,450x86x56 Zig-Zag Rubber Track steel cord / inside drive lugs
450x86x58-rubber-track-c-block,https://tcykyktvdlsbscrsbjyt.supabase.co/storage/v1/object/public/catalog-images/sizes/450x86x58/c-block/450x86x58-c-block-01.webp,1,450x86x58 C-Block Rubber Track
450x86x58-rubber-track-c-block,https://tcykyktvdlsbscrsbjyt.supabase.co/storage/v1/object/public/catalog-images/sizes/450x86x58/c-block/450x86x58-c-block-02.webp,2,450x86x58 C-Block Rubber Track tread close-up
450x86x58-rubber-track-c-block,https://tcykyktvdlsbscrsbjyt.supabase.co/storage/v1/object/public/catalog-images/sizes/450x86x58/c-block/450x86x58-c-block-03.webp,3,450x86x58 C-Block Rubber Track alternate angle
450x86x58-rubber-track-c-block,https://tcykyktvdlsbscrsbjyt.supabase.co/storage/v1/object/public/catalog-images/sizes/450x86x58/c-block/450x86x58-c-block-04.webp,4,450x86x58 C-Block Rubber Track steel cord / inside drive lugs
450x86x58-rubber-track-multi-bar,https://tcykyktvdlsbscrsbjyt.supabase.co/storage/v1/object/public/catalog-images/sizes/450x86x58/multi-bar/450x86x58-multi-bar-01.webp,1,450x86x58 Multi-Bar Rubber Track
450x86x58-rubber-track-multi-bar,https://tcykyktvdlsbscrsbjyt.supabase.co/storage/v1/object/public/catalog-images/sizes/450x86x58/multi-bar/450x86x58-multi-bar-02.webp,2,450x86x58 Multi-Bar Rubber Track tread close-up
450x86x58-rubber-track-multi-bar,https://tcykyktvdlsbscrsbjyt.supabase.co/storage/v1/object/public/catalog-images/sizes/450x86x58/multi-bar/450x86x58-multi-bar-03.webp,3,450x86x58 Multi-Bar Rubber Track alternate angle
450x86x58-rubber-track-multi-bar,https://tcykyktvdlsbscrsbjyt.supabase.co/storage/v1/object/public/catalog-images/sizes/450x86x58/multi-bar/450x86x58-multi-bar-04.webp,4,450x86x58 Multi-Bar Rubber Track steel cord / inside drive lugs
450x86x58-rubber-track-zig-zag,https://tcykyktvdlsbscrsbjyt.supabase.co/storage/v1/object/public/catalog-images/sizes/450x86x58/zig-zag/450x86x58-zig-zag-01.webp,1,450x86x58 Zig-Zag Rubber Track
450x86x58-rubber-track-zig-zag,https://tcykyktvdlsbscrsbjyt.supabase.co/storage/v1/object/public/catalog-images/sizes/450x86x58/zig-zag/450x86x58-zig-zag-02.webp,2,450x86x58 Zig-Zag Rubber Track tread close-up
450x86x58-rubber-track-zig-zag,https://tcykyktvdlsbscrsbjyt.supabase.co/storage/v1/object/public/catalog-images/sizes/450x86x58/zig-zag/450x86x58-zig-zag-03.webp,3,450x86x58 Zig-Zag Rubber Track alternate angle
450x86x58-rubber-track-zig-zag,https://tcykyktvdlsbscrsbjyt.supabase.co/storage/v1/object/public/catalog-images/sizes/450x86x58/zig-zag/450x86x58-zig-zag-04.webp,4,450x86x58 Zig-Zag Rubber Track steel cord / inside drive lugs
450x86x60-rubber-track-all-terrain,https://tcykyktvdlsbscrsbjyt.supabase.co/storage/v1/object/public/catalog-images/sizes/450x86x60/all-terrain/450x86x60-all-terrain-01.webp,1,450x86x60 All-Terrain Rubber Track
450x86x60-rubber-track-all-terrain,https://tcykyktvdlsbscrsbjyt.supabase.co/storage/v1/object/public/catalog-images/sizes/450x86x60/all-terrain/450x86x60-all-terrain-02.webp,2,450x86x60 All-Terrain Rubber Track tread close-up
450x86x60-rubber-track-all-terrain,https://tcykyktvdlsbscrsbjyt.supabase.co/storage/v1/object/public/catalog-images/sizes/450x86x60/all-terrain/450x86x60-all-terrain-03.webp,3,450x86x60 All-Terrain Rubber Track alternate angle
450x86x60-rubber-track-all-terrain,https://tcykyktvdlsbscrsbjyt.supabase.co/storage/v1/object/public/catalog-images/sizes/450x86x60/all-terrain/450x86x60-all-terrain-04.webp,4,450x86x60 All-Terrain Rubber Track steel cord / inside drive lugs
450x86x60-rubber-track-c-block,https://tcykyktvdlsbscrsbjyt.supabase.co/storage/v1/object/public/catalog-images/sizes/450x86x60/c-block/450x86x60-c-block-01.webp,1,450x86x60 C-Block Rubber Track
450x86x60-rubber-track-c-block,https://tcykyktvdlsbscrsbjyt.supabase.co/storage/v1/object/public/catalog-images/sizes/450x86x60/c-block/450x86x60-c-block-02.webp,2,450x86x60 C-Block Rubber Track tread close-up
450x86x60-rubber-track-c-block,https://tcykyktvdlsbscrsbjyt.supabase.co/storage/v1/object/public/catalog-images/sizes/450x86x60/c-block/450x86x60-c-block-03.webp,3,450x86x60 C-Block Rubber Track alternate angle
450x86x60-rubber-track-c-block,https://tcykyktvdlsbscrsbjyt.supabase.co/storage/v1/object/public/catalog-images/sizes/450x86x60/c-block/450x86x60-c-block-04.webp,4,450x86x60 C-Block Rubber Track steel cord / inside drive lugs
450x86x60-rubber-track-multi-bar,https://tcykyktvdlsbscrsbjyt.supabase.co/storage/v1/object/public/catalog-images/sizes/450x86x60/multi-bar/450x86x60-multi-bar-01.webp,1,450x86x60 Multi-Bar Rubber Track
450x86x60-rubber-track-multi-bar,https://tcykyktvdlsbscrsbjyt.supabase.co/storage/v1/object/public/catalog-images/sizes/450x86x60/multi-bar/450x86x60-multi-bar-02.webp,2,450x86x60 Multi-Bar Rubber Track tread close-up
450x86x60-rubber-track-multi-bar,https://tcykyktvdlsbscrsbjyt.supabase.co/storage/v1/object/public/catalog-images/sizes/450x86x60/multi-bar/450x86x60-multi-bar-03.webp,3,450x86x60 Multi-Bar Rubber Track alternate angle
450x86x60-rubber-track-multi-bar,https://tcykyktvdlsbscrsbjyt.supabase.co/storage/v1/object/public/catalog-images/sizes/450x86x60/multi-bar/450x86x60-multi-bar-04.webp,4,450x86x60 Multi-Bar Rubber Track steel cord / inside drive lugs
450x86x60-rubber-track-staggered-block,https://tcykyktvdlsbscrsbjyt.supabase.co/storage/v1/object/public/catalog-images/sizes/450x86x60/staggered-block/450x86x60-staggered-block-01.webp,1,450x86x60 Staggered-Block Rubber Track
450x86x60-rubber-track-staggered-block,https://tcykyktvdlsbscrsbjyt.supabase.co/storage/v1/object/public/catalog-images/sizes/450x86x60/staggered-block/450x86x60-staggered-block-02.webp,2,450x86x60 Staggered-Block Rubber Track tread close-up
450x86x60-rubber-track-staggered-block,https://tcykyktvdlsbscrsbjyt.supabase.co/storage/v1/object/public/catalog-images/sizes/450x86x60/staggered-block/450x86x60-staggered-block-03.webp,3,450x86x60 Staggered-Block Rubber Track alternate angle
450x86x60-rubber-track-staggered-block,https://tcykyktvdlsbscrsbjyt.supabase.co/storage/v1/object/public/catalog-images/sizes/450x86x60/staggered-block/450x86x60-staggered-block-04.webp,4,450x86x60 Staggered-Block Rubber Track steel cord / inside drive lugs
450x86x60-rubber-track-x-terrain,https://tcykyktvdlsbscrsbjyt.supabase.co/storage/v1/object/public/catalog-images/sizes/450x86x60/x-terrain/450x86x60-x-terrain-01.webp,1,450x86x60 X-Terrain Rubber Track
450x86x60-rubber-track-x-terrain,https://tcykyktvdlsbscrsbjyt.supabase.co/storage/v1/object/public/catalog-images/sizes/450x86x60/x-terrain/450x86x60-x-terrain-02.webp,2,450x86x60 X-Terrain Rubber Track tread close-up
450x86x60-rubber-track-x-terrain,https://tcykyktvdlsbscrsbjyt.supabase.co/storage/v1/object/public/catalog-images/sizes/450x86x60/x-terrain/450x86x60-x-terrain-03.webp,3,450x86x60 X-Terrain Rubber Track alternate angle
450x86x60-rubber-track-x-terrain,https://tcykyktvdlsbscrsbjyt.supabase.co/storage/v1/object/public/catalog-images/sizes/450x86x60/x-terrain/450x86x60-x-terrain-04.webp,4,450x86x60 X-Terrain Rubber Track steel cord / inside drive lugs
450x86x60-rubber-track-z-max,https://tcykyktvdlsbscrsbjyt.supabase.co/storage/v1/object/public/catalog-images/sizes/450x86x60/z-max/450x86x60-z-max-01.webp,1,450x86x60 Z-Max Rubber Track
450x86x60-rubber-track-z-max,https://tcykyktvdlsbscrsbjyt.supabase.co/storage/v1/object/public/catalog-images/sizes/450x86x60/z-max/450x86x60-z-max-02.webp,2,450x86x60 Z-Max Rubber Track tread close-up
450x86x60-rubber-track-z-max,https://tcykyktvdlsbscrsbjyt.supabase.co/storage/v1/object/public/catalog-images/sizes/450x86x60/z-max/450x86x60-z-max-03.webp,3,450x86x60 Z-Max Rubber Track alternate angle
450x86x60-rubber-track-z-max,https://tcykyktvdlsbscrsbjyt.supabase.co/storage/v1/object/public/catalog-images/sizes/450x86x60/z-max/450x86x60-z-max-04.webp,4,450x86x60 Z-Max Rubber Track steel cord / inside drive lugs
450x86x60-rubber-track-zig-zag,https://tcykyktvdlsbscrsbjyt.supabase.co/storage/v1/object/public/catalog-images/sizes/450x86x60/zig-zag/450x86x60-zig-zag-01.webp,1,450x86x60 Zig-Zag Rubber Track
450x86x60-rubber-track-zig-zag,https://tcykyktvdlsbscrsbjyt.supabase.co/storage/v1/object/public/catalog-images/sizes/450x86x60/zig-zag/450x86x60-zig-zag-02.webp,2,450x86x60 Zig-Zag Rubber Track tread close-up
450x86x60-rubber-track-zig-zag,https://tcykyktvdlsbscrsbjyt.supabase.co/storage/v1/object/public/catalog-images/sizes/450x86x60/zig-zag/450x86x60-zig-zag-03.webp,3,450x86x60 Zig-Zag Rubber Track alternate angle
450x86x60-rubber-track-zig-zag,https://tcykyktvdlsbscrsbjyt.supabase.co/storage/v1/object/public/catalog-images/sizes/450x86x60/zig-zag/450x86x60-zig-zag-04.webp,4,450x86x60 Zig-Zag Rubber Track steel cord / inside drive lugs
450x86x63-rubber-track-multi-bar,https://tcykyktvdlsbscrsbjyt.supabase.co/storage/v1/object/public/catalog-images/sizes/450x86x63/multi-bar/450x86x63-multi-bar-01.webp,1,450x86x63 Multi-Bar Rubber Track
450x86x63-rubber-track-multi-bar,https://tcykyktvdlsbscrsbjyt.supabase.co/storage/v1/object/public/catalog-images/sizes/450x86x63/multi-bar/450x86x63-multi-bar-02.webp,2,450x86x63 Multi-Bar Rubber Track tread close-up
450x86x63-rubber-track-multi-bar,https://tcykyktvdlsbscrsbjyt.supabase.co/storage/v1/object/public/catalog-images/sizes/450x86x63/multi-bar/450x86x63-multi-bar-03.webp,3,450x86x63 Multi-Bar Rubber Track alternate angle
450x86x63-rubber-track-multi-bar,https://tcykyktvdlsbscrsbjyt.supabase.co/storage/v1/object/public/catalog-images/sizes/450x86x63/multi-bar/450x86x63-multi-bar-04.webp,4,450x86x63 Multi-Bar Rubber Track steel cord / inside drive lugs
457x101.6x51-rubber-track-multi-bar,https://tcykyktvdlsbscrsbjyt.supabase.co/storage/v1/object/public/catalog-images/sizes/457x101.6x51/multi-bar/457x101.6x51-multi-bar-01.webp,1,457x101.6x51 Multi-Bar Rubber Track
457x101.6x51-rubber-track-multi-bar,https://tcykyktvdlsbscrsbjyt.supabase.co/storage/v1/object/public/catalog-images/sizes/457x101.6x51/multi-bar/457x101.6x51-multi-bar-02.webp,2,457x101.6x51 Multi-Bar Rubber Track tread close-up
457x101.6x51-rubber-track-multi-bar,https://tcykyktvdlsbscrsbjyt.supabase.co/storage/v1/object/public/catalog-images/sizes/457x101.6x51/multi-bar/457x101.6x51-multi-bar-03.webp,3,457x101.6x51 Multi-Bar Rubber Track alternate angle
457x101.6x56-rubber-track-multi-bar,https://tcykyktvdlsbscrsbjyt.supabase.co/storage/v1/object/public/catalog-images/sizes/457x101.6x56/multi-bar/457x101.6x56-multi-bar-01.webp,1,457x101.6x56 Multi-Bar Rubber Track
457x101.6x56-rubber-track-multi-bar,https://tcykyktvdlsbscrsbjyt.supabase.co/storage/v1/object/public/catalog-images/sizes/457x101.6x56/multi-bar/457x101.6x56-multi-bar-02.webp,2,457x101.6x56 Multi-Bar Rubber Track tread close-up
457x101.6x56-rubber-track-multi-bar,https://tcykyktvdlsbscrsbjyt.supabase.co/storage/v1/object/public/catalog-images/sizes/457x101.6x56/multi-bar/457x101.6x56-multi-bar-03.webp,3,457x101.6x56 Multi-Bar Rubber Track alternate angle
750x150x77-rubber-track-bar,https://tcykyktvdlsbscrsbjyt.supabase.co/storage/v1/object/public/catalog-images/sizes/750x150x77/bar/750x150x77-bar-01.webp,1,750x150x77 Bar Rubber Track
750x150x77-rubber-track-bar,https://tcykyktvdlsbscrsbjyt.supabase.co/storage/v1/object/public/catalog-images/sizes/750x150x77/bar/750x150x77-bar-02.webp,2,750x150x77 Bar Rubber Track tread close-up
750x150x77-rubber-track-bar,https://tcykyktvdlsbscrsbjyt.supabase.co/storage/v1/object/public/catalog-images/sizes/750x150x77/bar/750x150x77-bar-03.webp,3,750x150x77 Bar Rubber Track alternate angle
750x150x77-rubber-track-bar,https://tcykyktvdlsbscrsbjyt.supabase.co/storage/v1/object/public/catalog-images/sizes/750x150x77/bar/750x150x77-bar-04.webp,4,750x150x77 Bar Rubber Track steel cord / inside drive lugs
800x150x77-rubber-track-bar,https://tcykyktvdlsbscrsbjyt.supabase.co/storage/v1/object/public/catalog-images/sizes/800x150x77/bar/800x150x77-bar-01.webp,1,800x150x77 Bar Rubber Track
800x150x77-rubber-track-bar,https://tcykyktvdlsbscrsbjyt.supabase.co/storage/v1/object/public/catalog-images/sizes/800x150x77/bar/800x150x77-bar-02.webp,2,800x150x77 Bar Rubber Track tread close-up
800x150x77-rubber-track-bar,https://tcykyktvdlsbscrsbjyt.supabase.co/storage/v1/object/public/catalog-images/sizes/800x150x77/bar/800x150x77-bar-03.webp,3,800x150x77 Bar Rubber Track alternate angle
800x150x77-rubber-track-bar,https://tcykyktvdlsbscrsbjyt.supabase.co/storage/v1/object/public/catalog-images/sizes/800x150x77/bar/800x150x77-bar-04.webp,4,800x150x77 Bar Rubber Track steel cord / inside drive lugs