Handle,Command,Top Row,Variant SKU,Metafield: custom.fitment_json [json]
cr03712-00100,MERGE,TRUE,CR03712-00100,"{""verified"":true,""machine_type"":""Mini Excavator"",""track_size"":"""",""fits"":[{""make"":""Takeuchi"",""model"":""TB025"",""machine_type"":"""",""track_size"":"""",""model_key"":""takeuchi-tb025""},{""make"":""Takeuchi"",""model"":""TB035"",""machine_type"":""Mini Excavator"",""track_size"":"""",""model_key"":""takeuchi-tb035""},{""make"":""Takeuchi"",""model"":""TB125"",""machine_type"":""Mini Excavator"",""track_size"":"""",""model_key"":""takeuchi-tb125""},{""make"":""Takeuchi"",""model"":""TB135"",""machine_type"":""Mini Excavator"",""track_size"":"""",""model_key"":""takeuchi-tb135""},{""make"":""Takeuchi"",""model"":""TB138FR"",""machine_type"":""Mini Excavator"",""track_size"":"""",""model_key"":""takeuchi-tb138fr""},{""make"":""Takeuchi"",""model"":""TB225"",""machine_type"":""Mini Excavator"",""track_size"":"""",""model_key"":""takeuchi-tb225""},{""make"":""Takeuchi"",""model"":""TB228"",""machine_type"":""Mini Excavator"",""track_size"":"""",""model_key"":""takeuchi-tb228""},{""make"":""Takeuchi"",""model"":""TB230"",""machine_type"":""Mini Excavator"",""track_size"":"""",""model_key"":""takeuchi-tb230""},{""make"":""Takeuchi"",""model"":""TB235"",""machine_type"":""Mini Excavator"",""track_size"":"""",""model_key"":""takeuchi-tb235""},{""make"":""Takeuchi"",""model"":""TB240"",""machine_type"":""Mini Excavator"",""track_size"":"""",""model_key"":""takeuchi-tb240""}],""display_text"":""Fits select Takeuchi and other mini excavator.""}"
cr03912-00100,MERGE,TRUE,CR03912-00100,"{""verified"":true,""machine_type"":""Mini Excavator"",""track_size"":"""",""fits"":[{""make"":""Takeuchi"",""model"":""TB045"",""machine_type"":""Mini Excavator"",""track_size"":"""",""model_key"":""takeuchi-tb045""},{""make"":""Takeuchi"",""model"":""TB145"",""machine_type"":""Mini Excavator"",""track_size"":"""",""model_key"":""takeuchi-tb145""},{""make"":""Takeuchi"",""model"":""TB153FR"",""machine_type"":""Mini Excavator"",""track_size"":"""",""model_key"":""takeuchi-tb153fr""},{""make"":""Takeuchi"",""model"":""TB250"",""machine_type"":""Mini Excavator"",""track_size"":"""",""model_key"":""takeuchi-tb250""},{""make"":""Takeuchi"",""model"":""TB53FR"",""machine_type"":""Mini Excavator"",""track_size"":"""",""model_key"":""takeuchi-tb53fr""}],""display_text"":""Fits select Takeuchi and other mini excavator.""}"
cr05612-04080,MERGE,TRUE,CR05612-04080,"{""verified"":true,""machine_type"":""Mini Excavator"",""track_size"":"""",""fits"":[{""make"":""Takeuchi"",""model"":""TB175"",""machine_type"":""Mini Excavator"",""track_size"":"""",""model_key"":""takeuchi-tb175""},{""make"":""Takeuchi"",""model"":""TB180FR"",""machine_type"":""Mini Excavator"",""track_size"":"""",""model_key"":""takeuchi-tb180fr""}],""display_text"":""Fits select Takeuchi and other mini excavator.""}"
cr1180-9221,MERGE,TRUE,CR1180-9221,"{""verified"":true,""machine_type"":""Mini Excavator"",""track_size"":"""",""fits"":[{""make"":""Hitachi"",""model"":""ZX40U 2"",""machine_type"":"""",""track_size"":"""",""model_key"":""hitachi-zx40u-2""},{""make"":""Hitachi"",""model"":""ZX50U"",""machine_type"":"""",""track_size"":"""",""model_key"":""hitachi-zx50u""},{""make"":""Hitachi"",""model"":""ZX50U 2"",""machine_type"":"""",""track_size"":"""",""model_key"":""hitachi-zx50u-2""},{""make"":""Volvo"",""model"":""EC27C"",""machine_type"":""Mini Excavator"",""track_size"":"""",""model_key"":""volvo-ec27c""},{""make"":""Volvo"",""model"":""EC27D"",""machine_type"":""Mini Excavator"",""track_size"":"""",""model_key"":""volvo-ec27d""},{""make"":""Volvo"",""model"":""EC35"",""machine_type"":""Mini Excavator"",""track_size"":"""",""model_key"":""volvo-ec35""},{""make"":""Volvo"",""model"":""EC35C"",""machine_type"":""Mini Excavator"",""track_size"":"""",""model_key"":""volvo-ec35c""},{""make"":""Volvo"",""model"":""EC35D"",""machine_type"":""Mini Excavator"",""track_size"":"""",""model_key"":""volvo-ec35d""},{""make"":""Volvo"",""model"":""ECR28"",""machine_type"":""Mini Excavator"",""track_size"":"""",""model_key"":""volvo-ecr28""},{""make"":""Volvo"",""model"":""ECR38"",""machine_type"":""Mini Excavator"",""track_size"":"""",""model_key"":""volvo-ecr38""}],""display_text"":""Fits select Hitachi, and Volvo and other mini excavator.""}"
cr1181-00430,MERGE,TRUE,CR1181-00430,"{""verified"":true,""machine_type"":""Mini Excavator"",""track_size"":"""",""fits"":[{""make"":""Volvo"",""model"":""EC55"",""machine_type"":""Mini Excavator"",""track_size"":"""",""model_key"":""volvo-ec55""},{""make"":""Volvo"",""model"":""EC55B"",""machine_type"":""Mini Excavator"",""track_size"":"""",""model_key"":""volvo-ec55b""},{""make"":""Volvo"",""model"":""ECR58"",""machine_type"":""Mini Excavator"",""track_size"":"""",""model_key"":""volvo-ecr58""}],""display_text"":""Fits select Volvo and other mini excavator.""}"
cr146-6064,MERGE,TRUE,CR146-6064,"{""verified"":true,""machine_type"":""Mini Excavator"",""track_size"":"""",""fits"":[{""make"":""CAT"",""model"":""302.5"",""machine_type"":""Mini Excavator"",""track_size"":"""",""model_key"":""cat-302-5""},{""make"":""CAT"",""model"":""302.5C"",""machine_type"":""Mini Excavator"",""track_size"":"""",""model_key"":""cat-302-5c""},{""make"":""CAT"",""model"":""303.5"",""machine_type"":""Mini Excavator"",""track_size"":"""",""model_key"":""cat-303-5""}],""display_text"":""Fits select CAT and other mini excavator.""}"
cr193-7070,MERGE,TRUE,CR193-7070,"{""verified"":true,""machine_type"":""Mini Excavator"",""track_size"":"""",""fits"":[{""make"":""CAT"",""model"":""303CR"",""machine_type"":""Mini Excavator"",""track_size"":"""",""model_key"":""cat-303cr""}],""display_text"":""Fits select CAT and other mini excavator.""}"
cr20t-30-00050,MERGE,TRUE,CR20T-30-00050,"{""verified"":true,""machine_type"":""Mini Excavator"",""track_size"":"""",""fits"":[{""make"":""Komatsu"",""model"":""PC25 1"",""machine_type"":"""",""track_size"":"""",""model_key"":""komatsu-pc25-1""},{""make"":""Komatsu"",""model"":""PC78MR-6"",""machine_type"":""Mini Excavator"",""track_size"":"""",""model_key"":""komatsu-pc78mr-6""}],""display_text"":""Fits select Komatsu and other mini excavator.""}"
cr20t-30-00060,MERGE,TRUE,CR20T-30-00060,"{""verified"":true,""machine_type"":"""",""track_size"":"""",""fits"":[{""make"":""Komatsu"",""model"":""PC25 1"",""machine_type"":"""",""track_size"":"""",""model_key"":""komatsu-pc25-1""},{""make"":""Komatsu"",""model"":""PC30 7"",""machine_type"":"""",""track_size"":"""",""model_key"":""komatsu-pc30-7""}],""display_text"":""Fits select Komatsu and other machines.""}"
cr265-7675,MERGE,TRUE,CR265-7675,"{""verified"":true,""machine_type"":""Mini Excavator"",""track_size"":"""",""fits"":[{""make"":""CAT"",""model"":""304C CR"",""machine_type"":""Mini Excavator"",""track_size"":"""",""model_key"":""cat-304c-cr""},{""make"":""CAT"",""model"":""305.5D CR"",""machine_type"":""Mini Excavator"",""track_size"":"""",""model_key"":""cat-305-5d-cr""},{""make"":""CAT"",""model"":""305.5E CR"",""machine_type"":""Mini Excavator"",""track_size"":"""",""model_key"":""cat-305-5e-cr""},{""make"":""CAT"",""model"":""305.5E2 CR"",""machine_type"":""Mini Excavator"",""track_size"":"""",""model_key"":""cat-305-5e2-cr""},{""make"":""CAT"",""model"":""305C CR"",""machine_type"":""Mini Excavator"",""track_size"":"""",""model_key"":""cat-305c-cr""},{""make"":""CAT"",""model"":""305DCR"",""machine_type"":""Mini Excavator"",""track_size"":"""",""model_key"":""cat-305dcr""},{""make"":""CAT"",""model"":""305E CR"",""machine_type"":""Mini Excavator"",""track_size"":"""",""model_key"":""cat-305e-cr""}],""display_text"":""Fits select CAT and other mini excavator.""}"
cr266-8794,MERGE,TRUE,CR266-8794,"{""verified"":true,""machine_type"":""Mini Excavator"",""track_size"":"""",""fits"":[{""make"":""CAT"",""model"":""303 5CCR"",""machine_type"":"""",""track_size"":"""",""model_key"":""cat-303-5ccr""},{""make"":""CAT"",""model"":""303.5 CR"",""machine_type"":""Mini Excavator"",""track_size"":"""",""model_key"":""cat-303-5-cr""},{""make"":""CAT"",""model"":""303.5D CR"",""machine_type"":""Mini Excavator"",""track_size"":"""",""model_key"":""cat-303-5d-cr""},{""make"":""CAT"",""model"":""303.5E CR"",""machine_type"":""Mini Excavator"",""track_size"":"""",""model_key"":""cat-303-5e-cr""},{""make"":""CAT"",""model"":""303C CR"",""machine_type"":""Mini Excavator"",""track_size"":"""",""model_key"":""cat-303c-cr""},{""make"":""CAT"",""model"":""303ECR"",""machine_type"":"""",""track_size"":"""",""model_key"":""cat-303ecr""},{""make"":""CAT"",""model"":""304D CR"",""machine_type"":""Mini Excavator"",""track_size"":"""",""model_key"":""cat-304d-cr""},{""make"":""CAT"",""model"":""304E CR"",""machine_type"":""Mini Excavator"",""track_size"":"""",""model_key"":""cat-304e-cr""}],""display_text"":""Fits select CAT and other mini excavator.""}"
cr277-8576,MERGE,TRUE,CR277-8576,"{""verified"":true,""machine_type"":""Mini Excavator"",""track_size"":"""",""fits"":[{""make"":""CAT"",""model"":""304"",""machine_type"":"""",""track_size"":"""",""model_key"":""cat-304""},{""make"":""CAT"",""model"":""304CR"",""machine_type"":""Mini Excavator"",""track_size"":"""",""model_key"":""cat-304cr""},{""make"":""CAT"",""model"":""306CR"",""machine_type"":""Mini Excavator"",""track_size"":"""",""model_key"":""cat-306cr""},{""make"":""CAT"",""model"":""307"",""machine_type"":""Mini Excavator"",""track_size"":"""",""model_key"":""cat-307""},{""make"":""CAT"",""model"":""308"",""machine_type"":""Mini Excavator"",""track_size"":"""",""model_key"":""cat-308""},{""make"":""CAT"",""model"":""308 CR"",""machine_type"":""Mini Excavator"",""track_size"":"""",""model_key"":""cat-308-cr""},{""make"":""CAT"",""model"":""308C SR"",""machine_type"":""Mini Excavator"",""track_size"":"""",""model_key"":""cat-308c-sr""},{""make"":""CAT"",""model"":""308E2 CR"",""machine_type"":""Mini Excavator"",""track_size"":"""",""model_key"":""cat-308e2-cr""}],""display_text"":""Fits select CAT and other mini excavator.""}"
cr4392416,MERGE,TRUE,CR4392416,"{""verified"":true,""machine_type"":""Mini Excavator"",""track_size"":"""",""fits"":[{""make"":""Hitachi"",""model"":""EX35 1"",""machine_type"":"""",""track_size"":"""",""model_key"":""hitachi-ex35-1""},{""make"":""Hitachi"",""model"":""EX50U"",""machine_type"":"""",""track_size"":"""",""model_key"":""hitachi-ex50u""},{""make"":""Hitachi"",""model"":""EX58MU"",""machine_type"":"""",""track_size"":"""",""model_key"":""hitachi-ex58mu""},{""make"":""Hitachi"",""model"":""ZX35U"",""machine_type"":"""",""track_size"":"""",""model_key"":""hitachi-zx35u""},{""make"":""Hitachi"",""model"":""ZX50U"",""machine_type"":"""",""track_size"":"""",""model_key"":""hitachi-zx50u""},{""make"":""John Deere"",""model"":""35ZTS"",""machine_type"":""Mini Excavator"",""track_size"":"""",""model_key"":""john-deere-35zts""},{""make"":""John Deere"",""model"":""50ZTS"",""machine_type"":"""",""track_size"":"""",""model_key"":""john-deere-50zts""},{""make"":""John Deere"",""model"":""60D"",""machine_type"":""Mini Excavator"",""track_size"":"""",""model_key"":""john-deere-60d""},{""make"":""John Deere"",""model"":""60G"",""machine_type"":""Mini Excavator"",""track_size"":"""",""model_key"":""john-deere-60g""},{""make"":""Kubota"",""model"":""KX121-3S"",""machine_type"":"""",""track_size"":"""",""model_key"":""kubota-kx121-3s""},{""make"":""Kubota"",""model"":""KX161-3"",""machine_type"":""Mini Excavator"",""track_size"":"""",""model_key"":""kubota-kx161-3""},{""make"":""Kubota"",""model"":""U-45-3"",""machine_type"":""Mini Excavator"",""track_size"":"""",""model_key"":""kubota-u-45-3""},{""make"":""Kubota"",""model"":""U45S"",""machine_type"":"""",""track_size"":"""",""model_key"":""kubota-u45s""},{""make"":""Kubota"",""model"":""U48-5"",""machine_type"":""Mini Excavator"",""track_size"":"""",""model_key"":""kubota-u48-5""}],""display_text"":""Fits select Hitachi, John Deere, and Kubota and other mini excavator.""}"
cr4718355,MERGE,TRUE,CR4718355,"{""verified"":true,""machine_type"":""Mini Excavator"",""track_size"":"""",""fits"":[{""make"":""Hitachi"",""model"":""ZX27U 3"",""machine_type"":"""",""track_size"":"""",""model_key"":""hitachi-zx27u-3""},{""make"":""Hitachi"",""model"":""ZX35U-5"",""machine_type"":""Mini Excavator"",""track_size"":"""",""model_key"":""hitachi-zx35u-5""},{""make"":""Hitachi"",""model"":""ZX50U 3"",""machine_type"":"""",""track_size"":"""",""model_key"":""hitachi-zx50u-3""},{""make"":""Hitachi"",""model"":""ZX50U-5"",""machine_type"":""Mini Excavator"",""track_size"":"""",""model_key"":""hitachi-zx50u-5""},{""make"":""John Deere"",""model"":""26G"",""machine_type"":""Mini Excavator"",""track_size"":"""",""model_key"":""john-deere-26g""},{""make"":""John Deere"",""model"":""27D"",""machine_type"":""Mini Excavator"",""track_size"":"""",""model_key"":""john-deere-27d""},{""make"":""John Deere"",""model"":""30G"",""machine_type"":""Mini Excavator"",""track_size"":"""",""model_key"":""john-deere-30g""},{""make"":""John Deere"",""model"":""35D"",""machine_type"":""Mini Excavator"",""track_size"":"""",""model_key"":""john-deere-35d""},{""make"":""John Deere"",""model"":""35G"",""machine_type"":""Mini Excavator"",""track_size"":"""",""model_key"":""john-deere-35g""},{""make"":""John Deere"",""model"":""50D"",""machine_type"":""Mini Excavator"",""track_size"":"""",""model_key"":""john-deere-50d""},{""make"":""John Deere"",""model"":""50G"",""machine_type"":""Mini Excavator"",""track_size"":"""",""model_key"":""john-deere-50g""}],""display_text"":""Fits select Hitachi, and John Deere and other mini excavator.""}"
cr7012275,MERGE,TRUE,CR7012275,"{""verified"":true,""machine_type"":""Mini Excavator"",""track_size"":"""",""fits"":[{""make"":""Bobcat"",""model"":""E80"",""machine_type"":""Mini Excavator"",""track_size"":"""",""model_key"":""bobcat-e80""}],""display_text"":""Fits select Bobcat and other mini excavator.""}"
cr7020867,MERGE,TRUE,CR7020867,"{""verified"":true,""machine_type"":""Mini Excavator"",""track_size"":"""",""fits"":[{""make"":""Bobcat"",""model"":""E32"",""machine_type"":""Mini Excavator"",""track_size"":"""",""model_key"":""bobcat-e32""},{""make"":""Bobcat"",""model"":""E35"",""machine_type"":""Mini Excavator"",""track_size"":"""",""model_key"":""bobcat-e35""},{""make"":""Bobcat"",""model"":""E35i"",""machine_type"":""Mini Excavator"",""track_size"":"""",""model_key"":""bobcat-e35i""},{""make"":""Bobcat"",""model"":""E42"",""machine_type"":""Mini Excavator"",""track_size"":"""",""model_key"":""bobcat-e42""},{""make"":""Bobcat"",""model"":""E45"",""machine_type"":""Mini Excavator"",""track_size"":"""",""model_key"":""bobcat-e45""},{""make"":""Bobcat"",""model"":""E50"",""machine_type"":""Mini Excavator"",""track_size"":"""",""model_key"":""bobcat-e50""},{""make"":""Bobcat"",""model"":""E55"",""machine_type"":""Mini Excavator"",""track_size"":"""",""model_key"":""bobcat-e55""},{""make"":""Doosan"",""model"":""DX35 5"",""machine_type"":"""",""track_size"":"""",""model_key"":""doosan-dx35-5""}],""display_text"":""Fits select Bobcat, and Doosan and other mini excavator.""}"
cr7257873,MERGE,TRUE,CR7257873,"{""verified"":true,""machine_type"":""Mini Excavator"",""track_size"":"""",""fits"":[{""make"":""Bobcat"",""model"":""E26"",""machine_type"":""Mini Excavator"",""track_size"":"""",""model_key"":""bobcat-e26""},{""make"":""Volvo"",""model"":""EC25"",""machine_type"":""Mini Excavator"",""track_size"":"""",""model_key"":""volvo-ec25""},{""make"":""Volvo"",""model"":""EC27C"",""machine_type"":""Mini Excavator"",""track_size"":"""",""model_key"":""volvo-ec27c""},{""make"":""Volvo"",""model"":""EC30"",""machine_type"":""Mini Excavator"",""track_size"":"""",""model_key"":""volvo-ec30""},{""make"":""Volvo"",""model"":""EC35"",""machine_type"":""Mini Excavator"",""track_size"":"""",""model_key"":""volvo-ec35""}],""display_text"":""Fits select Bobcat, and Volvo and other mini excavator.""}"
cr9237948,MERGE,TRUE,CR9237948,"{""verified"":true,""machine_type"":""Mini Excavator"",""track_size"":"""",""fits"":[{""make"":""Hitachi"",""model"":""ZX27U 3"",""machine_type"":"""",""track_size"":"""",""model_key"":""hitachi-zx27u-3""},{""make"":""John Deere"",""model"":""27D"",""machine_type"":""Mini Excavator"",""track_size"":"""",""model_key"":""john-deere-27d""},{""make"":""John Deere"",""model"":""35D"",""machine_type"":""Mini Excavator"",""track_size"":"""",""model_key"":""john-deere-35d""},{""make"":""Komatsu"",""model"":""PC27MR 2"",""machine_type"":"""",""track_size"":"""",""model_key"":""komatsu-pc27mr-2""},{""make"":""Komatsu"",""model"":""PC27MR-3"",""machine_type"":""Mini Excavator"",""track_size"":"""",""model_key"":""komatsu-pc27mr-3""},{""make"":""Komatsu"",""model"":""PC30MR-3"",""machine_type"":""Mini Excavator"",""track_size"":"""",""model_key"":""komatsu-pc30mr-3""},{""make"":""Komatsu"",""model"":""PC35MR-2"",""machine_type"":""Mini Excavator"",""track_size"":"""",""model_key"":""komatsu-pc35mr-2""},{""make"":""Komatsu"",""model"":""PC35MR-3"",""machine_type"":""Mini Excavator"",""track_size"":"""",""model_key"":""komatsu-pc35mr-3""}],""display_text"":""Fits select Hitachi, John Deere, and Komatsu and other mini excavator.""}"
cr9239529,MERGE,TRUE,CR9239529,"{""verified"":true,""machine_type"":""Mini Excavator"",""track_size"":"""",""fits"":[{""make"":""Hitachi"",""model"":""ZX40U 2"",""machine_type"":"""",""track_size"":"""",""model_key"":""hitachi-zx40u-2""},{""make"":""Hitachi"",""model"":""ZX50U 2"",""machine_type"":"""",""track_size"":"""",""model_key"":""hitachi-zx50u-2""},{""make"":""Hitachi"",""model"":""ZX50U 3"",""machine_type"":"""",""track_size"":"""",""model_key"":""hitachi-zx50u-3""},{""make"":""John Deere"",""model"":""50D"",""machine_type"":""Mini Excavator"",""track_size"":"""",""model_key"":""john-deere-50d""},{""make"":""Komatsu"",""model"":""PC30"",""machine_type"":"""",""track_size"":"""",""model_key"":""komatsu-pc30""},{""make"":""Komatsu"",""model"":""PC30R 8"",""machine_type"":"""",""track_size"":"""",""model_key"":""komatsu-pc30r-8""},{""make"":""Komatsu"",""model"":""PC35MR-1"",""machine_type"":""Mini Excavator"",""track_size"":"""",""model_key"":""komatsu-pc35mr-1""},{""make"":""Komatsu"",""model"":""PC35R 8"",""machine_type"":"""",""track_size"":"""",""model_key"":""komatsu-pc35r-8""},{""make"":""Komatsu"",""model"":""PC45MR-1"",""machine_type"":""Mini Excavator"",""track_size"":"""",""model_key"":""komatsu-pc45mr-1""},{""make"":""Komatsu"",""model"":""PC45MR-3"",""machine_type"":""Mini Excavator"",""track_size"":"""",""model_key"":""komatsu-pc45mr-3""},{""make"":""Komatsu"",""model"":""PC50MR 2"",""machine_type"":"""",""track_size"":"""",""model_key"":""komatsu-pc50mr-2""},{""make"":""Komatsu"",""model"":""PC55MR-3"",""machine_type"":""Mini Excavator"",""track_size"":"""",""model_key"":""komatsu-pc55mr-3""}],""display_text"":""Fits select Hitachi, John Deere, and Komatsu and other mini excavator.""}"
crkm2794,MERGE,TRUE,CRKM2794,"{""verified"":false,""machine_type"":"""",""track_size"":"""",""fits"":[{""make"":""Komatsu"",""model"":""PC128-1"",""machine_type"":"""",""track_size"":"""",""model_key"":""komatsu-pc128-1""},{""make"":""Komatsu"",""model"":""PC60-6"",""machine_type"":"""",""track_size"":"""",""model_key"":""komatsu-pc60-6""},{""make"":""Komatsu"",""model"":""PC70-6"",""machine_type"":"""",""track_size"":"""",""model_key"":""komatsu-pc70-6""},{""make"":""Komatsu"",""model"":""PC75-1"",""machine_type"":"""",""track_size"":"""",""model_key"":""komatsu-pc75-1""},{""make"":""Komatsu"",""model"":""PC75UU"",""machine_type"":"""",""track_size"":"""",""model_key"":""komatsu-pc75uu""}],""display_text"":""Fits select Komatsu and other machines.""}"
crlk327,MERGE,TRUE,CRLK327,"{""verified"":true,""machine_type"":""Mini Excavator"",""track_size"":"""",""fits"":[{""make"":""John Deere"",""model"":""75G"",""machine_type"":""Mini Excavator"",""track_size"":"""",""model_key"":""john-deere-75g""},{""make"":""John Deere"",""model"":""75P"",""machine_type"":"""",""track_size"":"""",""model_key"":""john-deere-75p""},{""make"":""John Deere"",""model"":""85G"",""machine_type"":""Mini Excavator"",""track_size"":"""",""model_key"":""john-deere-85g""},{""make"":""John Deere"",""model"":""85P"",""machine_type"":"""",""track_size"":"""",""model_key"":""john-deere-85p""}],""display_text"":""Fits select John Deere and other mini excavator.""}"
crps64d01001f1,MERGE,TRUE,CRPS64D01001F1,"{""verified"":true,""machine_type"":""Mini Excavator"",""track_size"":"""",""fits"":[{""make"":""Case"",""model"":""CX55B"",""machine_type"":""Mini Excavator"",""track_size"":"""",""model_key"":""case-cx55b""},{""make"":""New Holland"",""model"":""E55BX"",""machine_type"":"""",""track_size"":"""",""model_key"":""new-holland-e55bx""}],""display_text"":""Fits select Case, and New Holland and other mini excavator.""}"
crpv64d00001f1,MERGE,TRUE,CRPV64D00001F1,"{""verified"":true,""machine_type"":""Mini Excavator"",""track_size"":"""",""fits"":[{""make"":""Case"",""model"":""CK28"",""machine_type"":"""",""track_size"":"""",""model_key"":""case-ck28""},{""make"":""Case"",""model"":""CX27B"",""machine_type"":""Mini Excavator"",""track_size"":"""",""model_key"":""case-cx27b""},{""make"":""Case"",""model"":""CX31"",""machine_type"":""Mini Excavator"",""track_size"":"""",""model_key"":""case-cx31""},{""make"":""Case"",""model"":""CX31B"",""machine_type"":""Mini Excavator"",""track_size"":"""",""model_key"":""case-cx31b""},{""make"":""Case"",""model"":""CX35"",""machine_type"":""Mini Excavator"",""track_size"":"""",""model_key"":""case-cx35""},{""make"":""Case"",""model"":""CX36B"",""machine_type"":""Mini Excavator"",""track_size"":"""",""model_key"":""case-cx36b""},{""make"":""New Holland"",""model"":""E 35SR"",""machine_type"":""Mini Excavator"",""track_size"":"""",""model_key"":""new-holland-e-35sr""},{""make"":""New Holland"",""model"":""E 40SR"",""machine_type"":""Mini Excavator"",""track_size"":"""",""model_key"":""new-holland-e-40sr""}],""display_text"":""Fits select Case, and New Holland and other mini excavator.""}"
crpw64d01017f2,MERGE,TRUE,CRPW64D01017F2,"{""verified"":true,""machine_type"":""Mini Excavator"",""track_size"":"""",""fits"":[{""make"":""Case"",""model"":""CX36"",""machine_type"":""Mini Excavator"",""track_size"":"""",""model_key"":""case-cx36""},{""make"":""Kobelco"",""model"":""SK35SR"",""machine_type"":""Mini Excavator"",""track_size"":"""",""model_key"":""kobelco-sk35sr""},{""make"":""New Holland"",""model"":""E30C"",""machine_type"":""Mini Excavator"",""track_size"":"""",""model_key"":""new-holland-e30c""}],""display_text"":""Fits select Case, Kobelco, and New Holland and other mini excavator.""}"
crrc411-21903,MERGE,TRUE,CRRC411-21903,"{""verified"":true,""machine_type"":""Mini Excavator"",""track_size"":"""",""fits"":[{""make"":""Kubota"",""model"":""K030-3"",""machine_type"":""Mini Excavator"",""track_size"":"""",""model_key"":""kubota-k030-3""},{""make"":""Kubota"",""model"":""K035-3"",""machine_type"":""Mini Excavator"",""track_size"":"""",""model_key"":""kubota-k035-3""},{""make"":""Kubota"",""model"":""KX033-4"",""machine_type"":""Mini Excavator"",""track_size"":"""",""model_key"":""kubota-kx033-4""},{""make"":""Kubota"",""model"":""KX101-3"",""machine_type"":""Mini Excavator"",""track_size"":"""",""model_key"":""kubota-kx101-3""},{""make"":""Kubota"",""model"":""KX61-3"",""machine_type"":""Mini Excavator"",""track_size"":"""",""model_key"":""kubota-kx61-3""},{""make"":""Kubota"",""model"":""KX71 3S"",""machine_type"":"""",""track_size"":"""",""model_key"":""kubota-kx71-3s""},{""make"":""Kubota"",""model"":""KX71-3"",""machine_type"":""Mini Excavator"",""track_size"":"""",""model_key"":""kubota-kx71-3""},{""make"":""Kubota"",""model"":""KX91-3"",""machine_type"":""Mini Excavator"",""track_size"":"""",""model_key"":""kubota-kx91-3""},{""make"":""Kubota"",""model"":""U-25-3"",""machine_type"":""Mini Excavator"",""track_size"":"""",""model_key"":""kubota-u-25-3""},{""make"":""Kubota"",""model"":""U-30-3"",""machine_type"":""Mini Excavator"",""track_size"":"""",""model_key"":""kubota-u-30-3""},{""make"":""Kubota"",""model"":""U25"",""machine_type"":""Mini Excavator"",""track_size"":"""",""model_key"":""kubota-u25""},{""make"":""Kubota"",""model"":""U27 4"",""machine_type"":"""",""track_size"":"""",""model_key"":""kubota-u27-4""},{""make"":""Kubota"",""model"":""U35"",""machine_type"":"""",""track_size"":"""",""model_key"":""kubota-u35""},{""make"":""Kubota"",""model"":""U35 4"",""machine_type"":"""",""track_size"":"""",""model_key"":""kubota-u35-4""}],""display_text"":""Fits select Kubota and other mini excavator.""}"
crrd411-22900,MERGE,TRUE,CRRD411-22900,"{""verified"":true,""machine_type"":""Mini Excavator"",""track_size"":"""",""fits"":[{""make"":""Bobcat"",""model"":""E26"",""machine_type"":""Mini Excavator"",""track_size"":"""",""model_key"":""bobcat-e26""},{""make"":""JCB"",""model"":""8040ZTS"",""machine_type"":""Mini Excavator"",""track_size"":"""",""model_key"":""jcb-8040zts""},{""make"":""JCB"",""model"":""8045ZTS"",""machine_type"":""Mini Excavator"",""track_size"":"""",""model_key"":""jcb-8045zts""},{""make"":""JCB"",""model"":""805 2"",""machine_type"":"""",""track_size"":"""",""model_key"":""jcb-805-2""},{""make"":""JCB"",""model"":""8060"",""machine_type"":""Mini Excavator"",""track_size"":"""",""model_key"":""jcb-8060""},{""make"":""John Deere"",""model"":""35ZTS"",""machine_type"":""Mini Excavator"",""track_size"":"""",""model_key"":""john-deere-35zts""},{""make"":""John Deere"",""model"":""50ZTS"",""machine_type"":"""",""track_size"":"""",""model_key"":""john-deere-50zts""},{""make"":""John Deere"",""model"":""60G"",""machine_type"":""Mini Excavator"",""track_size"":"""",""model_key"":""john-deere-60g""},{""make"":""Komatsu"",""model"":""PC35R 8"",""machine_type"":"""",""track_size"":"""",""model_key"":""komatsu-pc35r-8""},{""make"":""Kubota"",""model"":""KX040-4"",""machine_type"":""Mini Excavator"",""track_size"":"""",""model_key"":""kubota-kx040-4""},{""make"":""Kubota"",""model"":""KX057 5"",""machine_type"":"""",""track_size"":"""",""model_key"":""kubota-kx057-5""},{""make"":""Kubota"",""model"":""KX057-4"",""machine_type"":""Mini Excavator"",""track_size"":"""",""model_key"":""kubota-kx057-4""},{""make"":""Kubota"",""model"":""KX121-3"",""machine_type"":""Mini Excavator"",""track_size"":"""",""model_key"":""kubota-kx121-3""},{""make"":""Kubota"",""model"":""KX121-3S"",""machine_type"":"""",""track_size"":"""",""model_key"":""kubota-kx121-3s""},{""make"":""Kubota"",""model"":""KX161-3"",""machine_type"":""Mini Excavator"",""track_size"":"""",""model_key"":""kubota-kx161-3""},{""make"":""Kubota"",""model"":""KX161-3S"",""machine_type"":"""",""track_size"":"""",""model_key"":""kubota-kx161-3s""},{""make"":""Kubota"",""model"":""U-30-3"",""machine_type"":""Mini Excavator"",""track_size"":"""",""model_key"":""kubota-u-30-3""},{""make"":""Kubota"",""model"":""U-45-3"",""machine_type"":""Mini Excavator"",""track_size"":"""",""model_key"":""kubota-u-45-3""},{""make"":""Kubota"",""model"":""U-48-4"",""machine_type"":""Mini Excavator"",""track_size"":"""",""model_key"":""kubota-u-48-4""},{""make"":""Kubota"",""model"":""U45S"",""machine_type"":"""",""track_size"":"""",""model_key"":""kubota-u45s""},{""make"":""Kubota"",""model"":""U48-5"",""machine_type"":""Mini Excavator"",""track_size"":"""",""model_key"":""kubota-u48-5""},{""make"":""Kubota"",""model"":""U55"",""machine_type"":"""",""track_size"":"""",""model_key"":""kubota-u55""},{""make"":""Kubota"",""model"":""U55 4"",""machine_type"":"""",""track_size"":"""",""model_key"":""kubota-u55-4""},{""make"":""Kubota"",""model"":""U55-5"",""machine_type"":""Mini Excavator"",""track_size"":"""",""model_key"":""kubota-u55-5""},{""make"":""Volvo"",""model"":""EC25"",""machine_type"":""Mini Excavator"",""track_size"":"""",""model_key"":""volvo-ec25""},{""make"":""Volvo"",""model"":""EC30"",""machine_type"":""Mini Excavator"",""track_size"":"""",""model_key"":""volvo-ec30""}],""display_text"":""Fits select Bobcat, JCB, John Deere, and 3 other brands and other mini excavator.""}"
crrd809-21900,MERGE,TRUE,CRRD809-21900,"{""verified"":true,""machine_type"":""Mini Excavator"",""track_size"":"""",""fits"":[{""make"":""Bobcat"",""model"":""E50"",""machine_type"":""Mini Excavator"",""track_size"":"""",""model_key"":""bobcat-e50""},{""make"":""Kubota"",""model"":""KX080-3"",""machine_type"":""Mini Excavator"",""track_size"":"""",""model_key"":""kubota-kx080-3""}],""display_text"":""Fits select Bobcat, and Kubota and other mini excavator.""}"
crt006m027,MERGE,TRUE,CRT006M027,"{""verified"":true,""machine_type"":""Mini Excavator"",""track_size"":"""",""fits"":[{""make"":""Gehl"",""model"":""802"",""machine_type"":""Mini Excavator"",""track_size"":"""",""model_key"":""gehl-802""},{""make"":""JCB"",""model"":""803"",""machine_type"":""Mini Excavator"",""track_size"":"""",""model_key"":""jcb-803""},{""make"":""JCB"",""model"":""804"",""machine_type"":""Mini Excavator"",""track_size"":"""",""model_key"":""jcb-804""}],""display_text"":""Fits select Gehl, and JCB and other mini excavator.""}"
cryt64d01001f1,MERGE,TRUE,CRYT64D01001F1,"{""verified"":true,""machine_type"":""Mini Excavator"",""track_size"":"""",""fits"":[{""make"":""Case"",""model"":""CX47"",""machine_type"":""Mini Excavator"",""track_size"":"""",""model_key"":""case-cx47""},{""make"":""Case"",""model"":""CX50B"",""machine_type"":""Mini Excavator"",""track_size"":"""",""model_key"":""case-cx50b""},{""make"":""Case"",""model"":""CX55B"",""machine_type"":""Mini Excavator"",""track_size"":"""",""model_key"":""case-cx55b""},{""make"":""Kobelco"",""model"":""SK45SR 2"",""machine_type"":"""",""track_size"":"""",""model_key"":""kobelco-sk45sr-2""},{""make"":""Kobelco"",""model"":""SK55SRX"",""machine_type"":""Mini Excavator"",""track_size"":"""",""model_key"":""kobelco-sk55srx""},{""make"":""Kobelco"",""model"":""SK85CS"",""machine_type"":"""",""track_size"":"""",""model_key"":""kobelco-sk85cs""},{""make"":""New Holland"",""model"":""E 50B"",""machine_type"":""Mini Excavator"",""track_size"":"""",""model_key"":""new-holland-e-50b""},{""make"":""New Holland"",""model"":""E 70BSR"",""machine_type"":""Mini Excavator"",""track_size"":"""",""model_key"":""new-holland-e-70bsr""},{""make"":""New Holland"",""model"":""E 70SR"",""machine_type"":""Mini Excavator"",""track_size"":"""",""model_key"":""new-holland-e-70sr""},{""make"":""New Holland"",""model"":""E 80"",""machine_type"":""Mini Excavator"",""track_size"":"""",""model_key"":""new-holland-e-80""},{""make"":""New Holland"",""model"":""E 80BMSR"",""machine_type"":""Mini Excavator"",""track_size"":"""",""model_key"":""new-holland-e-80bmsr""},{""make"":""New Holland"",""model"":""E50SR"",""machine_type"":"""",""track_size"":"""",""model_key"":""new-holland-e50sr""},{""make"":""New Holland"",""model"":""EH 50B"",""machine_type"":""Mini Excavator"",""track_size"":"""",""model_key"":""new-holland-eh-50b""},{""make"":""New Holland"",""model"":""EH45"",""machine_type"":""Mini Excavator"",""track_size"":"""",""model_key"":""new-holland-eh45""}],""display_text"":""Fits select Case, Kobelco, and New Holland and other mini excavator.""}"
fi03714-00000,MERGE,TRUE,FI03714-00000,"{""verified"":true,""machine_type"":""Mini Excavator"",""track_size"":"""",""fits"":[{""make"":""Kobelco"",""model"":""SK024"",""machine_type"":"""",""track_size"":"""",""model_key"":""kobelco-sk024""},{""make"":""Kobelco"",""model"":""SK025"",""machine_type"":"""",""track_size"":"""",""model_key"":""kobelco-sk025""},{""make"":""Kobelco"",""model"":""SK025 2"",""machine_type"":"""",""track_size"":"""",""model_key"":""kobelco-sk025-2""},{""make"":""Kobelco"",""model"":""SK025SR"",""machine_type"":"""",""track_size"":"""",""model_key"":""kobelco-sk025sr""},{""make"":""Takeuchi"",""model"":""TB025"",""machine_type"":"""",""track_size"":"""",""model_key"":""takeuchi-tb025""},{""make"":""Takeuchi"",""model"":""TB035"",""machine_type"":""Mini Excavator"",""track_size"":"""",""model_key"":""takeuchi-tb035""},{""make"":""Takeuchi"",""model"":""TB125"",""machine_type"":""Mini Excavator"",""track_size"":"""",""model_key"":""takeuchi-tb125""},{""make"":""Takeuchi"",""model"":""TB135"",""machine_type"":""Mini Excavator"",""track_size"":"""",""model_key"":""takeuchi-tb135""},{""make"":""Takeuchi"",""model"":""TB138FR"",""machine_type"":""Mini Excavator"",""track_size"":"""",""model_key"":""takeuchi-tb138fr""},{""make"":""Takeuchi"",""model"":""TB228"",""machine_type"":""Mini Excavator"",""track_size"":"""",""model_key"":""takeuchi-tb228""},{""make"":""Takeuchi"",""model"":""TB230"",""machine_type"":""Mini Excavator"",""track_size"":"""",""model_key"":""takeuchi-tb230""},{""make"":""Takeuchi"",""model"":""TB235"",""machine_type"":""Mini Excavator"",""track_size"":"""",""model_key"":""takeuchi-tb235""},{""make"":""Takeuchi"",""model"":""TB240"",""machine_type"":""Mini Excavator"",""track_size"":"""",""model_key"":""takeuchi-tb240""}],""display_text"":""Fits select Kobelco, and Takeuchi and other mini excavator.""}"
fi04214-01200,MERGE,TRUE,FI04214-01200,"{""verified"":true,""machine_type"":""Mini Excavator"",""track_size"":"""",""fits"":[{""make"":""Takeuchi"",""model"":""TB216"",""machine_type"":""Mini Excavator"",""track_size"":"""",""model_key"":""takeuchi-tb216""}],""display_text"":""Fits select Takeuchi and other mini excavator.""}"
fi04614-90010,MERGE,TRUE,FI04614-90010,"{""verified"":true,""machine_type"":""Mini Excavator"",""track_size"":"""",""fits"":[{""make"":""Takeuchi"",""model"":""TB045"",""machine_type"":""Mini Excavator"",""track_size"":"""",""model_key"":""takeuchi-tb045""},{""make"":""Takeuchi"",""model"":""TB145"",""machine_type"":""Mini Excavator"",""track_size"":"""",""model_key"":""takeuchi-tb145""},{""make"":""Takeuchi"",""model"":""TB153FR"",""machine_type"":""Mini Excavator"",""track_size"":"""",""model_key"":""takeuchi-tb153fr""},{""make"":""Takeuchi"",""model"":""TB250"",""machine_type"":""Mini Excavator"",""track_size"":"""",""model_key"":""takeuchi-tb250""},{""make"":""Takeuchi"",""model"":""TB53FR"",""machine_type"":""Mini Excavator"",""track_size"":"""",""model_key"":""takeuchi-tb53fr""}],""display_text"":""Fits select Takeuchi and other mini excavator.""}"
fi05614-00600,MERGE,TRUE,FI05614-00600,"{""verified"":true,""machine_type"":""Mini Excavator"",""track_size"":"""",""fits"":[{""make"":""Takeuchi"",""model"":""TB175"",""machine_type"":""Mini Excavator"",""track_size"":"""",""model_key"":""takeuchi-tb175""},{""make"":""Takeuchi"",""model"":""TB180FR"",""machine_type"":""Mini Excavator"",""track_size"":"""",""model_key"":""takeuchi-tb180fr""},{""make"":""Takeuchi"",""model"":""TB290"",""machine_type"":""Mini Excavator"",""track_size"":"""",""model_key"":""takeuchi-tb290""},{""make"":""Takeuchi"",""model"":""TB80FR"",""machine_type"":""Mini Excavator"",""track_size"":"""",""model_key"":""takeuchi-tb80fr""}],""display_text"":""Fits select Takeuchi and other mini excavator.""}"
fi05614-03100,MERGE,TRUE,FI05614-03100,"{""verified"":true,""machine_type"":""Mini Excavator"",""track_size"":"""",""fits"":[{""make"":""Takeuchi"",""model"":""TB280FR"",""machine_type"":""Mini Excavator"",""track_size"":"""",""model_key"":""takeuchi-tb280fr""},{""make"":""Takeuchi"",""model"":""TB285"",""machine_type"":""Mini Excavator"",""track_size"":"""",""model_key"":""takeuchi-tb285""},{""make"":""Takeuchi"",""model"":""TB290"",""machine_type"":""Mini Excavator"",""track_size"":"""",""model_key"":""takeuchi-tb290""}],""display_text"":""Fits select Takeuchi and other mini excavator.""}"
fi06814-00019,MERGE,TRUE,FI06814-00019,"{""verified"":true,""machine_type"":""Compact Track Loader"",""track_size"":"""",""fits"":[{""make"":""Takeuchi"",""model"":""TL10V2"",""machine_type"":""Compact Track Loader"",""track_size"":"""",""model_key"":""takeuchi-tl10v2""},{""make"":""Takeuchi"",""model"":""TL8R2"",""machine_type"":""Compact Track Loader"",""track_size"":"""",""model_key"":""takeuchi-tl8r2""}],""display_text"":""Fits select Takeuchi and other compact track loader.""}"
fi08801-40000,MERGE,TRUE,FI08801-40000,"{""verified"":true,""machine_type"":""Compact Track Loader"",""track_size"":"""",""fits"":[{""make"":""Gehl"",""model"":""CTL60"",""machine_type"":""Compact Track Loader"",""track_size"":"""",""model_key"":""gehl-ctl60""},{""make"":""Gehl"",""model"":""CTL65"",""machine_type"":""Compact Track Loader"",""track_size"":"""",""model_key"":""gehl-ctl65""},{""make"":""Mustang"",""model"":""MTL16"",""machine_type"":""Compact Track Loader"",""track_size"":"""",""model_key"":""mustang-mtl16""},{""make"":""Mustang"",""model"":""MTL316"",""machine_type"":""Compact Track Loader"",""track_size"":"""",""model_key"":""mustang-mtl316""},{""make"":""Takeuchi"",""model"":""TL130"",""machine_type"":""Compact Track Loader"",""track_size"":"""",""model_key"":""takeuchi-tl130""},{""make"":""Takeuchi"",""model"":""TL230"",""machine_type"":""Compact Track Loader"",""track_size"":"""",""model_key"":""takeuchi-tl230""},{""make"":""Takeuchi"",""model"":""TL230-2"",""machine_type"":""Compact Track Loader"",""track_size"":"""",""model_key"":""takeuchi-tl230-2""},{""make"":""Takeuchi"",""model"":""TL8"",""machine_type"":""Compact Track Loader"",""track_size"":"""",""model_key"":""takeuchi-tl8""}],""display_text"":""Fits select Gehl, Mustang, and Takeuchi and other compact track loader.""}"
fi08811-40300,MERGE,TRUE,FI08811-40300,"{""verified"":true,""machine_type"":""Compact Track Loader"",""track_size"":"""",""fits"":[{""make"":""Gehl"",""model"":""CTL70"",""machine_type"":""Compact Track Loader"",""track_size"":"""",""model_key"":""gehl-ctl70""},{""make"":""Gehl"",""model"":""CTL75"",""machine_type"":""Compact Track Loader"",""track_size"":"""",""model_key"":""gehl-ctl75""},{""make"":""Gehl"",""model"":""CTL80"",""machine_type"":""Compact Track Loader"",""track_size"":"""",""model_key"":""gehl-ctl80""},{""make"":""Gehl"",""model"":""CTL85"",""machine_type"":""Compact Track Loader"",""track_size"":"""",""model_key"":""gehl-ctl85""},{""make"":""Mustang"",""model"":""MTL20"",""machine_type"":""Compact Track Loader"",""track_size"":"""",""model_key"":""mustang-mtl20""},{""make"":""Mustang"",""model"":""MTL25"",""machine_type"":""Compact Track Loader"",""track_size"":"""",""model_key"":""mustang-mtl25""},{""make"":""Mustang"",""model"":""MTL320"",""machine_type"":""Compact Track Loader"",""track_size"":"""",""model_key"":""mustang-mtl320""},{""make"":""Mustang"",""model"":""MTL325"",""machine_type"":""Compact Track Loader"",""track_size"":"""",""model_key"":""mustang-mtl325""},{""make"":""Takeuchi"",""model"":""TL10"",""machine_type"":""Compact Track Loader"",""track_size"":"""",""model_key"":""takeuchi-tl10""},{""make"":""Takeuchi"",""model"":""TL12"",""machine_type"":""Compact Track Loader"",""track_size"":"""",""model_key"":""takeuchi-tl12""},{""make"":""Takeuchi"",""model"":""TL12V2"",""machine_type"":""Compact Track Loader"",""track_size"":"""",""model_key"":""takeuchi-tl12v2""},{""make"":""Takeuchi"",""model"":""TL140"",""machine_type"":""Compact Track Loader"",""track_size"":"""",""model_key"":""takeuchi-tl140""},{""make"":""Takeuchi"",""model"":""TL150"",""machine_type"":""Compact Track Loader"",""track_size"":"""",""model_key"":""takeuchi-tl150""},{""make"":""Takeuchi"",""model"":""TL240"",""machine_type"":""Compact Track Loader"",""track_size"":"""",""model_key"":""takeuchi-tl240""},{""make"":""Takeuchi"",""model"":""TL250"",""machine_type"":""Compact Track Loader"",""track_size"":"""",""model_key"":""takeuchi-tl250""}],""display_text"":""Fits select Gehl, Mustang, and Takeuchi and other compact track loader.""}"
fi1048166,MERGE,TRUE,FI1048166,"{""verified"":false,""machine_type"":"""",""track_size"":"""",""fits"":[{""make"":""CAT"",""model"":""E120B"",""machine_type"":"""",""track_size"":"""",""model_key"":""cat-e120b""}],""display_text"":""Fits select CAT and other machines.""}"
fi172-2100,MERGE,TRUE,FI172-2100,"{""verified"":true,""machine_type"":""Mini Excavator"",""track_size"":"""",""fits"":[{""make"":""CAT"",""model"":""303.5"",""machine_type"":""Mini Excavator"",""track_size"":"""",""model_key"":""cat-303-5""},{""make"":""CAT"",""model"":""303CR"",""machine_type"":""Mini Excavator"",""track_size"":"""",""model_key"":""cat-303cr""}],""display_text"":""Fits select CAT and other mini excavator.""}"
fi1r8938,MERGE,TRUE,FI1R8938,"{""verified"":false,""machine_type"":"""",""track_size"":"""",""fits"":[{""make"":""CAT"",""model"":""E70B"",""machine_type"":"""",""track_size"":"""",""model_key"":""cat-e70b""}],""display_text"":""Fits select CAT and other machines.""}"
fi226-4049,MERGE,TRUE,FI226-4049,"{""verified"":true,""machine_type"":""Mini Excavator"",""track_size"":"""",""fits"":[{""make"":""CAT"",""model"":""301 8"",""machine_type"":"""",""track_size"":"""",""model_key"":""cat-301-8""},{""make"":""CAT"",""model"":""301.5"",""machine_type"":""Mini Excavator"",""track_size"":"""",""model_key"":""cat-301-5""}],""display_text"":""Fits select CAT and other mini excavator.""}"
fi240-6304,MERGE,TRUE,FI240-6304,"{""verified"":true,""machine_type"":""Mini Excavator"",""track_size"":"""",""fits"":[{""make"":""CAT"",""model"":""304.5"",""machine_type"":""Mini Excavator"",""track_size"":"""",""model_key"":""cat-304-5""}],""display_text"":""Fits select CAT and other mini excavator.""}"
fi241-5973,MERGE,TRUE,FI241-5973,"{""verified"":true,""machine_type"":""Mini Excavator"",""track_size"":"""",""fits"":[{""make"":""CAT"",""model"":""304"",""machine_type"":"""",""track_size"":"""",""model_key"":""cat-304""},{""make"":""CAT"",""model"":""304.5"",""machine_type"":""Mini Excavator"",""track_size"":"""",""model_key"":""cat-304-5""},{""make"":""CAT"",""model"":""304CR"",""machine_type"":""Mini Excavator"",""track_size"":"""",""model_key"":""cat-304cr""},{""make"":""CAT"",""model"":""305.5"",""machine_type"":""Mini Excavator"",""track_size"":"""",""model_key"":""cat-305-5""},{""make"":""CAT"",""model"":""305CR"",""machine_type"":""Mini Excavator"",""track_size"":"""",""model_key"":""cat-305cr""},{""make"":""CAT"",""model"":""306CR"",""machine_type"":""Mini Excavator"",""track_size"":"""",""model_key"":""cat-306cr""}],""display_text"":""Fits select CAT and other mini excavator.""}"
fi267-4813,MERGE,TRUE,FI267-4813,"{""verified"":true,""machine_type"":""Mini Excavator"",""track_size"":"""",""fits"":[{""make"":""CAT"",""model"":""304C CR"",""machine_type"":""Mini Excavator"",""track_size"":"""",""model_key"":""cat-304c-cr""},{""make"":""CAT"",""model"":""305.5D CR"",""machine_type"":""Mini Excavator"",""track_size"":"""",""model_key"":""cat-305-5d-cr""},{""make"":""CAT"",""model"":""305.5E CR"",""machine_type"":""Mini Excavator"",""track_size"":"""",""model_key"":""cat-305-5e-cr""},{""make"":""CAT"",""model"":""305.5E2 CR"",""machine_type"":""Mini Excavator"",""track_size"":"""",""model_key"":""cat-305-5e2-cr""},{""make"":""CAT"",""model"":""305C CR"",""machine_type"":""Mini Excavator"",""track_size"":"""",""model_key"":""cat-305c-cr""},{""make"":""CAT"",""model"":""305E CR"",""machine_type"":""Mini Excavator"",""track_size"":"""",""model_key"":""cat-305e-cr""}],""display_text"":""Fits select CAT and other mini excavator.""}"
fi267-4829,MERGE,TRUE,FI267-4829,"{""verified"":true,""machine_type"":""Mini Excavator"",""track_size"":"""",""fits"":[{""make"":""CAT"",""model"":""303 5CCR"",""machine_type"":"""",""track_size"":"""",""model_key"":""cat-303-5ccr""},{""make"":""CAT"",""model"":""303.5 CR"",""machine_type"":""Mini Excavator"",""track_size"":"""",""model_key"":""cat-303-5-cr""},{""make"":""CAT"",""model"":""303.5D CR"",""machine_type"":""Mini Excavator"",""track_size"":"""",""model_key"":""cat-303-5d-cr""},{""make"":""CAT"",""model"":""303C CR"",""machine_type"":""Mini Excavator"",""track_size"":"""",""model_key"":""cat-303c-cr""},{""make"":""CAT"",""model"":""304E CR"",""machine_type"":""Mini Excavator"",""track_size"":"""",""model_key"":""cat-304e-cr""}],""display_text"":""Fits select CAT and other mini excavator.""}"
fi2674829,MERGE,TRUE,FI2674829,"{""verified"":true,""machine_type"":""Mini Excavator"",""track_size"":"""",""fits"":[{""make"":""CAT"",""model"":""303 5CCR"",""machine_type"":"""",""track_size"":"""",""model_key"":""cat-303-5ccr""},{""make"":""CAT"",""model"":""303.5D CR"",""machine_type"":""Mini Excavator"",""track_size"":"""",""model_key"":""cat-303-5d-cr""},{""make"":""CAT"",""model"":""303.5E CR"",""machine_type"":""Mini Excavator"",""track_size"":"""",""model_key"":""cat-303-5e-cr""},{""make"":""CAT"",""model"":""303C CR"",""machine_type"":""Mini Excavator"",""track_size"":"""",""model_key"":""cat-303c-cr""},{""make"":""CAT"",""model"":""304D CR"",""machine_type"":""Mini Excavator"",""track_size"":"""",""model_key"":""cat-304d-cr""},{""make"":""CAT"",""model"":""304E CR"",""machine_type"":""Mini Excavator"",""track_size"":"""",""model_key"":""cat-304e-cr""}],""display_text"":""Fits select CAT and other mini excavator.""}"
fi271005,MERGE,TRUE,FI271005,"{""verified"":true,""machine_type"":""Compact Track Loader"",""track_size"":"""",""fits"":[{""make"":""Gehl"",""model"":""RT165"",""machine_type"":""Compact Track Loader"",""track_size"":"""",""model_key"":""gehl-rt165""},{""make"":""Gehl"",""model"":""RT175"",""machine_type"":""Compact Track Loader"",""track_size"":"""",""model_key"":""gehl-rt175""},{""make"":""Gehl"",""model"":""RT185"",""machine_type"":""Compact Track Loader"",""track_size"":"""",""model_key"":""gehl-rt185""},{""make"":""Gehl"",""model"":""RT210"",""machine_type"":""Compact Track Loader"",""track_size"":"""",""model_key"":""gehl-rt210""},{""make"":""Gehl"",""model"":""RT215"",""machine_type"":""Compact Track Loader"",""track_size"":"""",""model_key"":""gehl-rt215""},{""make"":""Gehl"",""model"":""RT250"",""machine_type"":""Compact Track Loader"",""track_size"":"""",""model_key"":""gehl-rt250""},{""make"":""Gehl"",""model"":""RT255"",""machine_type"":""Compact Track Loader"",""track_size"":"""",""model_key"":""gehl-rt255""},{""make"":""Gehl"",""model"":""VT320"",""machine_type"":""Compact Track Loader"",""track_size"":"""",""model_key"":""gehl-vt320""},{""make"":""Mustang"",""model"":""1650RT"",""machine_type"":"""",""track_size"":"""",""model_key"":""mustang-1650rt""},{""make"":""Mustang"",""model"":""1750 RT"",""machine_type"":""Compact Track Loader"",""track_size"":"""",""model_key"":""mustang-1750-rt""},{""make"":""Mustang"",""model"":""2100RT"",""machine_type"":""Compact Track Loader"",""track_size"":"""",""model_key"":""mustang-2100rt""},{""make"":""Mustang"",""model"":""2150RT"",""machine_type"":""Compact Track Loader"",""track_size"":"""",""model_key"":""mustang-2150rt""},{""make"":""Mustang"",""model"":""2500RT"",""machine_type"":""Compact Track Loader"",""track_size"":"""",""model_key"":""mustang-2500rt""},{""make"":""Yanmar"",""model"":""T175"",""machine_type"":""Compact Track Loader"",""track_size"":"""",""model_key"":""yanmar-t175""},{""make"":""Yanmar"",""model"":""T210"",""machine_type"":""Compact Track Loader"",""track_size"":"""",""model_key"":""yanmar-t210""}],""display_text"":""Fits select Gehl, Mustang, and Yanmar and other compact track loader.""}"
fi304-1878,MERGE,TRUE,FI304-1878,"{""verified"":true,""machine_type"":""Compact Track Loader"",""track_size"":"""",""fits"":[{""make"":""CAT"",""model"":""255"",""machine_type"":""Compact Track Loader"",""track_size"":"""",""model_key"":""cat-255""},{""make"":""CAT"",""model"":""259B3"",""machine_type"":""Compact Track Loader"",""track_size"":"""",""model_key"":""cat-259b3""},{""make"":""CAT"",""model"":""259D"",""machine_type"":""Compact Track Loader"",""track_size"":"""",""model_key"":""cat-259d""},{""make"":""CAT"",""model"":""259D3"",""machine_type"":""Compact Track Loader"",""track_size"":"""",""model_key"":""cat-259d3""},{""make"":""CAT"",""model"":""269C"",""machine_type"":""Compact Track Loader"",""track_size"":"""",""model_key"":""cat-269c""},{""make"":""CAT"",""model"":""279C"",""machine_type"":""Compact Track Loader"",""track_size"":"""",""model_key"":""cat-279c""},{""make"":""CAT"",""model"":""279C2"",""machine_type"":"""",""track_size"":"""",""model_key"":""cat-279c2""},{""make"":""CAT"",""model"":""279D"",""machine_type"":""Compact Track Loader"",""track_size"":"""",""model_key"":""cat-279d""},{""make"":""CAT"",""model"":""289C"",""machine_type"":""Compact Track Loader"",""track_size"":"""",""model_key"":""cat-289c""},{""make"":""CAT"",""model"":""289C2"",""machine_type"":""Compact Track Loader"",""track_size"":"""",""model_key"":""cat-289c2""},{""make"":""CAT"",""model"":""289D"",""machine_type"":""Compact Track Loader"",""track_size"":"""",""model_key"":""cat-289d""},{""make"":""CAT"",""model"":""289D3"",""machine_type"":""Compact Track Loader"",""track_size"":"""",""model_key"":""cat-289d3""},{""make"":""CAT"",""model"":""299C"",""machine_type"":""Compact Track Loader"",""track_size"":"""",""model_key"":""cat-299c""},{""make"":""CAT"",""model"":""299D"",""machine_type"":""Compact Track Loader"",""track_size"":"""",""model_key"":""cat-299d""},{""make"":""CAT"",""model"":""299D XHP"",""machine_type"":""Compact Track Loader"",""track_size"":"""",""model_key"":""cat-299d-xhp""},{""make"":""CAT"",""model"":""299D2"",""machine_type"":""Compact Track Loader"",""track_size"":"""",""model_key"":""cat-299d2""},{""make"":""CAT"",""model"":""299D2 XHP"",""machine_type"":""Compact Track Loader"",""track_size"":"""",""model_key"":""cat-299d2-xhp""},{""make"":""CAT"",""model"":""299D3"",""machine_type"":""Compact Track Loader"",""track_size"":"""",""model_key"":""cat-299d3""},{""make"":""CAT"",""model"":""299D3 XE"",""machine_type"":""Compact Track Loader"",""track_size"":"""",""model_key"":""cat-299d3-xe""}],""display_text"":""Fits select CAT and other compact track loader.""}"
fi348-9647,MERGE,TRUE,FI348-9647,"{""verified"":true,""machine_type"":""Compact Track Loader"",""track_size"":"""",""fits"":[{""make"":""CAT"",""model"":""259B3"",""machine_type"":""Compact Track Loader"",""track_size"":"""",""model_key"":""cat-259b3""},{""make"":""CAT"",""model"":""259D"",""machine_type"":""Compact Track Loader"",""track_size"":"""",""model_key"":""cat-259d""},{""make"":""CAT"",""model"":""259D3"",""machine_type"":""Compact Track Loader"",""track_size"":"""",""model_key"":""cat-259d3""},{""make"":""CAT"",""model"":""279D"",""machine_type"":""Compact Track Loader"",""track_size"":"""",""model_key"":""cat-279d""},{""make"":""CAT"",""model"":""289C"",""machine_type"":""Compact Track Loader"",""track_size"":"""",""model_key"":""cat-289c""},{""make"":""CAT"",""model"":""289D"",""machine_type"":""Compact Track Loader"",""track_size"":"""",""model_key"":""cat-289d""},{""make"":""CAT"",""model"":""289D3"",""machine_type"":""Compact Track Loader"",""track_size"":"""",""model_key"":""cat-289d3""},{""make"":""CAT"",""model"":""299C"",""machine_type"":""Compact Track Loader"",""track_size"":"""",""model_key"":""cat-299c""},{""make"":""CAT"",""model"":""299D"",""machine_type"":""Compact Track Loader"",""track_size"":"""",""model_key"":""cat-299d""},{""make"":""CAT"",""model"":""299D XHP"",""machine_type"":""Compact Track Loader"",""track_size"":"""",""model_key"":""cat-299d-xhp""},{""make"":""CAT"",""model"":""299D2"",""machine_type"":""Compact Track Loader"",""track_size"":"""",""model_key"":""cat-299d2""},{""make"":""CAT"",""model"":""299D2 XHP"",""machine_type"":""Compact Track Loader"",""track_size"":"""",""model_key"":""cat-299d2-xhp""},{""make"":""CAT"",""model"":""299D3"",""machine_type"":""Compact Track Loader"",""track_size"":"""",""model_key"":""cat-299d3""},{""make"":""CAT"",""model"":""299D3 XE"",""machine_type"":""Compact Track Loader"",""track_size"":"""",""model_key"":""cat-299d3-xe""}],""display_text"":""Fits select CAT and other compact track loader.""}"
fi420-9803,MERGE,TRUE,FI420-9803,"{""verified"":true,""machine_type"":""Compact Track Loader"",""track_size"":"""",""fits"":[{""make"":""CAT"",""model"":""239D"",""machine_type"":""Compact Track Loader"",""track_size"":"""",""model_key"":""cat-239d""},{""make"":""CAT"",""model"":""239D3"",""machine_type"":""Compact Track Loader"",""track_size"":"""",""model_key"":""cat-239d3""},{""make"":""CAT"",""model"":""249D"",""machine_type"":""Compact Track Loader"",""track_size"":"""",""model_key"":""cat-249d""},{""make"":""CAT"",""model"":""249D3"",""machine_type"":""Compact Track Loader"",""track_size"":"""",""model_key"":""cat-249d3""}],""display_text"":""Fits select CAT and other compact track loader.""}"
fi6698048,MERGE,TRUE,FI6698048,"{""verified"":true,""machine_type"":""Compact Track Loader"",""track_size"":"""",""fits"":[{""make"":""Bobcat"",""model"":""T750"",""machine_type"":""Compact Track Loader"",""track_size"":"""",""model_key"":""bobcat-t750""},{""make"":""Bobcat"",""model"":""T770"",""machine_type"":""Compact Track Loader"",""track_size"":"""",""model_key"":""bobcat-t770""},{""make"":""Bobcat"",""model"":""T870"",""machine_type"":""Compact Track Loader"",""track_size"":"""",""model_key"":""bobcat-t870""}],""display_text"":""Fits select Bobcat and other compact track loader.""}"
fi6732902,MERGE,TRUE,FI6732902,"{""verified"":true,""machine_type"":""Compact Track Loader"",""track_size"":"""",""fits"":[{""make"":""Bobcat"",""model"":""864"",""machine_type"":""Compact Track Loader"",""track_size"":"""",""model_key"":""bobcat-864""},{""make"":""Bobcat"",""model"":""864G"",""machine_type"":""Compact Track Loader"",""track_size"":"""",""model_key"":""bobcat-864g""},{""make"":""Bobcat"",""model"":""T140"",""machine_type"":""Compact Track Loader"",""track_size"":"""",""model_key"":""bobcat-t140""},{""make"":""Bobcat"",""model"":""T180"",""machine_type"":""Compact Track Loader"",""track_size"":"""",""model_key"":""bobcat-t180""},{""make"":""Bobcat"",""model"":""T190"",""machine_type"":""Compact Track Loader"",""track_size"":"""",""model_key"":""bobcat-t190""},{""make"":""Bobcat"",""model"":""T200"",""machine_type"":""Compact Track Loader"",""track_size"":"""",""model_key"":""bobcat-t200""},{""make"":""Bobcat"",""model"":""T250"",""machine_type"":""Compact Track Loader"",""track_size"":"""",""model_key"":""bobcat-t250""},{""make"":""Bobcat"",""model"":""T300"",""machine_type"":""Compact Track Loader"",""track_size"":"""",""model_key"":""bobcat-t300""},{""make"":""Bobcat"",""model"":""T320"",""machine_type"":""Compact Track Loader"",""track_size"":"""",""model_key"":""bobcat-t320""},{""make"":""Bobcat"",""model"":""T550"",""machine_type"":""Compact Track Loader"",""track_size"":"""",""model_key"":""bobcat-t550""},{""make"":""Bobcat"",""model"":""T590"",""machine_type"":""Compact Track Loader"",""track_size"":"""",""model_key"":""bobcat-t590""},{""make"":""Bobcat"",""model"":""T630"",""machine_type"":""Compact Track Loader"",""track_size"":"""",""model_key"":""bobcat-t630""},{""make"":""Bobcat"",""model"":""T650"",""machine_type"":""Compact Track Loader"",""track_size"":"""",""model_key"":""bobcat-t650""},{""make"":""Bobcat"",""model"":""T750"",""machine_type"":""Compact Track Loader"",""track_size"":"""",""model_key"":""bobcat-t750""},{""make"":""Bobcat"",""model"":""T770"",""machine_type"":""Compact Track Loader"",""track_size"":"""",""model_key"":""bobcat-t770""},{""make"":""Bobcat"",""model"":""T870"",""machine_type"":""Compact Track Loader"",""track_size"":"""",""model_key"":""bobcat-t870""}],""display_text"":""Fits select Bobcat and other compact track loader.""}"
fi6815125,MERGE,TRUE,FI6815125,"{""verified"":true,""machine_type"":""Mini Excavator"",""track_size"":"""",""fits"":[{""make"":""Bobcat"",""model"":""337"",""machine_type"":""Mini Excavator"",""track_size"":"""",""model_key"":""bobcat-337""},{""make"":""Bobcat"",""model"":""341"",""machine_type"":""Mini Excavator"",""track_size"":"""",""model_key"":""bobcat-341""},{""make"":""Bobcat"",""model"":""435"",""machine_type"":""Mini Excavator"",""track_size"":"""",""model_key"":""bobcat-435""},{""make"":""Bobcat"",""model"":""E45"",""machine_type"":""Mini Excavator"",""track_size"":"""",""model_key"":""bobcat-e45""},{""make"":""Bobcat"",""model"":""E50"",""machine_type"":""Mini Excavator"",""track_size"":"""",""model_key"":""bobcat-e50""},{""make"":""Bobcat"",""model"":""E55"",""machine_type"":""Mini Excavator"",""track_size"":"""",""model_key"":""bobcat-e55""}],""display_text"":""Fits select Bobcat and other mini excavator.""}"
fi7109408,MERGE,TRUE,FI7109408,"{""verified"":true,""machine_type"":""Mini Track Loader"",""track_size"":"""",""fits"":[{""make"":""Bobcat"",""model"":""MT50"",""machine_type"":""Mini Track Loader"",""track_size"":"""",""model_key"":""bobcat-mt50""},{""make"":""Bobcat"",""model"":""MT52"",""machine_type"":""Mini Track Loader"",""track_size"":"""",""model_key"":""bobcat-mt52""},{""make"":""Bobcat"",""model"":""MT55"",""machine_type"":""Mini Track Loader"",""track_size"":"""",""model_key"":""bobcat-mt55""},{""make"":""Bobcat"",""model"":""MT85"",""machine_type"":""Mini Track Loader"",""track_size"":"""",""model_key"":""bobcat-mt85""}],""display_text"":""Fits select Bobcat and other mini track loader.""}"
fi7199074,MERGE,TRUE,FI7199074,"{""verified"":true,""machine_type"":""Mini Excavator"",""track_size"":"""",""fits"":[{""make"":""Bobcat"",""model"":""325"",""machine_type"":""Mini Excavator"",""track_size"":"""",""model_key"":""bobcat-325""},{""make"":""Bobcat"",""model"":""329"",""machine_type"":""Mini Excavator"",""track_size"":"""",""model_key"":""bobcat-329""},{""make"":""Bobcat"",""model"":""331"",""machine_type"":""Mini Excavator"",""track_size"":"""",""model_key"":""bobcat-331""},{""make"":""Bobcat"",""model"":""331E"",""machine_type"":"""",""track_size"":"""",""model_key"":""bobcat-331e""},{""make"":""Bobcat"",""model"":""334"",""machine_type"":""Mini Excavator"",""track_size"":"""",""model_key"":""bobcat-334""},{""make"":""Bobcat"",""model"":""335"",""machine_type"":""Mini Excavator"",""track_size"":"""",""model_key"":""bobcat-335""},{""make"":""Bobcat"",""model"":""425"",""machine_type"":""Mini Excavator"",""track_size"":"""",""model_key"":""bobcat-425""},{""make"":""Bobcat"",""model"":""428"",""machine_type"":""Mini Excavator"",""track_size"":"""",""model_key"":""bobcat-428""},{""make"":""Bobcat"",""model"":""E32"",""machine_type"":""Mini Excavator"",""track_size"":"""",""model_key"":""bobcat-e32""},{""make"":""Bobcat"",""model"":""E32I"",""machine_type"":"""",""track_size"":"""",""model_key"":""bobcat-e32i""},{""make"":""Bobcat"",""model"":""E35"",""machine_type"":""Mini Excavator"",""track_size"":"""",""model_key"":""bobcat-e35""},{""make"":""Bobcat"",""model"":""E35Z"",""machine_type"":""Mini Excavator"",""track_size"":"""",""model_key"":""bobcat-e35z""},{""make"":""Bobcat"",""model"":""E35i"",""machine_type"":""Mini Excavator"",""track_size"":"""",""model_key"":""bobcat-e35i""},{""make"":""Bobcat"",""model"":""E42"",""machine_type"":""Mini Excavator"",""track_size"":"""",""model_key"":""bobcat-e42""},{""make"":""Doosan"",""model"":""DX35 5"",""machine_type"":"""",""track_size"":"""",""model_key"":""doosan-dx35-5""}],""display_text"":""Fits select Bobcat, and Doosan and other mini excavator.""}"
fi7202053,MERGE,TRUE,FI7202053,"{""verified"":true,""machine_type"":""Mini Excavator"",""track_size"":"""",""fits"":[{""make"":""Bobcat"",""model"":""E45"",""machine_type"":""Mini Excavator"",""track_size"":"""",""model_key"":""bobcat-e45""},{""make"":""Bobcat"",""model"":""E50"",""machine_type"":""Mini Excavator"",""track_size"":"""",""model_key"":""bobcat-e50""},{""make"":""Bobcat"",""model"":""E55"",""machine_type"":""Mini Excavator"",""track_size"":"""",""model_key"":""bobcat-e55""}],""display_text"":""Fits select Bobcat and other mini excavator.""}"
fi7229101,MERGE,TRUE,FI7229101,"{""verified"":true,""machine_type"":""Compact Track Loader"",""track_size"":"""",""fits"":[{""make"":""Bobcat"",""model"":""T590"",""machine_type"":""Compact Track Loader"",""track_size"":"""",""model_key"":""bobcat-t590""},{""make"":""Bobcat"",""model"":""T595"",""machine_type"":""Compact Track Loader"",""track_size"":"""",""model_key"":""bobcat-t595""},{""make"":""Bobcat"",""model"":""T62"",""machine_type"":""Compact Track Loader"",""track_size"":"""",""model_key"":""bobcat-t62""},{""make"":""Bobcat"",""model"":""T64"",""machine_type"":""Compact Track Loader"",""track_size"":"""",""model_key"":""bobcat-t64""},{""make"":""Bobcat"",""model"":""T66"",""machine_type"":""Compact Track Loader"",""track_size"":"""",""model_key"":""bobcat-t66""}],""display_text"":""Fits select Bobcat and other compact track loader.""}"
fi7240006,MERGE,TRUE,FI7240006,"{""verified"":true,""machine_type"":""Compact Track Loader"",""track_size"":"""",""fits"":[{""make"":""Bobcat"",""model"":""T630"",""machine_type"":""Compact Track Loader"",""track_size"":"""",""model_key"":""bobcat-t630""},{""make"":""Bobcat"",""model"":""T650"",""machine_type"":""Compact Track Loader"",""track_size"":"""",""model_key"":""bobcat-t650""},{""make"":""Bobcat"",""model"":""T740"",""machine_type"":""Compact Track Loader"",""track_size"":"""",""model_key"":""bobcat-t740""},{""make"":""Bobcat"",""model"":""T750"",""machine_type"":""Compact Track Loader"",""track_size"":"""",""model_key"":""bobcat-t750""},{""make"":""Bobcat"",""model"":""T76"",""machine_type"":""Compact Track Loader"",""track_size"":"""",""model_key"":""bobcat-t76""},{""make"":""Bobcat"",""model"":""T770"",""machine_type"":""Compact Track Loader"",""track_size"":"""",""model_key"":""bobcat-t770""},{""make"":""Bobcat"",""model"":""T86"",""machine_type"":""Compact Track Loader"",""track_size"":"""",""model_key"":""bobcat-t86""}],""display_text"":""Fits select Bobcat and other compact track loader.""}"
fi7276595,MERGE,TRUE,FI7276595,"{""verified"":true,""machine_type"":""Compact Track Loader"",""track_size"":"""",""fits"":[{""make"":""Bobcat"",""model"":""T870"",""machine_type"":""Compact Track Loader"",""track_size"":"""",""model_key"":""bobcat-t870""},{""make"":""Case"",""model"":""TV620B"",""machine_type"":""Compact Track Loader"",""track_size"":"""",""model_key"":""case-tv620b""},{""make"":""New Holland"",""model"":""C362"",""machine_type"":""Compact Track Loader"",""track_size"":"""",""model_key"":""new-holland-c362""}],""display_text"":""Fits select Bobcat, Case, and New Holland and other compact track loader.""}"
fi7355129,MERGE,TRUE,FI7355129,"{""verified"":true,""machine_type"":""Compact Track Loader"",""track_size"":"""",""fits"":[{""make"":""Bobcat"",""model"":""T870"",""machine_type"":""Compact Track Loader"",""track_size"":"""",""model_key"":""bobcat-t870""}],""display_text"":""Fits select Bobcat and other compact track loader.""}"
fi87535298,MERGE,TRUE,FI87535298,"{""verified"":true,""machine_type"":""Compact Track Loader"",""track_size"":"""",""fits"":[{""make"":""Case"",""model"":""420CT"",""machine_type"":""Compact Track Loader"",""track_size"":"""",""model_key"":""case-420ct""},{""make"":""Case"",""model"":""440CT"",""machine_type"":""Compact Track Loader"",""track_size"":"""",""model_key"":""case-440ct""},{""make"":""Case"",""model"":""445CT"",""machine_type"":""Compact Track Loader"",""track_size"":"""",""model_key"":""case-445ct""},{""make"":""Case"",""model"":""450CT"",""machine_type"":""Compact Track Loader"",""track_size"":"""",""model_key"":""case-450ct""},{""make"":""Case"",""model"":""TR270"",""machine_type"":""Compact Track Loader"",""track_size"":"""",""model_key"":""case-tr270""},{""make"":""Case"",""model"":""TR270B"",""machine_type"":"""",""track_size"":"""",""model_key"":""case-tr270b""},{""make"":""Case"",""model"":""TR310"",""machine_type"":""Compact Track Loader"",""track_size"":"""",""model_key"":""case-tr310""},{""make"":""Case"",""model"":""TR310B"",""machine_type"":""Compact Track Loader"",""track_size"":"""",""model_key"":""case-tr310b""},{""make"":""Case"",""model"":""TR320"",""machine_type"":""Compact Track Loader"",""track_size"":"""",""model_key"":""case-tr320""},{""make"":""Case"",""model"":""TR340"",""machine_type"":""Compact Track Loader"",""track_size"":"""",""model_key"":""case-tr340""},{""make"":""Case"",""model"":""TR340B"",""machine_type"":""Compact Track Loader"",""track_size"":"""",""model_key"":""case-tr340b""},{""make"":""Case"",""model"":""TV370B"",""machine_type"":""Compact Track Loader"",""track_size"":"""",""model_key"":""case-tv370b""},{""make"":""Case"",""model"":""TV380"",""machine_type"":""Compact Track Loader"",""track_size"":"""",""model_key"":""case-tv380""},{""make"":""Case"",""model"":""TV450"",""machine_type"":"""",""track_size"":"""",""model_key"":""case-tv450""},{""make"":""Case"",""model"":""TV450B"",""machine_type"":""Compact Track Loader"",""track_size"":"""",""model_key"":""case-tv450b""},{""make"":""New Holland"",""model"":""C175"",""machine_type"":""Compact Track Loader"",""track_size"":"""",""model_key"":""new-holland-c175""},{""make"":""New Holland"",""model"":""C180"",""machine_type"":"""",""track_size"":"""",""model_key"":""new-holland-c180""},{""make"":""New Holland"",""model"":""C185"",""machine_type"":""Compact Track Loader"",""track_size"":"""",""model_key"":""new-holland-c185""},{""make"":""New Holland"",""model"":""C190"",""machine_type"":""Compact Track Loader"",""track_size"":"""",""model_key"":""new-holland-c190""},{""make"":""New Holland"",""model"":""C227"",""machine_type"":""Compact Track Loader"",""track_size"":"""",""model_key"":""new-holland-c227""},{""make"":""New Holland"",""model"":""C232"",""machine_type"":""Compact Track Loader"",""track_size"":"""",""model_key"":""new-holland-c232""},{""make"":""New Holland"",""model"":""C234"",""machine_type"":""Compact Track Loader"",""track_size"":"""",""model_key"":""new-holland-c234""},{""make"":""New Holland"",""model"":""C237"",""machine_type"":""Compact Track Loader"",""track_size"":"""",""model_key"":""new-holland-c237""},{""make"":""New Holland"",""model"":""C238"",""machine_type"":""Compact Track Loader"",""track_size"":"""",""model_key"":""new-holland-c238""},{""make"":""New Holland"",""model"":""C245"",""machine_type"":""Compact Track Loader"",""track_size"":"""",""model_key"":""new-holland-c245""},{""make"":""New Holland"",""model"":""C327"",""machine_type"":""Compact Track Loader"",""track_size"":"""",""model_key"":""new-holland-c327""},{""make"":""New Holland"",""model"":""C332"",""machine_type"":""Compact Track Loader"",""track_size"":"""",""model_key"":""new-holland-c332""},{""make"":""New Holland"",""model"":""C334"",""machine_type"":""Compact Track Loader"",""track_size"":"""",""model_key"":""new-holland-c334""},{""make"":""New Holland"",""model"":""C337"",""machine_type"":""Compact Track Loader"",""track_size"":"""",""model_key"":""new-holland-c337""},{""make"":""New Holland"",""model"":""C345"",""machine_type"":""Compact Track Loader"",""track_size"":"""",""model_key"":""new-holland-c345""},{""make"":""New Holland"",""model"":""LT175B"",""machine_type"":""Compact Track Loader"",""track_size"":"""",""model_key"":""new-holland-lt175b""},{""make"":""New Holland"",""model"":""LT185B"",""machine_type"":""Compact Track Loader"",""track_size"":"""",""model_key"":""new-holland-lt185b""},{""make"":""New Holland"",""model"":""LT190B"",""machine_type"":""Compact Track Loader"",""track_size"":"""",""model_key"":""new-holland-lt190b""}],""display_text"":""Fits select Case, and New Holland and other compact track loader.""}"
fi9132562,MERGE,TRUE,FI9132562,"{""verified"":true,""machine_type"":""Mini Excavator"",""track_size"":"""",""fits"":[{""make"":""John Deere"",""model"":""26G"",""machine_type"":""Mini Excavator"",""track_size"":"""",""model_key"":""john-deere-26g""}],""display_text"":""Fits select John Deere and other mini excavator.""}"
fi9237507,MERGE,TRUE,FI9237507,"{""verified"":true,""machine_type"":""Mini Excavator"",""track_size"":"""",""fits"":[{""make"":""Hitachi"",""model"":""ZX40U 2"",""machine_type"":"""",""track_size"":"""",""model_key"":""hitachi-zx40u-2""},{""make"":""Hitachi"",""model"":""ZX50U 2"",""machine_type"":"""",""track_size"":"""",""model_key"":""hitachi-zx50u-2""},{""make"":""Hitachi"",""model"":""ZX50U 3"",""machine_type"":"""",""track_size"":"""",""model_key"":""hitachi-zx50u-3""},{""make"":""John Deere"",""model"":""50D"",""machine_type"":""Mini Excavator"",""track_size"":"""",""model_key"":""john-deere-50d""},{""make"":""Komatsu"",""model"":""PC45MR-1"",""machine_type"":""Mini Excavator"",""track_size"":"""",""model_key"":""komatsu-pc45mr-1""},{""make"":""Komatsu"",""model"":""PC45MR-3"",""machine_type"":""Mini Excavator"",""track_size"":"""",""model_key"":""komatsu-pc45mr-3""},{""make"":""Komatsu"",""model"":""PC50MR 2"",""machine_type"":"""",""track_size"":"""",""model_key"":""komatsu-pc50mr-2""},{""make"":""Komatsu"",""model"":""PC55MR-3"",""machine_type"":""Mini Excavator"",""track_size"":"""",""model_key"":""komatsu-pc55mr-3""},{""make"":""Komatsu"",""model"":""PC58uu-3"",""machine_type"":""Mini Excavator"",""track_size"":"""",""model_key"":""komatsu-pc58uu-3""}],""display_text"":""Fits select Hitachi, John Deere, and Komatsu and other mini excavator.""}"
fi9269094,MERGE,TRUE,FI9269094,"{""verified"":true,""machine_type"":""Mini Excavator"",""track_size"":"""",""fits"":[{""make"":""Hitachi"",""model"":""ZX35U-5"",""machine_type"":""Mini Excavator"",""track_size"":"""",""model_key"":""hitachi-zx35u-5""},{""make"":""John Deere"",""model"":""27D"",""machine_type"":""Mini Excavator"",""track_size"":"""",""model_key"":""john-deere-27d""},{""make"":""John Deere"",""model"":""30G"",""machine_type"":""Mini Excavator"",""track_size"":"""",""model_key"":""john-deere-30g""},{""make"":""John Deere"",""model"":""35D"",""machine_type"":""Mini Excavator"",""track_size"":"""",""model_key"":""john-deere-35d""},{""make"":""John Deere"",""model"":""35G"",""machine_type"":""Mini Excavator"",""track_size"":"""",""model_key"":""john-deere-35g""}],""display_text"":""Fits select Hitachi, and John Deere and other mini excavator.""}"
fi9312918,MERGE,TRUE,FI9312918,"{""verified"":true,""machine_type"":""Mini Excavator"",""track_size"":"""",""fits"":[{""make"":""Hitachi"",""model"":""ZX17U"",""machine_type"":"""",""track_size"":"""",""model_key"":""hitachi-zx17u""},{""make"":""John Deere"",""model"":""17D"",""machine_type"":""Mini Excavator"",""track_size"":"""",""model_key"":""john-deere-17d""},{""make"":""John Deere"",""model"":""17G"",""machine_type"":""Mini Excavator"",""track_size"":"""",""model_key"":""john-deere-17g""}],""display_text"":""Fits select Hitachi, and John Deere and other mini excavator.""}"
fi9318048,MERGE,TRUE,FI9318048,"{""verified"":true,""machine_type"":""Mini Excavator"",""track_size"":"""",""fits"":[{""make"":""Hitachi"",""model"":""ZX50U 3"",""machine_type"":"""",""track_size"":"""",""model_key"":""hitachi-zx50u-3""},{""make"":""Hitachi"",""model"":""ZX50U-5"",""machine_type"":""Mini Excavator"",""track_size"":"""",""model_key"":""hitachi-zx50u-5""},{""make"":""John Deere"",""model"":""50D"",""machine_type"":""Mini Excavator"",""track_size"":"""",""model_key"":""john-deere-50d""},{""make"":""John Deere"",""model"":""50G"",""machine_type"":""Mini Excavator"",""track_size"":"""",""model_key"":""john-deere-50g""},{""make"":""John Deere"",""model"":""50P"",""machine_type"":""Mini Excavator"",""track_size"":"""",""model_key"":""john-deere-50p""}],""display_text"":""Fits select Hitachi, and John Deere and other mini excavator.""}"
fica1379,MERGE,TRUE,FICA1379,"{""verified"":true,""machine_type"":""Compact Track Loader"",""track_size"":"""",""fits"":[{""make"":""Case"",""model"":""TR270"",""machine_type"":""Compact Track Loader"",""track_size"":"""",""model_key"":""case-tr270""},{""make"":""Case"",""model"":""TR270B"",""machine_type"":"""",""track_size"":"""",""model_key"":""case-tr270b""},{""make"":""Case"",""model"":""TR310"",""machine_type"":""Compact Track Loader"",""track_size"":"""",""model_key"":""case-tr310""},{""make"":""Case"",""model"":""TR310B"",""machine_type"":""Compact Track Loader"",""track_size"":"""",""model_key"":""case-tr310b""},{""make"":""Case"",""model"":""TR320"",""machine_type"":""Compact Track Loader"",""track_size"":"""",""model_key"":""case-tr320""},{""make"":""Case"",""model"":""TR340"",""machine_type"":""Compact Track Loader"",""track_size"":"""",""model_key"":""case-tr340""},{""make"":""Case"",""model"":""TR340B"",""machine_type"":""Compact Track Loader"",""track_size"":"""",""model_key"":""case-tr340b""},{""make"":""Case"",""model"":""TV370"",""machine_type"":"""",""track_size"":"""",""model_key"":""case-tv370""},{""make"":""Case"",""model"":""TV370B"",""machine_type"":""Compact Track Loader"",""track_size"":"""",""model_key"":""case-tv370b""},{""make"":""Case"",""model"":""TV380"",""machine_type"":""Compact Track Loader"",""track_size"":"""",""model_key"":""case-tv380""},{""make"":""Case"",""model"":""TV450"",""machine_type"":"""",""track_size"":"""",""model_key"":""case-tv450""},{""make"":""Case"",""model"":""TV450B"",""machine_type"":""Compact Track Loader"",""track_size"":"""",""model_key"":""case-tv450b""},{""make"":""New Holland"",""model"":""C185"",""machine_type"":""Compact Track Loader"",""track_size"":"""",""model_key"":""new-holland-c185""},{""make"":""New Holland"",""model"":""C227"",""machine_type"":""Compact Track Loader"",""track_size"":"""",""model_key"":""new-holland-c227""},{""make"":""New Holland"",""model"":""C232"",""machine_type"":""Compact Track Loader"",""track_size"":"""",""model_key"":""new-holland-c232""},{""make"":""New Holland"",""model"":""C234"",""machine_type"":""Compact Track Loader"",""track_size"":"""",""model_key"":""new-holland-c234""},{""make"":""New Holland"",""model"":""C237"",""machine_type"":""Compact Track Loader"",""track_size"":"""",""model_key"":""new-holland-c237""},{""make"":""New Holland"",""model"":""C238"",""machine_type"":""Compact Track Loader"",""track_size"":"""",""model_key"":""new-holland-c238""},{""make"":""New Holland"",""model"":""C245"",""machine_type"":""Compact Track Loader"",""track_size"":"""",""model_key"":""new-holland-c245""},{""make"":""New Holland"",""model"":""C327"",""machine_type"":""Compact Track Loader"",""track_size"":"""",""model_key"":""new-holland-c327""},{""make"":""New Holland"",""model"":""C332"",""machine_type"":""Compact Track Loader"",""track_size"":"""",""model_key"":""new-holland-c332""},{""make"":""New Holland"",""model"":""C334"",""machine_type"":""Compact Track Loader"",""track_size"":"""",""model_key"":""new-holland-c334""},{""make"":""New Holland"",""model"":""C337"",""machine_type"":""Compact Track Loader"",""track_size"":"""",""model_key"":""new-holland-c337""},{""make"":""New Holland"",""model"":""C345"",""machine_type"":""Compact Track Loader"",""track_size"":"""",""model_key"":""new-holland-c345""}],""display_text"":""Fits select Case, and New Holland and other compact track loader.""}"
fiid2076,MERGE,TRUE,FIID2076,"{""verified"":true,""machine_type"":""Compact Track Loader"",""track_size"":"""",""fits"":[{""make"":""JCB"",""model"":""150T"",""machine_type"":""Compact Track Loader"",""track_size"":"""",""model_key"":""jcb-150t""},{""make"":""JCB"",""model"":""205T"",""machine_type"":"""",""track_size"":"""",""model_key"":""jcb-205t""},{""make"":""JCB"",""model"":""215T"",""machine_type"":"""",""track_size"":"""",""model_key"":""jcb-215t""},{""make"":""JCB"",""model"":""225T ECO"",""machine_type"":""Compact Track Loader"",""track_size"":"""",""model_key"":""jcb-225t-eco""},{""make"":""JCB"",""model"":""260T"",""machine_type"":"""",""track_size"":"""",""model_key"":""jcb-260t""},{""make"":""JCB"",""model"":""260T ECO"",""machine_type"":""Compact Track Loader"",""track_size"":"""",""model_key"":""jcb-260t-eco""},{""make"":""JCB"",""model"":""270T ECO"",""machine_type"":""Compact Track Loader"",""track_size"":"""",""model_key"":""jcb-270t-eco""},{""make"":""JCB"",""model"":""300T"",""machine_type"":"""",""track_size"":"""",""model_key"":""jcb-300t""},{""make"":""JCB"",""model"":""320T ECO"",""machine_type"":""Compact Track Loader"",""track_size"":"""",""model_key"":""jcb-320t-eco""},{""make"":""JCB"",""model"":""3TS-8T"",""machine_type"":""Compact Track Loader"",""track_size"":"""",""model_key"":""jcb-3ts-8t""},{""make"":""John Deere"",""model"":""317G"",""machine_type"":""Compact Track Loader"",""track_size"":"""",""model_key"":""john-deere-317g""},{""make"":""John Deere"",""model"":""319D"",""machine_type"":""Compact Track Loader"",""track_size"":"""",""model_key"":""john-deere-319d""},{""make"":""John Deere"",""model"":""319E"",""machine_type"":""Compact Track Loader"",""track_size"":"""",""model_key"":""john-deere-319e""},{""make"":""John Deere"",""model"":""323D"",""machine_type"":""Compact Track Loader"",""track_size"":"""",""model_key"":""john-deere-323d""},{""make"":""John Deere"",""model"":""323E"",""machine_type"":""Compact Track Loader"",""track_size"":"""",""model_key"":""john-deere-323e""},{""make"":""John Deere"",""model"":""325G"",""machine_type"":""Compact Track Loader"",""track_size"":"""",""model_key"":""john-deere-325g""},{""make"":""John Deere"",""model"":""329D"",""machine_type"":""Compact Track Loader"",""track_size"":"""",""model_key"":""john-deere-329d""},{""make"":""John Deere"",""model"":""329E"",""machine_type"":""Compact Track Loader"",""track_size"":"""",""model_key"":""john-deere-329e""},{""make"":""John Deere"",""model"":""333D"",""machine_type"":""Compact Track Loader"",""track_size"":"""",""model_key"":""john-deere-333d""},{""make"":""John Deere"",""model"":""333E"",""machine_type"":""Compact Track Loader"",""track_size"":"""",""model_key"":""john-deere-333e""},{""make"":""John Deere"",""model"":""CT322"",""machine_type"":""Compact Track Loader"",""track_size"":"""",""model_key"":""john-deere-ct322""},{""make"":""John Deere"",""model"":""CT332"",""machine_type"":""Compact Track Loader"",""track_size"":"""",""model_key"":""john-deere-ct332""},{""make"":""Volvo"",""model"":""MCT110C"",""machine_type"":""Compact Track Loader"",""track_size"":"""",""model_key"":""volvo-mct110c""},{""make"":""Volvo"",""model"":""MCT125C"",""machine_type"":""Compact Track Loader"",""track_size"":"""",""model_key"":""volvo-mct125c""},{""make"":""Volvo"",""model"":""MCT135C"",""machine_type"":""Compact Track Loader"",""track_size"":"""",""model_key"":""volvo-mct135c""},{""make"":""Volvo"",""model"":""MCT145C"",""machine_type"":""Compact Track Loader"",""track_size"":"""",""model_key"":""volvo-mct145c""},{""make"":""Volvo"",""model"":""MCT85C"",""machine_type"":""Compact Track Loader"",""track_size"":"""",""model_key"":""volvo-mct85c""}],""display_text"":""Fits select JCB, John Deere, and Volvo and other compact track loader.""}"
fipx52d00028f1,MERGE,TRUE,FIPX52D00028F1,"{""verified"":true,""machine_type"":""Mini Excavator"",""track_size"":"""",""fits"":[{""make"":""Case"",""model"":""CX31B"",""machine_type"":""Mini Excavator"",""track_size"":"""",""model_key"":""case-cx31b""},{""make"":""Case"",""model"":""CX36B"",""machine_type"":""Mini Excavator"",""track_size"":"""",""model_key"":""case-cx36b""},{""make"":""New Holland"",""model"":""E 35SR"",""machine_type"":""Mini Excavator"",""track_size"":"""",""model_key"":""new-holland-e-35sr""}],""display_text"":""Fits select Case, and New Holland and other mini excavator.""}"
fira231-21300,MERGE,TRUE,FIRA231-21300,"{""verified"":true,""machine_type"":""Mini Excavator"",""track_size"":"""",""fits"":[{""make"":""Kubota"",""model"":""KX018-4"",""machine_type"":""Mini Excavator"",""track_size"":"""",""model_key"":""kubota-kx018-4""},{""make"":""Kubota"",""model"":""KX41 3"",""machine_type"":"""",""track_size"":"""",""model_key"":""kubota-kx41-3""},{""make"":""Kubota"",""model"":""U-15"",""machine_type"":""Mini Excavator"",""track_size"":"""",""model_key"":""kubota-u-15""},{""make"":""Kubota"",""model"":""U17"",""machine_type"":"""",""track_size"":"""",""model_key"":""kubota-u17""}],""display_text"":""Fits select Kubota and other mini excavator.""}"
firc348-21302,MERGE,TRUE,FIRC348-21302,"{""verified"":true,""machine_type"":""Mini Excavator"",""track_size"":"""",""fits"":[{""make"":""Kubota"",""model"":""KX030-4"",""machine_type"":""Mini Excavator"",""track_size"":"""",""model_key"":""kubota-kx030-4""},{""make"":""Kubota"",""model"":""KX61-2"",""machine_type"":""Mini Excavator"",""track_size"":"""",""model_key"":""kubota-kx61-2""},{""make"":""Kubota"",""model"":""KX61-3"",""machine_type"":""Mini Excavator"",""track_size"":"""",""model_key"":""kubota-kx61-3""},{""make"":""Kubota"",""model"":""KX71 3S"",""machine_type"":"""",""track_size"":"""",""model_key"":""kubota-kx71-3s""},{""make"":""Kubota"",""model"":""KX71-2"",""machine_type"":""Mini Excavator"",""track_size"":"""",""model_key"":""kubota-kx71-2""},{""make"":""Kubota"",""model"":""KX71-3"",""machine_type"":""Mini Excavator"",""track_size"":"""",""model_key"":""kubota-kx71-3""},{""make"":""Kubota"",""model"":""KX91-2"",""machine_type"":""Mini Excavator"",""track_size"":"""",""model_key"":""kubota-kx91-2""},{""make"":""Kubota"",""model"":""U-25-3"",""machine_type"":""Mini Excavator"",""track_size"":"""",""model_key"":""kubota-u-25-3""},{""make"":""Kubota"",""model"":""U25"",""machine_type"":""Mini Excavator"",""track_size"":"""",""model_key"":""kubota-u25""},{""make"":""Kubota"",""model"":""U27 4"",""machine_type"":"""",""track_size"":"""",""model_key"":""kubota-u27-4""}],""display_text"":""Fits select Kubota and other mini excavator.""}"
firc461-21300,MERGE,TRUE,FIRC461-21300,"{""verified"":true,""machine_type"":""Mini Excavator"",""track_size"":"""",""fits"":[{""make"":""Kubota"",""model"":""KX101-3"",""machine_type"":""Mini Excavator"",""track_size"":"""",""model_key"":""kubota-kx101-3""},{""make"":""Kubota"",""model"":""KX91-3"",""machine_type"":""Mini Excavator"",""track_size"":"""",""model_key"":""kubota-kx91-3""},{""make"":""Kubota"",""model"":""U-30-3"",""machine_type"":""Mini Excavator"",""track_size"":"""",""model_key"":""kubota-u-30-3""},{""make"":""Kubota"",""model"":""U-35-3"",""machine_type"":""Mini Excavator"",""track_size"":"""",""model_key"":""kubota-u-35-3""},{""make"":""Kubota"",""model"":""U35 4"",""machine_type"":"""",""track_size"":"""",""model_key"":""kubota-u35-4""}],""display_text"":""Fits select Kubota and other mini excavator.""}"
fird118-21300,MERGE,TRUE,FIRD118-21300,"{""verified"":true,""machine_type"":""Mini Excavator"",""track_size"":"""",""fits"":[{""make"":""Kubota"",""model"":""KX033-4"",""machine_type"":""Mini Excavator"",""track_size"":"""",""model_key"":""kubota-kx033-4""},{""make"":""Kubota"",""model"":""KX040-4"",""machine_type"":""Mini Excavator"",""track_size"":"""",""model_key"":""kubota-kx040-4""},{""make"":""Kubota"",""model"":""KX121-3"",""machine_type"":""Mini Excavator"",""track_size"":"""",""model_key"":""kubota-kx121-3""},{""make"":""Kubota"",""model"":""KX121-3S"",""machine_type"":"""",""track_size"":"""",""model_key"":""kubota-kx121-3s""}],""display_text"":""Fits select Kubota and other mini excavator.""}"
fird411-22303,MERGE,TRUE,FIRD411-22303,"{""verified"":true,""machine_type"":""Mini Excavator"",""track_size"":"""",""fits"":[{""make"":""Kubota"",""model"":""KX057-4"",""machine_type"":""Mini Excavator"",""track_size"":"""",""model_key"":""kubota-kx057-4""},{""make"":""Kubota"",""model"":""KX161-3"",""machine_type"":""Mini Excavator"",""track_size"":"""",""model_key"":""kubota-kx161-3""},{""make"":""Kubota"",""model"":""KX161-3S"",""machine_type"":"""",""track_size"":"""",""model_key"":""kubota-kx161-3s""},{""make"":""Kubota"",""model"":""U-45-3"",""machine_type"":""Mini Excavator"",""track_size"":"""",""model_key"":""kubota-u-45-3""},{""make"":""Kubota"",""model"":""U55 4"",""machine_type"":"""",""track_size"":"""",""model_key"":""kubota-u55-4""}],""display_text"":""Fits select Kubota and other mini excavator.""}"
fiv0211-22102,MERGE,TRUE,FIV0211-22102,"{""verified"":true,""machine_type"":""Compact Track Loader"",""track_size"":"""",""fits"":[{""make"":""Kubota"",""model"":""SVL65-2"",""machine_type"":""Compact Track Loader"",""track_size"":"""",""model_key"":""kubota-svl65-2""},{""make"":""Kubota"",""model"":""SVL75-3"",""machine_type"":""Compact Track Loader"",""track_size"":"""",""model_key"":""kubota-svl75-3""}],""display_text"":""Fits select Kubota and other compact track loader.""}"
fiv0611-22100,MERGE,TRUE,FIV0611-22100,"{""verified"":true,""machine_type"":""Compact Track Loader"",""track_size"":"""",""fits"":[{""make"":""Kubota"",""model"":""SVL75"",""machine_type"":""Compact Track Loader"",""track_size"":"""",""model_key"":""kubota-svl75""},{""make"":""Kubota"",""model"":""SVL75-2"",""machine_type"":""Compact Track Loader"",""track_size"":"""",""model_key"":""kubota-svl75-2""},{""make"":""Kubota"",""model"":""SVL90"",""machine_type"":""Compact Track Loader"",""track_size"":"""",""model_key"":""kubota-svl90""},{""make"":""Kubota"",""model"":""SVL90-2"",""machine_type"":""Compact Track Loader"",""track_size"":"""",""model_key"":""kubota-svl90-2""},{""make"":""Kubota"",""model"":""SVL95 2S"",""machine_type"":"""",""track_size"":"""",""model_key"":""kubota-svl95-2s""},{""make"":""Kubota"",""model"":""SVL95-2"",""machine_type"":""Compact Track Loader"",""track_size"":"""",""model_key"":""kubota-svl95-2""},{""make"":""Kubota"",""model"":""SVL97-2"",""machine_type"":""Compact Track Loader"",""track_size"":"""",""model_key"":""kubota-svl97-2""}],""display_text"":""Fits select Kubota and other compact track loader.""}"
rr06813-00024,MERGE,TRUE,RR06813-00024,"{""verified"":true,""machine_type"":""Compact Track Loader"",""track_size"":"""",""fits"":[{""make"":""Takeuchi"",""model"":""TL10V2"",""machine_type"":""Compact Track Loader"",""track_size"":"""",""model_key"":""takeuchi-tl10v2""},{""make"":""Takeuchi"",""model"":""TL6R"",""machine_type"":""Compact Track Loader"",""track_size"":"""",""model_key"":""takeuchi-tl6r""},{""make"":""Takeuchi"",""model"":""TL8R2"",""machine_type"":""Compact Track Loader"",""track_size"":"""",""model_key"":""takeuchi-tl8r2""}],""display_text"":""Fits select Takeuchi and other compact track loader.""}"
rr06914-00032,MERGE,TRUE,RR06914-00032,"{""verified"":true,""machine_type"":""Compact Track Loader"",""track_size"":"""",""fits"":[{""make"":""Takeuchi"",""model"":""TL12R2"",""machine_type"":""Compact Track Loader"",""track_size"":"""",""model_key"":""takeuchi-tl12r2""}],""display_text"":""Fits select Takeuchi and other compact track loader.""}"
rr08801-33100,MERGE,TRUE,RR08801-33100,"{""verified"":false,""machine_type"":"""",""track_size"":"""",""fits"":[{""make"":""Takeuchi"",""model"":""TL26-2"",""machine_type"":"""",""track_size"":"""",""model_key"":""takeuchi-tl26-2""}],""display_text"":""Fits select Takeuchi and other machines.""}"
rr08801-35600,MERGE,TRUE,RR08801-35600,"{""verified"":true,""machine_type"":""Compact Track Loader"",""track_size"":"""",""fits"":[{""make"":""Gehl"",""model"":""CTL60"",""machine_type"":""Compact Track Loader"",""track_size"":"""",""model_key"":""gehl-ctl60""},{""make"":""Gehl"",""model"":""CTL65"",""machine_type"":""Compact Track Loader"",""track_size"":"""",""model_key"":""gehl-ctl65""},{""make"":""Mustang"",""model"":""MTL16"",""machine_type"":""Compact Track Loader"",""track_size"":"""",""model_key"":""mustang-mtl16""},{""make"":""Mustang"",""model"":""MTL316"",""machine_type"":""Compact Track Loader"",""track_size"":"""",""model_key"":""mustang-mtl316""},{""make"":""Takeuchi"",""model"":""TL130"",""machine_type"":""Compact Track Loader"",""track_size"":"""",""model_key"":""takeuchi-tl130""},{""make"":""Takeuchi"",""model"":""TL230"",""machine_type"":""Compact Track Loader"",""track_size"":"""",""model_key"":""takeuchi-tl230""},{""make"":""Takeuchi"",""model"":""TL230-2"",""machine_type"":""Compact Track Loader"",""track_size"":"""",""model_key"":""takeuchi-tl230-2""},{""make"":""Takeuchi"",""model"":""TL8"",""machine_type"":""Compact Track Loader"",""track_size"":"""",""model_key"":""takeuchi-tl8""}],""display_text"":""Fits select Gehl, Mustang, and Takeuchi and other compact track loader.""}"
rr08811-31300,MERGE,TRUE,RR08811-31300,"{""verified"":true,""machine_type"":""Compact Track Loader"",""track_size"":"""",""fits"":[{""make"":""Gehl"",""model"":""CTL70"",""machine_type"":""Compact Track Loader"",""track_size"":"""",""model_key"":""gehl-ctl70""},{""make"":""Gehl"",""model"":""CTL75"",""machine_type"":""Compact Track Loader"",""track_size"":"""",""model_key"":""gehl-ctl75""},{""make"":""Gehl"",""model"":""CTL80"",""machine_type"":""Compact Track Loader"",""track_size"":"""",""model_key"":""gehl-ctl80""},{""make"":""Gehl"",""model"":""CTL85"",""machine_type"":""Compact Track Loader"",""track_size"":"""",""model_key"":""gehl-ctl85""},{""make"":""Mustang"",""model"":""MTL20"",""machine_type"":""Compact Track Loader"",""track_size"":"""",""model_key"":""mustang-mtl20""},{""make"":""Mustang"",""model"":""MTL25"",""machine_type"":""Compact Track Loader"",""track_size"":"""",""model_key"":""mustang-mtl25""},{""make"":""Mustang"",""model"":""MTL320"",""machine_type"":""Compact Track Loader"",""track_size"":"""",""model_key"":""mustang-mtl320""},{""make"":""Mustang"",""model"":""MTL325"",""machine_type"":""Compact Track Loader"",""track_size"":"""",""model_key"":""mustang-mtl325""},{""make"":""Takeuchi"",""model"":""TL10"",""machine_type"":""Compact Track Loader"",""track_size"":"""",""model_key"":""takeuchi-tl10""},{""make"":""Takeuchi"",""model"":""TL12"",""machine_type"":""Compact Track Loader"",""track_size"":"""",""model_key"":""takeuchi-tl12""},{""make"":""Takeuchi"",""model"":""TL12R2"",""machine_type"":""Compact Track Loader"",""track_size"":"""",""model_key"":""takeuchi-tl12r2""},{""make"":""Takeuchi"",""model"":""TL12V2"",""machine_type"":""Compact Track Loader"",""track_size"":"""",""model_key"":""takeuchi-tl12v2""},{""make"":""Takeuchi"",""model"":""TL140"",""machine_type"":""Compact Track Loader"",""track_size"":"""",""model_key"":""takeuchi-tl140""},{""make"":""Takeuchi"",""model"":""TL150"",""machine_type"":""Compact Track Loader"",""track_size"":"""",""model_key"":""takeuchi-tl150""},{""make"":""Takeuchi"",""model"":""TL240"",""machine_type"":""Compact Track Loader"",""track_size"":"""",""model_key"":""takeuchi-tl240""},{""make"":""Takeuchi"",""model"":""TL250"",""machine_type"":""Compact Track Loader"",""track_size"":"""",""model_key"":""takeuchi-tl250""}],""display_text"":""Fits select Gehl, Mustang, and Takeuchi and other compact track loader.""}"
rr275574,MERGE,TRUE,RR275574,"{""verified"":true,""machine_type"":""Compact Track Loader"",""track_size"":"""",""fits"":[{""make"":""Gehl"",""model"":""RT165"",""machine_type"":""Compact Track Loader"",""track_size"":"""",""model_key"":""gehl-rt165""},{""make"":""Gehl"",""model"":""RT175"",""machine_type"":""Compact Track Loader"",""track_size"":"""",""model_key"":""gehl-rt175""},{""make"":""Gehl"",""model"":""RT185"",""machine_type"":""Compact Track Loader"",""track_size"":"""",""model_key"":""gehl-rt185""},{""make"":""Gehl"",""model"":""RT210"",""machine_type"":""Compact Track Loader"",""track_size"":"""",""model_key"":""gehl-rt210""},{""make"":""Gehl"",""model"":""RT215"",""machine_type"":""Compact Track Loader"",""track_size"":"""",""model_key"":""gehl-rt215""},{""make"":""Gehl"",""model"":""RT250"",""machine_type"":""Compact Track Loader"",""track_size"":"""",""model_key"":""gehl-rt250""},{""make"":""Gehl"",""model"":""RT255"",""machine_type"":""Compact Track Loader"",""track_size"":"""",""model_key"":""gehl-rt255""},{""make"":""Gehl"",""model"":""VT320"",""machine_type"":""Compact Track Loader"",""track_size"":"""",""model_key"":""gehl-vt320""},{""make"":""Mustang"",""model"":""1650RT"",""machine_type"":"""",""track_size"":"""",""model_key"":""mustang-1650rt""},{""make"":""Mustang"",""model"":""1750 RT"",""machine_type"":""Compact Track Loader"",""track_size"":"""",""model_key"":""mustang-1750-rt""},{""make"":""Mustang"",""model"":""2100RT"",""machine_type"":""Compact Track Loader"",""track_size"":"""",""model_key"":""mustang-2100rt""},{""make"":""Mustang"",""model"":""2500RT"",""machine_type"":""Compact Track Loader"",""track_size"":"""",""model_key"":""mustang-2500rt""},{""make"":""Yanmar"",""model"":""T175"",""machine_type"":""Compact Track Loader"",""track_size"":"""",""model_key"":""yanmar-t175""},{""make"":""Yanmar"",""model"":""T210"",""machine_type"":""Compact Track Loader"",""track_size"":"""",""model_key"":""yanmar-t210""}],""display_text"":""Fits select Gehl, Mustang, and Yanmar and other compact track loader.""}"
rr304-1894,MERGE,TRUE,RR304-1894,"{""verified"":true,""machine_type"":""Compact Track Loader"",""track_size"":"""",""fits"":[{""make"":""CAT"",""model"":""259B3"",""machine_type"":""Compact Track Loader"",""track_size"":"""",""model_key"":""cat-259b3""},{""make"":""CAT"",""model"":""259D"",""machine_type"":""Compact Track Loader"",""track_size"":"""",""model_key"":""cat-259d""},{""make"":""CAT"",""model"":""259D3"",""machine_type"":""Compact Track Loader"",""track_size"":"""",""model_key"":""cat-259d3""},{""make"":""CAT"",""model"":""269C"",""machine_type"":""Compact Track Loader"",""track_size"":"""",""model_key"":""cat-269c""},{""make"":""CAT"",""model"":""279C"",""machine_type"":""Compact Track Loader"",""track_size"":"""",""model_key"":""cat-279c""},{""make"":""CAT"",""model"":""279C2"",""machine_type"":"""",""track_size"":"""",""model_key"":""cat-279c2""},{""make"":""CAT"",""model"":""279D"",""machine_type"":""Compact Track Loader"",""track_size"":"""",""model_key"":""cat-279d""},{""make"":""CAT"",""model"":""289C"",""machine_type"":""Compact Track Loader"",""track_size"":"""",""model_key"":""cat-289c""},{""make"":""CAT"",""model"":""289C2"",""machine_type"":""Compact Track Loader"",""track_size"":"""",""model_key"":""cat-289c2""},{""make"":""CAT"",""model"":""289D"",""machine_type"":""Compact Track Loader"",""track_size"":"""",""model_key"":""cat-289d""},{""make"":""CAT"",""model"":""289D3"",""machine_type"":""Compact Track Loader"",""track_size"":"""",""model_key"":""cat-289d3""},{""make"":""CAT"",""model"":""299C"",""machine_type"":""Compact Track Loader"",""track_size"":"""",""model_key"":""cat-299c""},{""make"":""CAT"",""model"":""299D"",""machine_type"":""Compact Track Loader"",""track_size"":"""",""model_key"":""cat-299d""},{""make"":""CAT"",""model"":""299D XHP"",""machine_type"":""Compact Track Loader"",""track_size"":"""",""model_key"":""cat-299d-xhp""},{""make"":""CAT"",""model"":""299D2"",""machine_type"":""Compact Track Loader"",""track_size"":"""",""model_key"":""cat-299d2""},{""make"":""CAT"",""model"":""299D2 XHP"",""machine_type"":""Compact Track Loader"",""track_size"":"""",""model_key"":""cat-299d2-xhp""},{""make"":""CAT"",""model"":""299D3"",""machine_type"":""Compact Track Loader"",""track_size"":"""",""model_key"":""cat-299d3""},{""make"":""CAT"",""model"":""299D3 XE"",""machine_type"":""Compact Track Loader"",""track_size"":"""",""model_key"":""cat-299d3-xe""}],""display_text"":""Fits select CAT and other compact track loader.""}"
rr6697933,MERGE,TRUE,RR6697933,"{""verified"":true,""machine_type"":""Compact Track Loader"",""track_size"":"""",""fits"":[{""make"":""Bobcat"",""model"":""T550"",""machine_type"":""Compact Track Loader"",""track_size"":"""",""model_key"":""bobcat-t550""},{""make"":""Bobcat"",""model"":""T590"",""machine_type"":""Compact Track Loader"",""track_size"":"""",""model_key"":""bobcat-t590""},{""make"":""Bobcat"",""model"":""T630"",""machine_type"":""Compact Track Loader"",""track_size"":"""",""model_key"":""bobcat-t630""},{""make"":""Bobcat"",""model"":""T650"",""machine_type"":""Compact Track Loader"",""track_size"":"""",""model_key"":""bobcat-t650""},{""make"":""Bobcat"",""model"":""T750"",""machine_type"":""Compact Track Loader"",""track_size"":"""",""model_key"":""bobcat-t750""},{""make"":""Bobcat"",""model"":""T770"",""machine_type"":""Compact Track Loader"",""track_size"":"""",""model_key"":""bobcat-t770""}],""display_text"":""Fits select Bobcat and other compact track loader.""}"
rr6698049,MERGE,TRUE,RR6698049,"{""verified"":true,""machine_type"":""Compact Track Loader"",""track_size"":"""",""fits"":[{""make"":""Bobcat"",""model"":""T870"",""machine_type"":""Compact Track Loader"",""track_size"":"""",""model_key"":""bobcat-t870""}],""display_text"":""Fits select Bobcat and other compact track loader.""}"
rr6732903,MERGE,TRUE,RR6732903,"{""verified"":true,""machine_type"":""Compact Track Loader"",""track_size"":"""",""fits"":[{""make"":""Bobcat"",""model"":""864"",""machine_type"":""Compact Track Loader"",""track_size"":"""",""model_key"":""bobcat-864""},{""make"":""Bobcat"",""model"":""864G"",""machine_type"":""Compact Track Loader"",""track_size"":"""",""model_key"":""bobcat-864g""},{""make"":""Bobcat"",""model"":""T140"",""machine_type"":""Compact Track Loader"",""track_size"":"""",""model_key"":""bobcat-t140""},{""make"":""Bobcat"",""model"":""T180"",""machine_type"":""Compact Track Loader"",""track_size"":"""",""model_key"":""bobcat-t180""},{""make"":""Bobcat"",""model"":""T190"",""machine_type"":""Compact Track Loader"",""track_size"":"""",""model_key"":""bobcat-t190""},{""make"":""Bobcat"",""model"":""T200"",""machine_type"":""Compact Track Loader"",""track_size"":"""",""model_key"":""bobcat-t200""},{""make"":""Bobcat"",""model"":""T250"",""machine_type"":""Compact Track Loader"",""track_size"":"""",""model_key"":""bobcat-t250""},{""make"":""Bobcat"",""model"":""T300"",""machine_type"":""Compact Track Loader"",""track_size"":"""",""model_key"":""bobcat-t300""},{""make"":""Bobcat"",""model"":""T320"",""machine_type"":""Compact Track Loader"",""track_size"":"""",""model_key"":""bobcat-t320""},{""make"":""Bobcat"",""model"":""T550"",""machine_type"":""Compact Track Loader"",""track_size"":"""",""model_key"":""bobcat-t550""},{""make"":""Bobcat"",""model"":""T590"",""machine_type"":""Compact Track Loader"",""track_size"":"""",""model_key"":""bobcat-t590""},{""make"":""Bobcat"",""model"":""T630"",""machine_type"":""Compact Track Loader"",""track_size"":"""",""model_key"":""bobcat-t630""},{""make"":""Bobcat"",""model"":""T650"",""machine_type"":""Compact Track Loader"",""track_size"":"""",""model_key"":""bobcat-t650""},{""make"":""Bobcat"",""model"":""T750"",""machine_type"":""Compact Track Loader"",""track_size"":"""",""model_key"":""bobcat-t750""},{""make"":""Bobcat"",""model"":""T770"",""machine_type"":""Compact Track Loader"",""track_size"":"""",""model_key"":""bobcat-t770""}],""display_text"":""Fits select Bobcat and other compact track loader.""}"
rr7233630,MERGE,TRUE,RR7233630,"{""verified"":true,""machine_type"":""Compact Track Loader"",""track_size"":"""",""fits"":[{""make"":""Bobcat"",""model"":""T550"",""machine_type"":""Compact Track Loader"",""track_size"":"""",""model_key"":""bobcat-t550""},{""make"":""Bobcat"",""model"":""T590"",""machine_type"":""Compact Track Loader"",""track_size"":"""",""model_key"":""bobcat-t590""},{""make"":""Bobcat"",""model"":""T595"",""machine_type"":""Compact Track Loader"",""track_size"":"""",""model_key"":""bobcat-t595""},{""make"":""Bobcat"",""model"":""T62"",""machine_type"":""Compact Track Loader"",""track_size"":"""",""model_key"":""bobcat-t62""},{""make"":""Bobcat"",""model"":""T630"",""machine_type"":""Compact Track Loader"",""track_size"":"""",""model_key"":""bobcat-t630""},{""make"":""Bobcat"",""model"":""T64"",""machine_type"":""Compact Track Loader"",""track_size"":"""",""model_key"":""bobcat-t64""},{""make"":""Bobcat"",""model"":""T650"",""machine_type"":""Compact Track Loader"",""track_size"":"""",""model_key"":""bobcat-t650""},{""make"":""Bobcat"",""model"":""T66"",""machine_type"":""Compact Track Loader"",""track_size"":"""",""model_key"":""bobcat-t66""},{""make"":""Bobcat"",""model"":""T740"",""machine_type"":""Compact Track Loader"",""track_size"":"""",""model_key"":""bobcat-t740""},{""make"":""Bobcat"",""model"":""T750"",""machine_type"":""Compact Track Loader"",""track_size"":"""",""model_key"":""bobcat-t750""},{""make"":""Bobcat"",""model"":""T76"",""machine_type"":""Compact Track Loader"",""track_size"":"""",""model_key"":""bobcat-t76""},{""make"":""Bobcat"",""model"":""T770"",""machine_type"":""Compact Track Loader"",""track_size"":"""",""model_key"":""bobcat-t770""}],""display_text"":""Fits select Bobcat and other compact track loader.""}"
rr7276596,MERGE,TRUE,RR7276596,"{""verified"":true,""machine_type"":""Compact Track Loader"",""track_size"":"""",""fits"":[{""make"":""Bobcat"",""model"":""T870"",""machine_type"":""Compact Track Loader"",""track_size"":"""",""model_key"":""bobcat-t870""}],""display_text"":""Fits select Bobcat and other compact track loader.""}"
rr87535299,MERGE,TRUE,RR87535299,"{""verified"":true,""machine_type"":""Compact Track Loader"",""track_size"":"""",""fits"":[{""make"":""Case"",""model"":""420CT"",""machine_type"":""Compact Track Loader"",""track_size"":"""",""model_key"":""case-420ct""},{""make"":""Case"",""model"":""440CT"",""machine_type"":""Compact Track Loader"",""track_size"":"""",""model_key"":""case-440ct""},{""make"":""Case"",""model"":""445CT"",""machine_type"":""Compact Track Loader"",""track_size"":"""",""model_key"":""case-445ct""},{""make"":""Case"",""model"":""450CT"",""machine_type"":""Compact Track Loader"",""track_size"":"""",""model_key"":""case-450ct""},{""make"":""Case"",""model"":""TR270"",""machine_type"":""Compact Track Loader"",""track_size"":"""",""model_key"":""case-tr270""},{""make"":""Case"",""model"":""TR270B"",""machine_type"":"""",""track_size"":"""",""model_key"":""case-tr270b""},{""make"":""Case"",""model"":""TR310"",""machine_type"":""Compact Track Loader"",""track_size"":"""",""model_key"":""case-tr310""},{""make"":""Case"",""model"":""TR320"",""machine_type"":""Compact Track Loader"",""track_size"":"""",""model_key"":""case-tr320""},{""make"":""Case"",""model"":""TR340"",""machine_type"":""Compact Track Loader"",""track_size"":"""",""model_key"":""case-tr340""},{""make"":""Case"",""model"":""TR340B"",""machine_type"":""Compact Track Loader"",""track_size"":"""",""model_key"":""case-tr340b""},{""make"":""Case"",""model"":""TV370"",""machine_type"":"""",""track_size"":"""",""model_key"":""case-tv370""},{""make"":""Case"",""model"":""TV370B"",""machine_type"":""Compact Track Loader"",""track_size"":"""",""model_key"":""case-tv370b""},{""make"":""Case"",""model"":""TV380"",""machine_type"":""Compact Track Loader"",""track_size"":"""",""model_key"":""case-tv380""},{""make"":""Case"",""model"":""TV450"",""machine_type"":"""",""track_size"":"""",""model_key"":""case-tv450""},{""make"":""Case"",""model"":""TV450B"",""machine_type"":""Compact Track Loader"",""track_size"":"""",""model_key"":""case-tv450b""},{""make"":""New Holland"",""model"":""C175"",""machine_type"":""Compact Track Loader"",""track_size"":"""",""model_key"":""new-holland-c175""},{""make"":""New Holland"",""model"":""C180"",""machine_type"":"""",""track_size"":"""",""model_key"":""new-holland-c180""},{""make"":""New Holland"",""model"":""C185"",""machine_type"":""Compact Track Loader"",""track_size"":"""",""model_key"":""new-holland-c185""},{""make"":""New Holland"",""model"":""C190"",""machine_type"":""Compact Track Loader"",""track_size"":"""",""model_key"":""new-holland-c190""},{""make"":""New Holland"",""model"":""C227"",""machine_type"":""Compact Track Loader"",""track_size"":"""",""model_key"":""new-holland-c227""},{""make"":""New Holland"",""model"":""C232"",""machine_type"":""Compact Track Loader"",""track_size"":"""",""model_key"":""new-holland-c232""},{""make"":""New Holland"",""model"":""C234"",""machine_type"":""Compact Track Loader"",""track_size"":"""",""model_key"":""new-holland-c234""},{""make"":""New Holland"",""model"":""C237"",""machine_type"":""Compact Track Loader"",""track_size"":"""",""model_key"":""new-holland-c237""},{""make"":""New Holland"",""model"":""C238"",""machine_type"":""Compact Track Loader"",""track_size"":"""",""model_key"":""new-holland-c238""},{""make"":""New Holland"",""model"":""C245"",""machine_type"":""Compact Track Loader"",""track_size"":"""",""model_key"":""new-holland-c245""},{""make"":""New Holland"",""model"":""C327"",""machine_type"":""Compact Track Loader"",""track_size"":"""",""model_key"":""new-holland-c327""},{""make"":""New Holland"",""model"":""C332"",""machine_type"":""Compact Track Loader"",""track_size"":"""",""model_key"":""new-holland-c332""},{""make"":""New Holland"",""model"":""C334"",""machine_type"":""Compact Track Loader"",""track_size"":"""",""model_key"":""new-holland-c334""},{""make"":""New Holland"",""model"":""C337"",""machine_type"":""Compact Track Loader"",""track_size"":"""",""model_key"":""new-holland-c337""},{""make"":""New Holland"",""model"":""C345"",""machine_type"":""Compact Track Loader"",""track_size"":"""",""model_key"":""new-holland-c345""},{""make"":""New Holland"",""model"":""LT175B"",""machine_type"":""Compact Track Loader"",""track_size"":"""",""model_key"":""new-holland-lt175b""},{""make"":""New Holland"",""model"":""LT185B"",""machine_type"":""Compact Track Loader"",""track_size"":"""",""model_key"":""new-holland-lt185b""},{""make"":""New Holland"",""model"":""LT190B"",""machine_type"":""Compact Track Loader"",""track_size"":"""",""model_key"":""new-holland-lt190b""}],""display_text"":""Fits select Case, and New Holland and other compact track loader.""}"
rrat493209,MERGE,TRUE,RRAT493209,"{""verified"":true,""machine_type"":""Compact Track Loader"",""track_size"":"""",""fits"":[{""make"":""John Deere"",""model"":""317G"",""machine_type"":""Compact Track Loader"",""track_size"":"""",""model_key"":""john-deere-317g""}],""display_text"":""Fits select John Deere and other compact track loader.""}"
rrv0211-24100,MERGE,TRUE,RRV0211-24100,"{""verified"":true,""machine_type"":""Compact Track Loader"",""track_size"":"""",""fits"":[{""make"":""Kubota"",""model"":""SVL65-2"",""machine_type"":""Compact Track Loader"",""track_size"":"""",""model_key"":""kubota-svl65-2""}],""display_text"":""Fits select Kubota and other compact track loader.""}"
rrv0511-24103,MERGE,TRUE,RRV0511-24103,"{""verified"":true,""machine_type"":""Compact Track Loader"",""track_size"":"""",""fits"":[{""make"":""Kubota"",""model"":""SVL75"",""machine_type"":""Compact Track Loader"",""track_size"":"""",""model_key"":""kubota-svl75""},{""make"":""Kubota"",""model"":""SVL75-2"",""machine_type"":""Compact Track Loader"",""track_size"":"""",""model_key"":""kubota-svl75-2""},{""make"":""Kubota"",""model"":""SVL90"",""machine_type"":""Compact Track Loader"",""track_size"":"""",""model_key"":""kubota-svl90""},{""make"":""Kubota"",""model"":""SVL90-2"",""machine_type"":""Compact Track Loader"",""track_size"":"""",""model_key"":""kubota-svl90-2""},{""make"":""Kubota"",""model"":""SVL95 2S"",""machine_type"":"""",""track_size"":"""",""model_key"":""kubota-svl95-2s""},{""make"":""Kubota"",""model"":""SVL95-2"",""machine_type"":""Compact Track Loader"",""track_size"":"""",""model_key"":""kubota-svl95-2""},{""make"":""Kubota"",""model"":""SVL97-2"",""machine_type"":""Compact Track Loader"",""track_size"":"""",""model_key"":""kubota-svl97-2""}],""display_text"":""Fits select Kubota and other compact track loader.""}"
rrv0531-24103,MERGE,TRUE,RRV0531-24103,"{""verified"":true,""machine_type"":""Compact Track Loader"",""track_size"":"""",""fits"":[{""make"":""Kubota"",""model"":""SVL75-3"",""machine_type"":""Compact Track Loader"",""track_size"":"""",""model_key"":""kubota-svl75-3""}],""display_text"":""Fits select Kubota and other compact track loader.""}"
sp02616-03100,MERGE,TRUE,SP02616-03100,"{""verified"":true,""machine_type"":""Mini Excavator"",""track_size"":"""",""fits"":[{""make"":""Takeuchi"",""model"":""TB045"",""machine_type"":""Mini Excavator"",""track_size"":"""",""model_key"":""takeuchi-tb045""},{""make"":""Takeuchi"",""model"":""TB145"",""machine_type"":""Mini Excavator"",""track_size"":"""",""model_key"":""takeuchi-tb145""},{""make"":""Takeuchi"",""model"":""TB153FR"",""machine_type"":""Mini Excavator"",""track_size"":"""",""model_key"":""takeuchi-tb153fr""},{""make"":""Takeuchi"",""model"":""TB250"",""machine_type"":""Mini Excavator"",""track_size"":"""",""model_key"":""takeuchi-tb250""},{""make"":""Takeuchi"",""model"":""TB53FR"",""machine_type"":""Mini Excavator"",""track_size"":"""",""model_key"":""takeuchi-tb53fr""}],""display_text"":""Fits select Takeuchi and other mini excavator.""}"
sp03516-08210,MERGE,TRUE,SP03516-08210,"{""verified"":true,""machine_type"":""Mini Excavator"",""track_size"":"""",""fits"":[{""make"":""Takeuchi"",""model"":""TB230"",""machine_type"":""Mini Excavator"",""track_size"":"""",""model_key"":""takeuchi-tb230""},{""make"":""Takeuchi"",""model"":""TB240"",""machine_type"":""Mini Excavator"",""track_size"":"""",""model_key"":""takeuchi-tb240""}],""display_text"":""Fits select Takeuchi and other mini excavator.""}"
sp04216-00100,MERGE,TRUE,SP04216-00100,"{""verified"":true,""machine_type"":""Mini Excavator"",""track_size"":"""",""fits"":[{""make"":""Takeuchi"",""model"":""TB216"",""machine_type"":""Mini Excavator"",""track_size"":"""",""model_key"":""takeuchi-tb216""}],""display_text"":""Fits select Takeuchi and other mini excavator.""}"
sp04316-10100,MERGE,TRUE,SP04316-10100,"{""verified"":true,""machine_type"":""Mini Excavator"",""track_size"":"""",""fits"":[{""make"":""Takeuchi"",""model"":""TB125"",""machine_type"":""Mini Excavator"",""track_size"":"""",""model_key"":""takeuchi-tb125""},{""make"":""Takeuchi"",""model"":""TB228"",""machine_type"":""Mini Excavator"",""track_size"":"""",""model_key"":""takeuchi-tb228""},{""make"":""Takeuchi"",""model"":""TB230"",""machine_type"":""Mini Excavator"",""track_size"":"""",""model_key"":""takeuchi-tb230""},{""make"":""Takeuchi"",""model"":""TB235"",""machine_type"":""Mini Excavator"",""track_size"":"""",""model_key"":""takeuchi-tb235""}],""display_text"":""Fits select Takeuchi and other mini excavator.""}"
sp04710-00600,MERGE,TRUE,SP04710-00600,"{""verified"":true,""machine_type"":""Mini Excavator"",""track_size"":"""",""fits"":[{""make"":""Takeuchi"",""model"":""TB035"",""machine_type"":""Mini Excavator"",""track_size"":"""",""model_key"":""takeuchi-tb035""},{""make"":""Takeuchi"",""model"":""TB135"",""machine_type"":""Mini Excavator"",""track_size"":"""",""model_key"":""takeuchi-tb135""},{""make"":""Takeuchi"",""model"":""TB138FR"",""machine_type"":""Mini Excavator"",""track_size"":"""",""model_key"":""takeuchi-tb138fr""}],""display_text"":""Fits select Takeuchi and other mini excavator.""}"
sp05616-15100,MERGE,TRUE,SP05616-15100,"{""verified"":true,""machine_type"":""Mini Excavator"",""track_size"":"""",""fits"":[{""make"":""Takeuchi"",""model"":""TB175"",""machine_type"":""Mini Excavator"",""track_size"":"""",""model_key"":""takeuchi-tb175""},{""make"":""Takeuchi"",""model"":""TB180FR"",""machine_type"":""Mini Excavator"",""track_size"":"""",""model_key"":""takeuchi-tb180fr""}],""display_text"":""Fits select Takeuchi and other mini excavator.""}"
sp06816-00009,MERGE,TRUE,SP06816-00009,"{""verified"":true,""machine_type"":""Compact Track Loader"",""track_size"":"""",""fits"":[{""make"":""Takeuchi"",""model"":""TL10V2"",""machine_type"":""Compact Track Loader"",""track_size"":"""",""model_key"":""takeuchi-tl10v2""},{""make"":""Takeuchi"",""model"":""TL6R"",""machine_type"":""Compact Track Loader"",""track_size"":"""",""model_key"":""takeuchi-tl6r""},{""make"":""Takeuchi"",""model"":""TL8R2"",""machine_type"":""Compact Track Loader"",""track_size"":"""",""model_key"":""takeuchi-tl8r2""}],""display_text"":""Fits select Takeuchi and other compact track loader.""}"
sp06916-00011,MERGE,TRUE,SP06916-00011,"{""verified"":true,""machine_type"":""Compact Track Loader"",""track_size"":"""",""fits"":[{""make"":""Takeuchi"",""model"":""TL12R2"",""machine_type"":""Compact Track Loader"",""track_size"":"""",""model_key"":""takeuchi-tl12r2""},{""make"":""Takeuchi"",""model"":""TL12V2"",""machine_type"":""Compact Track Loader"",""track_size"":"""",""model_key"":""takeuchi-tl12v2""}],""display_text"":""Fits select Takeuchi and other compact track loader.""}"
sp08801-65010,MERGE,TRUE,SP08801-65010,"{""verified"":false,""machine_type"":"""",""track_size"":"""",""fits"":[{""make"":""Takeuchi"",""model"":""TL126"",""machine_type"":"""",""track_size"":"""",""model_key"":""takeuchi-tl126""}],""display_text"":""Fits select Takeuchi and other machines.""}"
sp08801-66210,MERGE,TRUE,SP08801-66210,"{""verified"":true,""machine_type"":""Compact Track Loader"",""track_size"":"""",""fits"":[{""make"":""Gehl"",""model"":""CTL60"",""machine_type"":""Compact Track Loader"",""track_size"":"""",""model_key"":""gehl-ctl60""},{""make"":""Gehl"",""model"":""CTL65"",""machine_type"":""Compact Track Loader"",""track_size"":"""",""model_key"":""gehl-ctl65""},{""make"":""Mustang"",""model"":""MTL16"",""machine_type"":""Compact Track Loader"",""track_size"":"""",""model_key"":""mustang-mtl16""},{""make"":""Mustang"",""model"":""MTL316"",""machine_type"":""Compact Track Loader"",""track_size"":"""",""model_key"":""mustang-mtl316""},{""make"":""Takeuchi"",""model"":""TL130"",""machine_type"":""Compact Track Loader"",""track_size"":"""",""model_key"":""takeuchi-tl130""},{""make"":""Takeuchi"",""model"":""TL230"",""machine_type"":""Compact Track Loader"",""track_size"":"""",""model_key"":""takeuchi-tl230""},{""make"":""Takeuchi"",""model"":""TL230-2"",""machine_type"":""Compact Track Loader"",""track_size"":"""",""model_key"":""takeuchi-tl230-2""},{""make"":""Takeuchi"",""model"":""TL8"",""machine_type"":""Compact Track Loader"",""track_size"":"""",""model_key"":""takeuchi-tl8""}],""display_text"":""Fits select Gehl, Mustang, and Takeuchi and other compact track loader.""}"
sp08811-60110,MERGE,TRUE,SP08811-60110,"{""verified"":true,""machine_type"":""Compact Track Loader"",""track_size"":"""",""fits"":[{""make"":""Gehl"",""model"":""CTL70"",""machine_type"":""Compact Track Loader"",""track_size"":"""",""model_key"":""gehl-ctl70""},{""make"":""Gehl"",""model"":""CTL75"",""machine_type"":""Compact Track Loader"",""track_size"":"""",""model_key"":""gehl-ctl75""},{""make"":""Gehl"",""model"":""CTL80"",""machine_type"":""Compact Track Loader"",""track_size"":"""",""model_key"":""gehl-ctl80""},{""make"":""Gehl"",""model"":""CTL85"",""machine_type"":""Compact Track Loader"",""track_size"":"""",""model_key"":""gehl-ctl85""},{""make"":""Mustang"",""model"":""MTL20"",""machine_type"":""Compact Track Loader"",""track_size"":"""",""model_key"":""mustang-mtl20""},{""make"":""Mustang"",""model"":""MTL25"",""machine_type"":""Compact Track Loader"",""track_size"":"""",""model_key"":""mustang-mtl25""},{""make"":""Mustang"",""model"":""MTL320"",""machine_type"":""Compact Track Loader"",""track_size"":"""",""model_key"":""mustang-mtl320""},{""make"":""Mustang"",""model"":""MTL325"",""machine_type"":""Compact Track Loader"",""track_size"":"""",""model_key"":""mustang-mtl325""},{""make"":""Takeuchi"",""model"":""TL10"",""machine_type"":""Compact Track Loader"",""track_size"":"""",""model_key"":""takeuchi-tl10""},{""make"":""Takeuchi"",""model"":""TL12"",""machine_type"":""Compact Track Loader"",""track_size"":"""",""model_key"":""takeuchi-tl12""},{""make"":""Takeuchi"",""model"":""TL12V2"",""machine_type"":""Compact Track Loader"",""track_size"":"""",""model_key"":""takeuchi-tl12v2""},{""make"":""Takeuchi"",""model"":""TL140"",""machine_type"":""Compact Track Loader"",""track_size"":"""",""model_key"":""takeuchi-tl140""},{""make"":""Takeuchi"",""model"":""TL150"",""machine_type"":""Compact Track Loader"",""track_size"":"""",""model_key"":""takeuchi-tl150""},{""make"":""Takeuchi"",""model"":""TL240"",""machine_type"":""Compact Track Loader"",""track_size"":"""",""model_key"":""takeuchi-tl240""},{""make"":""Takeuchi"",""model"":""TL250"",""machine_type"":""Compact Track Loader"",""track_size"":"""",""model_key"":""takeuchi-tl250""}],""display_text"":""Fits select Gehl, Mustang, and Takeuchi and other compact track loader.""}"
sp08821-60010,MERGE,TRUE,SP08821-60010,"{""verified"":true,""machine_type"":""Compact Track Loader"",""track_size"":"""",""fits"":[{""make"":""Gehl"",""model"":""CTL70"",""machine_type"":""Compact Track Loader"",""track_size"":"""",""model_key"":""gehl-ctl70""},{""make"":""Mustang"",""model"":""MTL20"",""machine_type"":""Compact Track Loader"",""track_size"":"""",""model_key"":""mustang-mtl20""},{""make"":""Takeuchi"",""model"":""TL140"",""machine_type"":""Compact Track Loader"",""track_size"":"""",""model_key"":""takeuchi-tl140""}],""display_text"":""Fits select Gehl, Mustang, and Takeuchi and other compact track loader.""}"
sp099-0219,MERGE,TRUE,SP099-0219,"{""verified"":false,""machine_type"":"""",""track_size"":"""",""fits"":[{""make"":""CAT"",""model"":""E120B"",""machine_type"":"""",""track_size"":"""",""model_key"":""cat-e120b""}],""display_text"":""Fits select CAT and other machines.""}"
sp1032265,MERGE,TRUE,SP1032265,"{""verified"":true,""machine_type"":""Mini Excavator"",""track_size"":"""",""fits"":[{""make"":""Hitachi"",""model"":""ZX35U-5"",""machine_type"":""Mini Excavator"",""track_size"":"""",""model_key"":""hitachi-zx35u-5""},{""make"":""John Deere"",""model"":""27D"",""machine_type"":""Mini Excavator"",""track_size"":"""",""model_key"":""john-deere-27d""},{""make"":""John Deere"",""model"":""30G"",""machine_type"":""Mini Excavator"",""track_size"":"""",""model_key"":""john-deere-30g""},{""make"":""John Deere"",""model"":""35D"",""machine_type"":""Mini Excavator"",""track_size"":"""",""model_key"":""john-deere-35d""},{""make"":""John Deere"",""model"":""35G"",""machine_type"":""Mini Excavator"",""track_size"":"""",""model_key"":""john-deere-35g""},{""make"":""John Deere"",""model"":""35P"",""machine_type"":"""",""track_size"":"""",""model_key"":""john-deere-35p""},{""make"":""Komatsu"",""model"":""PC27MR"",""machine_type"":""Mini Excavator"",""track_size"":"""",""model_key"":""komatsu-pc27mr""},{""make"":""Komatsu"",""model"":""PC27MR 2"",""machine_type"":"""",""track_size"":"""",""model_key"":""komatsu-pc27mr-2""},{""make"":""Komatsu"",""model"":""PC27MR-3"",""machine_type"":""Mini Excavator"",""track_size"":"""",""model_key"":""komatsu-pc27mr-3""},{""make"":""Komatsu"",""model"":""PC30MR-3"",""machine_type"":""Mini Excavator"",""track_size"":"""",""model_key"":""komatsu-pc30mr-3""},{""make"":""Komatsu"",""model"":""PC35MR-2"",""machine_type"":""Mini Excavator"",""track_size"":"""",""model_key"":""komatsu-pc35mr-2""},{""make"":""Komatsu"",""model"":""PC35MR-3"",""machine_type"":""Mini Excavator"",""track_size"":"""",""model_key"":""komatsu-pc35mr-3""}],""display_text"":""Fits select Hitachi, John Deere, and Komatsu and other mini excavator.""}"
sp1033840,MERGE,TRUE,SP1033840,"{""verified"":true,""machine_type"":""Mini Excavator"",""track_size"":"""",""fits"":[{""make"":""John Deere"",""model"":""75G"",""machine_type"":""Mini Excavator"",""track_size"":"""",""model_key"":""john-deere-75g""},{""make"":""John Deere"",""model"":""85G"",""machine_type"":""Mini Excavator"",""track_size"":"""",""model_key"":""john-deere-85g""}],""display_text"":""Fits select John Deere and other mini excavator.""}"
sp130-9326,MERGE,TRUE,SP130-9326,"{""verified"":true,""machine_type"":""Mini Excavator"",""track_size"":"""",""fits"":[{""make"":""CAT"",""model"":""308 CR"",""machine_type"":""Mini Excavator"",""track_size"":"""",""model_key"":""cat-308-cr""},{""make"":""CAT"",""model"":""308C CR"",""machine_type"":""Mini Excavator"",""track_size"":"""",""model_key"":""cat-308c-cr""},{""make"":""CAT"",""model"":""308C SR"",""machine_type"":""Mini Excavator"",""track_size"":"""",""model_key"":""cat-308c-sr""}],""display_text"":""Fits select CAT and other mini excavator.""}"
sp158-4795,MERGE,TRUE,SP158-4795,"{""verified"":true,""machine_type"":""Mini Excavator"",""track_size"":"""",""fits"":[{""make"":""CAT"",""model"":""304"",""machine_type"":"""",""track_size"":"""",""model_key"":""cat-304""},{""make"":""CAT"",""model"":""304.5"",""machine_type"":""Mini Excavator"",""track_size"":"""",""model_key"":""cat-304-5""},{""make"":""CAT"",""model"":""304C CR"",""machine_type"":""Mini Excavator"",""track_size"":"""",""model_key"":""cat-304c-cr""},{""make"":""CAT"",""model"":""304CR"",""machine_type"":""Mini Excavator"",""track_size"":"""",""model_key"":""cat-304cr""},{""make"":""CAT"",""model"":""304D CR"",""machine_type"":""Mini Excavator"",""track_size"":"""",""model_key"":""cat-304d-cr""},{""make"":""CAT"",""model"":""305.5"",""machine_type"":""Mini Excavator"",""track_size"":"""",""model_key"":""cat-305-5""},{""make"":""CAT"",""model"":""305CR"",""machine_type"":""Mini Excavator"",""track_size"":"""",""model_key"":""cat-305cr""},{""make"":""CAT"",""model"":""305DCR"",""machine_type"":""Mini Excavator"",""track_size"":"""",""model_key"":""cat-305dcr""},{""make"":""CAT"",""model"":""305E CR"",""machine_type"":""Mini Excavator"",""track_size"":"""",""model_key"":""cat-305e-cr""},{""make"":""CAT"",""model"":""306CR"",""machine_type"":""Mini Excavator"",""track_size"":"""",""model_key"":""cat-306cr""}],""display_text"":""Fits select CAT and other mini excavator.""}"
sp1r5440,MERGE,TRUE,SP1R5440,"{""verified"":false,""machine_type"":"""",""track_size"":"""",""fits"":[{""make"":""CAT"",""model"":""E70"",""machine_type"":"""",""track_size"":"""",""model_key"":""cat-e70""},{""make"":""CAT"",""model"":""E70B"",""machine_type"":"""",""track_size"":"""",""model_key"":""cat-e70b""}],""display_text"":""Fits select CAT and other machines.""}"
sp2039666,MERGE,TRUE,SP2039666,"{""verified"":true,""machine_type"":""Mini Excavator"",""track_size"":"""",""fits"":[{""make"":""Hitachi"",""model"":""ZX35U"",""machine_type"":"""",""track_size"":"""",""model_key"":""hitachi-zx35u""},{""make"":""John Deere"",""model"":""35D"",""machine_type"":""Mini Excavator"",""track_size"":"""",""model_key"":""john-deere-35d""},{""make"":""John Deere"",""model"":""35ZTS"",""machine_type"":""Mini Excavator"",""track_size"":"""",""model_key"":""john-deere-35zts""},{""make"":""Kubota"",""model"":""U35"",""machine_type"":"""",""track_size"":"""",""model_key"":""kubota-u35""}],""display_text"":""Fits select Hitachi, John Deere, and Kubota and other mini excavator.""}"
sp2043505,MERGE,TRUE,SP2043505,"{""verified"":true,""machine_type"":"""",""track_size"":"""",""fits"":[{""make"":""John Deere"",""model"":""27ZTS"",""machine_type"":"""",""track_size"":"""",""model_key"":""john-deere-27zts""}],""display_text"":""Fits select John Deere and other machines.""}"
sp2050708,MERGE,TRUE,SP2050708,"{""verified"":true,""machine_type"":"""",""track_size"":"""",""fits"":[{""make"":""Hitachi"",""model"":""EX50U"",""machine_type"":"""",""track_size"":"""",""model_key"":""hitachi-ex50u""},{""make"":""John Deere"",""model"":""50ZTS"",""machine_type"":"""",""track_size"":"""",""model_key"":""john-deere-50zts""}],""display_text"":""Fits select Hitachi, and John Deere and other machines.""}"
sp2054155,MERGE,TRUE,SP2054155,"{""verified"":true,""machine_type"":""Mini Excavator"",""track_size"":"""",""fits"":[{""make"":""John Deere"",""model"":""60D"",""machine_type"":""Mini Excavator"",""track_size"":"""",""model_key"":""john-deere-60d""},{""make"":""John Deere"",""model"":""60G"",""machine_type"":""Mini Excavator"",""track_size"":"""",""model_key"":""john-deere-60g""}],""display_text"":""Fits select John Deere and other mini excavator.""}"
sp2054262,MERGE,TRUE,SP2054262,"{""verified"":true,""machine_type"":""Mini Excavator"",""track_size"":"""",""fits"":[{""make"":""John Deere"",""model"":""26G"",""machine_type"":""Mini Excavator"",""track_size"":"""",""model_key"":""john-deere-26g""}],""display_text"":""Fits select John Deere and other mini excavator.""}"
sp2054978,MERGE,TRUE,SP2054978,"{""verified"":true,""machine_type"":""Mini Excavator"",""track_size"":"""",""fits"":[{""make"":""Hitachi"",""model"":""ZX50U 2"",""machine_type"":"""",""track_size"":"""",""model_key"":""hitachi-zx50u-2""},{""make"":""Hitachi"",""model"":""ZX50U 3"",""machine_type"":"""",""track_size"":"""",""model_key"":""hitachi-zx50u-3""},{""make"":""Hitachi"",""model"":""ZX50U-5"",""machine_type"":""Mini Excavator"",""track_size"":"""",""model_key"":""hitachi-zx50u-5""},{""make"":""John Deere"",""model"":""50D"",""machine_type"":""Mini Excavator"",""track_size"":"""",""model_key"":""john-deere-50d""},{""make"":""John Deere"",""model"":""50G"",""machine_type"":""Mini Excavator"",""track_size"":"""",""model_key"":""john-deere-50g""},{""make"":""John Deere"",""model"":""50P"",""machine_type"":""Mini Excavator"",""track_size"":"""",""model_key"":""john-deere-50p""},{""make"":""Komatsu"",""model"":""PC45MR-3"",""machine_type"":""Mini Excavator"",""track_size"":"""",""model_key"":""komatsu-pc45mr-3""},{""make"":""Komatsu"",""model"":""PC50MR 2"",""machine_type"":"""",""track_size"":"""",""model_key"":""komatsu-pc50mr-2""},{""make"":""Komatsu"",""model"":""PC55MR-3"",""machine_type"":""Mini Excavator"",""track_size"":"""",""model_key"":""komatsu-pc55mr-3""}],""display_text"":""Fits select Hitachi, John Deere, and Komatsu and other mini excavator.""}"
sp2056268,MERGE,TRUE,SP2056268,"{""verified"":true,""machine_type"":""Mini Excavator"",""track_size"":"""",""fits"":[{""make"":""John Deere"",""model"":""17D"",""machine_type"":""Mini Excavator"",""track_size"":"""",""model_key"":""john-deere-17d""},{""make"":""John Deere"",""model"":""17G"",""machine_type"":""Mini Excavator"",""track_size"":"""",""model_key"":""john-deere-17g""}],""display_text"":""Fits select John Deere and other mini excavator.""}"
sp20t-27-71111,MERGE,TRUE,SP20T-27-71111,"{""verified"":false,""machine_type"":"""",""track_size"":"""",""fits"":[{""make"":""Komatsu"",""model"":""PC40R-8"",""machine_type"":"""",""track_size"":"""",""model_key"":""komatsu-pc40r-8""},{""make"":""Komatsu"",""model"":""PC45-1"",""machine_type"":"""",""track_size"":"""",""model_key"":""komatsu-pc45-1""},{""make"":""Komatsu"",""model"":""PC45R-8"",""machine_type"":"""",""track_size"":"""",""model_key"":""komatsu-pc45r-8""},{""make"":""Komatsu"",""model"":""PC50UU-2"",""machine_type"":"""",""track_size"":"""",""model_key"":""komatsu-pc50uu-2""}],""display_text"":""Fits select Komatsu and other machines.""}"
sp21w-27-31112,MERGE,TRUE,SP21W-27-31112,"{""verified"":false,""machine_type"":"""",""track_size"":"""",""fits"":[{""make"":""Komatsu"",""model"":""PC75UU-3"",""machine_type"":"""",""track_size"":"""",""model_key"":""komatsu-pc75uu-3""},{""make"":""Komatsu"",""model"":""PC78US"",""machine_type"":"""",""track_size"":"""",""model_key"":""komatsu-pc78us""}],""display_text"":""Fits select Komatsu and other machines.""}"
sp2404n267,MERGE,TRUE,SP2404N267,"{""verified"":true,""machine_type"":""Mini Excavator"",""track_size"":"""",""fits"":[{""make"":""Kobelco"",""model"":""SK85CS"",""machine_type"":"""",""track_size"":"""",""model_key"":""kobelco-sk85cs""},{""make"":""New Holland"",""model"":""E 70SR"",""machine_type"":""Mini Excavator"",""track_size"":"""",""model_key"":""new-holland-e-70sr""},{""make"":""New Holland"",""model"":""E 80"",""machine_type"":""Mini Excavator"",""track_size"":"""",""model_key"":""new-holland-e-80""},{""make"":""New Holland"",""model"":""E 80BMSR"",""machine_type"":""Mini Excavator"",""track_size"":"""",""model_key"":""new-holland-e-80bmsr""}],""display_text"":""Fits select Kobelco, and New Holland and other mini excavator.""}"
sp264-5371,MERGE,TRUE,SP264-5371,"{""verified"":true,""machine_type"":""Mini Excavator"",""track_size"":"""",""fits"":[{""make"":""CAT"",""model"":""303 5CCR"",""machine_type"":"""",""track_size"":"""",""model_key"":""cat-303-5ccr""},{""make"":""CAT"",""model"":""303.5 CR"",""machine_type"":""Mini Excavator"",""track_size"":"""",""model_key"":""cat-303-5-cr""},{""make"":""CAT"",""model"":""303.5D CR"",""machine_type"":""Mini Excavator"",""track_size"":"""",""model_key"":""cat-303-5d-cr""},{""make"":""CAT"",""model"":""303.5E CR"",""machine_type"":""Mini Excavator"",""track_size"":"""",""model_key"":""cat-303-5e-cr""},{""make"":""CAT"",""model"":""303C CR"",""machine_type"":""Mini Excavator"",""track_size"":"""",""model_key"":""cat-303c-cr""},{""make"":""CAT"",""model"":""304E CR"",""machine_type"":""Mini Excavator"",""track_size"":"""",""model_key"":""cat-304e-cr""}],""display_text"":""Fits select CAT and other mini excavator.""}"
sp304-1870,MERGE,TRUE,SP304-1870,"{""verified"":true,""machine_type"":""Compact Track Loader"",""track_size"":"""",""fits"":[{""make"":""CAT"",""model"":""239D"",""machine_type"":""Compact Track Loader"",""track_size"":"""",""model_key"":""cat-239d""},{""make"":""CAT"",""model"":""239D3"",""machine_type"":""Compact Track Loader"",""track_size"":"""",""model_key"":""cat-239d3""},{""make"":""CAT"",""model"":""249D"",""machine_type"":""Compact Track Loader"",""track_size"":"""",""model_key"":""cat-249d""},{""make"":""CAT"",""model"":""249D3"",""machine_type"":""Compact Track Loader"",""track_size"":"""",""model_key"":""cat-249d3""},{""make"":""CAT"",""model"":""255"",""machine_type"":""Compact Track Loader"",""track_size"":"""",""model_key"":""cat-255""},{""make"":""CAT"",""model"":""259B3"",""machine_type"":""Compact Track Loader"",""track_size"":"""",""model_key"":""cat-259b3""},{""make"":""CAT"",""model"":""259D"",""machine_type"":""Compact Track Loader"",""track_size"":"""",""model_key"":""cat-259d""},{""make"":""CAT"",""model"":""259D3"",""machine_type"":""Compact Track Loader"",""track_size"":"""",""model_key"":""cat-259d3""}],""display_text"":""Fits select CAT and other compact track loader.""}"
sp304-1916,MERGE,TRUE,SP304-1916,"{""verified"":true,""machine_type"":""Compact Track Loader"",""track_size"":"""",""fits"":[{""make"":""CAT"",""model"":""269C"",""machine_type"":""Compact Track Loader"",""track_size"":"""",""model_key"":""cat-269c""},{""make"":""CAT"",""model"":""279C"",""machine_type"":""Compact Track Loader"",""track_size"":"""",""model_key"":""cat-279c""},{""make"":""CAT"",""model"":""279C2"",""machine_type"":"""",""track_size"":"""",""model_key"":""cat-279c2""},{""make"":""CAT"",""model"":""279D"",""machine_type"":""Compact Track Loader"",""track_size"":"""",""model_key"":""cat-279d""},{""make"":""CAT"",""model"":""289C"",""machine_type"":""Compact Track Loader"",""track_size"":"""",""model_key"":""cat-289c""},{""make"":""CAT"",""model"":""289C2"",""machine_type"":""Compact Track Loader"",""track_size"":"""",""model_key"":""cat-289c2""},{""make"":""CAT"",""model"":""289D"",""machine_type"":""Compact Track Loader"",""track_size"":"""",""model_key"":""cat-289d""},{""make"":""CAT"",""model"":""289D3"",""machine_type"":""Compact Track Loader"",""track_size"":"""",""model_key"":""cat-289d3""},{""make"":""CAT"",""model"":""299C"",""machine_type"":""Compact Track Loader"",""track_size"":"""",""model_key"":""cat-299c""},{""make"":""CAT"",""model"":""299D"",""machine_type"":""Compact Track Loader"",""track_size"":"""",""model_key"":""cat-299d""},{""make"":""CAT"",""model"":""299D XHP"",""machine_type"":""Compact Track Loader"",""track_size"":"""",""model_key"":""cat-299d-xhp""},{""make"":""CAT"",""model"":""299D2"",""machine_type"":""Compact Track Loader"",""track_size"":"""",""model_key"":""cat-299d2""},{""make"":""CAT"",""model"":""299D2 XHP"",""machine_type"":""Compact Track Loader"",""track_size"":"""",""model_key"":""cat-299d2-xhp""},{""make"":""CAT"",""model"":""299D3"",""machine_type"":""Compact Track Loader"",""track_size"":"""",""model_key"":""cat-299d3""},{""make"":""CAT"",""model"":""299D3 XE"",""machine_type"":""Compact Track Loader"",""track_size"":"""",""model_key"":""cat-299d3-xe""}],""display_text"":""Fits select CAT and other compact track loader.""}"
sp6587308,MERGE,TRUE,SP6587308,"{""verified"":false,""machine_type"":"""",""track_size"":"""",""fits"":[{""make"":""Bobcat"",""model"":""X225"",""machine_type"":"""",""track_size"":"""",""model_key"":""bobcat-x225""},{""make"":""Bobcat"",""model"":""X325"",""machine_type"":"""",""track_size"":"""",""model_key"":""bobcat-x325""},{""make"":""Bobcat"",""model"":""X325D"",""machine_type"":"""",""track_size"":"""",""model_key"":""bobcat-x325d""},{""make"":""Bobcat"",""model"":""X325G"",""machine_type"":"""",""track_size"":"""",""model_key"":""bobcat-x325g""}],""display_text"":""Fits select Bobcat and other machines.""}"
sp6715821,MERGE,TRUE,SP6715821,"{""verified"":true,""machine_type"":""Compact Track Loader"",""track_size"":"""",""fits"":[{""make"":""Bobcat"",""model"":""864"",""machine_type"":""Compact Track Loader"",""track_size"":"""",""model_key"":""bobcat-864""},{""make"":""Bobcat"",""model"":""864G"",""machine_type"":""Compact Track Loader"",""track_size"":"""",""model_key"":""bobcat-864g""},{""make"":""Bobcat"",""model"":""T200"",""machine_type"":""Compact Track Loader"",""track_size"":"""",""model_key"":""bobcat-t200""},{""make"":""Bobcat"",""model"":""T250"",""machine_type"":""Compact Track Loader"",""track_size"":"""",""model_key"":""bobcat-t250""},{""make"":""Bobcat"",""model"":""T300"",""machine_type"":""Compact Track Loader"",""track_size"":"""",""model_key"":""bobcat-t300""}],""display_text"":""Fits select Bobcat and other compact track loader.""}"
sp6726052,MERGE,TRUE,SP6726052,"{""verified"":true,""machine_type"":""Compact Track Loader"",""track_size"":"""",""fits"":[{""make"":""Bobcat"",""model"":""T180"",""machine_type"":""Compact Track Loader"",""track_size"":"""",""model_key"":""bobcat-t180""},{""make"":""Bobcat"",""model"":""T190"",""machine_type"":""Compact Track Loader"",""track_size"":"""",""model_key"":""bobcat-t190""}],""display_text"":""Fits select Bobcat and other compact track loader.""}"
sp6733211,MERGE,TRUE,SP6733211,"{""verified"":true,""machine_type"":""Mini Track Loader"",""track_size"":"""",""fits"":[{""make"":""Bobcat"",""model"":""MT50"",""machine_type"":""Mini Track Loader"",""track_size"":"""",""model_key"":""bobcat-mt50""}],""display_text"":""Fits select Bobcat and other mini track loader.""}"
sp6736308,MERGE,TRUE,SP6736308,"{""verified"":true,""machine_type"":""Compact Track Loader"",""track_size"":"""",""fits"":[{""make"":""Bobcat"",""model"":""T180"",""machine_type"":""Compact Track Loader"",""track_size"":"""",""model_key"":""bobcat-t180""},{""make"":""Bobcat"",""model"":""T190"",""machine_type"":""Compact Track Loader"",""track_size"":"""",""model_key"":""bobcat-t190""}],""display_text"":""Fits select Bobcat and other compact track loader.""}"
sp6812134,MERGE,TRUE,SP6812134,"{""verified"":false,""machine_type"":"""",""track_size"":"""",""fits"":[{""make"":""Bobcat"",""model"":""X337"",""machine_type"":"""",""track_size"":"""",""model_key"":""bobcat-x337""},{""make"":""Bobcat"",""model"":""X341"",""machine_type"":"""",""track_size"":"""",""model_key"":""bobcat-x341""},{""make"":""Bobcat"",""model"":""X435"",""machine_type"":"""",""track_size"":"""",""model_key"":""bobcat-x435""}],""display_text"":""Fits select Bobcat and other machines.""}"
sp6813372,MERGE,TRUE,SP6813372,"{""verified"":true,""machine_type"":""Mini Excavator"",""track_size"":"""",""fits"":[{""make"":""Bobcat"",""model"":""325"",""machine_type"":""Mini Excavator"",""track_size"":"""",""model_key"":""bobcat-325""},{""make"":""Bobcat"",""model"":""329"",""machine_type"":""Mini Excavator"",""track_size"":"""",""model_key"":""bobcat-329""},{""make"":""Bobcat"",""model"":""331"",""machine_type"":""Mini Excavator"",""track_size"":"""",""model_key"":""bobcat-331""},{""make"":""Bobcat"",""model"":""331E"",""machine_type"":"""",""track_size"":"""",""model_key"":""bobcat-331e""},{""make"":""Bobcat"",""model"":""334"",""machine_type"":""Mini Excavator"",""track_size"":"""",""model_key"":""bobcat-334""},{""make"":""Bobcat"",""model"":""425"",""machine_type"":""Mini Excavator"",""track_size"":"""",""model_key"":""bobcat-425""},{""make"":""Bobcat"",""model"":""428"",""machine_type"":""Mini Excavator"",""track_size"":"""",""model_key"":""bobcat-428""},{""make"":""Bobcat"",""model"":""E35"",""machine_type"":""Mini Excavator"",""track_size"":"""",""model_key"":""bobcat-e35""},{""make"":""Case"",""model"":""CX33C"",""machine_type"":""Mini Excavator"",""track_size"":"""",""model_key"":""case-cx33c""},{""make"":""Case"",""model"":""CX37C"",""machine_type"":""Mini Excavator"",""track_size"":"""",""model_key"":""case-cx37c""}],""display_text"":""Fits select Bobcat, and Case and other mini excavator.""}"
sp6816203,MERGE,TRUE,SP6816203,"{""verified"":true,""machine_type"":""Mini Track Loader"",""track_size"":"""",""fits"":[{""make"":""Bobcat"",""model"":""320"",""machine_type"":""Mini Track Loader"",""track_size"":"""",""model_key"":""bobcat-320""},{""make"":""Bobcat"",""model"":""323"",""machine_type"":"""",""track_size"":"""",""model_key"":""bobcat-323""}],""display_text"":""Fits select Bobcat and other mini track loader.""}"
sp6816209,MERGE,TRUE,SP6816209,"{""verified"":true,""machine_type"":""Mini Excavator"",""track_size"":"""",""fits"":[{""make"":""Bobcat"",""model"":""337"",""machine_type"":""Mini Excavator"",""track_size"":"""",""model_key"":""bobcat-337""},{""make"":""Bobcat"",""model"":""341"",""machine_type"":""Mini Excavator"",""track_size"":"""",""model_key"":""bobcat-341""},{""make"":""Bobcat"",""model"":""435"",""machine_type"":""Mini Excavator"",""track_size"":"""",""model_key"":""bobcat-435""}],""display_text"":""Fits select Bobcat and other mini excavator.""}"
sp68621-14430,MERGE,TRUE,SP68621-14430,"{""verified"":true,""machine_type"":""Mini Excavator"",""track_size"":"""",""fits"":[{""make"":""Kubota"",""model"":""KX101"",""machine_type"":""Mini Excavator"",""track_size"":"""",""model_key"":""kubota-kx101""},{""make"":""Kubota"",""model"":""KX91-2"",""machine_type"":""Mini Excavator"",""track_size"":"""",""model_key"":""kubota-kx91-2""}],""display_text"":""Fits select Kubota and other mini excavator.""}"
sp7107228,MERGE,TRUE,SP7107228,"{""verified"":true,""machine_type"":""Mini Track Loader"",""track_size"":"""",""fits"":[{""make"":""Bobcat"",""model"":""MT52"",""machine_type"":""Mini Track Loader"",""track_size"":"""",""model_key"":""bobcat-mt52""},{""make"":""Bobcat"",""model"":""MT55"",""machine_type"":""Mini Track Loader"",""track_size"":"""",""model_key"":""bobcat-mt55""}],""display_text"":""Fits select Bobcat and other mini track loader.""}"
sp7165109,MERGE,TRUE,SP7165109,"{""verified"":true,""machine_type"":""Compact Track Loader"",""track_size"":"""",""fits"":[{""make"":""Bobcat"",""model"":""864"",""machine_type"":""Compact Track Loader"",""track_size"":"""",""model_key"":""bobcat-864""},{""make"":""Bobcat"",""model"":""864G"",""machine_type"":""Compact Track Loader"",""track_size"":"""",""model_key"":""bobcat-864g""},{""make"":""Bobcat"",""model"":""T200"",""machine_type"":""Compact Track Loader"",""track_size"":"""",""model_key"":""bobcat-t200""},{""make"":""Bobcat"",""model"":""T250"",""machine_type"":""Compact Track Loader"",""track_size"":"""",""model_key"":""bobcat-t250""},{""make"":""Bobcat"",""model"":""T300"",""machine_type"":""Compact Track Loader"",""track_size"":"""",""model_key"":""bobcat-t300""},{""make"":""Bobcat"",""model"":""T320"",""machine_type"":""Compact Track Loader"",""track_size"":"""",""model_key"":""bobcat-t320""},{""make"":""Bobcat"",""model"":""T590"",""machine_type"":""Compact Track Loader"",""track_size"":"""",""model_key"":""bobcat-t590""},{""make"":""Bobcat"",""model"":""T630"",""machine_type"":""Compact Track Loader"",""track_size"":"""",""model_key"":""bobcat-t630""},{""make"":""Bobcat"",""model"":""T650"",""machine_type"":""Compact Track Loader"",""track_size"":"""",""model_key"":""bobcat-t650""},{""make"":""Bobcat"",""model"":""T740"",""machine_type"":""Compact Track Loader"",""track_size"":"""",""model_key"":""bobcat-t740""},{""make"":""Bobcat"",""model"":""T750"",""machine_type"":""Compact Track Loader"",""track_size"":"""",""model_key"":""bobcat-t750""},{""make"":""Bobcat"",""model"":""T770"",""machine_type"":""Compact Track Loader"",""track_size"":"""",""model_key"":""bobcat-t770""},{""make"":""Bobcat"",""model"":""T870"",""machine_type"":""Compact Track Loader"",""track_size"":"""",""model_key"":""bobcat-t870""}],""display_text"":""Fits select Bobcat and other compact track loader.""}"
sp7165111,MERGE,TRUE,SP7165111,"{""verified"":true,""machine_type"":""Compact Track Loader"",""track_size"":"""",""fits"":[{""make"":""Bobcat"",""model"":""T140"",""machine_type"":""Compact Track Loader"",""track_size"":"""",""model_key"":""bobcat-t140""},{""make"":""Bobcat"",""model"":""T180"",""machine_type"":""Compact Track Loader"",""track_size"":"""",""model_key"":""bobcat-t180""},{""make"":""Bobcat"",""model"":""T190"",""machine_type"":""Compact Track Loader"",""track_size"":"""",""model_key"":""bobcat-t190""},{""make"":""Bobcat"",""model"":""T590"",""machine_type"":""Compact Track Loader"",""track_size"":"""",""model_key"":""bobcat-t590""}],""display_text"":""Fits select Bobcat and other compact track loader.""}"
sp7166679,MERGE,TRUE,SP7166679,"{""verified"":true,""machine_type"":""Compact Track Loader"",""track_size"":"""",""fits"":[{""make"":""Bobcat"",""model"":""T140"",""machine_type"":""Compact Track Loader"",""track_size"":"""",""model_key"":""bobcat-t140""},{""make"":""Bobcat"",""model"":""T180"",""machine_type"":""Compact Track Loader"",""track_size"":"""",""model_key"":""bobcat-t180""},{""make"":""Bobcat"",""model"":""T190"",""machine_type"":""Compact Track Loader"",""track_size"":"""",""model_key"":""bobcat-t190""},{""make"":""Bobcat"",""model"":""T550"",""machine_type"":""Compact Track Loader"",""track_size"":"""",""model_key"":""bobcat-t550""},{""make"":""Bobcat"",""model"":""T590"",""machine_type"":""Compact Track Loader"",""track_size"":"""",""model_key"":""bobcat-t590""},{""make"":""Bobcat"",""model"":""T630"",""machine_type"":""Compact Track Loader"",""track_size"":"""",""model_key"":""bobcat-t630""},{""make"":""Bobcat"",""model"":""T650"",""machine_type"":""Compact Track Loader"",""track_size"":"""",""model_key"":""bobcat-t650""}],""display_text"":""Fits select Bobcat and other compact track loader.""}"
sp7196807,MERGE,TRUE,SP7196807,"{""verified"":true,""machine_type"":""Compact Track Loader"",""track_size"":"""",""fits"":[{""make"":""Bobcat"",""model"":""T300"",""machine_type"":""Compact Track Loader"",""track_size"":"""",""model_key"":""bobcat-t300""},{""make"":""Bobcat"",""model"":""T630"",""machine_type"":""Compact Track Loader"",""track_size"":"""",""model_key"":""bobcat-t630""},{""make"":""Bobcat"",""model"":""T650"",""machine_type"":""Compact Track Loader"",""track_size"":"""",""model_key"":""bobcat-t650""},{""make"":""Bobcat"",""model"":""T740"",""machine_type"":""Compact Track Loader"",""track_size"":"""",""model_key"":""bobcat-t740""},{""make"":""Bobcat"",""model"":""T750"",""machine_type"":""Compact Track Loader"",""track_size"":"""",""model_key"":""bobcat-t750""},{""make"":""Bobcat"",""model"":""T770"",""machine_type"":""Compact Track Loader"",""track_size"":"""",""model_key"":""bobcat-t770""},{""make"":""Bobcat"",""model"":""T870"",""machine_type"":""Compact Track Loader"",""track_size"":"""",""model_key"":""bobcat-t870""}],""display_text"":""Fits select Bobcat and other compact track loader.""}"
sp7199006,MERGE,TRUE,SP7199006,"{""verified"":true,""machine_type"":""Mini Excavator"",""track_size"":"""",""fits"":[{""make"":""Bobcat"",""model"":""E26"",""machine_type"":""Mini Excavator"",""track_size"":"""",""model_key"":""bobcat-e26""},{""make"":""Bobcat"",""model"":""E32"",""machine_type"":""Mini Excavator"",""track_size"":"""",""model_key"":""bobcat-e32""},{""make"":""Bobcat"",""model"":""E32I"",""machine_type"":"""",""track_size"":"""",""model_key"":""bobcat-e32i""},{""make"":""Bobcat"",""model"":""E35"",""machine_type"":""Mini Excavator"",""track_size"":"""",""model_key"":""bobcat-e35""},{""make"":""Bobcat"",""model"":""E35Z"",""machine_type"":""Mini Excavator"",""track_size"":"""",""model_key"":""bobcat-e35z""},{""make"":""Bobcat"",""model"":""E35i"",""machine_type"":""Mini Excavator"",""track_size"":"""",""model_key"":""bobcat-e35i""},{""make"":""Doosan"",""model"":""DX35 5"",""machine_type"":"""",""track_size"":"""",""model_key"":""doosan-dx35-5""}],""display_text"":""Fits select Bobcat, and Doosan and other mini excavator.""}"
sp7199007,MERGE,TRUE,SP7199007,"{""verified"":true,""machine_type"":""Mini Excavator"",""track_size"":"""",""fits"":[{""make"":""Bobcat"",""model"":""E42"",""machine_type"":""Mini Excavator"",""track_size"":"""",""model_key"":""bobcat-e42""}],""display_text"":""Fits select Bobcat and other mini excavator.""}"
sp7204050,MERGE,TRUE,SP7204050,"{""verified"":true,""machine_type"":""Compact Track Loader"",""track_size"":"""",""fits"":[{""make"":""Bobcat"",""model"":""T450"",""machine_type"":""Compact Track Loader"",""track_size"":"""",""model_key"":""bobcat-t450""},{""make"":""Bobcat"",""model"":""T550"",""machine_type"":""Compact Track Loader"",""track_size"":"""",""model_key"":""bobcat-t550""},{""make"":""Bobcat"",""model"":""T590"",""machine_type"":""Compact Track Loader"",""track_size"":"""",""model_key"":""bobcat-t590""},{""make"":""Bobcat"",""model"":""T595"",""machine_type"":""Compact Track Loader"",""track_size"":"""",""model_key"":""bobcat-t595""}],""display_text"":""Fits select Bobcat and other compact track loader.""}"
sp7227421,MERGE,TRUE,SP7227421,"{""verified"":true,""machine_type"":""Compact Track Loader"",""track_size"":"""",""fits"":[{""make"":""Bobcat"",""model"":""T740"",""machine_type"":""Compact Track Loader"",""track_size"":"""",""model_key"":""bobcat-t740""},{""make"":""Bobcat"",""model"":""T770"",""machine_type"":""Compact Track Loader"",""track_size"":"""",""model_key"":""bobcat-t770""},{""make"":""Bobcat"",""model"":""T870"",""machine_type"":""Compact Track Loader"",""track_size"":"""",""model_key"":""bobcat-t870""}],""display_text"":""Fits select Bobcat and other compact track loader.""}"
sp7270159,MERGE,TRUE,SP7270159,"{""verified"":true,""machine_type"":""Compact Track Loader"",""track_size"":"""",""fits"":[{""make"":""Bobcat"",""model"":""T630"",""machine_type"":""Compact Track Loader"",""track_size"":"""",""model_key"":""bobcat-t630""},{""make"":""Bobcat"",""model"":""T650"",""machine_type"":""Compact Track Loader"",""track_size"":"""",""model_key"":""bobcat-t650""},{""make"":""Bobcat"",""model"":""T770"",""machine_type"":""Compact Track Loader"",""track_size"":"""",""model_key"":""bobcat-t770""}],""display_text"":""Fits select Bobcat and other compact track loader.""}"
sp87460888,MERGE,TRUE,SP87460888,"{""verified"":true,""machine_type"":""Compact Track Loader"",""track_size"":"""",""fits"":[{""make"":""Case"",""model"":""420CT"",""machine_type"":""Compact Track Loader"",""track_size"":"""",""model_key"":""case-420ct""},{""make"":""Case"",""model"":""440CT"",""machine_type"":""Compact Track Loader"",""track_size"":"""",""model_key"":""case-440ct""},{""make"":""Case"",""model"":""445CT"",""machine_type"":""Compact Track Loader"",""track_size"":"""",""model_key"":""case-445ct""},{""make"":""Case"",""model"":""450CT"",""machine_type"":""Compact Track Loader"",""track_size"":"""",""model_key"":""case-450ct""},{""make"":""Case"",""model"":""TR270"",""machine_type"":""Compact Track Loader"",""track_size"":"""",""model_key"":""case-tr270""},{""make"":""Case"",""model"":""TR270B"",""machine_type"":"""",""track_size"":"""",""model_key"":""case-tr270b""},{""make"":""Case"",""model"":""TR310"",""machine_type"":""Compact Track Loader"",""track_size"":"""",""model_key"":""case-tr310""},{""make"":""Case"",""model"":""TR310B"",""machine_type"":""Compact Track Loader"",""track_size"":"""",""model_key"":""case-tr310b""},{""make"":""Case"",""model"":""TR320"",""machine_type"":""Compact Track Loader"",""track_size"":"""",""model_key"":""case-tr320""},{""make"":""Case"",""model"":""TR340"",""machine_type"":""Compact Track Loader"",""track_size"":"""",""model_key"":""case-tr340""},{""make"":""Case"",""model"":""TR340B"",""machine_type"":""Compact Track Loader"",""track_size"":"""",""model_key"":""case-tr340b""},{""make"":""Case"",""model"":""TV370"",""machine_type"":"""",""track_size"":"""",""model_key"":""case-tv370""},{""make"":""Case"",""model"":""TV370B"",""machine_type"":""Compact Track Loader"",""track_size"":"""",""model_key"":""case-tv370b""},{""make"":""Case"",""model"":""TV380"",""machine_type"":""Compact Track Loader"",""track_size"":"""",""model_key"":""case-tv380""},{""make"":""Case"",""model"":""TV450"",""machine_type"":"""",""track_size"":"""",""model_key"":""case-tv450""},{""make"":""Case"",""model"":""TV450B"",""machine_type"":""Compact Track Loader"",""track_size"":"""",""model_key"":""case-tv450b""},{""make"":""Gehl"",""model"":""RT215"",""machine_type"":""Compact Track Loader"",""track_size"":"""",""model_key"":""gehl-rt215""},{""make"":""Gehl"",""model"":""RT250"",""machine_type"":""Compact Track Loader"",""track_size"":"""",""model_key"":""gehl-rt250""},{""make"":""Gehl"",""model"":""RT255"",""machine_type"":""Compact Track Loader"",""track_size"":"""",""model_key"":""gehl-rt255""},{""make"":""Gehl"",""model"":""VT320"",""machine_type"":""Compact Track Loader"",""track_size"":"""",""model_key"":""gehl-vt320""},{""make"":""Mustang"",""model"":""2100RT"",""machine_type"":""Compact Track Loader"",""track_size"":"""",""model_key"":""mustang-2100rt""},{""make"":""Mustang"",""model"":""2150RT"",""machine_type"":""Compact Track Loader"",""track_size"":"""",""model_key"":""mustang-2150rt""},{""make"":""New Holland"",""model"":""C175"",""machine_type"":""Compact Track Loader"",""track_size"":"""",""model_key"":""new-holland-c175""},{""make"":""New Holland"",""model"":""C180"",""machine_type"":"""",""track_size"":"""",""model_key"":""new-holland-c180""},{""make"":""New Holland"",""model"":""C185"",""machine_type"":""Compact Track Loader"",""track_size"":"""",""model_key"":""new-holland-c185""},{""make"":""New Holland"",""model"":""C190"",""machine_type"":""Compact Track Loader"",""track_size"":"""",""model_key"":""new-holland-c190""},{""make"":""New Holland"",""model"":""C227"",""machine_type"":""Compact Track Loader"",""track_size"":"""",""model_key"":""new-holland-c227""},{""make"":""New Holland"",""model"":""C232"",""machine_type"":""Compact Track Loader"",""track_size"":"""",""model_key"":""new-holland-c232""},{""make"":""New Holland"",""model"":""C234"",""machine_type"":""Compact Track Loader"",""track_size"":"""",""model_key"":""new-holland-c234""},{""make"":""New Holland"",""model"":""C237"",""machine_type"":""Compact Track Loader"",""track_size"":"""",""model_key"":""new-holland-c237""},{""make"":""New Holland"",""model"":""C238"",""machine_type"":""Compact Track Loader"",""track_size"":"""",""model_key"":""new-holland-c238""},{""make"":""New Holland"",""model"":""C245"",""machine_type"":""Compact Track Loader"",""track_size"":"""",""model_key"":""new-holland-c245""},{""make"":""New Holland"",""model"":""C327"",""machine_type"":""Compact Track Loader"",""track_size"":"""",""model_key"":""new-holland-c327""},{""make"":""New Holland"",""model"":""C332"",""machine_type"":""Compact Track Loader"",""track_size"":"""",""model_key"":""new-holland-c332""},{""make"":""New Holland"",""model"":""C334"",""machine_type"":""Compact Track Loader"",""track_size"":"""",""model_key"":""new-holland-c334""},{""make"":""New Holland"",""model"":""C337"",""machine_type"":""Compact Track Loader"",""track_size"":"""",""model_key"":""new-holland-c337""},{""make"":""New Holland"",""model"":""C345"",""machine_type"":""Compact Track Loader"",""track_size"":"""",""model_key"":""new-holland-c345""},{""make"":""New Holland"",""model"":""LT175B"",""machine_type"":""Compact Track Loader"",""track_size"":"""",""model_key"":""new-holland-lt175b""},{""make"":""New Holland"",""model"":""LT185B"",""machine_type"":""Compact Track Loader"",""track_size"":"""",""model_key"":""new-holland-lt185b""},{""make"":""New Holland"",""model"":""LT190B"",""machine_type"":""Compact Track Loader"",""track_size"":"""",""model_key"":""new-holland-lt190b""}],""display_text"":""Fits select Case, Gehl, Mustang, and New Holland and other compact track loader.""}"
spadaptert190,MERGE,TRUE,SPADAPTERT190,"{""verified"":true,""machine_type"":""Compact Track Loader"",""track_size"":"""",""fits"":[{""make"":""Bobcat"",""model"":""T180"",""machine_type"":""Compact Track Loader"",""track_size"":"""",""model_key"":""bobcat-t180""},{""make"":""Bobcat"",""model"":""T190"",""machine_type"":""Compact Track Loader"",""track_size"":"""",""model_key"":""bobcat-t190""}],""display_text"":""Fits select Bobcat and other compact track loader.""}"
spid2641,MERGE,TRUE,SPID2641,"{""verified"":true,""machine_type"":""Compact Track Loader"",""track_size"":"""",""fits"":[{""make"":""John Deere"",""model"":""323D"",""machine_type"":""Compact Track Loader"",""track_size"":"""",""model_key"":""john-deere-323d""},{""make"":""John Deere"",""model"":""329D"",""machine_type"":""Compact Track Loader"",""track_size"":"""",""model_key"":""john-deere-329d""},{""make"":""John Deere"",""model"":""329E"",""machine_type"":""Compact Track Loader"",""track_size"":"""",""model_key"":""john-deere-329e""},{""make"":""John Deere"",""model"":""333D"",""machine_type"":""Compact Track Loader"",""track_size"":"""",""model_key"":""john-deere-333d""},{""make"":""John Deere"",""model"":""CT322"",""machine_type"":""Compact Track Loader"",""track_size"":"""",""model_key"":""john-deere-ct322""},{""make"":""John Deere"",""model"":""CT332"",""machine_type"":""Compact Track Loader"",""track_size"":"""",""model_key"":""john-deere-ct332""}],""display_text"":""Fits select John Deere and other compact track loader.""}"
spid2711,MERGE,TRUE,SPID2711,"{""verified"":true,""machine_type"":""Compact Track Loader"",""track_size"":"""",""fits"":[{""make"":""Gehl"",""model"":""RT175"",""machine_type"":""Compact Track Loader"",""track_size"":"""",""model_key"":""gehl-rt175""},{""make"":""Gehl"",""model"":""RT185"",""machine_type"":""Compact Track Loader"",""track_size"":"""",""model_key"":""gehl-rt185""},{""make"":""Gehl"",""model"":""RT210"",""machine_type"":""Compact Track Loader"",""track_size"":"""",""model_key"":""gehl-rt210""},{""make"":""Gehl"",""model"":""RT250"",""machine_type"":""Compact Track Loader"",""track_size"":"""",""model_key"":""gehl-rt250""},{""make"":""Gehl"",""model"":""RT255"",""machine_type"":""Compact Track Loader"",""track_size"":"""",""model_key"":""gehl-rt255""},{""make"":""John Deere"",""model"":""319D"",""machine_type"":""Compact Track Loader"",""track_size"":"""",""model_key"":""john-deere-319d""},{""make"":""John Deere"",""model"":""323D"",""machine_type"":""Compact Track Loader"",""track_size"":"""",""model_key"":""john-deere-323d""},{""make"":""John Deere"",""model"":""323E"",""machine_type"":""Compact Track Loader"",""track_size"":"""",""model_key"":""john-deere-323e""},{""make"":""John Deere"",""model"":""329D"",""machine_type"":""Compact Track Loader"",""track_size"":"""",""model_key"":""john-deere-329d""},{""make"":""John Deere"",""model"":""CT322"",""machine_type"":""Compact Track Loader"",""track_size"":"""",""model_key"":""john-deere-ct322""},{""make"":""John Deere"",""model"":""CT332"",""machine_type"":""Compact Track Loader"",""track_size"":"""",""model_key"":""john-deere-ct332""},{""make"":""Mustang"",""model"":""1750 RT"",""machine_type"":""Compact Track Loader"",""track_size"":"""",""model_key"":""mustang-1750-rt""},{""make"":""Mustang"",""model"":""2100RT"",""machine_type"":""Compact Track Loader"",""track_size"":"""",""model_key"":""mustang-2100rt""},{""make"":""Mustang"",""model"":""2500RT"",""machine_type"":""Compact Track Loader"",""track_size"":"""",""model_key"":""mustang-2500rt""},{""make"":""Yanmar"",""model"":""T175"",""machine_type"":""Compact Track Loader"",""track_size"":"""",""model_key"":""yanmar-t175""},{""make"":""Yanmar"",""model"":""T210"",""machine_type"":""Compact Track Loader"",""track_size"":"""",""model_key"":""yanmar-t210""}],""display_text"":""Fits select Gehl, John Deere, Mustang, and Yanmar and other compact track loader.""}"
sppv51d01001p1,MERGE,TRUE,SPPV51D01001P1,"{""verified"":true,""machine_type"":""Mini Excavator"",""track_size"":"""",""fits"":[{""make"":""Case"",""model"":""CX36B"",""machine_type"":""Mini Excavator"",""track_size"":"""",""model_key"":""case-cx36b""},{""make"":""Kobelco"",""model"":""SK35SR"",""machine_type"":""Mini Excavator"",""track_size"":"""",""model_key"":""kobelco-sk35sr""},{""make"":""New Holland"",""model"":""E 35SR"",""machine_type"":""Mini Excavator"",""track_size"":"""",""model_key"":""new-holland-e-35sr""},{""make"":""New Holland"",""model"":""EH 30B"",""machine_type"":""Mini Excavator"",""track_size"":"""",""model_key"":""new-holland-eh-30b""}],""display_text"":""Fits select Case, Kobelco, and New Holland and other mini excavator.""}"
sppw53d01001p1,MERGE,TRUE,SPPW53D01001P1,"{""verified"":true,""machine_type"":""Mini Excavator"",""track_size"":"""",""fits"":[{""make"":""Case"",""model"":""CX31"",""machine_type"":""Mini Excavator"",""track_size"":"""",""model_key"":""case-cx31""},{""make"":""Case"",""model"":""CX31B"",""machine_type"":""Mini Excavator"",""track_size"":"""",""model_key"":""case-cx31b""},{""make"":""Case"",""model"":""CX36"",""machine_type"":""Mini Excavator"",""track_size"":"""",""model_key"":""case-cx36""},{""make"":""Case"",""model"":""CX36B"",""machine_type"":""Mini Excavator"",""track_size"":"""",""model_key"":""case-cx36b""},{""make"":""New Holland"",""model"":""EH35"",""machine_type"":""Mini Excavator"",""track_size"":"""",""model_key"":""new-holland-eh35""}],""display_text"":""Fits select Case, and New Holland and other mini excavator.""}"
spra139-14430,MERGE,TRUE,SPRA139-14430,"{""verified"":true,""machine_type"":""Mini Track Loader"",""track_size"":"""",""fits"":[{""make"":""Kubota"",""model"":""K008"",""machine_type"":""Mini Track Loader"",""track_size"":"""",""model_key"":""kubota-k008""},{""make"":""Kubota"",""model"":""K008 5"",""machine_type"":"""",""track_size"":"""",""model_key"":""kubota-k008-5""},{""make"":""Kubota"",""model"":""K008-3"",""machine_type"":""Mini Track Loader"",""track_size"":"""",""model_key"":""kubota-k008-3""}],""display_text"":""Fits select Kubota and other mini track loader.""}"
sprb238-14430,MERGE,TRUE,SPRB238-14430,"{""verified"":true,""machine_type"":""Mini Excavator"",""track_size"":"""",""fits"":[{""make"":""Kubota"",""model"":""KX018-4"",""machine_type"":""Mini Excavator"",""track_size"":"""",""model_key"":""kubota-kx018-4""},{""make"":""Kubota"",""model"":""KX41 3"",""machine_type"":"""",""track_size"":"""",""model_key"":""kubota-kx41-3""},{""make"":""Kubota"",""model"":""U-15"",""machine_type"":""Mini Excavator"",""track_size"":"""",""model_key"":""kubota-u-15""},{""make"":""Kubota"",""model"":""U17"",""machine_type"":"""",""track_size"":"""",""model_key"":""kubota-u17""}],""display_text"":""Fits select Kubota and other mini excavator.""}"
sprb511-14432,MERGE,TRUE,SPRB511-14432,"{""verified"":true,""machine_type"":""Mini Excavator"",""track_size"":"""",""fits"":[{""make"":""Kubota"",""model"":""U-25-3"",""machine_type"":""Mini Excavator"",""track_size"":"""",""model_key"":""kubota-u-25-3""},{""make"":""Kubota"",""model"":""U25"",""machine_type"":""Mini Excavator"",""track_size"":"""",""model_key"":""kubota-u25""},{""make"":""Kubota"",""model"":""U27 4"",""machine_type"":"""",""track_size"":"""",""model_key"":""kubota-u27-4""}],""display_text"":""Fits select Kubota and other mini excavator.""}"
sprc417-14430,MERGE,TRUE,SPRC417-14430,"{""verified"":true,""machine_type"":""Mini Excavator"",""track_size"":"""",""fits"":[{""make"":""Kubota"",""model"":""KX033-4"",""machine_type"":""Mini Excavator"",""track_size"":"""",""model_key"":""kubota-kx033-4""},{""make"":""Kubota"",""model"":""KX71 3S"",""machine_type"":"""",""track_size"":"""",""model_key"":""kubota-kx71-3s""},{""make"":""Kubota"",""model"":""KX71-3"",""machine_type"":""Mini Excavator"",""track_size"":"""",""model_key"":""kubota-kx71-3""},{""make"":""Kubota"",""model"":""KX91-3"",""machine_type"":""Mini Excavator"",""track_size"":"""",""model_key"":""kubota-kx91-3""},{""make"":""Kubota"",""model"":""U-25-3"",""machine_type"":""Mini Excavator"",""track_size"":"""",""model_key"":""kubota-u-25-3""},{""make"":""Kubota"",""model"":""U25"",""machine_type"":""Mini Excavator"",""track_size"":"""",""model_key"":""kubota-u25""},{""make"":""Kubota"",""model"":""U35"",""machine_type"":"""",""track_size"":"""",""model_key"":""kubota-u35""},{""make"":""Kubota"",""model"":""U35 4"",""machine_type"":"""",""track_size"":"""",""model_key"":""kubota-u35-4""}],""display_text"":""Fits select Kubota and other mini excavator.""}"
sprd118-14433,MERGE,TRUE,SPRD118-14433,"{""verified"":true,""machine_type"":""Mini Excavator"",""track_size"":"""",""fits"":[{""make"":""Kubota"",""model"":""KX040-4"",""machine_type"":""Mini Excavator"",""track_size"":"""",""model_key"":""kubota-kx040-4""},{""make"":""Kubota"",""model"":""KX121-2"",""machine_type"":""Mini Excavator"",""track_size"":"""",""model_key"":""kubota-kx121-2""},{""make"":""Kubota"",""model"":""KX121-2S"",""machine_type"":""Mini Excavator"",""track_size"":"""",""model_key"":""kubota-kx121-2s""},{""make"":""Kubota"",""model"":""KX121-3"",""machine_type"":""Mini Excavator"",""track_size"":"""",""model_key"":""kubota-kx121-3""},{""make"":""Kubota"",""model"":""KX121-3S"",""machine_type"":"""",""track_size"":"""",""model_key"":""kubota-kx121-3s""},{""make"":""Kubota"",""model"":""KX121-3ST"",""machine_type"":"""",""track_size"":"""",""model_key"":""kubota-kx121-3st""}],""display_text"":""Fits select Kubota and other mini excavator.""}"
sprd411-14432,MERGE,TRUE,SPRD411-14432,"{""verified"":true,""machine_type"":""Mini Excavator"",""track_size"":"""",""fits"":[{""make"":""Kubota"",""model"":""KX057 5"",""machine_type"":"""",""track_size"":"""",""model_key"":""kubota-kx057-5""},{""make"":""Kubota"",""model"":""KX057-4"",""machine_type"":""Mini Excavator"",""track_size"":"""",""model_key"":""kubota-kx057-4""},{""make"":""Kubota"",""model"":""KX161-3"",""machine_type"":""Mini Excavator"",""track_size"":"""",""model_key"":""kubota-kx161-3""},{""make"":""Kubota"",""model"":""KX161-3S"",""machine_type"":"""",""track_size"":"""",""model_key"":""kubota-kx161-3s""},{""make"":""Kubota"",""model"":""U-45-3"",""machine_type"":""Mini Excavator"",""track_size"":"""",""model_key"":""kubota-u-45-3""},{""make"":""Kubota"",""model"":""U45S"",""machine_type"":"""",""track_size"":"""",""model_key"":""kubota-u45s""},{""make"":""Kubota"",""model"":""U48-5"",""machine_type"":""Mini Excavator"",""track_size"":"""",""model_key"":""kubota-u48-5""},{""make"":""Kubota"",""model"":""U55"",""machine_type"":"""",""track_size"":"""",""model_key"":""kubota-u55""},{""make"":""Kubota"",""model"":""U55 4"",""machine_type"":"""",""track_size"":"""",""model_key"":""kubota-u55-4""},{""make"":""Kubota"",""model"":""U55-5"",""machine_type"":""Mini Excavator"",""track_size"":"""",""model_key"":""kubota-u55-5""}],""display_text"":""Fits select Kubota and other mini excavator.""}"
sprd809-14433,MERGE,TRUE,SPRD809-14433,"{""verified"":true,""machine_type"":""Mini Excavator"",""track_size"":"""",""fits"":[{""make"":""Kubota"",""model"":""KX080-3"",""machine_type"":""Mini Excavator"",""track_size"":"""",""model_key"":""kubota-kx080-3""},{""make"":""Kubota"",""model"":""KX080-4"",""machine_type"":""Mini Excavator"",""track_size"":"""",""model_key"":""kubota-kx080-4""}],""display_text"":""Fits select Kubota and other mini excavator.""}"
spt244043,MERGE,TRUE,SPT244043,"{""verified"":false,""machine_type"":"""",""track_size"":"""",""fits"":[{""make"":""John Deere"",""model"":""CT315"",""machine_type"":"""",""track_size"":"""",""model_key"":""john-deere-ct315""}],""display_text"":""Fits select John Deere and other machines.""}"
spt254141,MERGE,TRUE,SPT254141,"{""verified"":true,""machine_type"":""Compact Track Loader"",""track_size"":"""",""fits"":[{""make"":""John Deere"",""model"":""319D"",""machine_type"":""Compact Track Loader"",""track_size"":"""",""model_key"":""john-deere-319d""},{""make"":""John Deere"",""model"":""319E"",""machine_type"":""Compact Track Loader"",""track_size"":"""",""model_key"":""john-deere-319e""},{""make"":""John Deere"",""model"":""323D"",""machine_type"":""Compact Track Loader"",""track_size"":"""",""model_key"":""john-deere-323d""},{""make"":""John Deere"",""model"":""323E"",""machine_type"":""Compact Track Loader"",""track_size"":"""",""model_key"":""john-deere-323e""},{""make"":""John Deere"",""model"":""325G"",""machine_type"":""Compact Track Loader"",""track_size"":"""",""model_key"":""john-deere-325g""},{""make"":""John Deere"",""model"":""329D"",""machine_type"":""Compact Track Loader"",""track_size"":"""",""model_key"":""john-deere-329d""},{""make"":""John Deere"",""model"":""329E"",""machine_type"":""Compact Track Loader"",""track_size"":"""",""model_key"":""john-deere-329e""},{""make"":""John Deere"",""model"":""331G"",""machine_type"":""Compact Track Loader"",""track_size"":"""",""model_key"":""john-deere-331g""},{""make"":""John Deere"",""model"":""333D"",""machine_type"":""Compact Track Loader"",""track_size"":"""",""model_key"":""john-deere-333d""},{""make"":""John Deere"",""model"":""333E"",""machine_type"":""Compact Track Loader"",""track_size"":"""",""model_key"":""john-deere-333e""},{""make"":""John Deere"",""model"":""333G"",""machine_type"":""Compact Track Loader"",""track_size"":"""",""model_key"":""john-deere-333g""}],""display_text"":""Fits select John Deere and other compact track loader.""}"
spt349306,MERGE,TRUE,SPT349306,"{""verified"":true,""machine_type"":""Compact Track Loader"",""track_size"":"""",""fits"":[{""make"":""John Deere"",""model"":""317G"",""machine_type"":""Compact Track Loader"",""track_size"":"""",""model_key"":""john-deere-317g""}],""display_text"":""Fits select John Deere and other compact track loader.""}"
spv0511-21110,MERGE,TRUE,SPV0511-21110,"{""verified"":true,""machine_type"":""Compact Track Loader"",""track_size"":"""",""fits"":[{""make"":""Kubota"",""model"":""SVL65-2"",""machine_type"":""Compact Track Loader"",""track_size"":"""",""model_key"":""kubota-svl65-2""},{""make"":""Kubota"",""model"":""SVL75"",""machine_type"":""Compact Track Loader"",""track_size"":"""",""model_key"":""kubota-svl75""},{""make"":""Kubota"",""model"":""SVL75-2"",""machine_type"":""Compact Track Loader"",""track_size"":"""",""model_key"":""kubota-svl75-2""},{""make"":""Kubota"",""model"":""SVL75-3"",""machine_type"":""Compact Track Loader"",""track_size"":"""",""model_key"":""kubota-svl75-3""}],""display_text"":""Fits select Kubota and other compact track loader.""}"
spv0611-21112,MERGE,TRUE,SPV0611-21112,"{""verified"":true,""machine_type"":""Compact Track Loader"",""track_size"":"""",""fits"":[{""make"":""Kubota"",""model"":""SVL90"",""machine_type"":""Compact Track Loader"",""track_size"":"""",""model_key"":""kubota-svl90""},{""make"":""Kubota"",""model"":""SVL90-2"",""machine_type"":""Compact Track Loader"",""track_size"":"""",""model_key"":""kubota-svl90-2""},{""make"":""Kubota"",""model"":""SVL95 2S"",""machine_type"":"""",""track_size"":"""",""model_key"":""kubota-svl95-2s""},{""make"":""Kubota"",""model"":""SVL95-2"",""machine_type"":""Compact Track Loader"",""track_size"":"""",""model_key"":""kubota-svl95-2""},{""make"":""Kubota"",""model"":""SVL97-2"",""machine_type"":""Compact Track Loader"",""track_size"":"""",""model_key"":""kubota-svl97-2""}],""display_text"":""Fits select Kubota and other compact track loader.""}"
tr03313-06100,MERGE,TRUE,TR03313-06100,"{""verified"":true,""machine_type"":""Mini Excavator"",""track_size"":"""",""fits"":[{""make"":""Takeuchi"",""model"":""TB135"",""machine_type"":""Mini Excavator"",""track_size"":"""",""model_key"":""takeuchi-tb135""}],""display_text"":""Fits select Takeuchi and other mini excavator.""}"
tr03913-02100,MERGE,TRUE,TR03913-02100,"{""verified"":true,""machine_type"":""Mini Excavator"",""track_size"":"""",""fits"":[{""make"":""Takeuchi"",""model"":""TB045"",""machine_type"":""Mini Excavator"",""track_size"":"""",""model_key"":""takeuchi-tb045""},{""make"":""Takeuchi"",""model"":""TB145"",""machine_type"":""Mini Excavator"",""track_size"":"""",""model_key"":""takeuchi-tb145""},{""make"":""Takeuchi"",""model"":""TB153FR"",""machine_type"":""Mini Excavator"",""track_size"":"""",""model_key"":""takeuchi-tb153fr""},{""make"":""Takeuchi"",""model"":""TB250"",""machine_type"":""Mini Excavator"",""track_size"":"""",""model_key"":""takeuchi-tb250""},{""make"":""Takeuchi"",""model"":""TB53FR"",""machine_type"":""Mini Excavator"",""track_size"":"""",""model_key"":""takeuchi-tb53fr""}],""display_text"":""Fits select Takeuchi and other mini excavator.""}"
tr04313-00500,MERGE,TRUE,TR04313-00500,"{""verified"":true,""machine_type"":""Mini Excavator"",""track_size"":"""",""fits"":[{""make"":""Takeuchi"",""model"":""TB025"",""machine_type"":"""",""track_size"":"""",""model_key"":""takeuchi-tb025""},{""make"":""Takeuchi"",""model"":""TB035"",""machine_type"":""Mini Excavator"",""track_size"":"""",""model_key"":""takeuchi-tb035""}],""display_text"":""Fits select Takeuchi and other mini excavator.""}"
tr04313-11100,MERGE,TRUE,TR04313-11100,"{""verified"":true,""machine_type"":""Mini Excavator"",""track_size"":"""",""fits"":[{""make"":""Takeuchi"",""model"":""TB125"",""machine_type"":""Mini Excavator"",""track_size"":"""",""model_key"":""takeuchi-tb125""},{""make"":""Takeuchi"",""model"":""TB135"",""machine_type"":""Mini Excavator"",""track_size"":"""",""model_key"":""takeuchi-tb135""},{""make"":""Takeuchi"",""model"":""TB138FR"",""machine_type"":""Mini Excavator"",""track_size"":"""",""model_key"":""takeuchi-tb138fr""},{""make"":""Takeuchi"",""model"":""TB145"",""machine_type"":""Mini Excavator"",""track_size"":"""",""model_key"":""takeuchi-tb145""},{""make"":""Takeuchi"",""model"":""TB228"",""machine_type"":""Mini Excavator"",""track_size"":"""",""model_key"":""takeuchi-tb228""},{""make"":""Takeuchi"",""model"":""TB230"",""machine_type"":""Mini Excavator"",""track_size"":"""",""model_key"":""takeuchi-tb230""},{""make"":""Takeuchi"",""model"":""TB235"",""machine_type"":""Mini Excavator"",""track_size"":"""",""model_key"":""takeuchi-tb235""},{""make"":""Takeuchi"",""model"":""TB240"",""machine_type"":""Mini Excavator"",""track_size"":"""",""model_key"":""takeuchi-tb240""}],""display_text"":""Fits select Takeuchi and other mini excavator.""}"
tr05613-07100,MERGE,TRUE,TR05613-07100,"{""verified"":true,""machine_type"":""Mini Excavator"",""track_size"":"""",""fits"":[{""make"":""Takeuchi"",""model"":""TB175"",""machine_type"":""Mini Excavator"",""track_size"":"""",""model_key"":""takeuchi-tb175""},{""make"":""Takeuchi"",""model"":""TB180FR"",""machine_type"":""Mini Excavator"",""track_size"":"""",""model_key"":""takeuchi-tb180fr""},{""make"":""Takeuchi"",""model"":""TB285"",""machine_type"":""Mini Excavator"",""track_size"":"""",""model_key"":""takeuchi-tb285""},{""make"":""Takeuchi"",""model"":""TB290"",""machine_type"":""Mini Excavator"",""track_size"":"""",""model_key"":""takeuchi-tb290""},{""make"":""Takeuchi"",""model"":""TB80FR"",""machine_type"":""Mini Excavator"",""track_size"":"""",""model_key"":""takeuchi-tb80fr""}],""display_text"":""Fits select Takeuchi and other mini excavator.""}"
tr06813-00027,MERGE,TRUE,TR06813-00027,"{""verified"":true,""machine_type"":""Compact Track Loader"",""track_size"":"""",""fits"":[{""make"":""Takeuchi"",""model"":""TL10V2"",""machine_type"":""Compact Track Loader"",""track_size"":"""",""model_key"":""takeuchi-tl10v2""},{""make"":""Takeuchi"",""model"":""TL6R"",""machine_type"":""Compact Track Loader"",""track_size"":"""",""model_key"":""takeuchi-tl6r""},{""make"":""Takeuchi"",""model"":""TL8R2"",""machine_type"":""Compact Track Loader"",""track_size"":"""",""model_key"":""takeuchi-tl8r2""}],""display_text"":""Fits select Takeuchi and other compact track loader.""}"
tr06913-00016,MERGE,TRUE,TR06913-00016,"{""verified"":true,""machine_type"":""Compact Track Loader"",""track_size"":"""",""fits"":[{""make"":""Takeuchi"",""model"":""TL12R2"",""machine_type"":""Compact Track Loader"",""track_size"":"""",""model_key"":""takeuchi-tl12r2""},{""make"":""Takeuchi"",""model"":""TL12V2"",""machine_type"":""Compact Track Loader"",""track_size"":"""",""model_key"":""takeuchi-tl12v2""}],""display_text"":""Fits select Takeuchi and other compact track loader.""}"
tr08801-30000,MERGE,TRUE,TR08801-30000,"{""verified"":true,""machine_type"":""Compact Track Loader"",""track_size"":"""",""fits"":[{""make"":""Gehl"",""model"":""CTL60"",""machine_type"":""Compact Track Loader"",""track_size"":"""",""model_key"":""gehl-ctl60""},{""make"":""Gehl"",""model"":""CTL65"",""machine_type"":""Compact Track Loader"",""track_size"":"""",""model_key"":""gehl-ctl65""},{""make"":""Mustang"",""model"":""MTL16"",""machine_type"":""Compact Track Loader"",""track_size"":"""",""model_key"":""mustang-mtl16""},{""make"":""Mustang"",""model"":""MTL316"",""machine_type"":""Compact Track Loader"",""track_size"":"""",""model_key"":""mustang-mtl316""},{""make"":""Takeuchi"",""model"":""TL130"",""machine_type"":""Compact Track Loader"",""track_size"":"""",""model_key"":""takeuchi-tl130""},{""make"":""Takeuchi"",""model"":""TL230"",""machine_type"":""Compact Track Loader"",""track_size"":"""",""model_key"":""takeuchi-tl230""},{""make"":""Takeuchi"",""model"":""TL230-2"",""machine_type"":""Compact Track Loader"",""track_size"":"""",""model_key"":""takeuchi-tl230-2""},{""make"":""Takeuchi"",""model"":""TL8"",""machine_type"":""Compact Track Loader"",""track_size"":"""",""model_key"":""takeuchi-tl8""}],""display_text"":""Fits select Gehl, Mustang, and Takeuchi and other compact track loader.""}"
tr08811-30500,MERGE,TRUE,TR08811-30500,"{""verified"":true,""machine_type"":""Compact Track Loader"",""track_size"":"""",""fits"":[{""make"":""Gehl"",""model"":""CTL70"",""machine_type"":""Compact Track Loader"",""track_size"":"""",""model_key"":""gehl-ctl70""},{""make"":""Gehl"",""model"":""CTL75"",""machine_type"":""Compact Track Loader"",""track_size"":"""",""model_key"":""gehl-ctl75""},{""make"":""Gehl"",""model"":""CTL80"",""machine_type"":""Compact Track Loader"",""track_size"":"""",""model_key"":""gehl-ctl80""},{""make"":""Gehl"",""model"":""CTL85"",""machine_type"":""Compact Track Loader"",""track_size"":"""",""model_key"":""gehl-ctl85""},{""make"":""Mustang"",""model"":""MTL20"",""machine_type"":""Compact Track Loader"",""track_size"":"""",""model_key"":""mustang-mtl20""},{""make"":""Mustang"",""model"":""MTL25"",""machine_type"":""Compact Track Loader"",""track_size"":"""",""model_key"":""mustang-mtl25""},{""make"":""Mustang"",""model"":""MTL320"",""machine_type"":""Compact Track Loader"",""track_size"":"""",""model_key"":""mustang-mtl320""},{""make"":""Mustang"",""model"":""MTL325"",""machine_type"":""Compact Track Loader"",""track_size"":"""",""model_key"":""mustang-mtl325""},{""make"":""Takeuchi"",""model"":""TL10"",""machine_type"":""Compact Track Loader"",""track_size"":"""",""model_key"":""takeuchi-tl10""},{""make"":""Takeuchi"",""model"":""TL12"",""machine_type"":""Compact Track Loader"",""track_size"":"""",""model_key"":""takeuchi-tl12""},{""make"":""Takeuchi"",""model"":""TL12R2"",""machine_type"":""Compact Track Loader"",""track_size"":"""",""model_key"":""takeuchi-tl12r2""},{""make"":""Takeuchi"",""model"":""TL12V2"",""machine_type"":""Compact Track Loader"",""track_size"":"""",""model_key"":""takeuchi-tl12v2""},{""make"":""Takeuchi"",""model"":""TL140"",""machine_type"":""Compact Track Loader"",""track_size"":"""",""model_key"":""takeuchi-tl140""},{""make"":""Takeuchi"",""model"":""TL150"",""machine_type"":""Compact Track Loader"",""track_size"":"""",""model_key"":""takeuchi-tl150""},{""make"":""Takeuchi"",""model"":""TL240"",""machine_type"":""Compact Track Loader"",""track_size"":"""",""model_key"":""takeuchi-tl240""},{""make"":""Takeuchi"",""model"":""TL250"",""machine_type"":""Compact Track Loader"",""track_size"":"""",""model_key"":""takeuchi-tl250""}],""display_text"":""Fits select Gehl, Mustang, and Takeuchi and other compact track loader.""}"
tr127-3806,MERGE,TRUE,TR127-3806,"{""verified"":true,""machine_type"":""Mini Excavator"",""track_size"":"""",""fits"":[{""make"":""CAT"",""model"":""307"",""machine_type"":""Mini Excavator"",""track_size"":"""",""model_key"":""cat-307""},{""make"":""CAT"",""model"":""308"",""machine_type"":""Mini Excavator"",""track_size"":"""",""model_key"":""cat-308""},{""make"":""CAT"",""model"":""308 CR"",""machine_type"":""Mini Excavator"",""track_size"":"""",""model_key"":""cat-308-cr""},{""make"":""CAT"",""model"":""308C SR"",""machine_type"":""Mini Excavator"",""track_size"":"""",""model_key"":""cat-308c-sr""},{""make"":""CAT"",""model"":""308E CR"",""machine_type"":""Mini Excavator"",""track_size"":"""",""model_key"":""cat-308e-cr""},{""make"":""CAT"",""model"":""308E2 CR"",""machine_type"":""Mini Excavator"",""track_size"":"""",""model_key"":""cat-308e2-cr""}],""display_text"":""Fits select CAT and other mini excavator.""}"
tr127-3807,MERGE,TRUE,TR127-3807,"{""verified"":true,""machine_type"":""Mini Excavator"",""track_size"":"""",""fits"":[{""make"":""CAT"",""model"":""307"",""machine_type"":""Mini Excavator"",""track_size"":"""",""model_key"":""cat-307""},{""make"":""CAT"",""model"":""308"",""machine_type"":""Mini Excavator"",""track_size"":"""",""model_key"":""cat-308""},{""make"":""CAT"",""model"":""308 CR"",""machine_type"":""Mini Excavator"",""track_size"":"""",""model_key"":""cat-308-cr""},{""make"":""CAT"",""model"":""308C SR"",""machine_type"":""Mini Excavator"",""track_size"":"""",""model_key"":""cat-308c-sr""},{""make"":""CAT"",""model"":""308E CR"",""machine_type"":""Mini Excavator"",""track_size"":"""",""model_key"":""cat-308e-cr""},{""make"":""CAT"",""model"":""308E2 CR"",""machine_type"":""Mini Excavator"",""track_size"":"""",""model_key"":""cat-308e2-cr""}],""display_text"":""Fits select CAT and other mini excavator.""}"
tr139-6261,MERGE,TRUE,TR139-6261,"{""verified"":true,""machine_type"":""Mini Excavator"",""track_size"":"""",""fits"":[{""make"":""CAT"",""model"":""301 8"",""machine_type"":"""",""track_size"":"""",""model_key"":""cat-301-8""},{""make"":""CAT"",""model"":""301.5"",""machine_type"":""Mini Excavator"",""track_size"":"""",""model_key"":""cat-301-5""}],""display_text"":""Fits select CAT and other mini excavator.""}"
tr185-7280,MERGE,TRUE,TR185-7280,"{""verified"":true,""machine_type"":""Mini Excavator"",""track_size"":"""",""fits"":[{""make"":""CAT"",""model"":""302.5"",""machine_type"":""Mini Excavator"",""track_size"":"""",""model_key"":""cat-302-5""},{""make"":""CAT"",""model"":""303 5CCR"",""machine_type"":"""",""track_size"":"""",""model_key"":""cat-303-5ccr""},{""make"":""CAT"",""model"":""303.5"",""machine_type"":""Mini Excavator"",""track_size"":"""",""model_key"":""cat-303-5""},{""make"":""CAT"",""model"":""303C CR"",""machine_type"":""Mini Excavator"",""track_size"":"""",""model_key"":""cat-303c-cr""},{""make"":""CAT"",""model"":""303CR"",""machine_type"":""Mini Excavator"",""track_size"":"""",""model_key"":""cat-303cr""}],""display_text"":""Fits select CAT and other mini excavator.""}"
tr201-30-00062,MERGE,TRUE,TR201-30-00062,"{""verified"":true,""machine_type"":""Mini Excavator"",""track_size"":"""",""fits"":[{""make"":""Komatsu"",""model"":""PC60-5"",""machine_type"":""Mini Excavator"",""track_size"":"""",""model_key"":""komatsu-pc60-5""}],""display_text"":""Fits select Komatsu and other mini excavator.""}"
tr201-30-00291,MERGE,TRUE,TR201-30-00291,"{""verified"":true,""machine_type"":""Mini Excavator"",""track_size"":"""",""fits"":[{""make"":""Komatsu"",""model"":""PC78MR-6"",""machine_type"":""Mini Excavator"",""track_size"":"""",""model_key"":""komatsu-pc78mr-6""},{""make"":""Komatsu"",""model"":""PC80MR"",""machine_type"":""Mini Excavator"",""track_size"":"""",""model_key"":""komatsu-pc80mr""},{""make"":""Komatsu"",""model"":""PC88MR-6"",""machine_type"":""Mini Excavator"",""track_size"":"""",""model_key"":""komatsu-pc88mr-6""}],""display_text"":""Fits select Komatsu and other mini excavator.""}"
tr20m-30-31301,MERGE,TRUE,TR20M-30-31301,"{""verified"":true,""machine_type"":"""",""track_size"":"""",""fits"":[{""make"":""Komatsu"",""model"":""PC05"",""machine_type"":"""",""track_size"":"""",""model_key"":""komatsu-pc05""},{""make"":""Komatsu"",""model"":""PC05 7"",""machine_type"":"""",""track_size"":"""",""model_key"":""komatsu-pc05-7""},{""make"":""Komatsu"",""model"":""PC07"",""machine_type"":"""",""track_size"":"""",""model_key"":""komatsu-pc07""},{""make"":""Komatsu"",""model"":""PC15R"",""machine_type"":"""",""track_size"":"""",""model_key"":""komatsu-pc15r""}],""display_text"":""Fits select Komatsu and other machines.""}"
tr20t-30-00070,MERGE,TRUE,TR20T-30-00070,"{""verified"":false,""machine_type"":"""",""track_size"":"""",""fits"":[{""make"":""Komatsu"",""model"":""PC40-7"",""machine_type"":"""",""track_size"":"""",""model_key"":""komatsu-pc40-7""}],""display_text"":""Fits select Komatsu and other machines.""}"
tr20t-30-00071,MERGE,TRUE,TR20T-30-00071,"{""verified"":true,""machine_type"":""Mini Excavator"",""track_size"":"""",""fits"":[{""make"":""Komatsu"",""model"":""PC50uu-1"",""machine_type"":""Mini Excavator"",""track_size"":"""",""model_key"":""komatsu-pc50uu-1""}],""display_text"":""Fits select Komatsu and other mini excavator.""}"
tr21w-30-00021,MERGE,TRUE,TR21W-30-00021,"{""verified"":false,""machine_type"":"""",""track_size"":"""",""fits"":[{""make"":""Komatsu"",""model"":""PC60-6"",""machine_type"":"""",""track_size"":"""",""model_key"":""komatsu-pc60-6""},{""make"":""Komatsu"",""model"":""PC75UU"",""machine_type"":"""",""track_size"":"""",""model_key"":""komatsu-pc75uu""}],""display_text"":""Fits select Komatsu and other machines.""}"
tr265-7674,MERGE,TRUE,TR265-7674,"{""verified"":true,""machine_type"":""Mini Excavator"",""track_size"":"""",""fits"":[{""make"":""CAT"",""model"":""304C CR"",""machine_type"":""Mini Excavator"",""track_size"":"""",""model_key"":""cat-304c-cr""},{""make"":""CAT"",""model"":""305 5E2"",""machine_type"":"""",""track_size"":"""",""model_key"":""cat-305-5e2""},{""make"":""CAT"",""model"":""305.5D CR"",""machine_type"":""Mini Excavator"",""track_size"":"""",""model_key"":""cat-305-5d-cr""},{""make"":""CAT"",""model"":""305.5E CR"",""machine_type"":""Mini Excavator"",""track_size"":"""",""model_key"":""cat-305-5e-cr""},{""make"":""CAT"",""model"":""305.5E2 CR"",""machine_type"":""Mini Excavator"",""track_size"":"""",""model_key"":""cat-305-5e2-cr""},{""make"":""CAT"",""model"":""305C CR"",""machine_type"":""Mini Excavator"",""track_size"":"""",""model_key"":""cat-305c-cr""},{""make"":""CAT"",""model"":""305DCR"",""machine_type"":""Mini Excavator"",""track_size"":"""",""model_key"":""cat-305dcr""},{""make"":""CAT"",""model"":""305E CR"",""machine_type"":""Mini Excavator"",""track_size"":"""",""model_key"":""cat-305e-cr""}],""display_text"":""Fits select CAT and other mini excavator.""}"
tr266-8793,MERGE,TRUE,TR266-8793,"{""verified"":true,""machine_type"":""Mini Excavator"",""track_size"":"""",""fits"":[{""make"":""CAT"",""model"":""302.5C"",""machine_type"":""Mini Excavator"",""track_size"":"""",""model_key"":""cat-302-5c""},{""make"":""CAT"",""model"":""303 5CCR"",""machine_type"":"""",""track_size"":"""",""model_key"":""cat-303-5ccr""},{""make"":""CAT"",""model"":""303.5 CR"",""machine_type"":""Mini Excavator"",""track_size"":"""",""model_key"":""cat-303-5-cr""},{""make"":""CAT"",""model"":""303.5D CR"",""machine_type"":""Mini Excavator"",""track_size"":"""",""model_key"":""cat-303-5d-cr""},{""make"":""CAT"",""model"":""303.5E CR"",""machine_type"":""Mini Excavator"",""track_size"":"""",""model_key"":""cat-303-5e-cr""},{""make"":""CAT"",""model"":""303C CR"",""machine_type"":""Mini Excavator"",""track_size"":"""",""model_key"":""cat-303c-cr""},{""make"":""CAT"",""model"":""303ECR"",""machine_type"":"""",""track_size"":"""",""model_key"":""cat-303ecr""},{""make"":""CAT"",""model"":""304D CR"",""machine_type"":""Mini Excavator"",""track_size"":"""",""model_key"":""cat-304d-cr""},{""make"":""CAT"",""model"":""304E CR"",""machine_type"":""Mini Excavator"",""track_size"":"""",""model_key"":""cat-304e-cr""}],""display_text"":""Fits select CAT and other mini excavator.""}"
tr304-1890,MERGE,TRUE,TR304-1890,"{""verified"":true,""machine_type"":""Compact Track Loader"",""track_size"":"""",""fits"":[{""make"":""CAT"",""model"":""255"",""machine_type"":""Compact Track Loader"",""track_size"":"""",""model_key"":""cat-255""},{""make"":""CAT"",""model"":""259B3"",""machine_type"":""Compact Track Loader"",""track_size"":"""",""model_key"":""cat-259b3""},{""make"":""CAT"",""model"":""259D"",""machine_type"":""Compact Track Loader"",""track_size"":"""",""model_key"":""cat-259d""},{""make"":""CAT"",""model"":""259D3"",""machine_type"":""Compact Track Loader"",""track_size"":"""",""model_key"":""cat-259d3""},{""make"":""CAT"",""model"":""269C"",""machine_type"":""Compact Track Loader"",""track_size"":"""",""model_key"":""cat-269c""},{""make"":""CAT"",""model"":""279C"",""machine_type"":""Compact Track Loader"",""track_size"":"""",""model_key"":""cat-279c""},{""make"":""CAT"",""model"":""279C2"",""machine_type"":"""",""track_size"":"""",""model_key"":""cat-279c2""},{""make"":""CAT"",""model"":""279D"",""machine_type"":""Compact Track Loader"",""track_size"":"""",""model_key"":""cat-279d""},{""make"":""CAT"",""model"":""289C"",""machine_type"":""Compact Track Loader"",""track_size"":"""",""model_key"":""cat-289c""},{""make"":""CAT"",""model"":""289C2"",""machine_type"":""Compact Track Loader"",""track_size"":"""",""model_key"":""cat-289c2""},{""make"":""CAT"",""model"":""289D"",""machine_type"":""Compact Track Loader"",""track_size"":"""",""model_key"":""cat-289d""},{""make"":""CAT"",""model"":""289D3"",""machine_type"":""Compact Track Loader"",""track_size"":"""",""model_key"":""cat-289d3""},{""make"":""CAT"",""model"":""299C"",""machine_type"":""Compact Track Loader"",""track_size"":"""",""model_key"":""cat-299c""},{""make"":""CAT"",""model"":""299D"",""machine_type"":""Compact Track Loader"",""track_size"":"""",""model_key"":""cat-299d""},{""make"":""CAT"",""model"":""299D XHP"",""machine_type"":""Compact Track Loader"",""track_size"":"""",""model_key"":""cat-299d-xhp""},{""make"":""CAT"",""model"":""299D2"",""machine_type"":""Compact Track Loader"",""track_size"":"""",""model_key"":""cat-299d2""},{""make"":""CAT"",""model"":""299D2 XHP"",""machine_type"":""Compact Track Loader"",""track_size"":"""",""model_key"":""cat-299d2-xhp""},{""make"":""CAT"",""model"":""299D3"",""machine_type"":""Compact Track Loader"",""track_size"":"""",""model_key"":""cat-299d3""},{""make"":""CAT"",""model"":""299D3 XE"",""machine_type"":""Compact Track Loader"",""track_size"":"""",""model_key"":""cat-299d3-xe""}],""display_text"":""Fits select CAT and other compact track loader.""}"
tr340-8957,MERGE,TRUE,TR340-8957,"{""verified"":true,""machine_type"":""Mini Excavator"",""track_size"":"""",""fits"":[{""make"":""CAT"",""model"":""304"",""machine_type"":"""",""track_size"":"""",""model_key"":""cat-304""},{""make"":""CAT"",""model"":""304.5"",""machine_type"":""Mini Excavator"",""track_size"":"""",""model_key"":""cat-304-5""},{""make"":""CAT"",""model"":""304CR"",""machine_type"":""Mini Excavator"",""track_size"":"""",""model_key"":""cat-304cr""},{""make"":""CAT"",""model"":""305.5"",""machine_type"":""Mini Excavator"",""track_size"":"""",""model_key"":""cat-305-5""},{""make"":""CAT"",""model"":""305CR"",""machine_type"":""Mini Excavator"",""track_size"":"""",""model_key"":""cat-305cr""},{""make"":""CAT"",""model"":""305E CR"",""machine_type"":""Mini Excavator"",""track_size"":"""",""model_key"":""cat-305e-cr""},{""make"":""CAT"",""model"":""306CR"",""machine_type"":""Mini Excavator"",""track_size"":"""",""model_key"":""cat-306cr""}],""display_text"":""Fits select CAT and other mini excavator.""}"
tr37b-22-11860,MERGE,TRUE,TR37B-22-11860,"{""verified"":true,""machine_type"":""Compact Track Loader"",""track_size"":"""",""fits"":[{""make"":""Komatsu"",""model"":""CK35"",""machine_type"":""Compact Track Loader"",""track_size"":"""",""model_key"":""komatsu-ck35""},{""make"":""Komatsu"",""model"":""CK35-1"",""machine_type"":""Compact Track Loader"",""track_size"":"""",""model_key"":""komatsu-ck35-1""}],""display_text"":""Fits select Komatsu and other compact track loader.""}"
tr420-9801,MERGE,TRUE,TR420-9801,"{""verified"":true,""machine_type"":""Compact Track Loader"",""track_size"":"""",""fits"":[{""make"":""CAT"",""model"":""239D"",""machine_type"":""Compact Track Loader"",""track_size"":"""",""model_key"":""cat-239d""},{""make"":""CAT"",""model"":""239D3"",""machine_type"":""Compact Track Loader"",""track_size"":"""",""model_key"":""cat-239d3""},{""make"":""CAT"",""model"":""249D"",""machine_type"":""Compact Track Loader"",""track_size"":"""",""model_key"":""cat-249d""},{""make"":""CAT"",""model"":""249D3"",""machine_type"":""Compact Track Loader"",""track_size"":"""",""model_key"":""cat-249d3""}],""display_text"":""Fits select CAT and other compact track loader.""}"
tr4340393,MERGE,TRUE,TR4340393,"{""verified"":true,""machine_type"":""Mini Excavator"",""track_size"":"""",""fits"":[{""make"":""Hitachi"",""model"":""EX12"",""machine_type"":"""",""track_size"":"""",""model_key"":""hitachi-ex12""},{""make"":""Hitachi"",""model"":""EX5"",""machine_type"":""Mini Track Loader"",""track_size"":"""",""model_key"":""hitachi-ex5""},{""make"":""Hitachi"",""model"":""ZX17U"",""machine_type"":"""",""track_size"":"""",""model_key"":""hitachi-zx17u""},{""make"":""Hitachi"",""model"":""ZX17U-5"",""machine_type"":""Mini Excavator"",""track_size"":"""",""model_key"":""hitachi-zx17u-5""},{""make"":""John Deere"",""model"":""17D"",""machine_type"":""Mini Excavator"",""track_size"":"""",""model_key"":""john-deere-17d""},{""make"":""John Deere"",""model"":""17G"",""machine_type"":""Mini Excavator"",""track_size"":"""",""model_key"":""john-deere-17g""}],""display_text"":""Fits select Hitachi, and John Deere and other mini excavator.""}"
tr4340535,MERGE,TRUE,TR4340535,"{""verified"":true,""machine_type"":""Mini Excavator"",""track_size"":"""",""fits"":[{""make"":""Case"",""model"":""CX20B"",""machine_type"":""Mini Excavator"",""track_size"":"""",""model_key"":""case-cx20b""},{""make"":""Case"",""model"":""CX22B"",""machine_type"":""Mini Excavator"",""track_size"":"""",""model_key"":""case-cx22b""},{""make"":""Case"",""model"":""CX27B"",""machine_type"":""Mini Excavator"",""track_size"":"""",""model_key"":""case-cx27b""},{""make"":""Case"",""model"":""CX31"",""machine_type"":""Mini Excavator"",""track_size"":"""",""model_key"":""case-cx31""},{""make"":""Case"",""model"":""CX31B"",""machine_type"":""Mini Excavator"",""track_size"":"""",""model_key"":""case-cx31b""},{""make"":""Case"",""model"":""CX36B"",""machine_type"":""Mini Excavator"",""track_size"":"""",""model_key"":""case-cx36b""},{""make"":""Hitachi"",""model"":""EX35 1"",""machine_type"":"""",""track_size"":"""",""model_key"":""hitachi-ex35-1""},{""make"":""Hitachi"",""model"":""ZX35U"",""machine_type"":"""",""track_size"":"""",""model_key"":""hitachi-zx35u""},{""make"":""Hitachi"",""model"":""ZX35U-5"",""machine_type"":""Mini Excavator"",""track_size"":"""",""model_key"":""hitachi-zx35u-5""},{""make"":""John Deere"",""model"":""26G"",""machine_type"":""Mini Excavator"",""track_size"":"""",""model_key"":""john-deere-26g""},{""make"":""John Deere"",""model"":""27D"",""machine_type"":""Mini Excavator"",""track_size"":"""",""model_key"":""john-deere-27d""},{""make"":""John Deere"",""model"":""30G"",""machine_type"":""Mini Excavator"",""track_size"":"""",""model_key"":""john-deere-30g""},{""make"":""John Deere"",""model"":""35D"",""machine_type"":""Mini Excavator"",""track_size"":"""",""model_key"":""john-deere-35d""},{""make"":""John Deere"",""model"":""35G"",""machine_type"":""Mini Excavator"",""track_size"":"""",""model_key"":""john-deere-35g""},{""make"":""John Deere"",""model"":""35ZTS"",""machine_type"":""Mini Excavator"",""track_size"":"""",""model_key"":""john-deere-35zts""},{""make"":""Kobelco"",""model"":""SK35SR"",""machine_type"":""Mini Excavator"",""track_size"":"""",""model_key"":""kobelco-sk35sr""},{""make"":""Komatsu"",""model"":""PC20 7"",""machine_type"":"""",""track_size"":"""",""model_key"":""komatsu-pc20-7""},{""make"":""Komatsu"",""model"":""PC27MR 2"",""machine_type"":"""",""track_size"":"""",""model_key"":""komatsu-pc27mr-2""},{""make"":""Komatsu"",""model"":""PC27MR-3"",""machine_type"":""Mini Excavator"",""track_size"":"""",""model_key"":""komatsu-pc27mr-3""},{""make"":""Komatsu"",""model"":""PC27R 8"",""machine_type"":"""",""track_size"":"""",""model_key"":""komatsu-pc27r-8""},{""make"":""Komatsu"",""model"":""PC30MR-3"",""machine_type"":""Mini Excavator"",""track_size"":"""",""model_key"":""komatsu-pc30mr-3""},{""make"":""Komatsu"",""model"":""PC30R 8"",""machine_type"":"""",""track_size"":"""",""model_key"":""komatsu-pc30r-8""},{""make"":""Komatsu"",""model"":""PC35MR-2"",""machine_type"":""Mini Excavator"",""track_size"":"""",""model_key"":""komatsu-pc35mr-2""},{""make"":""Komatsu"",""model"":""PC35MR-3"",""machine_type"":""Mini Excavator"",""track_size"":"""",""model_key"":""komatsu-pc35mr-3""},{""make"":""New Holland"",""model"":""E 35.2SR"",""machine_type"":""Mini Excavator"",""track_size"":"""",""model_key"":""new-holland-e-35-2sr""},{""make"":""New Holland"",""model"":""E 35SR"",""machine_type"":""Mini Excavator"",""track_size"":"""",""model_key"":""new-holland-e-35sr""},{""make"":""New Holland"",""model"":""E30C"",""machine_type"":""Mini Excavator"",""track_size"":"""",""model_key"":""new-holland-e30c""},{""make"":""New Holland"",""model"":""EH 27B"",""machine_type"":""Mini Excavator"",""track_size"":"""",""model_key"":""new-holland-eh-27b""}],""display_text"":""Fits select Case, Hitachi, John Deere, and 3 other brands and other mini excavator.""}"
tr4357785,MERGE,TRUE,TR4357785,"{""verified"":true,""machine_type"":"""",""track_size"":"""",""fits"":[{""make"":""Hitachi"",""model"":""ZX50U"",""machine_type"":"""",""track_size"":"""",""model_key"":""hitachi-zx50u""},{""make"":""John Deere"",""model"":""50ZTS"",""machine_type"":"""",""track_size"":"""",""model_key"":""john-deere-50zts""}],""display_text"":""Fits select Hitachi, and John Deere and other machines.""}"
tr4671711,MERGE,TRUE,TR4671711,"{""verified"":true,""machine_type"":""Mini Excavator"",""track_size"":"""",""fits"":[{""make"":""John Deere"",""model"":""60D"",""machine_type"":""Mini Excavator"",""track_size"":"""",""model_key"":""john-deere-60d""},{""make"":""John Deere"",""model"":""60G"",""machine_type"":""Mini Excavator"",""track_size"":"""",""model_key"":""john-deere-60g""}],""display_text"":""Fits select John Deere and other mini excavator.""}"
tr6689371,MERGE,TRUE,TR6689371,"{""verified"":true,""machine_type"":""Compact Track Loader"",""track_size"":"""",""fits"":[{""make"":""Bobcat"",""model"":""864"",""machine_type"":""Compact Track Loader"",""track_size"":"""",""model_key"":""bobcat-864""},{""make"":""Bobcat"",""model"":""T190"",""machine_type"":""Compact Track Loader"",""track_size"":"""",""model_key"":""bobcat-t190""},{""make"":""Bobcat"",""model"":""T200"",""machine_type"":""Compact Track Loader"",""track_size"":"""",""model_key"":""bobcat-t200""},{""make"":""Bobcat"",""model"":""T590"",""machine_type"":""Compact Track Loader"",""track_size"":"""",""model_key"":""bobcat-t590""},{""make"":""Bobcat"",""model"":""T650"",""machine_type"":""Compact Track Loader"",""track_size"":"""",""model_key"":""bobcat-t650""},{""make"":""Bobcat"",""model"":""T740"",""machine_type"":""Compact Track Loader"",""track_size"":"""",""model_key"":""bobcat-t740""},{""make"":""Bobcat"",""model"":""T750"",""machine_type"":""Compact Track Loader"",""track_size"":"""",""model_key"":""bobcat-t750""},{""make"":""Bobcat"",""model"":""T770"",""machine_type"":""Compact Track Loader"",""track_size"":"""",""model_key"":""bobcat-t770""},{""make"":""Ditch Witch"",""model"":""SK3000"",""machine_type"":""Mini Track Loader"",""track_size"":"""",""model_key"":""ditch-witch-sk3000""}],""display_text"":""Fits select Bobcat, and Ditch Witch and other compact track loader.""}"
tr6693239,MERGE,TRUE,TR6693239,"{""verified"":true,""machine_type"":""Compact Track Loader"",""track_size"":"""",""fits"":[{""make"":""Bobcat"",""model"":""T180"",""machine_type"":""Compact Track Loader"",""track_size"":"""",""model_key"":""bobcat-t180""},{""make"":""Bobcat"",""model"":""T190"",""machine_type"":""Compact Track Loader"",""track_size"":"""",""model_key"":""bobcat-t190""},{""make"":""Bobcat"",""model"":""T250"",""machine_type"":""Compact Track Loader"",""track_size"":"""",""model_key"":""bobcat-t250""},{""make"":""Bobcat"",""model"":""T320"",""machine_type"":""Compact Track Loader"",""track_size"":"""",""model_key"":""bobcat-t320""},{""make"":""Bobcat"",""model"":""T550"",""machine_type"":""Compact Track Loader"",""track_size"":"""",""model_key"":""bobcat-t550""},{""make"":""Bobcat"",""model"":""T590"",""machine_type"":""Compact Track Loader"",""track_size"":"""",""model_key"":""bobcat-t590""},{""make"":""Bobcat"",""model"":""T630"",""machine_type"":""Compact Track Loader"",""track_size"":"""",""model_key"":""bobcat-t630""},{""make"":""Bobcat"",""model"":""T650"",""machine_type"":""Compact Track Loader"",""track_size"":"""",""model_key"":""bobcat-t650""},{""make"":""Bobcat"",""model"":""T750"",""machine_type"":""Compact Track Loader"",""track_size"":"""",""model_key"":""bobcat-t750""},{""make"":""Bobcat"",""model"":""T770"",""machine_type"":""Compact Track Loader"",""track_size"":"""",""model_key"":""bobcat-t770""}],""display_text"":""Fits select Bobcat and other compact track loader.""}"
tr6698047,MERGE,TRUE,TR6698047,"{""verified"":true,""machine_type"":""Compact Track Loader"",""track_size"":"""",""fits"":[{""make"":""Bobcat"",""model"":""T870"",""machine_type"":""Compact Track Loader"",""track_size"":"""",""model_key"":""bobcat-t870""}],""display_text"":""Fits select Bobcat and other compact track loader.""}"
tr6732901b,MERGE,TRUE,TR6732901B,"{""verified"":true,""machine_type"":""Compact Track Loader"",""track_size"":"""",""fits"":[{""make"":""Bobcat"",""model"":""864"",""machine_type"":""Compact Track Loader"",""track_size"":"""",""model_key"":""bobcat-864""},{""make"":""Bobcat"",""model"":""T140"",""machine_type"":""Compact Track Loader"",""track_size"":"""",""model_key"":""bobcat-t140""},{""make"":""Bobcat"",""model"":""T180"",""machine_type"":""Compact Track Loader"",""track_size"":"""",""model_key"":""bobcat-t180""},{""make"":""Bobcat"",""model"":""T190"",""machine_type"":""Compact Track Loader"",""track_size"":"""",""model_key"":""bobcat-t190""},{""make"":""Bobcat"",""model"":""T200"",""machine_type"":""Compact Track Loader"",""track_size"":"""",""model_key"":""bobcat-t200""},{""make"":""Bobcat"",""model"":""T250"",""machine_type"":""Compact Track Loader"",""track_size"":"""",""model_key"":""bobcat-t250""},{""make"":""Bobcat"",""model"":""T300"",""machine_type"":""Compact Track Loader"",""track_size"":"""",""model_key"":""bobcat-t300""},{""make"":""Bobcat"",""model"":""T320"",""machine_type"":""Compact Track Loader"",""track_size"":"""",""model_key"":""bobcat-t320""},{""make"":""Bobcat"",""model"":""T550"",""machine_type"":""Compact Track Loader"",""track_size"":"""",""model_key"":""bobcat-t550""},{""make"":""Bobcat"",""model"":""T590"",""machine_type"":""Compact Track Loader"",""track_size"":"""",""model_key"":""bobcat-t590""},{""make"":""Bobcat"",""model"":""T595"",""machine_type"":""Compact Track Loader"",""track_size"":"""",""model_key"":""bobcat-t595""},{""make"":""Bobcat"",""model"":""T630"",""machine_type"":""Compact Track Loader"",""track_size"":"""",""model_key"":""bobcat-t630""},{""make"":""Bobcat"",""model"":""T650"",""machine_type"":""Compact Track Loader"",""track_size"":"""",""model_key"":""bobcat-t650""},{""make"":""Bobcat"",""model"":""T730"",""machine_type"":""Compact Track Loader"",""track_size"":"""",""model_key"":""bobcat-t730""},{""make"":""Bobcat"",""model"":""T740"",""machine_type"":""Compact Track Loader"",""track_size"":"""",""model_key"":""bobcat-t740""},{""make"":""Bobcat"",""model"":""T750"",""machine_type"":""Compact Track Loader"",""track_size"":"""",""model_key"":""bobcat-t750""},{""make"":""Bobcat"",""model"":""T770"",""machine_type"":""Compact Track Loader"",""track_size"":"""",""model_key"":""bobcat-t770""}],""display_text"":""Fits select Bobcat and other compact track loader.""}"
tr6814886am,MERGE,TRUE,TR6814886AM,"{""verified"":true,""machine_type"":""Mini Excavator"",""track_size"":"""",""fits"":[{""make"":""Bobcat"",""model"":""325"",""machine_type"":""Mini Excavator"",""track_size"":"""",""model_key"":""bobcat-325""},{""make"":""Bobcat"",""model"":""329"",""machine_type"":""Mini Excavator"",""track_size"":"""",""model_key"":""bobcat-329""},{""make"":""Bobcat"",""model"":""331"",""machine_type"":""Mini Excavator"",""track_size"":"""",""model_key"":""bobcat-331""},{""make"":""Bobcat"",""model"":""331E"",""machine_type"":"""",""track_size"":"""",""model_key"":""bobcat-331e""},{""make"":""Bobcat"",""model"":""334"",""machine_type"":""Mini Excavator"",""track_size"":"""",""model_key"":""bobcat-334""},{""make"":""Bobcat"",""model"":""335"",""machine_type"":""Mini Excavator"",""track_size"":"""",""model_key"":""bobcat-335""},{""make"":""Bobcat"",""model"":""E26"",""machine_type"":""Mini Excavator"",""track_size"":"""",""model_key"":""bobcat-e26""}],""display_text"":""Fits select Bobcat and other mini excavator.""}"
tr6814890,MERGE,TRUE,TR6814890,"{""verified"":true,""machine_type"":""Mini Excavator"",""track_size"":"""",""fits"":[{""make"":""Bobcat"",""model"":""337"",""machine_type"":""Mini Excavator"",""track_size"":"""",""model_key"":""bobcat-337""},{""make"":""Bobcat"",""model"":""341"",""machine_type"":""Mini Excavator"",""track_size"":"""",""model_key"":""bobcat-341""}],""display_text"":""Fits select Bobcat and other mini excavator.""}"
tr7004933,MERGE,TRUE,TR7004933,"{""verified"":true,""machine_type"":""Mini Excavator"",""track_size"":"""",""fits"":[{""make"":""Bobcat"",""model"":""E80"",""machine_type"":""Mini Excavator"",""track_size"":"""",""model_key"":""bobcat-e80""}],""display_text"":""Fits select Bobcat and other mini excavator.""}"
tr7013575,MERGE,TRUE,TR7013575,"{""verified"":true,""machine_type"":""Mini Excavator"",""track_size"":"""",""fits"":[{""make"":""Bobcat"",""model"":""331"",""machine_type"":""Mini Excavator"",""track_size"":"""",""model_key"":""bobcat-331""},{""make"":""Bobcat"",""model"":""334"",""machine_type"":""Mini Excavator"",""track_size"":"""",""model_key"":""bobcat-334""},{""make"":""Bobcat"",""model"":""E26"",""machine_type"":""Mini Excavator"",""track_size"":"""",""model_key"":""bobcat-e26""},{""make"":""Bobcat"",""model"":""E32"",""machine_type"":""Mini Excavator"",""track_size"":"""",""model_key"":""bobcat-e32""},{""make"":""Bobcat"",""model"":""E32I"",""machine_type"":"""",""track_size"":"""",""model_key"":""bobcat-e32i""},{""make"":""Bobcat"",""model"":""E35"",""machine_type"":""Mini Excavator"",""track_size"":"""",""model_key"":""bobcat-e35""},{""make"":""Bobcat"",""model"":""E35Z"",""machine_type"":""Mini Excavator"",""track_size"":"""",""model_key"":""bobcat-e35z""},{""make"":""Bobcat"",""model"":""E35i"",""machine_type"":""Mini Excavator"",""track_size"":"""",""model_key"":""bobcat-e35i""},{""make"":""Bobcat"",""model"":""E42"",""machine_type"":""Mini Excavator"",""track_size"":"""",""model_key"":""bobcat-e42""}],""display_text"":""Fits select Bobcat and other mini excavator.""}"
tr7013577,MERGE,TRUE,TR7013577,"{""verified"":true,""machine_type"":""Mini Excavator"",""track_size"":"""",""fits"":[{""make"":""Bobcat"",""model"":""337"",""machine_type"":""Mini Excavator"",""track_size"":"""",""model_key"":""bobcat-337""},{""make"":""Bobcat"",""model"":""341"",""machine_type"":""Mini Excavator"",""track_size"":"""",""model_key"":""bobcat-341""},{""make"":""Bobcat"",""model"":""435"",""machine_type"":""Mini Excavator"",""track_size"":"""",""model_key"":""bobcat-435""},{""make"":""Bobcat"",""model"":""E45"",""machine_type"":""Mini Excavator"",""track_size"":"""",""model_key"":""bobcat-e45""},{""make"":""Bobcat"",""model"":""E50"",""machine_type"":""Mini Excavator"",""track_size"":"""",""model_key"":""bobcat-e50""},{""make"":""Bobcat"",""model"":""E55"",""machine_type"":""Mini Excavator"",""track_size"":"""",""model_key"":""bobcat-e55""}],""display_text"":""Fits select Bobcat and other mini excavator.""}"
tr7013577s,MERGE,TRUE,TR7013577S,"{""verified"":true,""machine_type"":""Mini Excavator"",""track_size"":"""",""fits"":[{""make"":""Bobcat"",""model"":""337"",""machine_type"":""Mini Excavator"",""track_size"":"""",""model_key"":""bobcat-337""},{""make"":""Bobcat"",""model"":""341"",""machine_type"":""Mini Excavator"",""track_size"":"""",""model_key"":""bobcat-341""}],""display_text"":""Fits select Bobcat and other mini excavator.""}"
tr7019167,MERGE,TRUE,TR7019167,"{""verified"":true,""machine_type"":""Mini Excavator"",""track_size"":"""",""fits"":[{""make"":""Bobcat"",""model"":""325"",""machine_type"":""Mini Excavator"",""track_size"":"""",""model_key"":""bobcat-325""},{""make"":""Bobcat"",""model"":""329"",""machine_type"":""Mini Excavator"",""track_size"":"""",""model_key"":""bobcat-329""},{""make"":""Bobcat"",""model"":""331"",""machine_type"":""Mini Excavator"",""track_size"":"""",""model_key"":""bobcat-331""},{""make"":""Bobcat"",""model"":""331E"",""machine_type"":"""",""track_size"":"""",""model_key"":""bobcat-331e""},{""make"":""Bobcat"",""model"":""334"",""machine_type"":""Mini Excavator"",""track_size"":"""",""model_key"":""bobcat-334""},{""make"":""Bobcat"",""model"":""425"",""machine_type"":""Mini Excavator"",""track_size"":"""",""model_key"":""bobcat-425""},{""make"":""Bobcat"",""model"":""E26"",""machine_type"":""Mini Excavator"",""track_size"":"""",""model_key"":""bobcat-e26""}],""display_text"":""Fits select Bobcat and other mini excavator.""}"
tr7109409,MERGE,TRUE,TR7109409,"{""verified"":true,""machine_type"":""Mini Track Loader"",""track_size"":"""",""fits"":[{""make"":""Bobcat"",""model"":""MT50"",""machine_type"":""Mini Track Loader"",""track_size"":"""",""model_key"":""bobcat-mt50""},{""make"":""Bobcat"",""model"":""MT52"",""machine_type"":""Mini Track Loader"",""track_size"":"""",""model_key"":""bobcat-mt52""},{""make"":""Bobcat"",""model"":""MT55"",""machine_type"":""Mini Track Loader"",""track_size"":"""",""model_key"":""bobcat-mt55""},{""make"":""Bobcat"",""model"":""MT85"",""machine_type"":""Mini Track Loader"",""track_size"":"""",""model_key"":""bobcat-mt85""}],""display_text"":""Fits select Bobcat and other mini track loader.""}"
tr7136983,MERGE,TRUE,TR7136983,"{""verified"":true,""machine_type"":""Mini Excavator"",""track_size"":"""",""fits"":[{""make"":""Bobcat"",""model"":""323"",""machine_type"":"""",""track_size"":"""",""model_key"":""bobcat-323""},{""make"":""Bobcat"",""model"":""335"",""machine_type"":""Mini Excavator"",""track_size"":"""",""model_key"":""bobcat-335""}],""display_text"":""Fits select Bobcat and other mini excavator.""}"
tr7165324,MERGE,TRUE,TR7165324,"{""verified"":true,""machine_type"":""Mini Track Loader"",""track_size"":"""",""fits"":[{""make"":""Bobcat"",""model"":""E08"",""machine_type"":""Mini Track Loader"",""track_size"":"""",""model_key"":""bobcat-e08""},{""make"":""Bobcat"",""model"":""E10"",""machine_type"":""Mini Excavator"",""track_size"":"""",""model_key"":""bobcat-e10""},{""make"":""Bobcat"",""model"":""X418"",""machine_type"":"""",""track_size"":"""",""model_key"":""bobcat-x418""}],""display_text"":""Fits select Bobcat and other mini track loader.""}"
tr7201400,MERGE,TRUE,TR7201400,"{""verified"":true,""machine_type"":""Compact Track Loader"",""track_size"":"""",""fits"":[{""make"":""Bobcat"",""model"":""T450"",""machine_type"":""Compact Track Loader"",""track_size"":"""",""model_key"":""bobcat-t450""}],""display_text"":""Fits select Bobcat and other compact track loader.""}"
tr7233399,MERGE,TRUE,TR7233399,"{""verified"":true,""machine_type"":""Compact Track Loader"",""track_size"":"""",""fits"":[{""make"":""Bobcat"",""model"":""T550"",""machine_type"":""Compact Track Loader"",""track_size"":"""",""model_key"":""bobcat-t550""},{""make"":""Bobcat"",""model"":""T595"",""machine_type"":""Compact Track Loader"",""track_size"":"""",""model_key"":""bobcat-t595""}],""display_text"":""Fits select Bobcat and other compact track loader.""}"
tr7257870,MERGE,TRUE,TR7257870,"{""verified"":true,""machine_type"":""Mini Excavator"",""track_size"":"""",""fits"":[{""make"":""Bobcat"",""model"":""E26"",""machine_type"":""Mini Excavator"",""track_size"":"""",""model_key"":""bobcat-e26""},{""make"":""New Holland"",""model"":""E25SR"",""machine_type"":""Mini Excavator"",""track_size"":"""",""model_key"":""new-holland-e25sr""}],""display_text"":""Fits select Bobcat, and New Holland and other mini excavator.""}"
tr7323310,MERGE,TRUE,TR7323310,"{""verified"":true,""machine_type"":""Compact Track Loader"",""track_size"":"""",""fits"":[{""make"":""Bobcat"",""model"":""T870"",""machine_type"":""Compact Track Loader"",""track_size"":"""",""model_key"":""bobcat-t870""},{""make"":""Case"",""model"":""TV620B"",""machine_type"":""Compact Track Loader"",""track_size"":"""",""model_key"":""case-tv620b""},{""make"":""New Holland"",""model"":""C362"",""machine_type"":""Compact Track Loader"",""track_size"":"""",""model_key"":""new-holland-c362""}],""display_text"":""Fits select Bobcat, Case, and New Holland and other compact track loader.""}"
tr772450-37300,MERGE,TRUE,TR772450-37300,"{""verified"":true,""machine_type"":""Mini Excavator"",""track_size"":"""",""fits"":[{""make"":""Yanmar"",""model"":""VIO35-6A"",""machine_type"":""Mini Excavator"",""track_size"":"""",""model_key"":""yanmar-vio35-6a""}],""display_text"":""Fits select Yanmar and other mini excavator.""}"
tr87535297,MERGE,TRUE,TR87535297,"{""verified"":true,""machine_type"":""Compact Track Loader"",""track_size"":"""",""fits"":[{""make"":""Case"",""model"":""420CT"",""machine_type"":""Compact Track Loader"",""track_size"":"""",""model_key"":""case-420ct""},{""make"":""Case"",""model"":""440CT"",""machine_type"":""Compact Track Loader"",""track_size"":"""",""model_key"":""case-440ct""},{""make"":""Case"",""model"":""445CT"",""machine_type"":""Compact Track Loader"",""track_size"":"""",""model_key"":""case-445ct""},{""make"":""Case"",""model"":""450CT"",""machine_type"":""Compact Track Loader"",""track_size"":"""",""model_key"":""case-450ct""},{""make"":""Case"",""model"":""TR270"",""machine_type"":""Compact Track Loader"",""track_size"":"""",""model_key"":""case-tr270""},{""make"":""Case"",""model"":""TR270B"",""machine_type"":"""",""track_size"":"""",""model_key"":""case-tr270b""},{""make"":""Case"",""model"":""TR310"",""machine_type"":""Compact Track Loader"",""track_size"":"""",""model_key"":""case-tr310""},{""make"":""Case"",""model"":""TR310B"",""machine_type"":""Compact Track Loader"",""track_size"":"""",""model_key"":""case-tr310b""},{""make"":""Case"",""model"":""TR320"",""machine_type"":""Compact Track Loader"",""track_size"":"""",""model_key"":""case-tr320""},{""make"":""Case"",""model"":""TR340"",""machine_type"":""Compact Track Loader"",""track_size"":"""",""model_key"":""case-tr340""},{""make"":""Case"",""model"":""TR340B"",""machine_type"":""Compact Track Loader"",""track_size"":"""",""model_key"":""case-tr340b""},{""make"":""Case"",""model"":""TV370"",""machine_type"":"""",""track_size"":"""",""model_key"":""case-tv370""},{""make"":""Case"",""model"":""TV370B"",""machine_type"":""Compact Track Loader"",""track_size"":"""",""model_key"":""case-tv370b""},{""make"":""Case"",""model"":""TV380"",""machine_type"":""Compact Track Loader"",""track_size"":"""",""model_key"":""case-tv380""},{""make"":""Case"",""model"":""TV450"",""machine_type"":"""",""track_size"":"""",""model_key"":""case-tv450""},{""make"":""Case"",""model"":""TV450B"",""machine_type"":""Compact Track Loader"",""track_size"":"""",""model_key"":""case-tv450b""},{""make"":""JCB"",""model"":""1110T"",""machine_type"":""Compact Track Loader"",""track_size"":"""",""model_key"":""jcb-1110t""},{""make"":""JCB"",""model"":""180T"",""machine_type"":""Compact Track Loader"",""track_size"":"""",""model_key"":""jcb-180t""},{""make"":""JCB"",""model"":""190T"",""machine_type"":""Compact Track Loader"",""track_size"":"""",""model_key"":""jcb-190t""},{""make"":""JCB"",""model"":""190T ECO"",""machine_type"":""Compact Track Loader"",""track_size"":"""",""model_key"":""jcb-190t-eco""},{""make"":""New Holland"",""model"":""C175"",""machine_type"":""Compact Track Loader"",""track_size"":"""",""model_key"":""new-holland-c175""},{""make"":""New Holland"",""model"":""C180"",""machine_type"":"""",""track_size"":"""",""model_key"":""new-holland-c180""},{""make"":""New Holland"",""model"":""C185"",""machine_type"":""Compact Track Loader"",""track_size"":"""",""model_key"":""new-holland-c185""},{""make"":""New Holland"",""model"":""C190"",""machine_type"":""Compact Track Loader"",""track_size"":"""",""model_key"":""new-holland-c190""},{""make"":""New Holland"",""model"":""C227"",""machine_type"":""Compact Track Loader"",""track_size"":"""",""model_key"":""new-holland-c227""},{""make"":""New Holland"",""model"":""C232"",""machine_type"":""Compact Track Loader"",""track_size"":"""",""model_key"":""new-holland-c232""},{""make"":""New Holland"",""model"":""C234"",""machine_type"":""Compact Track Loader"",""track_size"":"""",""model_key"":""new-holland-c234""},{""make"":""New Holland"",""model"":""C237"",""machine_type"":""Compact Track Loader"",""track_size"":"""",""model_key"":""new-holland-c237""},{""make"":""New Holland"",""model"":""C238"",""machine_type"":""Compact Track Loader"",""track_size"":"""",""model_key"":""new-holland-c238""},{""make"":""New Holland"",""model"":""C245"",""machine_type"":""Compact Track Loader"",""track_size"":"""",""model_key"":""new-holland-c245""},{""make"":""New Holland"",""model"":""C327"",""machine_type"":""Compact Track Loader"",""track_size"":"""",""model_key"":""new-holland-c327""},{""make"":""New Holland"",""model"":""C332"",""machine_type"":""Compact Track Loader"",""track_size"":"""",""model_key"":""new-holland-c332""},{""make"":""New Holland"",""model"":""C334"",""machine_type"":""Compact Track Loader"",""track_size"":"""",""model_key"":""new-holland-c334""},{""make"":""New Holland"",""model"":""C337"",""machine_type"":""Compact Track Loader"",""track_size"":"""",""model_key"":""new-holland-c337""},{""make"":""New Holland"",""model"":""C345"",""machine_type"":""Compact Track Loader"",""track_size"":"""",""model_key"":""new-holland-c345""},{""make"":""New Holland"",""model"":""LT175B"",""machine_type"":""Compact Track Loader"",""track_size"":"""",""model_key"":""new-holland-lt175b""},{""make"":""New Holland"",""model"":""LT185B"",""machine_type"":""Compact Track Loader"",""track_size"":"""",""model_key"":""new-holland-lt185b""},{""make"":""New Holland"",""model"":""LT190B"",""machine_type"":""Compact Track Loader"",""track_size"":"""",""model_key"":""new-holland-lt190b""}],""display_text"":""Fits select Case, JCB, and New Holland and other compact track loader.""}"
tr9239528,MERGE,TRUE,TR9239528,"{""verified"":true,""machine_type"":""Mini Excavator"",""track_size"":"""",""fits"":[{""make"":""Hitachi"",""model"":""ZX50U 2"",""machine_type"":"""",""track_size"":"""",""model_key"":""hitachi-zx50u-2""},{""make"":""Hitachi"",""model"":""ZX50U 3"",""machine_type"":"""",""track_size"":"""",""model_key"":""hitachi-zx50u-3""},{""make"":""Hitachi"",""model"":""ZX50U-5"",""machine_type"":""Mini Excavator"",""track_size"":"""",""model_key"":""hitachi-zx50u-5""},{""make"":""John Deere"",""model"":""50D"",""machine_type"":""Mini Excavator"",""track_size"":"""",""model_key"":""john-deere-50d""},{""make"":""John Deere"",""model"":""50G"",""machine_type"":""Mini Excavator"",""track_size"":"""",""model_key"":""john-deere-50g""},{""make"":""Komatsu"",""model"":""PC45MR-3"",""machine_type"":""Mini Excavator"",""track_size"":"""",""model_key"":""komatsu-pc45mr-3""},{""make"":""Komatsu"",""model"":""PC50MR 2"",""machine_type"":"""",""track_size"":"""",""model_key"":""komatsu-pc50mr-2""}],""display_text"":""Fits select Hitachi, John Deere, and Komatsu and other mini excavator.""}"
tr9239528s,MERGE,TRUE,TR9239528S,"{""verified"":true,""machine_type"":""Mini Excavator"",""track_size"":"""",""fits"":[{""make"":""John Deere"",""model"":""50D"",""machine_type"":""Mini Excavator"",""track_size"":"""",""model_key"":""john-deere-50d""}],""display_text"":""Fits select John Deere and other mini excavator.""}"
trid2802,MERGE,TRUE,TRID2802,"{""verified"":true,""machine_type"":""Compact Track Loader"",""track_size"":"""",""fits"":[{""make"":""Gehl"",""model"":""RT165"",""machine_type"":""Compact Track Loader"",""track_size"":"""",""model_key"":""gehl-rt165""},{""make"":""Gehl"",""model"":""RT175"",""machine_type"":""Compact Track Loader"",""track_size"":"""",""model_key"":""gehl-rt175""},{""make"":""Gehl"",""model"":""RT185"",""machine_type"":""Compact Track Loader"",""track_size"":"""",""model_key"":""gehl-rt185""},{""make"":""Gehl"",""model"":""RT210"",""machine_type"":""Compact Track Loader"",""track_size"":"""",""model_key"":""gehl-rt210""},{""make"":""Gehl"",""model"":""RT215"",""machine_type"":""Compact Track Loader"",""track_size"":"""",""model_key"":""gehl-rt215""},{""make"":""Gehl"",""model"":""RT250"",""machine_type"":""Compact Track Loader"",""track_size"":"""",""model_key"":""gehl-rt250""},{""make"":""Gehl"",""model"":""RT255"",""machine_type"":""Compact Track Loader"",""track_size"":"""",""model_key"":""gehl-rt255""},{""make"":""Gehl"",""model"":""VT320"",""machine_type"":""Compact Track Loader"",""track_size"":"""",""model_key"":""gehl-vt320""},{""make"":""JCB"",""model"":""150T"",""machine_type"":""Compact Track Loader"",""track_size"":"""",""model_key"":""jcb-150t""},{""make"":""JCB"",""model"":""205T"",""machine_type"":"""",""track_size"":"""",""model_key"":""jcb-205t""},{""make"":""JCB"",""model"":""215T"",""machine_type"":"""",""track_size"":"""",""model_key"":""jcb-215t""},{""make"":""JCB"",""model"":""225T ECO"",""machine_type"":""Compact Track Loader"",""track_size"":"""",""model_key"":""jcb-225t-eco""},{""make"":""JCB"",""model"":""260T"",""machine_type"":"""",""track_size"":"""",""model_key"":""jcb-260t""},{""make"":""JCB"",""model"":""260T ECO"",""machine_type"":""Compact Track Loader"",""track_size"":"""",""model_key"":""jcb-260t-eco""},{""make"":""JCB"",""model"":""270T ECO"",""machine_type"":""Compact Track Loader"",""track_size"":"""",""model_key"":""jcb-270t-eco""},{""make"":""JCB"",""model"":""300T"",""machine_type"":"""",""track_size"":"""",""model_key"":""jcb-300t""},{""make"":""JCB"",""model"":""320T ECO"",""machine_type"":""Compact Track Loader"",""track_size"":"""",""model_key"":""jcb-320t-eco""},{""make"":""JCB"",""model"":""3TS-8T"",""machine_type"":""Compact Track Loader"",""track_size"":"""",""model_key"":""jcb-3ts-8t""},{""make"":""John Deere"",""model"":""317G"",""machine_type"":""Compact Track Loader"",""track_size"":"""",""model_key"":""john-deere-317g""},{""make"":""John Deere"",""model"":""319D"",""machine_type"":""Compact Track Loader"",""track_size"":"""",""model_key"":""john-deere-319d""},{""make"":""John Deere"",""model"":""319E"",""machine_type"":""Compact Track Loader"",""track_size"":"""",""model_key"":""john-deere-319e""},{""make"":""John Deere"",""model"":""323D"",""machine_type"":""Compact Track Loader"",""track_size"":"""",""model_key"":""john-deere-323d""},{""make"":""John Deere"",""model"":""323E"",""machine_type"":""Compact Track Loader"",""track_size"":"""",""model_key"":""john-deere-323e""},{""make"":""John Deere"",""model"":""325G"",""machine_type"":""Compact Track Loader"",""track_size"":"""",""model_key"":""john-deere-325g""},{""make"":""John Deere"",""model"":""329D"",""machine_type"":""Compact Track Loader"",""track_size"":"""",""model_key"":""john-deere-329d""},{""make"":""John Deere"",""model"":""329E"",""machine_type"":""Compact Track Loader"",""track_size"":"""",""model_key"":""john-deere-329e""},{""make"":""John Deere"",""model"":""331G"",""machine_type"":""Compact Track Loader"",""track_size"":"""",""model_key"":""john-deere-331g""},{""make"":""John Deere"",""model"":""333D"",""machine_type"":""Compact Track Loader"",""track_size"":"""",""model_key"":""john-deere-333d""},{""make"":""John Deere"",""model"":""333E"",""machine_type"":""Compact Track Loader"",""track_size"":"""",""model_key"":""john-deere-333e""},{""make"":""John Deere"",""model"":""333G"",""machine_type"":""Compact Track Loader"",""track_size"":"""",""model_key"":""john-deere-333g""},{""make"":""John Deere"",""model"":""CT322"",""machine_type"":""Compact Track Loader"",""track_size"":"""",""model_key"":""john-deere-ct322""},{""make"":""John Deere"",""model"":""CT332"",""machine_type"":""Compact Track Loader"",""track_size"":"""",""model_key"":""john-deere-ct332""},{""make"":""Komatsu"",""model"":""CK30-1"",""machine_type"":""Compact Track Loader"",""track_size"":"""",""model_key"":""komatsu-ck30-1""},{""make"":""Komatsu"",""model"":""CK35-1"",""machine_type"":""Compact Track Loader"",""track_size"":"""",""model_key"":""komatsu-ck35-1""},{""make"":""Mustang"",""model"":""1650RT"",""machine_type"":"""",""track_size"":"""",""model_key"":""mustang-1650rt""},{""make"":""Mustang"",""model"":""2100RT"",""machine_type"":""Compact Track Loader"",""track_size"":"""",""model_key"":""mustang-2100rt""},{""make"":""Mustang"",""model"":""2150RT"",""machine_type"":""Compact Track Loader"",""track_size"":"""",""model_key"":""mustang-2150rt""},{""make"":""Mustang"",""model"":""2500RT"",""machine_type"":""Compact Track Loader"",""track_size"":"""",""model_key"":""mustang-2500rt""},{""make"":""Volvo"",""model"":""MCT110C"",""machine_type"":""Compact Track Loader"",""track_size"":"""",""model_key"":""volvo-mct110c""},{""make"":""Volvo"",""model"":""MCT125C"",""machine_type"":""Compact Track Loader"",""track_size"":"""",""model_key"":""volvo-mct125c""},{""make"":""Volvo"",""model"":""MCT135C"",""machine_type"":""Compact Track Loader"",""track_size"":"""",""model_key"":""volvo-mct135c""},{""make"":""Volvo"",""model"":""MCT145C"",""machine_type"":""Compact Track Loader"",""track_size"":"""",""model_key"":""volvo-mct145c""},{""make"":""Volvo"",""model"":""MCT85C"",""machine_type"":""Compact Track Loader"",""track_size"":"""",""model_key"":""volvo-mct85c""}],""display_text"":""Fits select Gehl, JCB, John Deere, and 3 other brands and other compact track loader.""}"
trkm1273,MERGE,TRUE,TRKM1273,"{""verified"":true,""machine_type"":"""",""track_size"":"""",""fits"":[{""make"":""Komatsu"",""model"":""PC20 2"",""machine_type"":"""",""track_size"":"""",""model_key"":""komatsu-pc20-2""},{""make"":""Komatsu"",""model"":""PC20 7"",""machine_type"":"""",""track_size"":"""",""model_key"":""komatsu-pc20-7""}],""display_text"":""Fits select Komatsu and other machines.""}"
trkm1690,MERGE,TRUE,TRKM1690,"{""verified"":true,""machine_type"":""Mini Excavator"",""track_size"":"""",""fits"":[{""make"":""Komatsu"",""model"":""PC60-5"",""machine_type"":""Mini Excavator"",""track_size"":"""",""model_key"":""komatsu-pc60-5""}],""display_text"":""Fits select Komatsu and other mini excavator.""}"
trkm1690-a,MERGE,TRUE,TRKM1690-A,"{""verified"":true,""machine_type"":""Mini Excavator"",""track_size"":"""",""fits"":[{""make"":""Komatsu"",""model"":""PC60-5"",""machine_type"":""Mini Excavator"",""track_size"":"""",""model_key"":""komatsu-pc60-5""},{""make"":""SANY"",""model"":""SY80U"",""machine_type"":"""",""track_size"":"""",""model_key"":""sany-sy80u""}],""display_text"":""Fits select Komatsu, and SANY and other mini excavator.""}"
trlk328,MERGE,TRUE,TRLK328,"{""verified"":true,""machine_type"":""Mini Excavator"",""track_size"":"""",""fits"":[{""make"":""John Deere"",""model"":""75G"",""machine_type"":""Mini Excavator"",""track_size"":"""",""model_key"":""john-deere-75g""},{""make"":""John Deere"",""model"":""85G"",""machine_type"":""Mini Excavator"",""track_size"":"""",""model_key"":""john-deere-85g""}],""display_text"":""Fits select John Deere and other mini excavator.""}"
trmu5178,MERGE,TRUE,TRMU5178,"{""verified"":true,""machine_type"":""Mini Excavator"",""track_size"":"""",""fits"":[{""make"":""JCB"",""model"":""805"",""machine_type"":""Mini Excavator"",""track_size"":"""",""model_key"":""jcb-805""},{""make"":""JCB"",""model"":""8052"",""machine_type"":""Mini Excavator"",""track_size"":"""",""model_key"":""jcb-8052""},{""make"":""JCB"",""model"":""8060"",""machine_type"":""Mini Excavator"",""track_size"":"""",""model_key"":""jcb-8060""},{""make"":""New Holland"",""model"":""EC45"",""machine_type"":""Mini Excavator"",""track_size"":"""",""model_key"":""new-holland-ec45""}],""display_text"":""Fits select JCB, and New Holland and other mini excavator.""}"
trpy64d00002f3,MERGE,TRUE,TRPY64D00002F3,"{""verified"":true,""machine_type"":""Mini Excavator"",""track_size"":"""",""fits"":[{""make"":""Case"",""model"":""CX50B"",""machine_type"":""Mini Excavator"",""track_size"":"""",""model_key"":""case-cx50b""},{""make"":""New Holland"",""model"":""E 50B"",""machine_type"":""Mini Excavator"",""track_size"":"""",""model_key"":""new-holland-e-50b""}],""display_text"":""Fits select Case, and New Holland and other mini excavator.""}"
trra231-21700,MERGE,TRUE,TRRA231-21700,"{""verified"":true,""machine_type"":"""",""track_size"":"""",""fits"":[{""make"":""Kubota"",""model"":""U17"",""machine_type"":"""",""track_size"":"""",""model_key"":""kubota-u17""}],""display_text"":""Fits select Kubota and other machines.""}"
trrb511-21702,MERGE,TRUE,TRRB511-21702,"{""verified"":true,""machine_type"":""Mini Excavator"",""track_size"":"""",""fits"":[{""make"":""Kubota"",""model"":""KX101-3"",""machine_type"":""Mini Excavator"",""track_size"":"""",""model_key"":""kubota-kx101-3""},{""make"":""Kubota"",""model"":""KX61-3"",""machine_type"":""Mini Excavator"",""track_size"":"""",""model_key"":""kubota-kx61-3""},{""make"":""Kubota"",""model"":""KX71 3S"",""machine_type"":"""",""track_size"":"""",""model_key"":""kubota-kx71-3s""},{""make"":""Kubota"",""model"":""KX71-3"",""machine_type"":""Mini Excavator"",""track_size"":"""",""model_key"":""kubota-kx71-3""},{""make"":""Kubota"",""model"":""KX91-3"",""machine_type"":""Mini Excavator"",""track_size"":"""",""model_key"":""kubota-kx91-3""},{""make"":""Kubota"",""model"":""U-25-3"",""machine_type"":""Mini Excavator"",""track_size"":"""",""model_key"":""kubota-u-25-3""},{""make"":""Kubota"",""model"":""U-30-3"",""machine_type"":""Mini Excavator"",""track_size"":"""",""model_key"":""kubota-u-30-3""},{""make"":""Kubota"",""model"":""U-35-3"",""machine_type"":""Mini Excavator"",""track_size"":"""",""model_key"":""kubota-u-35-3""},{""make"":""Kubota"",""model"":""U25"",""machine_type"":""Mini Excavator"",""track_size"":"""",""model_key"":""kubota-u25""},{""make"":""Kubota"",""model"":""U27 4"",""machine_type"":"""",""track_size"":"""",""model_key"":""kubota-u27-4""},{""make"":""Kubota"",""model"":""U35"",""machine_type"":"""",""track_size"":"""",""model_key"":""kubota-u35""}],""display_text"":""Fits select Kubota and other mini excavator.""}"
trrc788-21700,MERGE,TRUE,TRRC788-21700,"{""verified"":true,""machine_type"":""Mini Excavator"",""track_size"":"""",""fits"":[{""make"":""Kubota"",""model"":""KX033-4"",""machine_type"":""Mini Excavator"",""track_size"":"""",""model_key"":""kubota-kx033-4""},{""make"":""Kubota"",""model"":""U-35-3"",""machine_type"":""Mini Excavator"",""track_size"":"""",""model_key"":""kubota-u-35-3""},{""make"":""Kubota"",""model"":""U35 4"",""machine_type"":"""",""track_size"":"""",""model_key"":""kubota-u35-4""}],""display_text"":""Fits select Kubota and other mini excavator.""}"
trrd118-21700,MERGE,TRUE,TRRD118-21700,"{""verified"":true,""machine_type"":""Mini Excavator"",""track_size"":"""",""fits"":[{""make"":""Kubota"",""model"":""KX040-4"",""machine_type"":""Mini Excavator"",""track_size"":"""",""model_key"":""kubota-kx040-4""},{""make"":""Kubota"",""model"":""KX121-3"",""machine_type"":""Mini Excavator"",""track_size"":"""",""model_key"":""kubota-kx121-3""},{""make"":""Kubota"",""model"":""KX121-3S"",""machine_type"":"""",""track_size"":"""",""model_key"":""kubota-kx121-3s""},{""make"":""Kubota"",""model"":""KX121-3ST"",""machine_type"":"""",""track_size"":"""",""model_key"":""kubota-kx121-3st""}],""display_text"":""Fits select Kubota and other mini excavator.""}"
trrd201-21700,MERGE,TRUE,TRRD201-21700,"{""verified"":true,""machine_type"":""Mini Excavator"",""track_size"":"""",""fits"":[{""make"":""Kubota"",""model"":""KX161-2"",""machine_type"":""Mini Excavator"",""track_size"":"""",""model_key"":""kubota-kx161-2""}],""display_text"":""Fits select Kubota and other mini excavator.""}"
trrd411-21700,MERGE,TRUE,TRRD411-21700,"{""verified"":true,""machine_type"":""Mini Excavator"",""track_size"":"""",""fits"":[{""make"":""Kubota"",""model"":""KX057-4"",""machine_type"":""Mini Excavator"",""track_size"":"""",""model_key"":""kubota-kx057-4""},{""make"":""Kubota"",""model"":""KX161-3"",""machine_type"":""Mini Excavator"",""track_size"":"""",""model_key"":""kubota-kx161-3""},{""make"":""Kubota"",""model"":""KX161-3S"",""machine_type"":"""",""track_size"":"""",""model_key"":""kubota-kx161-3s""},{""make"":""Kubota"",""model"":""U-45-3"",""machine_type"":""Mini Excavator"",""track_size"":"""",""model_key"":""kubota-u-45-3""},{""make"":""Kubota"",""model"":""U55 4"",""machine_type"":"""",""track_size"":"""",""model_key"":""kubota-u55-4""}],""display_text"":""Fits select Kubota and other mini excavator.""}"
trrd411-21703,MERGE,TRUE,TRRD411-21703,"{""verified"":true,""machine_type"":""Mini Excavator"",""track_size"":"""",""fits"":[{""make"":""Kubota"",""model"":""KX057 5"",""machine_type"":"""",""track_size"":"""",""model_key"":""kubota-kx057-5""},{""make"":""Kubota"",""model"":""KX057-4"",""machine_type"":""Mini Excavator"",""track_size"":"""",""model_key"":""kubota-kx057-4""},{""make"":""Kubota"",""model"":""KX161-3"",""machine_type"":""Mini Excavator"",""track_size"":"""",""model_key"":""kubota-kx161-3""},{""make"":""Kubota"",""model"":""KX161-3S"",""machine_type"":"""",""track_size"":"""",""model_key"":""kubota-kx161-3s""},{""make"":""Kubota"",""model"":""U-45"",""machine_type"":""Mini Excavator"",""track_size"":"""",""model_key"":""kubota-u-45""},{""make"":""Kubota"",""model"":""U45S"",""machine_type"":"""",""track_size"":"""",""model_key"":""kubota-u45s""},{""make"":""Kubota"",""model"":""U48-5"",""machine_type"":""Mini Excavator"",""track_size"":"""",""model_key"":""kubota-u48-5""},{""make"":""Kubota"",""model"":""U55"",""machine_type"":"""",""track_size"":"""",""model_key"":""kubota-u55""},{""make"":""Kubota"",""model"":""U55-5"",""machine_type"":""Mini Excavator"",""track_size"":"""",""model_key"":""kubota-u55-5""}],""display_text"":""Fits select Kubota and other mini excavator.""}"
trrd441-21702,MERGE,TRUE,TRRD441-21702,"{""verified"":true,""machine_type"":""Mini Excavator"",""track_size"":"""",""fits"":[{""make"":""Kubota"",""model"":""KX057-4"",""machine_type"":""Mini Excavator"",""track_size"":"""",""model_key"":""kubota-kx057-4""}],""display_text"":""Fits select Kubota and other mini excavator.""}"
trrd809-21703,MERGE,TRUE,TRRD809-21703,"{""verified"":true,""machine_type"":""Mini Excavator"",""track_size"":"""",""fits"":[{""make"":""JCB"",""model"":""JZ 70"",""machine_type"":""Mini Excavator"",""track_size"":"""",""model_key"":""jcb-jz-70""},{""make"":""Kubota"",""model"":""KX080-3"",""machine_type"":""Mini Excavator"",""track_size"":"""",""model_key"":""kubota-kx080-3""},{""make"":""Kubota"",""model"":""KX080-4"",""machine_type"":""Mini Excavator"",""track_size"":"""",""model_key"":""kubota-kx080-4""}],""display_text"":""Fits select JCB, and Kubota and other mini excavator.""}"
trrg158-21700,MERGE,TRUE,TRRG158-21700,"{""verified"":true,""machine_type"":""Mini Excavator"",""track_size"":"""",""fits"":[{""make"":""Kubota"",""model"":""KX018-4"",""machine_type"":""Mini Excavator"",""track_size"":"""",""model_key"":""kubota-kx018-4""}],""display_text"":""Fits select Kubota and other mini excavator.""}"
trv0511-25104,MERGE,TRUE,TRV0511-25104,"{""verified"":true,""machine_type"":""Compact Track Loader"",""track_size"":"""",""fits"":[{""make"":""Kubota"",""model"":""SVL65-2"",""machine_type"":""Compact Track Loader"",""track_size"":"""",""model_key"":""kubota-svl65-2""},{""make"":""Kubota"",""model"":""SVL75"",""machine_type"":""Compact Track Loader"",""track_size"":"""",""model_key"":""kubota-svl75""},{""make"":""Kubota"",""model"":""SVL75-2"",""machine_type"":""Compact Track Loader"",""track_size"":"""",""model_key"":""kubota-svl75-2""},{""make"":""Kubota"",""model"":""SVL90"",""machine_type"":""Compact Track Loader"",""track_size"":"""",""model_key"":""kubota-svl90""},{""make"":""Kubota"",""model"":""SVL90-2"",""machine_type"":""Compact Track Loader"",""track_size"":"""",""model_key"":""kubota-svl90-2""},{""make"":""Kubota"",""model"":""SVL95 2S"",""machine_type"":"""",""track_size"":"""",""model_key"":""kubota-svl95-2s""},{""make"":""Kubota"",""model"":""SVL95-2"",""machine_type"":""Compact Track Loader"",""track_size"":"""",""model_key"":""kubota-svl95-2""},{""make"":""Kubota"",""model"":""SVL97-2"",""machine_type"":""Compact Track Loader"",""track_size"":"""",""model_key"":""kubota-svl97-2""}],""display_text"":""Fits select Kubota and other compact track loader.""}"
trv0531-25102,MERGE,TRUE,TRV0531-25102,"{""verified"":true,""machine_type"":""Compact Track Loader"",""track_size"":"""",""fits"":[{""make"":""Kubota"",""model"":""SVL75-3"",""machine_type"":""Compact Track Loader"",""track_size"":"""",""model_key"":""kubota-svl75-3""}],""display_text"":""Fits select Kubota and other compact track loader.""}"
