machine_id,brand_id,model,model_canonical,machine_type,mount_type,primary_track_size_id,horsepower,operating_weight_lbs,std_gpm,hf_gpm,std_psi,lift_type,coupler_type,validation_status,source_systems,machine_status,canonical_model_group,shopify_handle,shopify_url,navigation_source
mdl_airman_ax10u,br_airman,AX10U,AX10U,,,,,,,,,,,,supplier_fitment,quarantine,Airman AX10U,,,
mdl_airman_ax12,br_airman,AX12,AX12,Mini Excavator,,ts_230x96x31,,,,,,,,,size_index|supplier_fitment,active_v1,Airman AX12,airman-ax12,/pages/equipment-model/airman-ax12,track_finder_v1
mdl_airman_ax12_2,br_airman,AX12-2,AX12-2,Mini Excavator,,ts_230x96x31,,,,,,,,,size_index|supplier_fitment,active_v1,Airman AX12-2,airman-ax12-2,/pages/equipment-model/airman-ax12-2,track_finder_v1
mdl_airman_ax15,br_airman,AX15,AX15,,,ts_230x96x31,,,,,,,,,size_index,review,Airman AX15,,,
mdl_airman_ax15_2,br_airman,AX15-2,AX15-2,Mini Excavator,,ts_230x96x31,,,,,,,,,size_index|supplier_fitment,active_v1,Airman AX15-2,airman-ax15-2,/pages/equipment-model/airman-ax15-2,track_finder_v1
mdl_airman_ax15u,br_airman,AX15U,AX15U,Mini Excavator,,ts_230x96x31,,,,,,,,,size_index|supplier_fitment,active_v1,Airman AX15U,airman-ax15u,/pages/equipment-model/airman-ax15u,track_finder_v1
mdl_airman_ax17_2,br_airman,AX17-2,AX17-2,,,,,,,,,,,,size_index,quarantine,Airman AX17-2,,,
mdl_airman_ax17_2n,br_airman,AX17-2N,AX17-2N,,,,,,,,,,,,size_index,quarantine,Airman AX17-2N,,,
mdl_airman_ax17cgl_2n,br_airman,AX17CGL-2N,AX17CGL-2N,,,,,,,,,,,,size_index,quarantine,Airman AX17CGL-2N,,,
mdl_airman_ax17u,br_airman,AX17U,AX17U,Mini Excavator,,ts_230x48x70,,,,,,,,,size_index,active_v1,Airman AX17U,airman-ax17u,/pages/equipment-model/airman-ax17u,track_finder_v1
mdl_airman_ax20_3,br_airman,AX20-3,AX20-3,,,,,,,,,,,,supplier_fitment,quarantine,Airman AX20-3,,,
mdl_airman_ax20ur,br_airman,AX20UR,AX20UR,,,,,,,,,,,,supplier_fitment,quarantine,Airman AX20UR,,,
mdl_airman_ax25_2,br_airman,AX25-2,AX25-2,,,,,,,,,,,,supplier_fitment,quarantine,Airman AX25-2,,,
mdl_airman_ax30u_4,br_airman,AX30U-4,AX30U-4,Mini Excavator,,ts_300x525x86,,,,,,,,,supplier_fitment,active_v1,Airman AX30U-4,airman-ax30u-4,/pages/equipment-model/airman-ax30u-4,track_finder_v1
mdl_airman_ax351,br_airman,AX351,AX351,Mini Excavator,,ts_300x525nx84,,,,,,,,,fitment_json,active_v1,Airman AX351,airman-ax35-1,/pages/equipment-model/airman-ax35-1,track_finder_v1
mdl_airman_ax352,br_airman,AX352,AX352,Mini Excavator,,ts_300x525nx84,,,,,,,,,fitment_json,active_v1,Airman AX352,airman-ax35-2,/pages/equipment-model/airman-ax35-2,track_finder_v1
mdl_airman_ax35u,br_airman,AX35U,AX35U,Mini Excavator,,ts_300x525x86,,,,,,,,,supplier_fitment,active_v1,Airman AX35U,airman-ax35u,/pages/equipment-model/airman-ax35u,track_finder_v1
mdl_airman_ax35u_4,br_airman,AX35U-4,AX35U-4,Mini Excavator,,ts_300x525x86,,,,,,,,,supplier_fitment,active_v1,Airman AX35U-4,airman-ax35u-4,/pages/equipment-model/airman-ax35u-4,track_finder_v1
mdl_airman_ax36u,br_airman,AX36U,AX36U,Mini Excavator,,ts_300x525x86,,,,,,,,,supplier_fitment,active_v1,Airman AX36U,airman-ax36u,/pages/equipment-model/airman-ax36u,track_finder_v1
mdl_airman_ax36ucgl,br_airman,AX36UCGL,AX36UCGL,Mini Excavator,,ts_300x525x86,,,,,,,,,supplier_fitment,active_v1,Airman AX36UCGL,airman-ax36ucgl,/pages/equipment-model/airman-ax36ucgl,track_finder_v1
mdl_airman_ax40,br_airman,AX40,AX40,,,,,,,,,,,,supplier_fitment,quarantine,Airman AX40,,,
mdl_airman_ax40_2,br_airman,AX40-2,AX40-2,,,,,,,,,,,,supplier_fitment,quarantine,Airman AX40-2,,,
mdl_airman_ax40u,br_airman,AX40U,AX40U,,,,,,,,,,,,supplier_fitment,quarantine,Airman AX40U,,,
mdl_airman_ax40u_4,br_airman,AX40U-4,AX40U-4,,,,,,,,,,,,supplier_fitment,quarantine,Airman AX40U-4,,,
mdl_airman_ax40ur_1,br_airman,AX40UR-1,AX40UR-1,,,,,,,,,,,,supplier_fitment,quarantine,Airman AX40UR-1,,,
mdl_airman_ax40ur_2,br_airman,AX40UR-2,AX40UR-2,,,,,,,,,,,,supplier_fitment,quarantine,Airman AX40UR-2,,,
mdl_airman_ax45_2,br_airman,AX45-2,AX45-2,,,,,,,,,,,,supplier_fitment,quarantine,Airman AX45-2,,,
mdl_airman_ax45cgl_2,br_airman,AX45CGL-2,AX45CGL-2,,,,,,,,,,,,supplier_fitment,quarantine,Airman AX45CGL-2,,,
mdl_airman_ax50,br_airman,AX50,AX50,,,,,,,,,,,,supplier_fitment,quarantine,Airman AX50,,,
mdl_airman_ax50_2,br_airman,AX50-2,AX50-2,,,,,,,,,,,,supplier_fitment,quarantine,Airman AX50-2,,,
mdl_airman_ax50_3,br_airman,AX50-3,AX50-3,,,,,,,,,,,,supplier_fitment,quarantine,Airman AX50-3,,,
mdl_airman_ax50u,br_airman,AX50U,AX50U,,,,,,,,,,,,supplier_fitment,quarantine,Airman AX50U,,,
mdl_airman_ax50u_4,br_airman,AX50U-4,AX50U-4,,,,,,,,,,,,supplier_fitment,quarantine,Airman AX50U-4,,,
mdl_airman_ax50ucgl,br_airman,AX50UCGL,AX50UCGL,,,,,,,,,,,,supplier_fitment,quarantine,Airman AX50UCGL,,,
mdl_airman_ax55ur,br_airman,AX55UR,AX55UR,,,,,,,,,,,,supplier_fitment,quarantine,Airman AX55UR,,,
mdl_airman_ax55ur_3,br_airman,AX55UR-3,AX55UR-3,,,,,,,,,,,,supplier_fitment,quarantine,Airman AX55UR-3,,,
mdl_airman_ax58,br_airman,AX58,AX58,,,,,,,,,,,,supplier_fitment,quarantine,Airman AX58,,,
mdl_airman_ax58mu,br_airman,AX58MU,AX58MU,,,,,,,,,,,,supplier_fitment,quarantine,Airman AX58MU,,,
mdl_airman_ax_22_1,br_airman,AX-22-1,AX-22-1,,,,,,,,,,,,size_index,quarantine,Airman AX-22-1,,,
mdl_airman_ax_22_2,br_airman,AX-22-2,AX-22-2,,,,,,,,,,,,size_index,quarantine,Airman AX-22-2,,,
mdl_airman_ax_22_cgl,br_airman,AX-22-CGL,AX-22-CGL,,,,,,,,,,,,size_index,quarantine,Airman AX-22-CGL,,,
mdl_airman_axc12,br_airman,AXC12,AXC12,Mini Excavator,,ts_230x96x31,,,,,,,,,supplier_fitment,active_v1,Airman AXC12,airman-axc12,/pages/equipment-model/airman-axc12,track_finder_v1
mdl_airman_axc15,br_airman,AXC15,AXC15,Mini Excavator,,ts_230x96x31,,,,,,,,,supplier_fitment,active_v1,Airman AXC15,airman-axc15,/pages/equipment-model/airman-axc15,track_finder_v1
mdl_airman_hm30sgz,br_airman,HM30SGZ,HM30SGZ,,,,,,,,,,,,supplier_fitment,quarantine,Airman HM30SGZ,,,
mdl_airman_hm35,br_airman,HM35,HM35,,,,,,,,,,,,supplier_fitment,quarantine,Airman HM35,,,
mdl_airman_hm45,br_airman,HM45,HM45,,,,,,,,,,,,supplier_fitment,quarantine,Airman HM45,,,
mdl_airman_hm45_2,br_airman,HM45-2,HM45-2,,,,,,,,,,,,supplier_fitment,quarantine,Airman HM45-2,,,
mdl_airman_hm45sg_2,br_airman,HM45SG-2,HM45SG-2,,,,,,,,,,,,supplier_fitment,quarantine,Airman HM45SG-2,,,
mdl_airman_hm50,br_airman,HM50,HM50,,,,,,,,,,,,supplier_fitment,quarantine,Airman HM50,,,
mdl_airman_hm55,br_airman,HM55,HM55,,,,,,,,,,,,supplier_fitment,quarantine,Airman HM55,,,
mdl_asv_f,br_asv,F,F,,,,,,,,,,,,fitment_json,quarantine,ASV F,,,
mdl_asv_md70,br_asv,MD70,MD70,,,,,,,,,,,,fitment_json,reference,ASV MD70,,,
mdl_asv_md_70,br_asv,MD-70,MD-70,,,,,,,,,,,,shopify_meta,reference,ASV MD-70,,,
mdl_asv_posi_trac2800,br_asv,POSI-TRAC2800,POSI-TRAC2800,Multi-Terrain Loader,Universal Quick-Attach,ts_457x1016x56,70,7450,25.0,,,,,Needs Review,airtable|shopify_meta|supplier_fitment,active_v1,ASV POSI-TRAC2800,asv-posi-trac2800,/pages/equipment-model/asv-posi-trac2800,track_finder_v1
mdl_asv_posi_trac2810,br_asv,POSI-TRAC2810,POSI-TRAC2810,Multi-Terrain Loader,Universal Quick-Attach,ts_457x1016x56,,,,,,,,Needs Review,airtable|shopify_meta|supplier_fitment,active_v1,ASV POSI-TRAC2810,asv-posi-trac2810,/pages/equipment-model/asv-posi-trac2810,track_finder_v1
mdl_asv_posi_trac4800,br_asv,POSI-TRAC4800,POSI-TRAC4800,Multi-Terrain Loader,Universal Quick-Attach,ts_457x1016x56,,,,,,,,Needs Review,airtable|shopify_meta|supplier_fitment,active_v1,ASV POSI-TRAC4800,asv-posi-trac4800,/pages/equipment-model/asv-posi-trac4800,track_finder_v1
mdl_asv_posi_trac4810,br_asv,POSI-TRAC4810,POSI-TRAC4810,Multi-Terrain Loader,Universal Quick-Attach,ts_457x1016x56,105,8640,19.0,,2950,,,Needs Review,airtable|shopify_meta|supplier_fitment,active_v1,ASV POSI-TRAC4810,asv-posi-trac4810,/pages/equipment-model/asv-posi-trac4810,track_finder_v1
mdl_asv_posi_trac_2800,br_asv,POSI-TRAC 2800,POSI-TRAC 2800,,,ts_457x1016x56,,,,,,,,,fitment_json|shopify_meta,reference,ASV POSI-TRAC 2800,,,
mdl_asv_posi_trac_2810,br_asv,POSI-TRAC 2810,POSI-TRAC 2810,,,ts_457x1016x56,,,,,,,,,fitment_json|shopify_meta,reference,ASV POSI-TRAC 2810,,,
mdl_asv_posi_trac_4800,br_asv,POSI-TRAC 4800,POSI-TRAC 4800,,,ts_457x1016x56,,,,,,,,,fitment_json|shopify_meta,reference,ASV POSI-TRAC 4800,,,
mdl_asv_posi_trac_4810,br_asv,POSI-TRAC 4810,POSI-TRAC 4810,,,ts_457x1016x56,,,,,,,,,fitment_json|shopify_meta,reference,ASV POSI-TRAC 4810,,,
mdl_asv_posi_trac_hd4500,br_asv,POSI-TRAC HD4500,POSI-TRAC HD4500,,,,,,,,,,,,fitment_json|shopify_meta,reference,ASV POSI-TRAC HD4500,,,
mdl_asv_posi_trac_hd4520,br_asv,POSI-TRAC HD4520,POSI-TRAC HD4520,Multi-Terrain Loader,,,,,,,,,,,fitment_json|shopify_meta,active_v1,ASV POSI-TRAC HD4520,asv-posi-trachd4520,/pages/equipment-model/asv-posi-trachd4520,track_finder_v1
mdl_asv_posi_trachd4500,br_asv,POSI-TRACHD4500,POSI-TRACHD4500,Multi-Terrain Loader,Universal Quick-Attach,ts_457x1016x56,,,,,,,,Needs Review,airtable|shopify_meta|supplier_fitment,active_v1,ASV POSI-TRACHD4500,asv-posi-trachd4500,/pages/equipment-model/asv-posi-trachd4500,track_finder_v1
mdl_asv_posi_trachd4520,br_asv,POSI-TRACHD4520,POSI-TRACHD4520,,,,,,,,,,,,supplier_fitment,reference,ASV POSI-TRACHD4520,,,
mdl_asv_positrac_4520,br_asv,POSITRAC-4520,POSITRAC-4520,multi-terrain-loader,Universal Quick-Attach,ts_457x1016x56,,,,,,,,Needs Review,airtable|shopify_meta,review,ASV POSITRAC-4520,,,
mdl_asv_pt100,br_asv,PT100,PT100,Multi-Terrain Loader,Universal Quick-Attach,ts_457x1016x51,99,10150,38.0,,3300,,,Needs Review,airtable|shopify_meta,active_v1,ASV PT100,asv-pt-100,/pages/equipment-model/asv-pt-100,track_finder_v1
mdl_asv_pt50,br_asv,PT50,PT50,,,ts_381x1005x42,,,,,,,,,fitment_json|shopify_meta,reference,ASV PT50,,,
mdl_asv_pt60,br_asv,PT60,PT60,,,ts_381x1005x42,,,,,,,,,fitment_json|shopify_meta,reference,ASV PT60,,,
mdl_asv_pt_100,br_asv,PT-100,PT-100,multi-terrain-loader,Universal Quick-Attach,ts_457x1016x51,99,10150,38.0,,3300,,,Needs Review,airtable|shopify_meta|supplier_fitment,review,ASV PT-100,,,
mdl_asv_pt_50,br_asv,PT-50,PT-50,Multi-Terrain Loader,Universal Quick-Attach,ts_381x1005x42,50,6200,16.3,,3000,,,Needs Review,airtable|shopify_meta|size_index|supplier_fitment,active_v1,ASV PT-50,asv-pt-50,/pages/equipment-model/asv-pt-50,track_finder_v1
mdl_asv_pt_60,br_asv,PT-60,PT-60,Multi-Terrain Loader,Universal Quick-Attach,ts_381x1005x42,60,6350,17.4,,3000,,,Needs Review,airtable|shopify_meta|size_index|supplier_fitment,active_v1,ASV PT-60,asv-pt-60,/pages/equipment-model/asv-pt-60,track_finder_v1
mdl_asv_pt_70,br_asv,PT-70,PT-70,,,,,,,,,,,,supplier_fitment,quarantine,ASV PT-70,,,
mdl_asv_pt_80,br_asv,PT-80,PT-80,Multi-Terrain Loader,Universal Quick-Attach,ts_457x1016x51,80,8972,30.0,,3000,,,Needs Review,airtable|shopify_meta|supplier_fitment,active_v1,ASV PT-80,asv-pt-80,/pages/equipment-model/asv-pt-80,track_finder_v1
mdl_asv_rc100,br_asv,RC100,RC100,Multi-Terrain Loader,Universal Quick-Attach,ts_457x1016x51,99,10150,38.0,,3300,,,Verified,airtable|shopify_meta,active_v1,ASV RC100,asv-rc100,/pages/equipment-model/asv-rc100,track_finder_v1
mdl_asv_rc85,br_asv,RC85,RC85,Multi-Terrain Loader,Universal Quick-Attach,ts_457x1016x51,86,9710,38.0,,3300,,,Verified,airtable|shopify_meta,active_v1,ASV RC85,asv-rc85,/pages/equipment-model/asv-rc85,track_finder_v1
mdl_asv_rc_100,br_asv,RC-100,RC-100,,,,,,,,,,,,supplier_fitment,quarantine,ASV RC-100,,,
mdl_asv_rc_50,br_asv,RC-50,RC-50,Multi-Terrain Loader,Universal Quick-Attach,ts_381x1005x42,50,6200,16.3,,3000,,,Needs Review,airtable|shopify_meta|supplier_fitment,active_v1,ASV RC-50,asv-rc-50,/pages/equipment-model/asv-rc-50,track_finder_v1
mdl_asv_rc_60,br_asv,RC-60,RC-60,Multi-Terrain Loader,Universal Quick-Attach,ts_381x1005x42,60,6200,17.4,,3000,,,Needs Review,airtable|shopify_meta|supplier_fitment,active_v1,ASV RC-60,asv-rc-60,/pages/equipment-model/asv-rc-60,track_finder_v1
mdl_asv_rc_85,br_asv,RC-85,RC-85,,,,,,,,,,,,supplier_fitment,quarantine,ASV RC-85,,,
mdl_asv_rcv,br_asv,RCV,RCV,Multi-Terrain Loader,Universal Quick-Attach,ts_457x1016x51,86,10500,38.0,,3300,,,Needs Review,airtable|shopify_meta|supplier_fitment,active_v1,ASV RCV,asv-rcv,/pages/equipment-model/asv-rcv,track_finder_v1
mdl_asv_rcv85,br_asv,RCV85,RCV85,Multi-Terrain Loader,Universal Quick-Attach,ts_457x1016x51,,,,,,,,Verified,airtable|shopify_meta,active_v1,ASV RCV85,asv-rcv-85,/pages/equipment-model/asv-rcv-85,track_finder_v1
mdl_asv_rs_50,br_asv,RS-50,RS-50,,,,,,,,,,,,supplier_fitment,quarantine,ASV RS-50,,,
mdl_asv_rs_60,br_asv,RS-60,RS-60,,,,,,,,,,,,supplier_fitment,quarantine,ASV RS-60,,,
mdl_asv_rt25,br_asv,RT25,RT25,,,,,,,,,,,,fitment_json,reference,ASV RT25,,,
mdl_asv_rt30,br_asv,RT30,RT30,,,,,,,,,,,,fitment_json,reference,ASV RT30,,,
mdl_asv_rt40,br_asv,RT40,RT40,,,,,,,,,,,,fitment_json,reference,ASV RT40,,,
mdl_asv_rt50,br_asv,RT50,RT50,,,,,,,,,,,,fitment_json,reference,ASV RT50,,,
mdl_asv_rt60,br_asv,RT60,RT60,,,ts_381x1005x42,,,,,,,,,fitment_json|shopify_meta,reference,ASV RT60,,,
mdl_asv_rt65,br_asv,RT65,RT65,,,,,,,,,,,,fitment_json,reference,ASV RT65,,,
mdl_asv_rt75,br_asv,RT75,RT75,,,,,,,,,,,,fitment_json,reference,ASV RT75,,,
mdl_asv_rt_120,br_asv,RT-120,RT-120,Compact Track Loader,Universal Skid Steer,ts_457x1016x56,120,12500,33.0,42.0,3500,Radial,,Needs Review,airtable|shopify_meta,review,ASV RT-120,,,
mdl_asv_rt_120f,br_asv,RT-120F,RT-120F,Multi-Terrain Loader,Universal Quick-Attach,ts_457x1016x51,,,,,,,,Needs Review,airtable|shopify_meta|supplier_fitment,active_v1,ASV RT-120F,asv-rt-120f,/pages/equipment-model/asv-rt-120f,track_finder_v1
mdl_asv_rt_135,br_asv,RT-135,RT-135,Compact Track Loader,Universal Quick-Attach,ts_457x1016x56,,,,,,,,Needs Review,airtable,review,ASV RT-135,,,
mdl_asv_rt_135f,br_asv,RT-135F,RT-135F,Multi-Terrain Loader,Universal Quick-Attach,ts_457x1016x51,,,,,,,,Needs Review,airtable|shopify_meta|supplier_fitment,active_v1,ASV RT-135F,asv-rt-135f,/pages/equipment-model/asv-rt-135f,track_finder_v1
mdl_asv_rt_25,br_asv,RT-25,RT-25,Multi-Terrain Loader,Universal Quick-Attach,,25,2820,8.0,,2500,Radial,,Verified,airtable|shopify_meta,active_v1,ASV RT-25,asv-rt25,/pages/equipment-model/asv-rt25,track_finder_v1
mdl_asv_rt_30,br_asv,RT-30,RT-30,Multi-Terrain Loader,Universal Quick-Attach,,,,,,,,,Verified,airtable|shopify_meta,active_v1,ASV RT-30,asv-rt30,/pages/equipment-model/asv-rt30,track_finder_v1
mdl_asv_rt_40,br_asv,RT-40,RT-40,Multi-Terrain Loader,Universal Quick-Attach,,38,4500,13.0,,2700,Radial,,Verified,airtable|shopify_meta,active_v1,ASV RT-40,asv-rt40,/pages/equipment-model/asv-rt40,track_finder_v1
mdl_asv_rt_50,br_asv,RT-50,RT-50,Multi-Terrain Loader,Universal Quick-Attach,,,,,,,,,Verified,airtable|shopify_meta|supplier_fitment,active_v1,ASV RT-50,asv-rt-50,/pages/equipment-model/asv-rt-50,track_finder_v1
mdl_asv_rt_50t,br_asv,RT-50T,RT-50T,Compact Track Loader,Universal Quick-Attach,,,,,,,,,Needs Review,airtable,review,ASV RT-50T,,,
mdl_asv_rt_60,br_asv,RT-60,RT-60,Multi-Terrain Loader,Universal Quick-Attach,ts_381x1005x42,,,,,,,,Needs Review,airtable|shopify_meta|supplier_fitment,active_v1,ASV RT-60,asv-rt-60,/pages/equipment-model/asv-rt-60,track_finder_v1
mdl_asv_rt_65,br_asv,RT-65,RT-65,Multi-Terrain Loader,Universal Quick-Attach,,67,7400,21.0,27.0,3000,Radial,,Verified,airtable|shopify_meta|supplier_fitment,active_v1,ASV RT-65,asv-rt-65,/pages/equipment-model/asv-rt-65,track_finder_v1
mdl_asv_rt_75,br_asv,RT-75,RT-75,Multi-Terrain Loader,Universal Skid Steer,,,7800,,,,,,Needs Review,airtable|shopify_meta|supplier_fitment,active_v1,ASV RT-75,asv-rt-75,/pages/equipment-model/asv-rt-75,track_finder_v1
mdl_asv_rt_75_hd,br_asv,RT-75 HD,RT-75 HD,Multi-Terrain Loader,Universal Quick-Attach,ts_457x1016x51,,,,,,,,Needs Review,airtable|shopify_meta,active_v1,ASV RT-75 HD,asv-rt-75hd,/pages/equipment-model/asv-rt-75hd,track_finder_v1
mdl_asv_rt_75hd,br_asv,RT-75HD,RT-75HD,multi-terrain-loader,Universal Quick-Attach,ts_457x1016x51,,,,,,,,Needs Review,airtable|shopify_meta|supplier_fitment,review,ASV RT-75HD,,,
mdl_asv_sc_50,br_asv,SC-50,SC-50,Multi-Terrain Loader,Universal Quick-Attach,ts_381x1005x42,,,,,,,,Needs Review,airtable|shopify_meta|supplier_fitment,active_v1,ASV SC-50,asv-sc-50,/pages/equipment-model/asv-sc-50,track_finder_v1
mdl_asv_sr80,br_asv,SR80,SR80,Multi-Terrain Loader,Universal Quick-Attach,ts_457x1016x51,80,8972,30.0,,3000,,,Verified,airtable|shopify_meta,active_v1,ASV SR80,asv-sr-80,/pages/equipment-model/asv-sr-80,track_finder_v1
mdl_asv_sr_80,br_asv,SR-80,SR-80,multi-terrain-loader,Universal Quick-Attach,ts_457x1016x51,80,8972,30.0,,3000,,,Needs Review,airtable|shopify_meta|supplier_fitment,review,ASV SR-80,,,
mdl_asv_st_50,br_asv,ST-50,ST-50,,,,,,,,,,,,supplier_fitment,quarantine,ASV ST-50,,,
mdl_asv_vs_75,br_asv,VS-75,VS-75,,,,,,,,,,,,supplier_fitment,quarantine,ASV VS-75,,,
mdl_asv_vt70,br_asv,VT70,VT70,,,,,,,,,,,,fitment_json,reference,ASV VT70,,,
mdl_asv_vt_100,br_asv,VT-100,VT-100,Compact Track Loader,Universal Quick-Attach,ts_457x1016x51,104,12000,40.0,40.0,3500,Vertical,,Needs Review,airtable|shopify_meta,review,ASV VT-100,,,
mdl_asv_vt_70,br_asv,VT-70,VT-70,Multi-Terrain Loader,Universal Quick-Attach,,,,,,,,,Verified,airtable|shopify_meta|supplier_fitment,active_v1,ASV VT-70,asv-vt-70,/pages/equipment-model/asv-vt-70,track_finder_v1
mdl_asv_vt_75,br_asv,VT-75,VT-75,Compact Track Loader,Universal Quick-Attach,,74,8200,23.0,30.0,3100,Vertical,,Needs Review,airtable|shopify_meta|size_index,review,ASV VT-75,,,
mdl_asv_vt_80,br_asv,VT-80,VT-80,Compact Track Loader,Universal Quick-Attach,ts_457x1016x51,74,8955,25.0,34.0,3200,Vertical,,Needs Review,airtable|shopify_meta,review,ASV VT-80,,,
mdl_bobcat_1213,br_bobcat,1213,1213,,,,,,,,,,,,supplier_fitment,quarantine,Bobcat 1213,,,
mdl_bobcat_1300c,br_bobcat,1300C,1300C,,,,,,,,,,,,supplier_fitment,quarantine,Bobcat 1300C,,,
mdl_bobcat_2000,br_bobcat,2000,2000,,,,,,,,,,,,supplier_fitment,quarantine,Bobcat 2000,,,
mdl_bobcat_220,br_bobcat,220,220,Mini Excavator,,ts_230x72kx45,,,,,,,,,fitment_json|shopify_meta|size_index,active_v1,Bobcat 220,bobcat-220,/pages/equipment-model/bobcat-220,track_finder_v1
mdl_bobcat_225,br_bobcat,225,225,Mini Excavator,,ts_300x525nx74,,,,,,,,,fitment_json|shopify_meta,active_v1,Bobcat 225,bobcat-225,/pages/equipment-model/bobcat-225,track_finder_v1
mdl_bobcat_231,br_bobcat,231,231,Mini Excavator,Excavator Pin-On,ts_300x525nx80,,,,,,,,Verified,airtable|fitment_json|shopify_meta,active_v1,Bobcat 231,bobcat-231,/pages/equipment-model/bobcat-231,track_finder_v1
mdl_bobcat_2400,br_bobcat,2400,2400,,,,,,,,,,,,supplier_fitment,quarantine,Bobcat 2400,,,
mdl_bobcat_300fb,br_bobcat,300FB,300FB,,,,,,,,,,,,supplier_fitment,quarantine,Bobcat 300FB,,,
mdl_bobcat_310,br_bobcat,310,310,,,,,,,,,,,,supplier_fitment,quarantine,Bobcat 310,,,
mdl_bobcat_313,br_bobcat,313,313,,,,,,,,,,,,supplier_fitment,quarantine,Bobcat 313,,,
mdl_bobcat_315,br_bobcat,315,315,,,,,,,,,,,,supplier_fitment,quarantine,Bobcat 315,,,
mdl_bobcat_319,br_bobcat,319,319,,,,,,,,,,,,supplier_fitment|supplier_products,quarantine,Bobcat 319,,,
mdl_bobcat_320,br_bobcat,320,320,Mini Excavator,,ts_230x72kx45,,,,,,,,,fitment_json|shopify_meta|size_index|supplier_fitment,active_v1,Bobcat 320,bobcat-320,/pages/equipment-model/bobcat-320,track_finder_v1
mdl_bobcat_320d,br_bobcat,320D,320D,Mini Excavator,,,,,,,,,,,fitment_json|size_index,active_v1,Bobcat 320D,bobcat-320d,/pages/equipment-model/bobcat-320d,track_finder_v1
mdl_bobcat_320e,br_bobcat,320E,320E,Mini Excavator,,,,,,,,,,,fitment_json|size_index,active_v1,Bobcat 320E,bobcat-320e,/pages/equipment-model/bobcat-320e,track_finder_v1
mdl_bobcat_320l,br_bobcat,320L,320L,,,,,,,,,,,,supplier_fitment|supplier_products,quarantine,Bobcat 320L,,,
mdl_bobcat_321,br_bobcat,321,321,Mini Excavator,,,,,,,,,,,size_index|supplier_fitment,active_v1,Bobcat 321,bobcat-321,/pages/equipment-model/bobcat-321,track_finder_v1
mdl_bobcat_322,br_bobcat,322,322,Mini Excavator,,,,,,,,,,,size_index,active_v1,Bobcat 322,bobcat-322,/pages/equipment-model/bobcat-322,track_finder_v1
mdl_bobcat_322d,br_bobcat,322D,322D,,,,,,,,,,,,supplier_fitment,quarantine,Bobcat 322D,,,
mdl_bobcat_322g,br_bobcat,322G,322G,,,,,,,,,,,,supplier_fitment,quarantine,Bobcat 322G,,,
mdl_bobcat_323,br_bobcat,323,323,Mini Excavator,,,,,,,,,,,size_index|supplier_fitment,active_v1,Bobcat 323,bobcat-323,/pages/equipment-model/bobcat-323,track_finder_v1
mdl_bobcat_324,br_bobcat,324,324,Mini Excavator,,,,,,,,,,,size_index,active_v1,Bobcat 324,bobcat-324,/pages/equipment-model/bobcat-324,track_finder_v1
mdl_bobcat_325,br_bobcat,325,325,Mini Excavator,Excavator Pin-On,ts_300x525nx74,20,5500,10.0,,2700,Conventional,,Verified,airtable|fitment_json|shopify_meta|supplier_fitment|supplier_products,active_v1,Bobcat 325,bobcat-325,/pages/equipment-model/bobcat-325,track_finder_v1
mdl_bobcat_325d,br_bobcat,325D,325D,,,,,,,,,,,,supplier_fitment,quarantine,Bobcat 325D,,,
mdl_bobcat_328,br_bobcat,328,328,Mini Excavator,Excavator Pin-On,ts_300x525nx74,23,6147,12.0,,2700,Conventional,,Verified,airtable|fitment_json|shopify_meta,active_v1,Bobcat 328,bobcat-328,/pages/equipment-model/bobcat-328,track_finder_v1
mdl_bobcat_329,br_bobcat,329,329,Mini Excavator,Excavator Pin-On,ts_300x525nx80,27,7098,14.0,,,,,Verified,airtable|fitment_json|shopify_meta|supplier_fitment|supplier_products,active_v1,Bobcat 329,bobcat-329,/pages/equipment-model/bobcat-329,track_finder_v1
mdl_bobcat_331,br_bobcat,331,331,Mini Excavator,Excavator Pin-On,ts_300x525nx80,40,7185,24.1,,,,,Verified,airtable|fitment_json|shopify_meta|supplier_fitment,active_v1,Bobcat 331,bobcat-331,/pages/equipment-model/bobcat-331,track_finder_v1
mdl_bobcat_331e,br_bobcat,331E,331E,Mini Excavator,Excavator Pin-On,ts_300x525nx80,40,7758,24.1,,,,,Needs Review,airtable|shopify_meta|supplier_fitment,active_v1,Bobcat 331E,bobcat-331e,/pages/equipment-model/bobcat-331e,track_finder_v1
mdl_bobcat_334,br_bobcat,334,334,Mini Excavator,Excavator Pin-On,ts_300x525nx80,40,7568,24.1,,,,,Verified,airtable|fitment_json|shopify_meta|supplier_fitment,active_v1,Bobcat 334,bobcat-334,/pages/equipment-model/bobcat-334,track_finder_v1
mdl_bobcat_335,br_bobcat,335,335,,,,,,,,,,,,size_index|supplier_fitment,quarantine,Bobcat 335,,,
mdl_bobcat_335g,br_bobcat,335G,335G,,,,,,,,,,,,supplier_fitment,quarantine,Bobcat 335G,,,
mdl_bobcat_337,br_bobcat,337,337,Mini Excavator,Excavator Pin-On,ts_400x725kx74,48,11085,46.9,,,,,Verified,airtable|fitment_json|shopify_meta|supplier_fitment,active_v1,Bobcat 337,bobcat-337,/pages/equipment-model/bobcat-337,track_finder_v1
mdl_bobcat_337d,br_bobcat,337D,337D,,,,,,,,,,,,supplier_fitment,quarantine,Bobcat 337D,,,
mdl_bobcat_337g,br_bobcat,337G,337G,,,,,,,,,,,,supplier_fitment,quarantine,Bobcat 337G,,,
mdl_bobcat_341,br_bobcat,341,341,Mini Excavator,Excavator Pin-On,ts_400x725kx74,47,11660,46.9,,,,,Verified,airtable|fitment_json|shopify_meta|supplier_fitment|supplier_products,active_v1,Bobcat 341,bobcat-341,/pages/equipment-model/bobcat-341,track_finder_v1
mdl_bobcat_341d,br_bobcat,341D,341D,,,,,,,,,,,,supplier_fitment,quarantine,Bobcat 341D,,,
mdl_bobcat_341g,br_bobcat,341G,341G,,,,,,,,,,,,supplier_fitment,quarantine,Bobcat 341G,,,
mdl_bobcat_343,br_bobcat,343,343,,,,,,,,,,,,supplier_fitment,quarantine,Bobcat 343,,,
mdl_bobcat_371,br_bobcat,371,371,,,,,,,,,,,,supplier_fitment,quarantine,Bobcat 371,,,
mdl_bobcat_418,br_bobcat,418,418,Compact Track Loader,Universal Quick-Attach,ts_180x72x39,,,,,,,,Verified,airtable|fitment_json|shopify_meta|size_index|supplier_fitment,active_v1,Bobcat 418,bobcat-418,/pages/equipment-model/bobcat-418,track_finder_v1
mdl_bobcat_425,br_bobcat,425,425,Mini Excavator,Excavator Pin-On,ts_300x525nx80,20,5549,10.0,,2700,Conventional,,Verified,airtable|fitment_json|shopify_meta|supplier_fitment,active_v1,Bobcat 425,bobcat-425,/pages/equipment-model/bobcat-425,track_finder_v1
mdl_bobcat_428,br_bobcat,428,428,Mini Excavator,Excavator Pin-On,ts_300x525nx80,23,6147,12.0,,2700,Conventional,,Needs Review,airtable|shopify_meta|supplier_fitment,active_v1,Bobcat 428,bobcat-428,/pages/equipment-model/bobcat-428,track_finder_v1
mdl_bobcat_430,br_bobcat,430,430,Mini Excavator,,,,,,,,,,,fitment_json|shopify_meta,active_v1,Bobcat 430,bobcat-430,/pages/equipment-model/bobcat-430,track_finder_v1
mdl_bobcat_430_ag,br_bobcat,430-AG,430-AG,,,,,,,,,,,,size_index,quarantine,Bobcat 430-AG,,,
mdl_bobcat_430_fasttrack,br_bobcat,430-FASTTRACK,430-FASTTRACK,,,,,,,,,,,,supplier_fitment,quarantine,Bobcat 430-FASTTRACK,,,
mdl_bobcat_430_zhs,br_bobcat,430-ZHS,430-ZHS,,,,,,,,,,,,size_index,quarantine,Bobcat 430-ZHS,,,
mdl_bobcat_430d,br_bobcat,430D,430D,,,,,,,,,,,,size_index|supplier_fitment,quarantine,Bobcat 430D,,,
mdl_bobcat_430zhs,br_bobcat,430ZHS,430ZHS,,,,,,,,,,,,supplier_fitment,quarantine,Bobcat 430ZHS,,,
mdl_bobcat_430zts,br_bobcat,430ZTS,430ZTS,,,,,,,,,,,,supplier_fitment|supplier_products,quarantine,Bobcat 430ZTS,,,
mdl_bobcat_435,br_bobcat,435,435,Mini Excavator,Excavator Pin-On,ts_400x725kx74,49,10802,29.8,,,,,Verified,airtable|fitment_json|shopify_meta|supplier_fitment,active_v1,Bobcat 435,bobcat-435,/pages/equipment-model/bobcat-435,track_finder_v1
mdl_bobcat_435zhs,br_bobcat,435ZHS,435ZHS,,,,,,,,,,,,supplier_fitment,quarantine,Bobcat 435ZHS,,,
mdl_bobcat_435zhs_fasttrack,br_bobcat,435ZHS-FASTTRACK,435ZHS-FASTTRACK,,,,,,,,,,,,supplier_fitment|supplier_products,quarantine,Bobcat 435ZHS-FASTTRACK,,,
mdl_bobcat_440,br_bobcat,440,440,,,,,,,,,,,,supplier_fitment,quarantine,Bobcat 440,,,
mdl_bobcat_440b,br_bobcat,440B,440B,,,,,,,,,,,,supplier_fitment|supplier_products,quarantine,Bobcat 440B,,,
mdl_bobcat_442,br_bobcat,442,442,Mini Excavator,Excavator Pin-On,ts_400x725kx74,73,16534,59.2,,,,,Verified,airtable|shopify_meta|supplier_fitment,active_v1,Bobcat 442,bobcat-442,/pages/equipment-model/bobcat-442,track_finder_v1
mdl_bobcat_442zts,br_bobcat,442ZTS,442ZTS,,,,,,,,,,,,supplier_fitment|supplier_products,quarantine,Bobcat 442ZTS,,,
mdl_bobcat_443,br_bobcat,443,443,,,,,,,,,,,,supplier_fitment,quarantine,Bobcat 443,,,
mdl_bobcat_443b,br_bobcat,443B,443B,,,,,,,,,,,,supplier_fitment,quarantine,Bobcat 443B,,,
mdl_bobcat_444,br_bobcat,444,444,,,,,,,,,,,,supplier_fitment|supplier_products,quarantine,Bobcat 444,,,
mdl_bobcat_450,br_bobcat,450,450,,,,,,,,,,,,supplier_fitment,quarantine,Bobcat 450,,,
mdl_bobcat_453,br_bobcat,453,453,,,,,,,,,,,,supplier_fitment,quarantine,Bobcat 453,,,
mdl_bobcat_463,br_bobcat,463,463,,,,,,,,,,,,supplier_fitment,quarantine,Bobcat 463,,,
mdl_bobcat_500,br_bobcat,500,500,,,,,,,,,,,,supplier_fitment|supplier_products,quarantine,Bobcat 500,,,
mdl_bobcat_520,br_bobcat,520,520,,,,,,,,,,,,supplier_fitment|supplier_products,quarantine,Bobcat 520,,,
mdl_bobcat_530,br_bobcat,530,530,,,,,,,,,,,,supplier_fitment,quarantine,Bobcat 530,,,
mdl_bobcat_540,br_bobcat,540,540,,,,,,,,,,,,supplier_fitment,quarantine,Bobcat 540,,,
mdl_bobcat_543,br_bobcat,543,543,,,,,,,,,,,,supplier_fitment,quarantine,Bobcat 543,,,
mdl_bobcat_553b,br_bobcat,553B,553B,,,,,,,,,,,,supplier_fitment|supplier_products,quarantine,Bobcat 553B,,,
mdl_bobcat_56,br_bobcat,56,56,,,,,,,,,,,,supplier_fitment,quarantine,Bobcat 56,,,
mdl_bobcat_600,br_bobcat,600,600,,,,,,,,,,,,supplier_fitment,quarantine,Bobcat 600,,,
mdl_bobcat_60link,br_bobcat,60LINK,60LINK,,,,,,,,,,,,fitment_json,reference,Bobcat 60LINK,,,
mdl_bobcat_610,br_bobcat,610,610,,,,,,,,,,,,supplier_fitment,quarantine,Bobcat 610,,,
mdl_bobcat_611,br_bobcat,611,611,,,,,,,,,,,,supplier_fitment,quarantine,Bobcat 611,,,
mdl_bobcat_620,br_bobcat,620,620,,,,,,,,,,,,supplier_fitment,quarantine,Bobcat 620,,,
mdl_bobcat_630,br_bobcat,630,630,,,,,,,,,,,,supplier_fitment,quarantine,Bobcat 630,,,
mdl_bobcat_631,br_bobcat,631,631,,,,,,,,,,,,supplier_fitment,quarantine,Bobcat 631,,,
mdl_bobcat_632,br_bobcat,632,632,,,,,,,,,,,,supplier_fitment,quarantine,Bobcat 632,,,
mdl_bobcat_641,br_bobcat,641,641,,,,,,,,,,,,supplier_fitment,quarantine,Bobcat 641,,,
mdl_bobcat_642,br_bobcat,642,642,,,,,,,,,,,,supplier_fitment,quarantine,Bobcat 642,,,
mdl_bobcat_642b,br_bobcat,642B,642B,,,,,,,,,,,,supplier_fitment,quarantine,Bobcat 642B,,,
mdl_bobcat_643b,br_bobcat,643B,643B,,,,,,,,,,,,supplier_fitment,quarantine,Bobcat 643B,,,
mdl_bobcat_645,br_bobcat,645,645,,,,,,,,,,,,supplier_fitment,quarantine,Bobcat 645,,,
mdl_bobcat_700,br_bobcat,700,700,,,,,,,,,,,,supplier_fitment,quarantine,Bobcat 700,,,
mdl_bobcat_720,br_bobcat,720,720,,,,,,,,,,,,supplier_fitment,quarantine,Bobcat 720,,,
mdl_bobcat_721,br_bobcat,721,721,,,,,,,,,,,,supplier_fitment,quarantine,Bobcat 721,,,
mdl_bobcat_722,br_bobcat,722,722,,,,,,,,,,,,supplier_fitment,quarantine,Bobcat 722,,,
mdl_bobcat_730,br_bobcat,730,730,,,,,,,,,,,,supplier_fitment,quarantine,Bobcat 730,,,
mdl_bobcat_731,br_bobcat,731,731,,,,,,,,,,,,supplier_fitment,quarantine,Bobcat 731,,,
mdl_bobcat_732,br_bobcat,732,732,,,,,,,,,,,,supplier_fitment,quarantine,Bobcat 732,,,
mdl_bobcat_733,br_bobcat,733,733,,,,,,,,,,,,supplier_fitment,quarantine,Bobcat 733,,,
mdl_bobcat_741,br_bobcat,741,741,,,,,,,,,,,,supplier_fitment,quarantine,Bobcat 741,,,
mdl_bobcat_742b,br_bobcat,742B,742B,,,,,,,,,,,,supplier_fitment,quarantine,Bobcat 742B,,,
mdl_bobcat_743,br_bobcat,743,743,,,,,,,,,,,,supplier_fitment,quarantine,Bobcat 743,,,
mdl_bobcat_743b,br_bobcat,743B,743B,,,,,,,,,,,,supplier_fitment,quarantine,Bobcat 743B,,,
mdl_bobcat_751,br_bobcat,751,751,,,,,,,,,,,,supplier_fitment,quarantine,Bobcat 751,,,
mdl_bobcat_753,br_bobcat,753,753,,,,,,,,,,,,supplier_fitment,quarantine,Bobcat 753,,,
mdl_bobcat_753l,br_bobcat,753L,753L,,,,,,,,,,,,supplier_fitment,quarantine,Bobcat 753L,,,
mdl_bobcat_76,br_bobcat,76,76,,,,,,,,,,,,supplier_fitment,quarantine,Bobcat 76,,,
mdl_bobcat_763,br_bobcat,763,763,,,,,,,,,,,,supplier_fitment,quarantine,Bobcat 763,,,
mdl_bobcat_763h,br_bobcat,763H,763H,,,,,,,,,,,,supplier_fitment,quarantine,Bobcat 763H,,,
mdl_bobcat_773,br_bobcat,773,773,,,,,,,,,,,,supplier_fitment,quarantine,Bobcat 773,,,
mdl_bobcat_773th,br_bobcat,773TH,773TH,,,,,,,,,,,,supplier_fitment,quarantine,Bobcat 773TH,,,
mdl_bobcat_7753,br_bobcat,7753,7753,,,,,,,,,,,,supplier_fitment,quarantine,Bobcat 7753,,,
mdl_bobcat_825,br_bobcat,825,825,,,,,,,,,,,,supplier_fitment|supplier_products,quarantine,Bobcat 825,,,
mdl_bobcat_843,br_bobcat,843,843,,,,,,,,,,,,supplier_fitment|supplier_products,quarantine,Bobcat 843,,,
mdl_bobcat_853,br_bobcat,853,853,,,,,,,,,,,,supplier_fitment,quarantine,Bobcat 853,,,
mdl_bobcat_853h,br_bobcat,853H,853H,,,,,,,,,,,,supplier_fitment,quarantine,Bobcat 853H,,,
mdl_bobcat_863,br_bobcat,863,863,,,,,,,,,,,,supplier_fitment,quarantine,Bobcat 863,,,
mdl_bobcat_863g,br_bobcat,863G,863G,,,,,,,,,,,,supplier_fitment,quarantine,Bobcat 863G,,,
mdl_bobcat_863h,br_bobcat,863H,863H,,,,,,,,,,,,supplier_fitment,quarantine,Bobcat 863H,,,
mdl_bobcat_863hf,br_bobcat,863HF,863HF,,,,,,,,,,,,supplier_fitment,quarantine,Bobcat 863HF,,,
mdl_bobcat_864,br_bobcat,864,864,Skid Steer,Universal Skid Steer,ts_320x86x52,67,7293,17.0,,3000,Vertical,,Needs Review,airtable|fitment_json|shopify_meta|size_index|supplier_fitment,active_v1,Bobcat 864,bobcat-864,/pages/equipment-model/bobcat-864,track_finder_v1
mdl_bobcat_864g,br_bobcat,864G,864G,,,ts_320x86x52,,,,,,,,,shopify_meta|supplier_fitment|supplier_products,review,Bobcat 864G,,,
mdl_bobcat_873,br_bobcat,873,873,,,,,,,,,,,,supplier_fitment,quarantine,Bobcat 873,,,
mdl_bobcat_873h,br_bobcat,873H,873H,,,,,,,,,,,,supplier_fitment,quarantine,Bobcat 873H,,,
mdl_bobcat_883,br_bobcat,883,883,,,,,,,,,,,,supplier_fitment,quarantine,Bobcat 883,,,
mdl_bobcat_8853,br_bobcat,8853,8853,,,,,,,,,,,,supplier_fitment,quarantine,Bobcat 8853,,,
mdl_bobcat_943,br_bobcat,943,943,,,,,,,,,,,,supplier_fitment,quarantine,Bobcat 943,,,
mdl_bobcat_953,br_bobcat,953,953,,,,,,,,,,,,supplier_fitment,quarantine,Bobcat 953,,,
mdl_bobcat_963,br_bobcat,963,963,,,,,,,,,,,,supplier_fitment,quarantine,Bobcat 963,,,
mdl_bobcat_975,br_bobcat,975,975,,,,,,,,,,,,supplier_fitment,quarantine,Bobcat 975,,,
mdl_bobcat_980,br_bobcat,980,980,,,,,,,,,,,,supplier_fitment,quarantine,Bobcat 980,,,
mdl_bobcat_a220,br_bobcat,A220,A220,,,,,,,,,,,,supplier_fitment|supplier_products,quarantine,Bobcat A220,,,
mdl_bobcat_a300,br_bobcat,A300,A300,,,,,,,,,,,,supplier_fitment,quarantine,Bobcat A300,,,
mdl_bobcat_a300_2,br_bobcat,A300-2,A300-2,,,,,,,,,,,,supplier_fitment,quarantine,Bobcat A300-2,,,
mdl_bobcat_a770,br_bobcat,A770,A770,,,,,,,,,,,,supplier_fitment,quarantine,Bobcat A770,,,
mdl_bobcat_cx27b,br_bobcat,CX27B,CX27B,Mini Excavator,Excavator Pin-On,ts_300x525nx80,,,,,,,,Needs Review,airtable|fitment_json|shopify_meta,active_v1,Bobcat CX27B,bobcat-cx27b,/pages/equipment-model/bobcat-cx27b,track_finder_v1
mdl_bobcat_e08,br_bobcat,E08,E08,Compact Track Loader,Excavator Pin-On,ts_180x72x39,10,1987,5.0,,2175,Zero Tail,,Verified,airtable|fitment_json|shopify_meta|size_index|supplier_fitment|supplier_products,active_v1,Bobcat E08,bobcat-e08,/pages/equipment-model/bobcat-e08,track_finder_v1
mdl_bobcat_e10,br_bobcat,E10,E10,Compact Track Loader,Excavator Pin-On,ts_180x72x39,12,2593,7.0,,2400,Zero Tail,,Verified,airtable|fitment_json|shopify_meta|size_index|supplier_fitment,active_v1,Bobcat E10,bobcat-e10,/pages/equipment-model/bobcat-e10,track_finder_v1
mdl_bobcat_e14,br_bobcat,E14,E14,Mini Excavator,Excavator Pin-On,,14,3329,8.0,,2500,Minimal Tail,,Needs Review,airtable,review,Bobcat E14,,,
mdl_bobcat_e16,br_bobcat,E16,E16,,,,,,,,,,,,size_index|supplier_fitment,quarantine,Bobcat E16,,,
mdl_bobcat_e17,br_bobcat,E17,E17,Mini Excavator,Excavator Pin-On,ts_230x72x43,14,3748,6.3,,2844,Conventional Tail,,Needs Review,airtable|shopify_meta|size_index,review,Bobcat E17,,,
mdl_bobcat_e17z,br_bobcat,E17Z,E17Z,,,,,,,,,,,,size_index,quarantine,Bobcat E17Z,,,
mdl_bobcat_e19,br_bobcat,E19,E19,Mini Excavator,Excavator Pin-On,ts_230x72x43,19,4210,10.0,,2800,Minimal Tail,,Needs Review,airtable|shopify_meta|size_index,review,Bobcat E19,,,
mdl_bobcat_e20,br_bobcat,E20,E20,Mini Excavator,Excavator Pin-On,ts_230x48x72,17,4167,8.7,,2987,Zero Tail,,Verified,airtable|shopify_meta|size_index|supplier_fitment|supplier_products,active_v1,Bobcat E20,bobcat-e20,/pages/equipment-model/bobcat-e20,track_finder_v1
mdl_bobcat_e25,br_bobcat,E25,E25,Mini Excavator,Excavator Pin-On,ts_300x525nx76,,,,,,,,Verified,airtable|fitment_json|shopify_meta,active_v1,Bobcat E25,bobcat-e25,/pages/equipment-model/bobcat-e25,track_finder_v1
mdl_bobcat_e26,br_bobcat,E26,E26,Mini Excavator,Excavator Pin-On,ts_300x525nx80,25,5666,13.0,,2900,Minimal Tail,,Verified,airtable|fitment_json|shopify_meta|supplier_fitment|supplier_products,active_v1,Bobcat E26,bobcat-e26,/pages/equipment-model/bobcat-e26,track_finder_v1
mdl_bobcat_e27,br_bobcat,E27,E27,Mini Excavator,Excavator Pin-On,ts_300x525nx80,,,,,,,,Needs Review,airtable|shopify_meta,active_v1,Bobcat E27,bobcat-e27,/pages/equipment-model/bobcat-e27,track_finder_v1
mdl_bobcat_e27z,br_bobcat,E27Z,E27Z,Mini Excavator,Excavator Pin-On,ts_300x525nx80,,,,,,,,Needs Review,airtable|shopify_meta,active_v1,Bobcat E27Z,bobcat-e27z,/pages/equipment-model/bobcat-e27z,track_finder_v1
mdl_bobcat_e32,br_bobcat,E32,E32,Mini Excavator,Excavator Pin-On,ts_300x525nx80,25,7055,13.7,,2987,Zero Tail,,Verified,airtable|fitment_json|shopify_meta|supplier_fitment,active_v1,Bobcat E32,bobcat-e32,/pages/equipment-model/bobcat-e32,track_finder_v1
mdl_bobcat_e32c,br_bobcat,E32C,E32C,,,,,,,,,,,,supplier_fitment,quarantine,Bobcat E32C,,,
mdl_bobcat_e32i,br_bobcat,E32I,E32I,Mini Excavator,Excavator Pin-On,ts_300x525nx80,24,7183,16.9,,,,,Needs Review,airtable|shopify_meta|supplier_fitment,active_v1,Bobcat E32I,bobcat-e32i,/pages/equipment-model/bobcat-e32i,track_finder_v1
mdl_bobcat_e34,br_bobcat,E34,E34,Mini Excavator,Excavator Pin-On,ts_300x525nx84,25,7400,17.0,,2987,Zero Tail,,Needs Review,airtable,active_v1,Bobcat E34,bobcat-e34,/pages/equipment-model/bobcat-e34,track_finder_v1
mdl_bobcat_e35,br_bobcat,E35,E35,Mini Excavator,Excavator Pin-On,ts_300x525nx84,25,7699,16.9,,2987,Zero Tail,,Needs Review,airtable|fitment_json|shopify_meta|supplier_fitment|supplier_products,active_v1,Bobcat E35,bobcat-e35,/pages/equipment-model/bobcat-e35,track_finder_v1
mdl_bobcat_e35c,br_bobcat,E35C,E35C,,,,,,,,,,,,supplier_fitment,quarantine,Bobcat E35C,,,
mdl_bobcat_e35i,br_bobcat,E35I,E35I,Mini Excavator,Excavator Pin-On,ts_300x525nx84,,,,,,,,Verified,airtable|fitment_json|shopify_meta|supplier_fitment,active_v1,Bobcat E35I,bobcat-e35i,/pages/equipment-model/bobcat-e35i,track_finder_v1
mdl_bobcat_e35z,br_bobcat,E35Z,E35Z,Mini Excavator,Excavator Pin-On,ts_300x525nx84,,,,,,,,Verified,airtable|fitment_json|shopify_meta|supplier_fitment,active_v1,Bobcat E35Z,bobcat-e35z,/pages/equipment-model/bobcat-e35z,track_finder_v1
mdl_bobcat_e37,br_bobcat,E37,E37,Mini Excavator,Excavator Pin-On,ts_300x525nx84,35,8300,17.0,,2987,Minimal Tail,,Needs Review,airtable,active_v1,Bobcat E37,bobcat-e37,/pages/equipment-model/bobcat-e37,track_finder_v1
mdl_bobcat_e38,br_bobcat,E38,E38,Mini Excavator,Excavator Pin-On,,35,8477,17.0,,2987,Zero Tail,,Needs Review,airtable,review,Bobcat E38,,,
mdl_bobcat_e41,br_bobcat,E41,E41,,,,,,,,,,,,supplier_fitment,quarantine,Bobcat E41,,,
mdl_bobcat_e42,br_bobcat,E42,E42,Mini Excavator,Excavator Pin-On,,42,9246,20.0,,3045,Conventional Tail,,Verified,airtable|fitment_json|shopify_meta|supplier_fitment|supplier_products,active_v1,Bobcat E42,bobcat-e42,/pages/equipment-model/bobcat-e42,track_finder_v1
mdl_bobcat_e45,br_bobcat,E45,E45,Mini Excavator,Excavator Pin-On,ts_400x725kx74,43,10077,20.0,,3045,Minimal Tail,,Verified,airtable|fitment_json|shopify_meta|supplier_fitment|supplier_products,active_v1,Bobcat E45,bobcat-e45,/pages/equipment-model/bobcat-e45,track_finder_v1
mdl_bobcat_e50,br_bobcat,E50,E50,Mini Excavator,Excavator Pin-On,ts_400x725kx74,49,10677,20.0,,3045,Minimal Tail,,Verified,airtable|fitment_json|shopify_meta|supplier_fitment|supplier_products,active_v1,Bobcat E50,bobcat-e50,/pages/equipment-model/bobcat-e50,track_finder_v1
mdl_bobcat_e55,br_bobcat,E55,E55,Mini Excavator,Excavator Pin-On,ts_400x725kx74,49,12004,24.6,,3626,Conventional Tail,,Verified,airtable|fitment_json|shopify_meta|supplier_fitment,active_v1,Bobcat E55,bobcat-e55,/pages/equipment-model/bobcat-e55,track_finder_v1
mdl_bobcat_e55z,br_bobcat,E55Z,E55Z,Mini Excavator,Excavator Pin-On,ts_400x725kx74,49,12204,20.0,,,,,Needs Review,airtable|fitment_json|shopify_meta|supplier_fitment,active_v1,Bobcat E55Z,bobcat-e55z,/pages/equipment-model/bobcat-e55z,track_finder_v1
mdl_bobcat_e60,br_bobcat,E60,E60,Mini Excavator,Excavator Pin-On,ts_400x725wx76,56,12700,27.0,,3336,Conventional,,Verified,airtable|fitment_json|shopify_meta|size_index|supplier_fitment|supplier_products,active_v1,Bobcat E60,bobcat-e60,/pages/equipment-model/bobcat-e60,track_finder_v1
mdl_bobcat_e62,br_bobcat,E62,E62,Mini Excavator,,ts_400x725wx76,,,,,,,,,fitment_json|size_index,active_v1,Bobcat E62,bobcat-e62,/pages/equipment-model/bobcat-e62,track_finder_v1
mdl_bobcat_e63,br_bobcat,E63,E63,Mini Excavator,Excavator Pin-On,ts_400x725wx76,55,13500,28.0,,3626,Conventional Tail,,Verified,airtable|fitment_json|shopify_meta|size_index|supplier_fitment|supplier_products,active_v1,Bobcat E63,bobcat-e63,/pages/equipment-model/bobcat-e63,track_finder_v1
mdl_bobcat_e7,br_bobcat,E7,E7,Mini Excavator,Excavator Pin-On,,10,1932,5.0,,2175,Zero Tail,,Needs Review,airtable,quarantine,Bobcat E7,,,
mdl_bobcat_e8,br_bobcat,E8,E8,Mini Excavator,Excavator Pin-On,,10,1987,5.0,,2175,Zero Tail,,Needs Review,airtable,quarantine,Bobcat E8,,,
mdl_bobcat_e80,br_bobcat,E80,E80,Mini Excavator,Excavator Pin-On,ts_450x81nx76,65,17860,33.0,,3626,Conventional,,Verified,airtable|fitment_json|shopify_meta|supplier_fitment|supplier_products,active_v1,Bobcat E80,bobcat-e80,/pages/equipment-model/bobcat-e80,track_finder_v1
mdl_bobcat_e85,br_bobcat,E85,E85,Mini Excavator,Excavator Pin-On,ts_450x81nx76,65,18365,33.0,40.0,3626,Conventional,,Verified,airtable|fitment_json|shopify_meta|supplier_fitment|supplier_products,active_v1,Bobcat E85,bobcat-e85,/pages/equipment-model/bobcat-e85,track_finder_v1
mdl_bobcat_e88,br_bobcat,E88,E88,Mini Excavator,Excavator Pin-On,ts_450x71x82,65,19600,33.0,,3626,Conventional,,Needs Review,airtable|shopify_meta,review,Bobcat E88,,,
mdl_bobcat_e_40_m_series,br_bobcat,E-40-M-SERIES,E-40-M-SERIES,,,,,,,,,,,,size_index,quarantine,Bobcat E-40-M-SERIES,,,
mdl_bobcat_e_42_m_series,br_bobcat,E-42-M-SERIES,E-42-M-SERIES,,,,,,,,,,,,size_index,quarantine,Bobcat E-42-M-SERIES,,,
mdl_bobcat_e_60_m_series,br_bobcat,E-60-M-SERIES,E-60-M-SERIES,,,,,,,,,,,,size_index,quarantine,Bobcat E-60-M-SERIES,,,
mdl_bobcat_e_63_m_series,br_bobcat,E-63-M-SERIES,E-63-M-SERIES,,,,,,,,,,,,size_index,quarantine,Bobcat E-63-M-SERIES,,,
mdl_bobcat_lull,br_bobcat,LULL,LULL,,,,,,,,,,,,supplier_fitment,quarantine,Bobcat LULL,,,
mdl_bobcat_m444,br_bobcat,M444,M444,,,,,,,,,,,,supplier_fitment,quarantine,Bobcat M444,,,
mdl_bobcat_mt100,br_bobcat,MT100,MT100,Compact Track Loader,Mini Skid Steer,ts_180x72kx45,25,3579,10.0,,3000,Radius,,Verified,airtable|fitment_json|shopify_meta|size_index|supplier_fitment,active_v1,Bobcat MT100,bobcat-mt100,/pages/equipment-model/bobcat-mt100,track_finder_v1
mdl_bobcat_mt120,br_bobcat,MT120,MT120,,,,,,,,,,,Needs Review,airtable|supplier_fitment,quarantine,Bobcat MT120,,,
mdl_bobcat_mt50,br_bobcat,MT50,MT50,Compact Track Loader,Mini Skid Steer,ts_180x72x39,18,2504,6.0,,2500,Radius,,Verified,airtable|fitment_json|shopify_meta|size_index|supplier_fitment|supplier_products,active_v1,Bobcat MT50,bobcat-mt50,/pages/equipment-model/bobcat-mt50,track_finder_v1
mdl_bobcat_mt52,br_bobcat,MT52,MT52,Compact Track Loader,Mini Skid Steer,ts_180x72x39,18,2756,6.0,,2500,Radius,,Verified,airtable|fitment_json|shopify_meta|size_index|supplier_fitment,active_v1,Bobcat MT52,bobcat-mt52,/pages/equipment-model/bobcat-mt52,track_finder_v1
mdl_bobcat_mt55,br_bobcat,MT55,MT55,Compact Track Loader,Mini Skid Steer,ts_180x72x39,24,2980,8.0,,2500,Radius,,Verified,airtable|fitment_json|shopify_meta|size_index|supplier_fitment|supplier_products,active_v1,Bobcat MT55,bobcat-mt55,/pages/equipment-model/bobcat-mt55,track_finder_v1
mdl_bobcat_mt85,br_bobcat,MT85,MT85,Compact Track Loader,Mini Skid Steer,ts_180x72kx45,25,3495,10.0,,3000,Radius,,Verified,airtable|fitment_json|shopify_meta|size_index|supplier_fitment|supplier_products,active_v1,Bobcat MT85,bobcat-mt85,/pages/equipment-model/bobcat-mt85,track_finder_v1
mdl_bobcat_s100,br_bobcat,S100,S100,,,,,,,,,,,,supplier_fitment,quarantine,Bobcat S100,,,
mdl_bobcat_s130,br_bobcat,S130,S130,,,,,,,,,,,,supplier_fitment,quarantine,Bobcat S130,,,
mdl_bobcat_s150,br_bobcat,S150,S150,,,,,,,,,,,,supplier_fitment,quarantine,Bobcat S150,,,
mdl_bobcat_s160,br_bobcat,S160,S160,,,,,,,,,,,,supplier_fitment|supplier_products,quarantine,Bobcat S160,,,
mdl_bobcat_s175,br_bobcat,S175,S175,,,,,,,,,,,,supplier_fitment|supplier_products,quarantine,Bobcat S175,,,
mdl_bobcat_s185,br_bobcat,S185,S185,,,,,,,,,,,,supplier_fitment|supplier_products,quarantine,Bobcat S185,,,
mdl_bobcat_s205,br_bobcat,S205,S205,,,,,,,,,,,,supplier_fitment|supplier_products,quarantine,Bobcat S205,,,
mdl_bobcat_s220,br_bobcat,S220,S220,,,,,,,,,,,,supplier_fitment|supplier_products,quarantine,Bobcat S220,,,
mdl_bobcat_s250,br_bobcat,S250,S250,,,,,,,,,,,,supplier_fitment,quarantine,Bobcat S250,,,
mdl_bobcat_s300,br_bobcat,S300,S300,,,,,,,,,,,,supplier_fitment|supplier_products,quarantine,Bobcat S300,,,
mdl_bobcat_s330,br_bobcat,S330,S330,,,,,,,,,,,,supplier_fitment,quarantine,Bobcat S330,,,
mdl_bobcat_s450,br_bobcat,S450,S450,,,,,,,,,,,,supplier_fitment,quarantine,Bobcat S450,,,
mdl_bobcat_s510,br_bobcat,S510,S510,,,,,,,,,,,,supplier_fitment,quarantine,Bobcat S510,,,
mdl_bobcat_s530,br_bobcat,S530,S530,,,,,,,,,,,,supplier_fitment,quarantine,Bobcat S530,,,
mdl_bobcat_s550,br_bobcat,S550,S550,,,,,,,,,,,,supplier_fitment,quarantine,Bobcat S550,,,
mdl_bobcat_s570,br_bobcat,S570,S570,,,,,,,,,,,,supplier_fitment|supplier_products,quarantine,Bobcat S570,,,
mdl_bobcat_s590,br_bobcat,S590,S590,,,,,,,,,,,,supplier_fitment|supplier_products,quarantine,Bobcat S590,,,
mdl_bobcat_s595,br_bobcat,S595,S595,,,,,,,,,,,,supplier_fitment,quarantine,Bobcat S595,,,
mdl_bobcat_s62,br_bobcat,S62,S62,,,,,,,,,,,,supplier_fitment,quarantine,Bobcat S62,,,
mdl_bobcat_s630,br_bobcat,S630,S630,,,,,,,,,,,,supplier_fitment|supplier_products,quarantine,Bobcat S630,,,
mdl_bobcat_s64,br_bobcat,S64,S64,,,,,,,,,,,,supplier_fitment,quarantine,Bobcat S64,,,
mdl_bobcat_s650,br_bobcat,S650,S650,,,,,,,,,,,,supplier_fitment,quarantine,Bobcat S650,,,
mdl_bobcat_s66,br_bobcat,S66,S66,,,,,,,,,,,,supplier_fitment,quarantine,Bobcat S66,,,
mdl_bobcat_s70,br_bobcat,S70,S70,,,,,,,,,,,,supplier_fitment,quarantine,Bobcat S70,,,
mdl_bobcat_s740,br_bobcat,S740,S740,,,,,,,,,,,,supplier_fitment,quarantine,Bobcat S740,,,
mdl_bobcat_s750,br_bobcat,S750,S750,,,,,,,,,,,,supplier_fitment,quarantine,Bobcat S750,,,
mdl_bobcat_s76,br_bobcat,S76,S76,,,,,,,,,,,,supplier_fitment|supplier_products,quarantine,Bobcat S76,,,
mdl_bobcat_s770,br_bobcat,S770,S770,,,,,,,,,,,,supplier_fitment|supplier_products,quarantine,Bobcat S770,,,
mdl_bobcat_s850,br_bobcat,S850,S850,,,,,,,,,,,,supplier_fitment,quarantine,Bobcat S850,,,
mdl_bobcat_s86,br_bobcat,S86,S86,,,,,,,,,,,,supplier_fitment|supplier_products,quarantine,Bobcat S86,,,
mdl_bobcat_scat_trak,br_bobcat,SCAT TRAK,SCAT TRAK,,,,,,,,,,,,supplier_fitment,quarantine,Bobcat SCAT TRAK,,,
mdl_bobcat_t110,br_bobcat,T110,T110,Mini Excavator,Universal Skid Steer,ts_250x72x52,46,4895,11.0,,2600,Radius,,Verified,airtable|shopify_meta|size_index|supplier_fitment|supplier_products,active_v1,Bobcat T110,bobcat-t110,/pages/equipment-model/bobcat-t110,track_finder_v1
mdl_bobcat_t140,br_bobcat,T140,T140,Mini Excavator,Universal Skid Steer,ts_320x84bx46,46,5955,11.0,,2600,Radius,,Verified,airtable|fitment_json|shopify_meta|size_index|supplier_fitment,active_v1,Bobcat T140,bobcat-t140,/pages/equipment-model/bobcat-t140,track_finder_v1
mdl_bobcat_t180,br_bobcat,T180,T180,Skid Steer,Universal Skid Steer,ts_320x86bx49,56,6505,17.0,,3000,Radius,,Verified,airtable|fitment_json|shopify_meta|size_index|supplier_fitment|supplier_products,active_v1,Bobcat T180,bobcat-t180,/pages/equipment-model/bobcat-t180,track_finder_v1
mdl_bobcat_t190,br_bobcat,T190,T190,Skid Steer,Universal Quick-Attach,ts_320x86bx49,56,7293,17.0,,3000,Radius,,Verified,airtable|fitment_json|shopify_meta|size_index|supplier_fitment,active_v1,Bobcat T190,bobcat-t190,/pages/equipment-model/bobcat-t190,track_finder_v1
mdl_bobcat_t190h,br_bobcat,T190H,T190H,,,,,,,,,,,,supplier_fitment,quarantine,Bobcat T190H,,,
mdl_bobcat_t200,br_bobcat,T200,T200,Skid Steer,Universal Quick-Attach,ts_320x86x52,67,7983,19.0,,3000,Vertical,,Verified,airtable|fitment_json|shopify_meta|size_index|supplier_fitment,active_v1,Bobcat T200,bobcat-t200,/pages/equipment-model/bobcat-t200,track_finder_v1
mdl_bobcat_t250,br_bobcat,T250,T250,Skid Steer,Universal Skid Steer,ts_450x86bx55,81,8669,22.0,,3300,Vertical,,Verified,airtable|fitment_json|shopify_meta|size_index|supplier_fitment|supplier_products,active_v1,Bobcat T250,bobcat-t250,/pages/equipment-model/bobcat-t250,track_finder_v1
mdl_bobcat_t250h,br_bobcat,T250H,T250H,,,,,,,,,,,,supplier_fitment,quarantine,Bobcat T250H,,,
mdl_bobcat_t300,br_bobcat,T300,T300,Skid Steer,Universal Skid Steer,ts_450x86bx55,81,8739,22.0,,3300,Vertical,,Verified,airtable|fitment_json|shopify_meta|size_index|supplier_fitment,active_v1,Bobcat T300,bobcat-t300,/pages/equipment-model/bobcat-t300,track_finder_v1
mdl_bobcat_t320,br_bobcat,T320,T320,Skid Steer,Universal Skid Steer,ts_450x86bx55,81,9695,22.0,,3300,Vertical,,Verified,airtable|fitment_json|shopify_meta|size_index|supplier_fitment,active_v1,Bobcat T320,bobcat-t320,/pages/equipment-model/bobcat-t320,track_finder_v1
mdl_bobcat_t450,br_bobcat,T450,T450,Skid Steer,Universal Quick-Attach,ts_320x84bx46,55,6424,17.0,,3300,Radius,,Verified,airtable|fitment_json|shopify_meta|size_index|supplier_fitment|supplier_products,active_v1,Bobcat T450,bobcat-t450,/pages/equipment-model/bobcat-t450,track_finder_v1
mdl_bobcat_t550,br_bobcat,T550,T550,Skid Steer,Universal Skid Steer,ts_400x86bx49,68,7557,17.0,27.0,3500,Radius,,Needs Review,airtable|shopify_meta|size_index|supplier_fitment|supplier_products,active_v1,Bobcat T550,bobcat-t550,/pages/equipment-model/bobcat-t550,track_finder_v1
mdl_bobcat_t570,br_bobcat,T570,T570,Compact Track Loader,Universal Skid Steer,,68,7557,17.0,,3500,Radius,,Needs Review,airtable|shopify_meta,review,Bobcat T570,,,
mdl_bobcat_t590,br_bobcat,T590,T590,Skid Steer,Universal Skid Steer,ts_320x86bx49,56,7145,16.9,27.0,3300,Vertical,,Verified,airtable|fitment_json|shopify_meta|size_index|supplier_fitment|supplier_products,active_v1,Bobcat T590,bobcat-t590,/pages/equipment-model/bobcat-t590,track_finder_v1
mdl_bobcat_t595,br_bobcat,T595,T595,Skid Steer,Universal Skid Steer,ts_320x86bx49,70,8022,17.0,30.0,3500,Vertical,,Verified,airtable|fitment_json|shopify_meta|size_index|supplier_fitment,active_v1,Bobcat T595,bobcat-t595,/pages/equipment-model/bobcat-t595,track_finder_v1
mdl_bobcat_t62,br_bobcat,T62,T62,Skid Steer,Universal Quick-Attach,ts_400x86bx50,68,8612,18.0,27.0,3500,Radius,,Verified,airtable|fitment_json|shopify_meta|size_index|supplier_fitment|supplier_products,active_v1,Bobcat T62,bobcat-t62,/pages/equipment-model/bobcat-t62,track_finder_v1
mdl_bobcat_t630,br_bobcat,T630,T630,Skid Steer,Universal Skid Steer,ts_320x86x52,56,6756,16.9,30.0,3300,Radial,,Verified,airtable|fitment_json|shopify_meta|size_index|supplier_fitment|supplier_products,active_v1,Bobcat T630,bobcat-t630,/pages/equipment-model/bobcat-t630,track_finder_v1
mdl_bobcat_t64,br_bobcat,T64,T64,Skid Steer,Universal Skid Steer,ts_400x86bx50,68,8727,18.0,,3500,Vertical,,Verified,airtable|fitment_json|shopify_meta|size_index|supplier_fitment,active_v1,Bobcat T64,bobcat-t64,/pages/equipment-model/bobcat-t64,track_finder_v1
mdl_bobcat_t650,br_bobcat,T650,T650,Skid Steer,Universal Skid Steer,ts_320x86x52,67,7691,20.7,30.0,3300,Radial,,Verified,airtable|fitment_json|shopify_meta|size_index|supplier_fitment|supplier_products,active_v1,Bobcat T650,bobcat-t650,/pages/equipment-model/bobcat-t650,track_finder_v1
mdl_bobcat_t66,br_bobcat,T66,T66,Skid Steer,Universal Quick-Attach,ts_400x86bx50,74,8927,18.0,,3500,Vertical,,Verified,airtable|fitment_json|shopify_meta|size_index|supplier_fitment,active_v1,Bobcat T66,bobcat-t66,/pages/equipment-model/bobcat-t66,track_finder_v1
mdl_bobcat_t72,br_bobcat,T72,T72,,,,,,,,,,,,shopify_meta|supplier_fitment,quarantine,Bobcat T72,,,
mdl_bobcat_t730,br_bobcat,T730,T730,Skid Steer,Universal Skid Steer,ts_450x86bx55,74,10250,23.0,,3500,Vertical,,Needs Review,airtable|shopify_meta|size_index|supplier_fitment,active_v1,Bobcat T730,bobcat-t730,/pages/equipment-model/bobcat-t730,track_finder_v1
mdl_bobcat_t740,br_bobcat,T740,T740,Skid Steer,Universal Skid Steer,ts_450x86bx55,74,10127,23.0,30.0,3500,Vertical,,Verified,airtable|fitment_json|shopify_meta|size_index|supplier_fitment,active_v1,Bobcat T740,bobcat-t740,/pages/equipment-model/bobcat-t740,track_finder_v1
mdl_bobcat_t750,br_bobcat,T750,T750,Skid Steer,Universal Skid Steer,ts_450x86bx55,67,8820,20.7,33.0,3300,Radial,,Verified,airtable|fitment_json|shopify_meta|supplier_fitment|supplier_products,active_v1,Bobcat T750,bobcat-t750,/pages/equipment-model/bobcat-t750,track_finder_v1
mdl_bobcat_t76,br_bobcat,T76,T76,Skid Steer,Universal Skid Steer,ts_320x86bx53,74,10700,23.0,30.0,3500,Radial,,Verified,airtable|fitment_json|shopify_meta|size_index|supplier_fitment|supplier_products,active_v1,Bobcat T76,bobcat-t76,/pages/equipment-model/bobcat-t76,track_finder_v1
mdl_bobcat_t760,br_bobcat,T760,T760,Compact Track Loader,Universal Skid Steer,,74,10250,23.0,,3500,Vertical,,Needs Review,airtable|shopify_meta,review,Bobcat T760,,,
mdl_bobcat_t770,br_bobcat,T770,T770,Skid Steer,Universal Skid Steer,ts_450x86bx55,92,9830,24.0,33.0,3500,Vertical,,Verified,airtable|fitment_json|shopify_meta|supplier_fitment,active_v1,Bobcat T770,bobcat-t770,/pages/equipment-model/bobcat-t770,track_finder_v1
mdl_bobcat_t7x,br_bobcat,T7X,T7X,Compact Track Loader,Universal Skid Steer,,68,10400,,,,Vertical,,Needs Review,airtable|shopify_meta,review,Bobcat T7X,,,
mdl_bobcat_t830,br_bobcat,T830,T830,Skid Steer,Universal Skid Steer,ts_450x86bx58,92,10515,23.0,,3500,Vertical,,Verified,airtable|fitment_json|shopify_meta|size_index|supplier_fitment|supplier_products,active_v1,Bobcat T830,bobcat-t830,/pages/equipment-model/bobcat-t830,track_finder_v1
mdl_bobcat_t86,br_bobcat,T86,T86,Skid Steer,Universal Skid Steer,ts_450x86bx58,100,13500,23.0,42.0,4061,Vertical,,Verified,airtable|fitment_json|shopify_meta|size_index|supplier_fitment|supplier_products,active_v1,Bobcat T86,bobcat-t86,/pages/equipment-model/bobcat-t86,track_finder_v1
mdl_bobcat_t864,br_bobcat,T864,T864,Skid Steer,,ts_320x86x52,,,,,,,,Verified,airtable|fitment_json|shopify_meta,active_v1,Bobcat T864,bobcat-t864,/pages/equipment-model/bobcat-t864,track_finder_v1
mdl_bobcat_t870,br_bobcat,T870,T870,Skid Steer,Universal Skid Steer,ts_450x86bx58,92,12143,24.0,40.0,3500,Vertical,,Verified,airtable|fitment_json|shopify_meta|size_index|supplier_fitment|supplier_products,active_v1,Bobcat T870,bobcat-t870,/pages/equipment-model/bobcat-t870,track_finder_v1
mdl_bobcat_t870_suspension,br_bobcat,T870 SUSPENSION,T870 SUSPENSION,Compact Track Loader,Universal Quick-Attach,,92,10515,23.0,,3500,Vertical,,Needs Review,airtable|shopify_meta,review,Bobcat T870 SUSPENSION,,,
mdl_bobcat_t870torsionmount,br_bobcat,T870TORSIONMOUNT,T870TORSIONMOUNT,,,,,,,,,,,,fitment_json,reference,Bobcat T870TORSIONMOUNT,,,
mdl_bobcat_t_140,br_bobcat,T 140,T 140,,,,,,,,,,,,size_index,reference,Bobcat T 140,,,
mdl_bobcat_t_550,br_bobcat,T 550,T 550,,,,,,,,,,,,size_index,quarantine,Bobcat T 550,,,
mdl_bobcat_t_590,br_bobcat,T 590,T 590,,,,,,,,,,,,size_index,reference,Bobcat T 590,,,
mdl_bobcat_t_595,br_bobcat,T 595,T 595,,,,,,,,,,,,size_index,reference,Bobcat T 595,,,
mdl_bobcat_t_630_450mm_most_common,br_bobcat,T 630 450MM MOST COMMON,T 630 450MM MOST COMMON,,,,,,,,,,,,size_index,quarantine,Bobcat T 630 450MM MOST COMMON,,,
mdl_bobcat_t_650_450mm_most_common,br_bobcat,T 650 450MM MOST COMMON,T 650 450MM MOST COMMON,,,,,,,,,,,,size_index,quarantine,Bobcat T 650 450MM MOST COMMON,,,
mdl_bobcat_t_870,br_bobcat,T 870,T 870,,,,,,,,,,,,size_index,reference,Bobcat T 870,,,
mdl_bobcat_x119,br_bobcat,X119,X119,Mini Excavator,Excavator Pin-On,ts_230x72x43,,,,,,,,Needs Review,airtable|shopify_meta|supplier_fitment|supplier_products,review,Bobcat X119,,,
mdl_bobcat_x120,br_bobcat,X120,X120,Mini Excavator,Excavator Pin-On,ts_230x72x43,,,,,,,,Needs Review,airtable|shopify_meta|supplier_fitment,review,Bobcat X120,,,
mdl_bobcat_x122,br_bobcat,X122,X122,Mini Excavator,Excavator Pin-On,ts_230x72x43,,,,,,,,Needs Review,airtable|shopify_meta|supplier_fitment,review,Bobcat X122,,,
mdl_bobcat_x220,br_bobcat,X220,X220,,,,,,,,,,,,supplier_fitment,quarantine,Bobcat X220,,,
mdl_bobcat_x225,br_bobcat,X225,X225,,,,,,,,,,,,supplier_fitment|supplier_products,quarantine,Bobcat X225,,,
mdl_bobcat_x231,br_bobcat,X231,X231,,,,,,,,,,,,supplier_fitment,quarantine,Bobcat X231,,,
mdl_bobcat_x320,br_bobcat,X320,X320,,,,,,,,,,,,supplier_fitment,quarantine,Bobcat X320,,,
mdl_bobcat_x320d,br_bobcat,X320D,X320D,,,,,,,,,,,,supplier_fitment,quarantine,Bobcat X320D,,,
mdl_bobcat_x320e,br_bobcat,X320E,X320E,,,,,,,,,,,,supplier_fitment,quarantine,Bobcat X320E,,,
mdl_bobcat_x321,br_bobcat,X321,X321,,,,,,,,,,,,supplier_fitment,quarantine,Bobcat X321,,,
mdl_bobcat_x322,br_bobcat,X322,X322,,,,,,,,,,,,supplier_fitment,quarantine,Bobcat X322,,,
mdl_bobcat_x322d,br_bobcat,X322D,X322D,,,,,,,,,,,,supplier_fitment,quarantine,Bobcat X322D,,,
mdl_bobcat_x322e,br_bobcat,X322E,X322E,,,,,,,,,,,,supplier_fitment,quarantine,Bobcat X322E,,,
mdl_bobcat_x322g,br_bobcat,X322G,X322G,,,,,,,,,,,,supplier_fitment,quarantine,Bobcat X322G,,,
mdl_bobcat_x323,br_bobcat,X323,X323,,,,,,,,,,,,supplier_fitment,quarantine,Bobcat X323,,,
mdl_bobcat_x325,br_bobcat,X325,X325,,,,,,,,,,,,supplier_fitment,quarantine,Bobcat X325,,,
mdl_bobcat_x325d,br_bobcat,X325D,X325D,,,,,,,,,,,,supplier_fitment,quarantine,Bobcat X325D,,,
mdl_bobcat_x325g,br_bobcat,X325G,X325G,,,,,,,,,,,,supplier_fitment,quarantine,Bobcat X325G,,,
mdl_bobcat_x328,br_bobcat,X328,X328,,,,,,,,,,,,supplier_fitment,quarantine,Bobcat X328,,,
mdl_bobcat_x328e,br_bobcat,X328E,X328E,,,,,,,,,,,,supplier_fitment,quarantine,Bobcat X328E,,,
mdl_bobcat_x329,br_bobcat,X329,X329,,,,,,,,,,,,supplier_fitment,quarantine,Bobcat X329,,,
mdl_bobcat_x331,br_bobcat,X331,X331,,,,,,,,,,,,supplier_fitment,quarantine,Bobcat X331,,,
mdl_bobcat_x331d,br_bobcat,X331D,X331D,,,,,,,,,,,,supplier_fitment,quarantine,Bobcat X331D,,,
mdl_bobcat_x331e,br_bobcat,X331E,X331E,,,,,,,,,,,,supplier_fitment,quarantine,Bobcat X331E,,,
mdl_bobcat_x331g,br_bobcat,X331G,X331G,,,,,,,,,,,,supplier_fitment|supplier_products,quarantine,Bobcat X331G,,,
mdl_bobcat_x334,br_bobcat,X334,X334,,,,,,,,,,,,supplier_fitment,quarantine,Bobcat X334,,,
mdl_bobcat_x334d,br_bobcat,X334D,X334D,,,,,,,,,,,,supplier_fitment,quarantine,Bobcat X334D,,,
mdl_bobcat_x334g,br_bobcat,X334G,X334G,,,,,,,,,,,,supplier_fitment,quarantine,Bobcat X334G,,,
mdl_bobcat_x335,br_bobcat,X335,X335,,,,,,,,,,,,supplier_fitment|supplier_products,quarantine,Bobcat X335,,,
mdl_bobcat_x337,br_bobcat,X337,X337,,,,,,,,,,,,supplier_fitment|supplier_products,quarantine,Bobcat X337,,,
mdl_bobcat_x341,br_bobcat,X341,X341,,,,,,,,,,,,supplier_fitment,quarantine,Bobcat X341,,,
mdl_bobcat_x418,br_bobcat,X418,X418,,,,,,,,,,,Needs Review,airtable|supplier_fitment,quarantine,Bobcat X418,,,
mdl_bobcat_x422,br_bobcat,X422,X422,,,,,,,,,,,,supplier_fitment,quarantine,Bobcat X422,,,
mdl_bobcat_x425,br_bobcat,X425,X425,,,,,,,,,,,,supplier_fitment,quarantine,Bobcat X425,,,
mdl_bobcat_x430,br_bobcat,X430,X430,,,,,,,,,,,,supplier_fitment,quarantine,Bobcat X430,,,
mdl_bobcat_x435,br_bobcat,X435,X435,,,,,,,,,,,,supplier_fitment,quarantine,Bobcat X435,,,
mdl_bobcat_x442,br_bobcat,X442,X442,,,,,,,,,,,,supplier_fitment,quarantine,Bobcat X442,,,
mdl_bobcat_x442b,br_bobcat,X442B,X442B,,,,,,,,,,,,supplier_fitment,quarantine,Bobcat X442B,,,
mdl_bobcat_x442g,br_bobcat,X442G,X442G,,,,,,,,,,,,supplier_fitment,quarantine,Bobcat X442G,,,
mdl_bobcat_x442zts,br_bobcat,X442ZTS,X442ZTS,,,,,,,,,,,,supplier_fitment,quarantine,Bobcat X442ZTS,,,
mdl_bobcat_x444,br_bobcat,X444,X444,,,,,,,,,,,,supplier_fitment,quarantine,Bobcat X444,,,
mdl_bobcat_zx125,br_bobcat,ZX125,ZX125,,,,,,,,,,,,supplier_fitment,quarantine,Bobcat ZX125,,,
mdl_bobcat_zx75,br_bobcat,ZX75,ZX75,,,,,,,,,,,,supplier_fitment|supplier_products,quarantine,Bobcat ZX75,,,
mdl_boxer_118,br_boxer,118,118,Compact Track Loader,,ts_180x72x36,,,,,,,,,fitment_json,active_v1,Boxer 118,boxer-118,/pages/equipment-model/boxer-118,track_finder_v1
mdl_boxer_118_trencher,br_boxer,118 TRENCHER,118 TRENCHER,,,ts_180x72x36,,,,,,,,,shopify_meta|size_index,reference,Boxer 118 TRENCHER,,,
mdl_boxer_118trencher,br_boxer,118TRENCHER,118TRENCHER,,,ts_180x72x36,,,,,,,,,fitment_json,reference,Boxer 118TRENCHER,,,
mdl_boxer_320,br_boxer,320,320,Compact Track Loader,,ts_180x72x36,,,,,,,,,fitment_json|shopify_meta|size_index|supplier_fitment,active_v1,Boxer 320,boxer-320,/pages/equipment-model/boxer-320,track_finder_v1
mdl_boxer_322d,br_boxer,322D,322D,Compact Track Loader,,ts_180x72x36,,,,,,,,,fitment_json|shopify_meta|size_index|supplier_fitment,active_v1,Boxer 322D,boxer-322d,/pages/equipment-model/boxer-322d,track_finder_v1
mdl_boxer_400,br_boxer,400,400,Mini Excavator,,ts_230x72x39,,,,,,,,Verified,airtable|fitment_json|shopify_meta|size_index|supplier_fitment,active_v1,Boxer 400,boxer-400,/pages/equipment-model/boxer-400,track_finder_v1
mdl_boxer_427,br_boxer,427,427,Mini Excavator,,ts_230x72x39,,,,,,,,Verified,airtable|fitment_json|shopify_meta|size_index|supplier_fitment,active_v1,Boxer 427,boxer-427,/pages/equipment-model/boxer-427,track_finder_v1
mdl_boxer_526dx,br_boxer,526DX,526DX,Mini Excavator,,ts_230x72x39,,,,,,,,Verified,airtable|fitment_json|shopify_meta|size_index|supplier_fitment,active_v1,Boxer 526DX,boxer-526dx,/pages/equipment-model/boxer-526dx,track_finder_v1
mdl_boxer_530dx,br_boxer,530DX,530DX,Mini Excavator,,ts_230x72x39,,,,,,,,Verified,airtable|fitment_json|shopify_meta|size_index|supplier_fitment,active_v1,Boxer 530DX,boxer-530dx,/pages/equipment-model/boxer-530dx,track_finder_v1
mdl_boxer_532dx,br_boxer,532DX,532DX,Mini Excavator,,ts_230x72x39,,,,,,,,Verified,airtable|fitment_json|shopify_meta|size_index|supplier_fitment,active_v1,Boxer 532DX,boxer-532dx,/pages/equipment-model/boxer-532dx,track_finder_v1
mdl_boxer_700hdx,br_boxer,700HDX,700HDX,,,,,,,,,,,Needs Review,airtable|supplier_fitment,quarantine,Boxer 700HDX,,,
mdl_boxer_brokk_160,br_boxer,BROKK 160,BROKK 160,,,,,,,,,,,,shopify_meta,quarantine,Boxer BROKK 160,,,
mdl_boxer_brute_trx,br_boxer,BRUTE TRX,BRUTE TRX,Mini Excavator,,ts_230x72x39,,,,,,,,,shopify_meta|size_index,active_v1,Boxer BRUTE TRX,boxer-brute-trx,/pages/equipment-model/boxer-brute-trx,track_finder_v1
mdl_boxer_brutetrx,br_boxer,BRUTETRX,BRUTETRX,,,ts_230x72x39,,,,,,,,Needs Review,airtable|fitment_json|supplier_fitment,review,Boxer BRUTETRX,,,
mdl_boxer_tl224,br_boxer,TL224,TL224,,,,,,,,,,,,supplier_fitment,quarantine,Boxer TL224,,,
mdl_boxer_vts_vts52,br_boxer,VTS VTS52,VTS VTS52,,,,,,,,,,,,shopify_meta,quarantine,Boxer VTS VTS52,,,
mdl_boxer_vts_vts60,br_boxer,VTS VTS60,VTS VTS60,,,,,,,,,,,,shopify_meta,quarantine,Boxer VTS VTS60,,,
mdl_case_15,br_case,15,15,Mini Excavator,Excavator Pin-On,ts_230x96x31,,,,,,,,Needs Review,airtable|shopify_meta|supplier_fitment,active_v1,Case 15,case-15,/pages/equipment-model/case-15,track_finder_v1
mdl_case_15maxi,br_case,15MAXI,15MAXI,Mini Excavator,Excavator Pin-On,ts_230x96x31,,,,,,,,Needs Review,airtable|shopify_meta|supplier_fitment,active_v1,Case 15MAXI,case-15maxi,/pages/equipment-model/case-15maxi,track_finder_v1
mdl_case_16,br_case,16,16,Mini Excavator,Excavator Pin-On,ts_230x96x31,164,39551,34.9,,,,,Needs Review,airtable|shopify_meta|supplier_fitment,active_v1,Case 16,case-16,/pages/equipment-model/case-16,track_finder_v1
mdl_case_16maxi,br_case,16MAXI,16MAXI,Mini Excavator,Excavator Pin-On,ts_230x96x31,,,,,,,,Needs Review,airtable|shopify_meta|supplier_fitment,active_v1,Case 16MAXI,case-16maxi,/pages/equipment-model/case-16maxi,track_finder_v1
mdl_case_16rtn,br_case,16RTN,16RTN,Mini Excavator,Excavator Pin-On,ts_230x96x31,,,,,,,,Needs Review,airtable|shopify_meta|supplier_fitment,active_v1,Case 16RTN,case-16rtn,/pages/equipment-model/case-16rtn,track_finder_v1
mdl_case_17rtnmaxi,br_case,17RTNMAXI,17RTNMAXI,,,,,,,,,,,,supplier_fitment,quarantine,Case 17RTNMAXI,,,
mdl_case_1825b,br_case,1825B,1825B,,,,,,,,,,,,supplier_fitment,quarantine,Case 1825B,,,
mdl_case_1825c,br_case,1825C,1825C,,,,,,,,,,,,supplier_fitment,quarantine,Case 1825C,,,
mdl_case_1835c,br_case,1835C,1835C,,,,,,,,,,,,supplier_fitment,quarantine,Case 1835C,,,
mdl_case_1838,br_case,1838,1838,,,,,,,,,,,,supplier_fitment,quarantine,Case 1838,,,
mdl_case_1840,br_case,1840,1840,,,,,,,,,,,,supplier_fitment,quarantine,Case 1840,,,
mdl_case_1845,br_case,1845,1845,,,,,,,,,,,,supplier_fitment,quarantine,Case 1845,,,
mdl_case_1845b,br_case,1845B,1845B,,,,,,,,,,,,supplier_fitment,quarantine,Case 1845B,,,
mdl_case_1845c,br_case,1845C,1845C,,,,,,,,,,,,supplier_fitment,quarantine,Case 1845C,,,
mdl_case_28,br_case,28,28,,,,,,,,,,,,supplier_fitment,quarantine,Case 28,,,
mdl_case_28maxi,br_case,28MAXI,28MAXI,,,,,,,,,,,,supplier_fitment,quarantine,Case 28MAXI,,,
mdl_case_31,br_case,31,31,,,,,,,,,,,,supplier_fitment,quarantine,Case 31,,,
mdl_case_31maxi,br_case,31MAXI,31MAXI,,,,,,,,,,,,supplier_fitment,quarantine,Case 31MAXI,,,
mdl_case_35maxi,br_case,35MAXI,35MAXI,,,,,,,,,,,,supplier_fitment,quarantine,Case 35MAXI,,,
mdl_case_35stb,br_case,35STB,35STB,,,,,,,,,,,,supplier_fitment,quarantine,Case 35STB,,,
mdl_case_40xt,br_case,40XT,40XT,,,,,,,,,,,,supplier_fitment,quarantine,Case 40XT,,,
mdl_case_410,br_case,410,410,,,,,,,,,,,,supplier_fitment,quarantine,Case 410,,,
mdl_case_420,br_case,420,420,,,,,,,,,,,,supplier_fitment,quarantine,Case 420,,,
mdl_case_420_ct,br_case,420 CT,420 CT,,,,,,,,,,,,size_index,reference,Case 420 CT,,,
mdl_case_420ct,br_case,420CT,420CT,Skid Steer,,ts_320x86bx50,59,7350,19.5,,3000,,,Verified,airtable|fitment_json|shopify_meta|size_index|supplier_fitment,active_v1,Case 420CT,case-420ct,/pages/equipment-model/case-420ct,track_finder_v1
mdl_case_430,br_case,430,430,,,,,,,,,,,,supplier_fitment,quarantine,Case 430,,,
mdl_case_435,br_case,435,435,,,,,,,,,,,,supplier_fitment,quarantine,Case 435,,,
mdl_case_440,br_case,440,440,,,,,,,,,,,,supplier_fitment,quarantine,Case 440,,,
mdl_case_440_ct_series_3,br_case,440 CT - SERIES 3,440 CT - SERIES 3,,,,,,,,,,,,size_index,quarantine,Case 440 CT - SERIES 3,,,
mdl_case_440ct,br_case,440CT,440CT,Skid Steer,,ts_400x86bx50,89,8915,21.9,,3000,,,Verified,airtable|fitment_json|shopify_meta|size_index|supplier_fitment,active_v1,Case 440CT,case-440ct,/pages/equipment-model/case-440ct,track_finder_v1
mdl_case_445,br_case,445,445,,,,,,,,,,,,supplier_fitment,quarantine,Case 445,,,
mdl_case_445ct,br_case,445CT,445CT,Skid Steer,Universal Quick-Attach,ts_450x86bx55,80,9815,21.0,,3000,,,Verified,airtable|fitment_json|shopify_meta|supplier_fitment,active_v1,Case 445CT,case-445ct,/pages/equipment-model/case-445ct,track_finder_v1
mdl_case_450,br_case,450,450,,,,,,,,,,,,supplier_fitment,quarantine,Case 450,,,
mdl_case_450ct,br_case,450CT,450CT,Skid Steer,,ts_450x86bx55,88,10915,22.1,,3000,,,Verified,airtable|fitment_json|shopify_meta|supplier_fitment,active_v1,Case 450CT,case-450ct,/pages/equipment-model/case-450ct,track_finder_v1
mdl_case_465,br_case,465,465,,,,,,,,,,,,supplier_fitment,quarantine,Case 465,,,
mdl_case_480fll_4x4,br_case,480FLL 4X4,480FLL 4X4,,,,,,,,,,,,supplier_fitment,quarantine,Case 480FLL 4X4,,,
mdl_case_50maxi,br_case,50MAXI,50MAXI,,,,,,,,,,,,supplier_fitment,quarantine,Case 50MAXI,,,
mdl_case_50rtb,br_case,50RTB,50RTB,,,,,,,,,,,,supplier_fitment,quarantine,Case 50RTB,,,
mdl_case_580l,br_case,580L,580L,,,,,,,,,,,,supplier_fitment,quarantine,Case 580L,,,
mdl_case_6030,br_case,6030,6030,Mini Excavator,Excavator Pin-On,ts_400x725kx74,,,,,,,,Needs Review,airtable|fitment_json,active_v1,Case 6030,case-6030,/pages/equipment-model/case-6030,track_finder_v1
mdl_case_6030turbo,br_case,6030TURBO,6030TURBO,,,,,,,,,,,,supplier_fitment,quarantine,Case 6030TURBO,,,
mdl_case_6060turbo,br_case,6060TURBO,6060TURBO,,,,,,,,,,,,supplier_fitment,quarantine,Case 6060TURBO,,,
mdl_case_60xt,br_case,60XT,60XT,,,,,,,,,,,,supplier_fitment,quarantine,Case 60XT,,,
mdl_case_70xt,br_case,70XT,70XT,,,,,,,,,,,,supplier_fitment,quarantine,Case 70XT,,,
mdl_case_75xt,br_case,75XT,75XT,,,,,,,,,,,,supplier_fitment,quarantine,Case 75XT,,,
mdl_case_85xt,br_case,85XT,85XT,,,,,,,,,,,,supplier_fitment,quarantine,Case 85XT,,,
mdl_case_90xt,br_case,90XT,90XT,,,,,,,,,,,,supplier_fitment,quarantine,Case 90XT,,,
mdl_case_95xt,br_case,95XT,95XT,,,,,,,,,,,,supplier_fitment,quarantine,Case 95XT,,,
mdl_case_ck08,br_case,CK08,CK08,,,,,,,,,,,,supplier_fitment,quarantine,Case CK08,,,
mdl_case_ck13,br_case,CK13,CK13,,,,,,,,,,,,supplier_fitment,quarantine,Case CK13,,,
mdl_case_ck15,br_case,CK15,CK15,,,,,,,,,,,,supplier_fitment,quarantine,Case CK15,,,
mdl_case_ck16,br_case,CK16,CK16,Skid Steer,,ts_320x86x48,,,,,,,,Needs Review,airtable|supplier_fitment,active_v1,Case CK16,case-ck16,/pages/equipment-model/case-ck16,track_finder_v1
mdl_case_ck25,br_case,CK25,CK25,,,,,,,,,,,,supplier_fitment,quarantine,Case CK25,,,
mdl_case_ck28,br_case,CK28,CK28,Mini Excavator,Excavator Pin-On,ts_300x525nx78,,,,,,,,Needs Review,airtable|fitment_json|shopify_meta|supplier_fitment,active_v1,Case CK28,case-ck28,/pages/equipment-model/case-ck28,track_finder_v1
mdl_case_ck31,br_case,CK31,CK31,,,,,,,,,,,,supplier_fitment,quarantine,Case CK31,,,
mdl_case_ck32,br_case,CK32,CK32,Skid Steer,,ts_320x86x52,,,,,,,,Needs Review,airtable|shopify_meta|supplier_fitment,active_v1,Case CK32,case-ck32,/pages/equipment-model/case-ck32,track_finder_v1
mdl_case_ck35,br_case,CK35,CK35,,,ts_350x525x86,,,,,,,,,size_index|supplier_fitment,review,Case CK35,,,
mdl_case_ck36,br_case,CK36,CK36,,,,,,,,,,,,supplier_fitment,quarantine,Case CK36,,,
mdl_case_ck50,br_case,CK50,CK50,Mini Excavator,Excavator Pin-On,ts_400x725kx74,,,,,,,,Needs Review,airtable|fitment_json|shopify_meta|supplier_fitment,active_v1,Case CK50,case-ck50,/pages/equipment-model/case-ck50,track_finder_v1
mdl_case_ck52,br_case,CK52,CK52,Mini Excavator,Excavator Pin-On,ts_400x725kx74,,,,,,,,Needs Review,airtable|fitment_json|shopify_meta|supplier_fitment,active_v1,Case CK52,case-ck52,/pages/equipment-model/case-ck52,track_finder_v1
mdl_case_ck62,br_case,CK62,CK62,Mini Excavator,,ts_400x725wx76,,,,,,,,,fitment_json|size_index|supplier_fitment,active_v1,Case CK62,case-ck62,/pages/equipment-model/case-ck62,track_finder_v1
mdl_case_ck82,br_case,CK82,CK82,,,,,,,,,,,,supplier_fitment,quarantine,Case CK82,,,
mdl_case_ck_25,br_case,CK-25,CK-25,,,,,,,,,,,,size_index,quarantine,Case CK-25,,,
mdl_case_cx14,br_case,CX14,CX14,Mini Excavator,,ts_230x48x70,,,,,,,,,size_index|supplier_fitment,active_v1,Case CX14,case-cx14,/pages/equipment-model/case-cx14,track_finder_v1
mdl_case_cx14_zts,br_case,CX14-ZTS,CX14-ZTS,Mini Excavator,,ts_230x48x70,,,,,,,,,size_index,active_v1,Case CX14-ZTS,case-cx14-zts,/pages/equipment-model/case-cx14-zts,track_finder_v1
mdl_case_cx14zts,br_case,CX14ZTS,CX14ZTS,,,,,,,,,,,,supplier_fitment,quarantine,Case CX14ZTS,,,
mdl_case_cx15,br_case,CX15,CX15,Mini Excavator,Excavator Pin-On,ts_230x96x31,15,3747,4.1,,2987,,,Needs Review,airtable|shopify_meta|size_index|supplier_fitment,active_v1,Case CX15,case-cx15,/pages/equipment-model/case-cx15,track_finder_v1
mdl_case_cx15c,br_case,CX15C,CX15C,Mini Excavator,Excavator Pin-On,ts_230x48x62,16,3450,8.0,,2600,Zero Tail,,Needs Review,airtable,review,Case CX15C,,,
mdl_case_cx15stc,br_case,CX15STC,CX15STC,Mini Excavator,,ts_230x48x70,,,,,,,,,size_index|supplier_fitment,active_v1,Case CX15STC,case-cx15stc,/pages/equipment-model/case-cx15stc,track_finder_v1
mdl_case_cx15str,br_case,CX15STR,CX15STR,Mini Excavator,,ts_230x48x70,,,,,,,,,shopify_meta|size_index|supplier_fitment,active_v1,Case CX15STR,case-cx15str,/pages/equipment-model/case-cx15str,track_finder_v1
mdl_case_cx16,br_case,CX16,CX16,Mini Excavator,Excavator Pin-On,ts_230x48x70,120,37700,37.5,,,,,Needs Review,airtable|shopify_meta|size_index|supplier_fitment,active_v1,Case CX16,case-cx16,/pages/equipment-model/case-cx16,track_finder_v1
mdl_case_cx16_2001,br_case,CX16-2001,CX16-2001,Mini Excavator,,ts_230x48x70,,,,,,,,,size_index,active_v1,Case CX16-2001,case-cx16-2001,/pages/equipment-model/case-cx16-2001,track_finder_v1
mdl_case_cx16b,br_case,CX16B,CX16B,Mini Excavator,,ts_230x48x70,,,,,,,,,shopify_meta|size_index|supplier_fitment,active_v1,Case CX16B,case-cx16b,/pages/equipment-model/case-cx16b,track_finder_v1
mdl_case_cx16svc,br_case,CX16SVC,CX16SVC,,,,,,,,,,,,supplier_fitment,quarantine,Case CX16SVC,,,
mdl_case_cx16svr,br_case,CX16SVR,CX16SVR,,,,,,,,,,,,supplier_fitment,quarantine,Case CX16SVR,,,
mdl_case_cx17b,br_case,CX17B,CX17B,Mini Excavator,,ts_230x48x70,,,,,,,,,shopify_meta|size_index,active_v1,Case CX17B,case-cx17b,/pages/equipment-model/case-cx17b,track_finder_v1
mdl_case_cx17bzts,br_case,CX17BZTS,CX17BZTS,,,,,,,,,,,,supplier_fitment,quarantine,Case CX17BZTS,,,
mdl_case_cx17c,br_case,CX17C,CX17C,Mini Excavator,Excavator Pin-On,ts_230x48x70,16,3770,8.0,,2640,Minimal Tail,,Verified,airtable|shopify_meta|size_index|supplier_fitment,active_v1,Case CX17C,case-cx17c,/pages/equipment-model/case-cx17c,track_finder_v1
mdl_case_cx18b,br_case,CX18B,CX18B,Mini Excavator,,ts_230x48x70,,,,,,,,,shopify_meta|size_index|supplier_fitment,active_v1,Case CX18B,case-cx18b,/pages/equipment-model/case-cx18b,track_finder_v1
mdl_case_cx18c,br_case,CX18C,CX18C,Mini Excavator,Excavator Pin-On,ts_230x48x62,16,4075,8.0,,2640,Minimal Tail,,Needs Review,airtable,review,Case CX18C,,,
mdl_case_cx20b,br_case,CX20B,CX20B,Mini Excavator,Excavator Pin-On,ts_300x525nx76,23,4629,6.9,,,,,Verified,airtable|fitment_json|shopify_meta|supplier_fitment,active_v1,Case CX20B,case-cx20b,/pages/equipment-model/case-cx20b,track_finder_v1
mdl_case_cx20bmr,br_case,CX20BMR,CX20BMR,,,,,,,,,,,,supplier_fitment,quarantine,Case CX20BMR,,,
mdl_case_cx21c,br_case,CX21C,CX21C,Mini Excavator,Excavator Pin-On,,19,4750,10.0,,2844,Minimal Tail,,Needs Review,airtable|shopify_meta,review,Case CX21C,,,
mdl_case_cx22b,br_case,CX22B,CX22B,Mini Excavator,Excavator Pin-On,ts_300x525nx76,23,,6.9,,,,,Verified,airtable|fitment_json|shopify_meta|supplier_fitment,active_v1,Case CX22B,case-cx22b,/pages/equipment-model/case-cx22b,track_finder_v1
mdl_case_cx22bmc,br_case,CX22BMC,CX22BMC,,,,,,,,,,,,supplier_fitment,quarantine,Case CX22BMC,,,
mdl_case_cx22bzts,br_case,CX22BZTS,CX22BZTS,,,,,,,,,,,,supplier_fitment,quarantine,Case CX22BZTS,,,
mdl_case_cx23,br_case,CX23,CX23,,,,,,,,,,,,supplier_fitment,quarantine,Case CX23,,,
mdl_case_cx25,br_case,CX25,CX25,Mini Excavator,Excavator Pin-On,ts_300x525nx76,17,5556,12.7,,3277,,,Verified,airtable|fitment_json|shopify_meta|supplier_fitment,active_v1,Case CX25,case-cx25,/pages/equipment-model/case-cx25,track_finder_v1
mdl_case_cx26,br_case,CX26,CX26,Mini Excavator,Excavator Pin-On,ts_300x525nx76,24,5853,,,,,,Verified,airtable|fitment_json|shopify_meta,active_v1,Case CX26,case-cx26,/pages/equipment-model/case-cx26,track_finder_v1
mdl_case_cx26c,br_case,CX26C,CX26C,Mini Excavator,Excavator Pin-On,ts_300x525nx78,20,5665,12.0,,2900,Minimal Tail,,Verified,airtable|fitment_json|shopify_meta|supplier_fitment,active_v1,Case CX26C,case-cx26c,/pages/equipment-model/case-cx26c,track_finder_v1
mdl_case_cx27b,br_case,CX27B,CX27B,Mini Excavator,Excavator Pin-On,ts_300x525nx80,21,5556,14.0,,3336,,,Verified,airtable|fitment_json|shopify_meta|supplier_fitment,active_v1,Case CX27B,case-cx27b,/pages/equipment-model/case-cx27b,track_finder_v1
mdl_case_cx27bmc,br_case,CX27BMC,CX27BMC,,,,,,,,,,,,supplier_fitment,quarantine,Case CX27BMC,,,
mdl_case_cx27bmr,br_case,CX27BMR,CX27BMR,,,,,,,,,,,,supplier_fitment,quarantine,Case CX27BMR,,,
mdl_case_cx27bzts,br_case,CX27BZTS,CX27BZTS,,,,,,,,,,,,supplier_fitment,quarantine,Case CX27BZTS,,,
mdl_case_cx28,br_case,CX28,CX28,Mini Excavator,Excavator Pin-On,ts_300x525nx78,,,,,,,,Verified,airtable|fitment_json|shopify_meta|supplier_fitment,active_v1,Case CX28,case-cx28,/pages/equipment-model/case-cx28,track_finder_v1
mdl_case_cx30,br_case,CX30,CX30,Mini Excavator,Excavator Pin-On,ts_300x525nx80,206,65036,128.4,,,,,Verified,airtable|fitment_json|shopify_meta,active_v1,Case CX30,case-cx30,/pages/equipment-model/case-cx30,track_finder_v1
mdl_case_cx30b,br_case,CX30B,CX30B,,,,,,,,,,,,supplier_fitment,quarantine,Case CX30B,,,
mdl_case_cx30c,br_case,CX30C,CX30C,Mini Excavator,Excavator Pin-On,ts_300x525nx80,25,6900,14.0,,3045,Zero Tail,,Needs Review,airtable|shopify_meta,active_v1,Case CX30C,case-cx30c,/pages/equipment-model/case-cx30c,track_finder_v1
mdl_case_cx31,br_case,CX31,CX31,,,ts_300x525wx82,,,,,,,,,fitment_json|shopify_meta|supplier_fitment,reference,Case CX31,,,
mdl_case_cx31b,br_case,CX31B,CX31B,,,ts_300x525kx88,,,,,,,,,fitment_json|shopify_meta|size_index|supplier_fitment,reference,Case CX31B,,,
mdl_case_cx31bmc,br_case,CX31BMC,CX31BMC,,,ts_300x525kx88,,,,,,,,,fitment_json|shopify_meta|supplier_fitment,reference,Case CX31BMC,,,
mdl_case_cx31bmr,br_case,CX31BMR,CX31BMR,,,ts_300x525kx88,,,,,,,,,fitment_json|shopify_meta|supplier_fitment,reference,Case CX31BMR,,,
mdl_case_cx31c,br_case,CX31C,CX31C,Mini Excavator,Excavator Pin-On,,25,7200,14.0,,3045,Zero Tail,,Needs Review,airtable|shopify_meta,review,Case CX31C,,,
mdl_case_cx33c,br_case,CX33C,CX33C,Mini Excavator,,ts_300x525x86,,,,,,,,,fitment_json|shopify_meta|size_index|supplier_fitment,active_v1,Case CX33C,case-cx33c,/pages/equipment-model/case-cx33c,track_finder_v1
mdl_case_cx35,br_case,CX35,CX35,Mini Excavator,,ts_300x525x86,,,,,,,,,fitment_json|shopify_meta|size_index|supplier_fitment,active_v1,Case CX35,case-cx35,/pages/equipment-model/case-cx35,track_finder_v1
mdl_case_cx35b,br_case,CX35B,CX35B,,,ts_300x525wx82,,,,,,,,,fitment_json|shopify_meta,reference,Case CX35B,,,
mdl_case_cx36,br_case,CX36,CX36,Mini Excavator,,ts_300x525kx88,,,,,,,,,shopify_meta|size_index|supplier_fitment,active_v1,Case CX36,case-cx36,/pages/equipment-model/case-cx36,track_finder_v1
mdl_case_cx36b,br_case,CX36B,CX36B,Mini Excavator,,ts_300x525kx88,,,,,,,,,fitment_json|shopify_meta|size_index|supplier_fitment,active_v1,Case CX36B,case-cx36b,/pages/equipment-model/case-cx36b,track_finder_v1
mdl_case_cx36bmc,br_case,CX36BMC,CX36BMC,,,,,,,,,,,,supplier_fitment,quarantine,Case CX36BMC,,,
mdl_case_cx36bmr,br_case,CX36BMR,CX36BMR,,,,,,,,,,,,supplier_fitment,quarantine,Case CX36BMR,,,
mdl_case_cx36bzts,br_case,CX36BZTS,CX36BZTS,,,,,,,,,,,,supplier_fitment,quarantine,Case CX36BZTS,,,
mdl_case_cx36c,br_case,CX36C,CX36C,Mini Excavator,Excavator Pin-On,,25,8200,17.0,,3045,Zero Tail,,Needs Review,airtable|shopify_meta,review,Case CX36C,,,
mdl_case_cx37c,br_case,CX37C,CX37C,Mini Excavator,Excavator Pin-On,ts_300x525x86,25,8350,17.0,,3045,Zero Tail,,Verified,airtable|fitment_json|shopify_meta|size_index|supplier_fitment,active_v1,Case CX37C,case-cx37c,/pages/equipment-model/case-cx37c,track_finder_v1
mdl_case_cx39b,br_case,CX39B,CX39B,Mini Excavator,,ts_300x525kx88,,,,,,,,,fitment_json|shopify_meta|size_index,active_v1,Case CX39B,case-cx39b,/pages/equipment-model/case-cx39b,track_finder_v1
mdl_case_cx40b,br_case,CX40B,CX40B,,,,,,,,,,,,supplier_fitment,quarantine,Case CX40B,,,
mdl_case_cx40bmc,br_case,CX40BMC,CX40BMC,,,,,,,,,,,,supplier_fitment,quarantine,Case CX40BMC,,,
mdl_case_cx40bmr,br_case,CX40BMR,CX40BMR,,,,,,,,,,,,supplier_fitment,quarantine,Case CX40BMR,,,
mdl_case_cx47,br_case,CX47,CX47,Mini Excavator,Excavator Pin-On,ts_400x725kx74,362,103800,190.3,,4554,,,Verified,airtable|fitment_json|shopify_meta|supplier_fitment,active_v1,Case CX47,case-cx47,/pages/equipment-model/case-cx47,track_finder_v1
mdl_case_cx50,br_case,CX50,CX50,Mini Excavator,Excavator Pin-On,ts_400x725kx74,39,10261,30.0,,3336,,,Needs Review,airtable|fitment_json|shopify_meta|supplier_fitment,active_v1,Case CX50,case-cx50,/pages/equipment-model/case-cx50,track_finder_v1
mdl_case_cx50b,br_case,CX50B,CX50B,Mini Excavator,Excavator Pin-On,ts_400x725kx74,39,10261,30.0,,3336,,,Verified,airtable|fitment_json|shopify_meta|supplier_fitment,active_v1,Case CX50B,case-cx50b,/pages/equipment-model/case-cx50b,track_finder_v1
mdl_case_cx50bmc,br_case,CX50BMC,CX50BMC,,,,,,,,,,,,supplier_fitment,quarantine,Case CX50BMC,,,
mdl_case_cx50bmr,br_case,CX50BMR,CX50BMR,,,,,,,,,,,,supplier_fitment,quarantine,Case CX50BMR,,,
mdl_case_cx50bzts,br_case,CX50BZTS,CX50BZTS,,,,,,,,,,,,supplier_fitment,quarantine,Case CX50BZTS,,,
mdl_case_cx50c,br_case,CX50C,CX50C,Mini Excavator,Excavator Pin-On,,36,10700,21.0,,3300,Conventional,,Needs Review,airtable,review,Case CX50C,,,
mdl_case_cx55b,br_case,CX55B,CX55B,Mini Excavator,Excavator Pin-On,ts_400x725kx74,37,11309,26.4,,3336,,,Verified,airtable|fitment_json|shopify_meta|supplier_fitment,active_v1,Case CX55B,case-cx55b,/pages/equipment-model/case-cx55b,track_finder_v1
mdl_case_cx55bmsr,br_case,CX55BMSR,CX55BMSR,Mini Excavator,Excavator Pin-On,ts_400x725kx74,37,11309,26.4,,3336,,,Needs Review,airtable|fitment_json,active_v1,Case CX55BMSR,case-cx55b-msr,/pages/equipment-model/case-cx55b-msr,track_finder_v1
mdl_case_cx55c,br_case,CX55C,CX55C,Mini Excavator,Excavator Pin-On,,36,11400,21.0,,3300,Conventional,,Needs Review,airtable,review,Case CX55C,,,
mdl_case_cx57,br_case,CX57,CX57,Mini Excavator,,ts_400x725wx76,,,,,,,,,fitment_json|shopify_meta|size_index,active_v1,Case CX57,case-cx57,/pages/equipment-model/case-cx57,track_finder_v1
mdl_case_cx57c,br_case,CX57C,CX57C,Mini Excavator,Excavator Pin-On,ts_400x725wx76,42,12400,24.0,,3300,Conventional,,Needs Review,airtable|fitment_json|shopify_meta|size_index|supplier_fitment,active_v1,Case CX57C,case-cx57c,/pages/equipment-model/case-cx57c,track_finder_v1
mdl_case_cx60c,br_case,CX60C,CX60C,Mini Excavator,Excavator Pin-On,ts_400x725wx76,42,13100,24.0,,3300,Conventional,,Verified,airtable|fitment_json|shopify_meta|size_index|supplier_fitment,active_v1,Case CX60C,case-cx60c,/pages/equipment-model/case-cx60c,track_finder_v1
mdl_case_cx65b,br_case,CX65B,CX65B,Mini Excavator,Excavator Pin-On,ts_400x725kx74,,,,,,,,Needs Review,airtable|fitment_json,active_v1,Case CX65B,case-cx65b,/pages/equipment-model/case-cx65b,track_finder_v1
mdl_case_cx75c,br_case,CX75C,CX75C,Mini Excavator,Excavator Pin-On,ts_450x71x82,55,16500,31.0,,3481,Conventional,,Needs Review,airtable|shopify_meta|supplier_fitment,review,Case CX75C,,,
mdl_case_cx75sr,br_case,CX75SR,CX75SR,Mini Excavator,,ts_450x81nx76,,,,,,,,,fitment_json|shopify_meta|supplier_fitment,active_v1,Case CX75SR,case-cx75sr,/pages/equipment-model/case-cx75sr,track_finder_v1
mdl_case_cx80,br_case,CX80,CX80,,,,,,,,,,,,supplier_fitment,quarantine,Case CX80,,,
mdl_case_cx80c,br_case,CX80C,CX80C,Mini Excavator,Excavator Pin-On,ts_450x81nx76,55,17500,31.0,,3481,Conventional,,Verified,airtable|fitment_json|shopify_meta|supplier_fitment,active_v1,Case CX80C,case-cx80c,/pages/equipment-model/case-cx80c,track_finder_v1
mdl_case_cx_35,br_case,CX-35,CX-35,,,ts_300x525x86,,,,,,,,,size_index,reference,Case CX-35,,,
mdl_case_eh35b,br_case,EH35B,EH35B,,,,,,,,,,,,size_index,quarantine,Case EH35B,,,
mdl_case_lx92,br_case,LX92,LX92,,,,,,,,,,,,supplier_fitment,quarantine,Case LX92,,,
mdl_case_m400t,br_case,M400T,M400T,,,,,,,,,,,,supplier_fitment,quarantine,Case M400T,,,
mdl_case_sr130,br_case,SR130,SR130,,,,,,,,,,,,supplier_fitment,quarantine,Case SR130,,,
mdl_case_sr150,br_case,SR150,SR150,,,,,,,,,,,,supplier_fitment,quarantine,Case SR150,,,
mdl_case_sr160,br_case,SR160,SR160,,,,,,,,,,,,supplier_fitment,quarantine,Case SR160,,,
mdl_case_sr175,br_case,SR175,SR175,,,,,,,,,,,,supplier_fitment,quarantine,Case SR175,,,
mdl_case_sr175b,br_case,SR175B,SR175B,,,,,,,,,,,,supplier_fitment,quarantine,Case SR175B,,,
mdl_case_sr200,br_case,SR200,SR200,,,,,,,,,,,,supplier_fitment,quarantine,Case SR200,,,
mdl_case_sr210,br_case,SR210,SR210,,,,,,,,,,,,supplier_fitment,quarantine,Case SR210,,,
mdl_case_sr210b,br_case,SR210B,SR210B,,,,,,,,,,,,supplier_fitment,quarantine,Case SR210B,,,
mdl_case_sr220,br_case,SR220,SR220,,,,,,,,,,,,supplier_fitment,quarantine,Case SR220,,,
mdl_case_sr240,br_case,SR240,SR240,,,,,,,,,,,,supplier_fitment,quarantine,Case SR240,,,
mdl_case_sr240b,br_case,SR240B,SR240B,,,,,,,,,,,,supplier_fitment,quarantine,Case SR240B,,,
mdl_case_sr250,br_case,SR250,SR250,,,,,,,,,,,,supplier_fitment,quarantine,Case SR250,,,
mdl_case_sr270,br_case,SR270,SR270,,,,,,,,,,,,supplier_fitment,quarantine,Case SR270,,,
mdl_case_sr270b,br_case,SR270B,SR270B,,,,,,,,,,,,supplier_fitment,quarantine,Case SR270B,,,
mdl_case_sv185,br_case,SV185,SV185,,,,,,,,,,,,supplier_fitment,quarantine,Case SV185,,,
mdl_case_sv185b,br_case,SV185B,SV185B,,,,,,,,,,,,supplier_fitment,quarantine,Case SV185B,,,
mdl_case_sv250,br_case,SV250,SV250,,,,,,,,,,,,supplier_fitment,quarantine,Case SV250,,,
mdl_case_sv280,br_case,SV280,SV280,,,,,,,,,,,,supplier_fitment,quarantine,Case SV280,,,
mdl_case_sv300,br_case,SV300,SV300,,,,,,,,,,,,supplier_fitment,quarantine,Case SV300,,,
mdl_case_sv340,br_case,SV340,SV340,,,,,,,,,,,,supplier_fitment,quarantine,Case SV340,,,
mdl_case_sv340b,br_case,SV340B,SV340B,,,,,,,,,,,,supplier_fitment,quarantine,Case SV340B,,,
mdl_case_tf300,br_case,TF300,TF300,,,,,,,,,,,Needs Review,airtable|supplier_fitment,quarantine,Case TF300,,,
mdl_case_tf300rt,br_case,TF300RT,TF300RT,,,,,,,,,,,Needs Review,airtable|supplier_fitment,quarantine,Case TF300RT,,,
mdl_case_tl100,br_case,TL100,TL100,,,,,,,,,,,Needs Review,airtable|supplier_fitment,quarantine,Case TL100,,,
mdl_case_tr270,br_case,TR270,TR270,Skid Steer,Universal Quick-Attach,ts_320x86bx50,74,8270,17.0,30.0,3500,Radial,,Verified,airtable|fitment_json|shopify_meta|size_index|supplier_fitment,active_v1,Case TR270,case-tr270,/pages/equipment-model/case-tr270,track_finder_v1
mdl_case_tr270b,br_case,TR270B,TR270B,Skid Steer,,ts_320x86bx50,74,8270,24.2,32.4,,,,Needs Review,airtable|shopify_meta|size_index|supplier_fitment,active_v1,Case TR270B,case-tr270b,/pages/equipment-model/case-tr270b,track_finder_v1
mdl_case_tr310,br_case,TR310,TR310,Skid Steer,Universal Quick-Attach,ts_400x86bx50,74,8880,24.2,32.4,,,,Verified,airtable|fitment_json|shopify_meta|size_index|supplier_fitment,active_v1,Case TR310,case-tr310,/pages/equipment-model/case-tr310,track_finder_v1
mdl_case_tr310b,br_case,TR310B,TR310B,Skid Steer,Universal Quick-Attach,ts_320x86bx50,74,8850,17.0,33.0,3500,Vertical,,Needs Review,airtable|fitment_json|shopify_meta|size_index|supplier_fitment,active_v1,Case TR310B,case-tr310b,/pages/equipment-model/case-tr310b,track_finder_v1
mdl_case_tr320,br_case,TR320,TR320,Skid Steer,Universal Skid Steer,ts_450x86bx55,90,10750,24.0,,3500,Vertical,,Verified,airtable|fitment_json|shopify_meta|supplier_fitment,active_v1,Case TR320,case-tr320,/pages/equipment-model/case-tr320,track_finder_v1
mdl_case_tr320b,br_case,TR320B,TR320B,Skid Steer,,ts_450x86bx55,90,9600,12.2,,3000,,,Verified,airtable|fitment_json|shopify_meta,active_v1,Case TR320B,case-tr320b,/pages/equipment-model/case-tr320b,track_finder_v1
mdl_case_tr340,br_case,TR340,TR340,Skid Steer,Universal Skid Steer,ts_450x86bx55,,10800,,,,,,Verified,airtable|fitment_json|shopify_meta|supplier_fitment,active_v1,Case TR340,case-tr340,/pages/equipment-model/case-tr340,track_finder_v1
mdl_case_tr340b,br_case,TR340B,TR340B,Skid Steer,Universal Quick-Attach,ts_450x86bx55,90,10300,24.0,38.0,3500,Vertical,,Needs Review,airtable|fitment_json|shopify_meta|supplier_fitment,active_v1,Case TR340B,case-tr340b,/pages/equipment-model/case-tr340b,track_finder_v1
mdl_case_tr370b,br_case,TR370B,TR370B,Compact Track Loader,Universal Quick-Attach,,,,,,,,,Needs Review,airtable|shopify_meta,review,Case TR370B,,,
mdl_case_tr380,br_case,TR380,TR380,,,,,,,,,,,,supplier_fitment,quarantine,Case TR380,,,
mdl_case_tr_270,br_case,TR 270,TR 270,,,,,,,,,,,,size_index,reference,Case TR 270,,,
mdl_case_tr_310,br_case,TR 310,TR 310,,,,,,,,,,,,size_index,reference,Case TR 310,,,
mdl_case_tr_320,br_case,TR 320,TR 320,,,,,,,,,,,,size_index,reference,Case TR 320,,,
mdl_case_tv370,br_case,TV370,TV370,Skid Steer,Universal Skid Steer,ts_450x86bx55,,10200,,,,,,Needs Review,airtable|shopify_meta|supplier_fitment,active_v1,Case TV370,case-tv370,/pages/equipment-model/case-tv370,track_finder_v1
mdl_case_tv370b,br_case,TV370B,TV370B,Skid Steer,,ts_450x86bx55,74,9634,24.2,32.4,,,,Verified,airtable|fitment_json|shopify_meta|supplier_fitment,active_v1,Case TV370B,case-tv370b,/pages/equipment-model/case-tv370b,track_finder_v1
mdl_case_tv380,br_case,TV380,TV380,Skid Steer,Universal Quick-Attach,ts_450x86bx55,90,10900,24.0,38.0,3500,Vertical,,Verified,airtable|fitment_json|shopify_meta|supplier_fitment,active_v1,Case TV380,case-tv380,/pages/equipment-model/case-tv380,track_finder_v1
mdl_case_tv450,br_case,TV450,TV450,Skid Steer,Universal Quick-Attach,ts_450x86bx55,88,8830,22.1,,3000,,,Needs Review,airtable|fitment_json|shopify_meta|supplier_fitment,active_v1,Case TV450,case-tv450,/pages/equipment-model/case-tv450,track_finder_v1
mdl_case_tv450b,br_case,TV450B,TV450B,Skid Steer,Universal Quick-Attach,ts_450x86bx55,90,12200,24.0,42.0,3500,Vertical,,Verified,airtable|fitment_json|shopify_meta|supplier_fitment,active_v1,Case TV450B,case-tv450b,/pages/equipment-model/case-tv450b,track_finder_v1
mdl_case_tv620b,br_case,TV620B,TV620B,Skid Steer,Universal Quick-Attach,ts_450x86bx63,114,17500,24.0,42.0,3500,Vertical,,Verified,airtable|fitment_json|shopify_meta|size_index|supplier_fitment,active_v1,Case TV620B,case-tv620b,/pages/equipment-model/case-tv620b,track_finder_v1
mdl_cat_216,br_caterpillar,216,216,,,,,,,,,,,,supplier_fitment,quarantine,CAT 216,,,
mdl_cat_216b,br_caterpillar,216B,216B,,,,,,,,,,,,supplier_fitment,quarantine,CAT 216B,,,
mdl_cat_226,br_caterpillar,226,226,,,,,,,,,,,,supplier_fitment,quarantine,CAT 226,,,
mdl_cat_226b,br_caterpillar,226B,226B,,,,,,,,,,,,supplier_fitment,quarantine,CAT 226B,,,
mdl_cat_226b3,br_caterpillar,226B3,226B3,,,,,,,,,,,,supplier_fitment|supplier_products,quarantine,CAT 226B3,,,
mdl_cat_226bhf,br_caterpillar,226BHF,226BHF,,,,,,,,,,,,supplier_fitment|supplier_products,quarantine,CAT 226BHF,,,
mdl_cat_228,br_caterpillar,228,228,,,,,,,,,,,,supplier_fitment,quarantine,CAT 228,,,
mdl_cat_232b,br_caterpillar,232B,232B,,,,,,,,,,,,supplier_fitment|supplier_products,quarantine,CAT 232B,,,
mdl_cat_232d,br_caterpillar,232D,232D,,,,,,,,,,,,supplier_fitment|supplier_products,quarantine,CAT 232D,,,
mdl_cat_232d3,br_caterpillar,232D3,232D3,,,,,,,,,,,,supplier_fitment,quarantine,CAT 232D3,,,
mdl_cat_236,br_caterpillar,236,236,,,,,,,,,,,,supplier_fitment,quarantine,CAT 236,,,
mdl_cat_236b,br_caterpillar,236B,236B,,,,,,,,,,,,supplier_fitment,quarantine,CAT 236B,,,
mdl_cat_236d,br_caterpillar,236D,236D,,,,,,,,,,,,supplier_fitment,quarantine,CAT 236D,,,
mdl_cat_236d3,br_caterpillar,236D3,236D3,,,,,,,,,,,,supplier_fitment,quarantine,CAT 236D3,,,
mdl_cat_239d,br_caterpillar,239D,239D,Skid Steer,,ts_320x86bx49,,,,,,,,Needs Review,airtable|fitment_json|shopify_meta|size_index|supplier_fitment,active_v1,CAT 239D,caterpillar-239d,/pages/equipment-model/caterpillar-239d,track_finder_v1
mdl_cat_239d3,br_caterpillar,239D3,239D3,Skid Steer,Universal Quick-Attach,ts_320x86bx49,74,7434,23.0,30.0,3335,Radial,,Verified,airtable|fitment_json|shopify_meta|size_index|supplier_fitment,active_v1,CAT 239D3,caterpillar-239d3,/pages/equipment-model/caterpillar-239d3,track_finder_v1
mdl_cat_239d_option_1,br_caterpillar,239D OPTION 1,239D OPTION 1,,,,,,,,,,,,size_index,quarantine,CAT 239D OPTION 1,,,
mdl_cat_23rtk,br_caterpillar,23RTK,23RTK,,,,,,,,,,,,supplier_fitment,quarantine,CAT 23RTK,,,
mdl_cat_242b,br_caterpillar,242B,242B,,,,,,,,,,,,supplier_fitment|supplier_products,quarantine,CAT 242B,,,
mdl_cat_242bhf,br_caterpillar,242BHF,242BHF,,,,,,,,,,,,supplier_fitment|supplier_products,quarantine,CAT 242BHF,,,
mdl_cat_242d,br_caterpillar,242D,242D,,,,,,,,,,,,supplier_fitment,quarantine,CAT 242D,,,
mdl_cat_246,br_caterpillar,246,246,,,,,,,,,,,,supplier_fitment,quarantine,CAT 246,,,
mdl_cat_246b,br_caterpillar,246B,246B,,,,,,,,,,,,supplier_fitment,quarantine,CAT 246B,,,
mdl_cat_246c,br_caterpillar,246C,246C,,,,,,,,,,,,supplier_fitment|supplier_products,quarantine,CAT 246C,,,
mdl_cat_246d,br_caterpillar,246D,246D,,,,,,,,,,,,supplier_fitment|supplier_products,quarantine,CAT 246D,,,
mdl_cat_246d3,br_caterpillar,246D3,246D3,,,,,,,,,,,,supplier_fitment,quarantine,CAT 246D3,,,
mdl_cat_247,br_caterpillar,247,247,Multi-Terrain Loader,Universal Quick-Attach,,57,7500,20.0,,3000,Radial,,Verified,airtable|fitment_json|shopify_meta|size_index|supplier_fitment,active_v1,CAT 247,caterpillar-247,/pages/equipment-model/caterpillar-247,track_finder_v1
mdl_cat_247_b2,br_caterpillar,247-B2,247-B2,,,,,,,,,,,,size_index,quarantine,CAT 247-B2,,,
mdl_cat_247_b3,br_caterpillar,247-B3,247-B3,,,,,,,,,,,,size_index,quarantine,CAT 247-B3,,,
mdl_cat_247b,br_caterpillar,247B,247B,Multi-Terrain Loader,Universal Quick-Attach,ts_381x1005x42,61,6666,15.9,,3335,,,Needs Review,airtable|fitment_json|shopify_meta|supplier_fitment|supplier_products,active_v1,CAT 247B,caterpillar-247b,/pages/equipment-model/caterpillar-247b,track_finder_v1
mdl_cat_247b2,br_caterpillar,247B2,247B2,Multi-Terrain Loader,Universal Quick-Attach,ts_381x1005x42,61,6666,15.9,,3335,,,Needs Review,airtable|fitment_json|shopify_meta|supplier_fitment,active_v1,CAT 247B2,caterpillar-247b2,/pages/equipment-model/caterpillar-247b2,track_finder_v1
mdl_cat_247b3,br_caterpillar,247B3,247B3,Multi-Terrain Loader,Universal Quick-Attach,ts_381x1005x42,61,6666,15.9,,3335,,,Needs Review,airtable|fitment_json|shopify_meta|supplier_fitment,active_v1,CAT 247B3,caterpillar-247b3,/pages/equipment-model/caterpillar-247b3,track_finder_v1
mdl_cat_248,br_caterpillar,248,248,,,,,,,,,,,,supplier_fitment,quarantine,CAT 248,,,
mdl_cat_248b,br_caterpillar,248B,248B,,,,,,,,,,,,supplier_fitment,quarantine,CAT 248B,,,
mdl_cat_2493,br_caterpillar,2493,2493,Skid Steer,,ts_400x86bx49,,,,,,,,Needs Review,airtable|shopify_meta,active_v1,CAT 2493,caterpillar-2493,/pages/equipment-model/caterpillar-2493,track_finder_v1
mdl_cat_249d,br_caterpillar,249D,249D,Skid Steer,,ts_320x86bx49,,,,,,,,Needs Review,airtable|fitment_json|shopify_meta|size_index|supplier_fitment,active_v1,CAT 249D,caterpillar-249d,/pages/equipment-model/caterpillar-249d,track_finder_v1
mdl_cat_249d3,br_caterpillar,249D3,249D3,Skid Steer,Universal Quick-Attach,ts_320x86bx49,74,8187,23.0,30.0,3335,Radial,,Needs Review,airtable|shopify_meta|size_index|supplier_fitment|supplier_products,active_v1,CAT 249D3,caterpillar-249d3,/pages/equipment-model/caterpillar-249d3,track_finder_v1
mdl_cat_249d_option_1,br_caterpillar,249D OPTION 1,249D OPTION 1,,,,,,,,,,,,size_index,quarantine,CAT 249D OPTION 1,,,
mdl_cat_249d_option_2,br_caterpillar,249D OPTION 2,249D OPTION 2,,,,,,,,,,,,size_index,quarantine,CAT 249D OPTION 2,,,
mdl_cat_252,br_caterpillar,252,252,,,,,,,,,,,,supplier_fitment,quarantine,CAT 252,,,
mdl_cat_252b,br_caterpillar,252B,252B,,,,,,,,,,,,supplier_fitment|supplier_products,quarantine,CAT 252B,,,
mdl_cat_252b3,br_caterpillar,252B3,252B3,,,,,,,,,,,,supplier_fitment,quarantine,CAT 252B3,,,
mdl_cat_255,br_caterpillar,255,255,Skid Steer,Universal Quick-Attach,ts_320x86x52,74,9578,23.0,30.0,3500,Radial,,Needs Review,airtable|shopify_meta|size_index|supplier_fitment|supplier_products,active_v1,CAT 255,caterpillar-255,/pages/equipment-model/caterpillar-255,track_finder_v1
mdl_cat_256c,br_caterpillar,256C,256C,,,,,,,,,,,,supplier_fitment,quarantine,CAT 256C,,,
mdl_cat_256c2,br_caterpillar,256C2,256C2,,,,,,,,,,,,supplier_fitment,quarantine,CAT 256C2,,,
mdl_cat_257,br_caterpillar,257,257,Multi-Terrain Loader,Universal Quick-Attach,,67,8200,22.0,,3000,Radial,,Verified,airtable|fitment_json|size_index|supplier_fitment,active_v1,CAT 257,caterpillar-257,/pages/equipment-model/caterpillar-257,track_finder_v1
mdl_cat_257_b2,br_caterpillar,257-B2,257-B2,,,,,,,,,,,,size_index,quarantine,CAT 257-B2,,,
mdl_cat_257_b3,br_caterpillar,257-B3,257-B3,,,,,,,,,,,,size_index,quarantine,CAT 257-B3,,,
mdl_cat_257b,br_caterpillar,257B,257B,Multi-Terrain Loader,Universal Quick-Attach,ts_381x1005x42,61,7557,15.9,,3335,,,Needs Review,airtable|fitment_json|shopify_meta|supplier_fitment,active_v1,CAT 257B,caterpillar-257b,/pages/equipment-model/caterpillar-257b,track_finder_v1
mdl_cat_257b2,br_caterpillar,257B2,257B2,Multi-Terrain Loader,Universal Quick-Attach,ts_381x1005x42,61,7557,15.9,,3335,,,Needs Review,airtable|fitment_json|shopify_meta|supplier_fitment,active_v1,CAT 257B2,caterpillar-257b2,/pages/equipment-model/caterpillar-257b2,track_finder_v1
mdl_cat_257b3,br_caterpillar,257B3,257B3,Multi-Terrain Loader,Universal Quick-Attach,ts_381x1005x42,61,7557,15.9,,3335,,,Needs Review,airtable|fitment_json|shopify_meta|supplier_fitment,active_v1,CAT 257B3,caterpillar-257b3,/pages/equipment-model/caterpillar-257b3,track_finder_v1
mdl_cat_257d,br_caterpillar,257D,257D,Multi-Terrain Loader,Universal Quick-Attach,,74,8898,23.0,30.0,3335,Vertical,,Verified,airtable|fitment_json|shopify_meta|supplier_fitment,active_v1,CAT 257D,caterpillar-257d,/pages/equipment-model/caterpillar-257d,track_finder_v1
mdl_cat_257d3,br_caterpillar,257D3,257D3,,,,,,,,,,,,supplier_fitment,quarantine,CAT 257D3,,,
mdl_cat_259,br_caterpillar,259,259,,,,,,,,,,,,shopify_meta|supplier_fitment|supplier_products,quarantine,CAT 259,,,
mdl_cat_259_b3_option_1,br_caterpillar,259 B3 OPTION 1,259 B3 OPTION 1,,,,,,,,,,,,size_index,quarantine,CAT 259 B3 OPTION 1,,,
mdl_cat_259_b3_option_2,br_caterpillar,259 B3 OPTION 2,259 B3 OPTION 2,,,,,,,,,,,,size_index,quarantine,CAT 259 B3 OPTION 2,,,
mdl_cat_259_b_option_1,br_caterpillar,259 B OPTION 1,259 B OPTION 1,,,,,,,,,,,,size_index,quarantine,CAT 259 B OPTION 1,,,
mdl_cat_259_b_option_2,br_caterpillar,259 B OPTION 2,259 B OPTION 2,,,,,,,,,,,,size_index,quarantine,CAT 259 B OPTION 2,,,
mdl_cat_259_d_option_1,br_caterpillar,259 D OPTION 1,259 D OPTION 1,,,,,,,,,,,,size_index,quarantine,CAT 259 D OPTION 1,,,
mdl_cat_259_d_option_2,br_caterpillar,259 D OPTION 2,259 D OPTION 2,,,,,,,,,,,,size_index,quarantine,CAT 259 D OPTION 2,,,
mdl_cat_259b,br_caterpillar,259B,259B,Skid Steer,,ts_320x86bx53,74,9226,22.0,,3335,,,Needs Review,airtable|fitment_json|shopify_meta|size_index,active_v1,CAT 259B,caterpillar-259b,/pages/equipment-model/caterpillar-259b,track_finder_v1
mdl_cat_259b3,br_caterpillar,259B3,259B3,Skid Steer,,ts_320x86bx53,,,,,,,,Needs Review,airtable|fitment_json|shopify_meta|size_index|supplier_fitment,active_v1,CAT 259B3,caterpillar-259b3,/pages/equipment-model/caterpillar-259b3,track_finder_v1
mdl_cat_259d,br_caterpillar,259D,259D,Skid Steer,Universal Quick-Attach,ts_320x86bx53,74,8845,23.0,,3335,Radial,,Verified,airtable|fitment_json|shopify_meta|size_index|supplier_fitment|supplier_products,active_v1,CAT 259D,caterpillar-259d,/pages/equipment-model/caterpillar-259d,track_finder_v1
mdl_cat_259d3,br_caterpillar,259D3,259D3,Skid Steer,Universal Skid Steer,ts_320x86bx53,74,8762,23.0,32.0,3335,Radial,,Verified,airtable|fitment_json|shopify_meta|size_index|supplier_fitment,active_v1,CAT 259D3,caterpillar-259d3,/pages/equipment-model/caterpillar-259d3,track_finder_v1
mdl_cat_262,br_caterpillar,262,262,,,,,,,,,,,,supplier_fitment|supplier_products,quarantine,CAT 262,,,
mdl_cat_262b,br_caterpillar,262B,262B,,,,,,,,,,,,supplier_fitment,quarantine,CAT 262B,,,
mdl_cat_262c,br_caterpillar,262C,262C,,,,,,,,,,,,supplier_fitment,quarantine,CAT 262C,,,
mdl_cat_262d,br_caterpillar,262D,262D,,,,,,,,,,,,supplier_fitment,quarantine,CAT 262D,,,
mdl_cat_265,br_caterpillar,265,265,Skid Steer,Universal Quick-Attach,ts_450x86bx55,74,10492,23.0,34.0,3500,Vertical,,Needs Review,airtable|shopify_meta,active_v1,CAT 265,caterpillar-265,/pages/equipment-model/caterpillar-265,track_finder_v1
mdl_cat_267,br_caterpillar,267,267,,,,,,,,,,,,supplier_fitment,quarantine,CAT 267,,,
mdl_cat_267b,br_caterpillar,267B,267B,Multi-Terrain Loader,,,,,,,,,,,supplier_fitment|supplier_products,active_v1,CAT 267B,caterpillar-267b,/pages/equipment-model/caterpillar-267b,track_finder_v1
mdl_cat_268b,br_caterpillar,268B,268B,,,,,,,,,,,,supplier_fitment,quarantine,CAT 268B,,,
mdl_cat_269c,br_caterpillar,269C,269C,,,,,,,,,,,,shopify_meta|supplier_fitment,quarantine,CAT 269C,,,
mdl_cat_272c,br_caterpillar,272C,272C,,,,,,,,,,,,supplier_fitment|supplier_products,quarantine,CAT 272C,,,
mdl_cat_272d,br_caterpillar,272D,272D,,,,,,,,,,,,supplier_fitment,quarantine,CAT 272D,,,
mdl_cat_272d2,br_caterpillar,272D2,272D2,,,,,,,,,,,,supplier_fitment,quarantine,CAT 272D2,,,
mdl_cat_272d3,br_caterpillar,272D3,272D3,,,,,,,,,,,,supplier_fitment,quarantine,CAT 272D3,,,
mdl_cat_275,br_caterpillar,275,275,Compact Track Loader,Universal Quick-Attach,,111,12401,23.0,34.0,3500,Vertical,,Needs Review,airtable|shopify_meta,review,CAT 275,,,
mdl_cat_275_xe,br_caterpillar,275 XE,275 XE,Compact Track Loader,Universal Quick-Attach,,134,12705,23.0,40.0,3500,Vertical,,Needs Review,airtable|shopify_meta,review,CAT 275 XE,,,
mdl_cat_277,br_caterpillar,277,277,Multi-Terrain Loader,Universal Quick-Attach,ts_320x86x52,67,8800,22.0,,3000,Vertical,,Needs Review,airtable|shopify_meta|supplier_fitment,active_v1,CAT 277,caterpillar-277,/pages/equipment-model/caterpillar-277,track_finder_v1
mdl_cat_277b,br_caterpillar,277B,277B,Multi-Terrain Loader,Universal Quick-Attach,ts_457x1016x56,82,9369,22.0,,3335,,,Needs Review,airtable|fitment_json|shopify_meta|supplier_fitment|supplier_products,active_v1,CAT 277B,caterpillar-277b,/pages/equipment-model/caterpillar-277b,track_finder_v1
mdl_cat_277c,br_caterpillar,277C,277C,Multi-Terrain Loader,Universal Quick-Attach,ts_457x1016x51,84,9495,22.2,,3335,,,Needs Review,airtable|fitment_json|shopify_meta|supplier_fitment,active_v1,CAT 277C,caterpillar-277c,/pages/equipment-model/caterpillar-277c,track_finder_v1
mdl_cat_279_c,br_caterpillar,279 C,279 C,,,,,,,,,,,,size_index,quarantine,CAT 279 C,,,
mdl_cat_279c,br_caterpillar,279C,279C,Skid Steer,Universal Quick-Attach,ts_450x86bx60,82,10680,23.0,,3336,Vertical,,Verified,airtable|fitment_json|shopify_meta|size_index|supplier_fitment,active_v1,CAT 279C,caterpillar-279c,/pages/equipment-model/caterpillar-279c,track_finder_v1
mdl_cat_279c2,br_caterpillar,279C2,279C2,Skid Steer,Universal Quick-Attach,ts_450x86bx56,84,9892,22.2,,3335,,,Verified,airtable|fitment_json|shopify_meta|size_index|supplier_fitment,active_v1,CAT 279C2,caterpillar-279c2,/pages/equipment-model/caterpillar-279c2,track_finder_v1
mdl_cat_279d,br_caterpillar,279D,279D,Skid Steer,Universal Skid Steer,ts_450x86bx56,,10000,,,,,,Verified,airtable|fitment_json|shopify_meta|size_index|supplier_fitment,active_v1,CAT 279D,caterpillar-279d,/pages/equipment-model/caterpillar-279d,track_finder_v1
mdl_cat_279d3,br_caterpillar,279D3,279D3,Skid Steer,Universal Skid Steer,ts_450x86bx56,74,10247,23.0,32.0,3335,Vertical,,Needs Review,airtable|fitment_json|shopify_meta|size_index,active_v1,CAT 279D3,caterpillar-279d3,/pages/equipment-model/caterpillar-279d3,track_finder_v1
mdl_cat_285,br_caterpillar,285,285,Compact Track Loader,Universal Quick-Attach,,111,13307,23.0,34.0,3500,Vertical,,Needs Review,airtable|shopify_meta,review,CAT 285,,,
mdl_cat_285_xe,br_caterpillar,285 XE,285 XE,Compact Track Loader,Universal Quick-Attach,,134,13669,23.0,40.0,3500,Vertical,,Needs Review,airtable|shopify_meta,review,CAT 285 XE,,,
mdl_cat_287,br_caterpillar,287,287,Multi-Terrain Loader,Universal Quick-Attach,,72,9165,23.0,,3335,Radial,,Needs Review,airtable|shopify_meta|supplier_fitment|supplier_products,active_v1,CAT 287,caterpillar-287,/pages/equipment-model/caterpillar-287,track_finder_v1
mdl_cat_287b,br_caterpillar,287B,287B,Multi-Terrain Loader,,,,,,,,,,,fitment_json|supplier_fitment,active_v1,CAT 287B,caterpillar-287b,/pages/equipment-model/caterpillar-287b,track_finder_v1
mdl_cat_287c,br_caterpillar,287C,287C,Multi-Terrain Loader,Universal Quick-Attach,ts_457x1016x51,84,9958,22.2,,3335,,,Needs Review,airtable|fitment_json|shopify_meta|supplier_fitment,active_v1,CAT 287C,caterpillar-287c,/pages/equipment-model/caterpillar-287c,track_finder_v1
mdl_cat_287c2,br_caterpillar,287C2,287C2,Multi-Terrain Loader,,,,,,,,,,,supplier_fitment,active_v1,CAT 287C2,caterpillar-287c2,/pages/equipment-model/caterpillar-287c2,track_finder_v1
mdl_cat_287d,br_caterpillar,287D,287D,Multi-Terrain Loader,,,,,,,,,,,supplier_fitment|supplier_products,active_v1,CAT 287D,caterpillar-287d,/pages/equipment-model/caterpillar-287d,track_finder_v1
mdl_cat_289_c,br_caterpillar,289 C,289 C,,,,,,,,,,,,size_index,quarantine,CAT 289 C,,,
mdl_cat_289c,br_caterpillar,289C,289C,Skid Steer,Universal Quick-Attach,ts_450x86bx60,82,11550,23.0,,3336,Vertical,,Verified,airtable|fitment_json|shopify_meta|size_index|supplier_fitment|supplier_products,active_v1,CAT 289C,caterpillar-289c,/pages/equipment-model/caterpillar-289c,track_finder_v1
mdl_cat_289c2,br_caterpillar,289C2,289C2,Skid Steer,Universal Quick-Attach,ts_450x86bx56,84,10365,22.2,,3335,,,Verified,airtable|fitment_json|shopify_meta|size_index|supplier_fitment,active_v1,CAT 289C2,caterpillar-289c2,/pages/equipment-model/caterpillar-289c2,track_finder_v1
mdl_cat_289d,br_caterpillar,289D,289D,Skid Steer,Universal Skid Steer,ts_450x86bx56,74,10275,23.0,,3335,Vertical,,Verified,airtable|fitment_json|shopify_meta|size_index|supplier_fitment|supplier_products,active_v1,CAT 289D,caterpillar-289d,/pages/equipment-model/caterpillar-289d,track_finder_v1
mdl_cat_289d2,br_caterpillar,289D2,289D2,Skid Steer,,ts_450x86bx56,,,,,,,,Needs Review,airtable|shopify_meta,active_v1,CAT 289D2,caterpillar-289d2,/pages/equipment-model/caterpillar-289d2,track_finder_v1
mdl_cat_289d3,br_caterpillar,289D3,289D3,Skid Steer,Universal Skid Steer,ts_450x86bx56,74,10837,23.0,32.0,3335,Vertical,,Verified,airtable|fitment_json|shopify_meta|supplier_fitment|supplier_products,active_v1,CAT 289D3,caterpillar-289d3,/pages/equipment-model/caterpillar-289d3,track_finder_v1
mdl_cat_297c,br_caterpillar,297C,297C,Multi-Terrain Loader,,,,,,,,,,,supplier_fitment|supplier_products,active_v1,CAT 297C,caterpillar-297c,/pages/equipment-model/caterpillar-297c,track_finder_v1
mdl_cat_297d,br_caterpillar,297D,297D,,,,,,,,,,,,supplier_fitment,quarantine,CAT 297D,,,
mdl_cat_297d2,br_caterpillar,297D2,297D2,Multi-Terrain Loader,,,,,,,,,,,supplier_fitment,active_v1,CAT 297D2,caterpillar-297d2,/pages/equipment-model/caterpillar-297d2,track_finder_v1
mdl_cat_297d2_xhp,br_caterpillar,297D2-XHP,297D2-XHP,Multi-Terrain Loader,,,,,,,,,,,supplier_fitment,active_v1,CAT 297D2-XHP,caterpillar-297d2-xhp,/pages/equipment-model/caterpillar-297d2-xhp,track_finder_v1
mdl_cat_299_c,br_caterpillar,299 C,299 C,,,,,,,,,,,,size_index,quarantine,CAT 299 C,,,
mdl_cat_299_d,br_caterpillar,299 D,299 D,,,,,,,,,,,,size_index,quarantine,CAT 299 D,,,
mdl_cat_299c,br_caterpillar,299C,299C,Skid Steer,Universal Quick-Attach,ts_450x86bx60,82,11768,23.0,,3336,Vertical,,Verified,airtable|fitment_json|shopify_meta|size_index|supplier_fitment,active_v1,CAT 299C,caterpillar-299c,/pages/equipment-model/caterpillar-299c,track_finder_v1
mdl_cat_299d,br_caterpillar,299D,299D,Skid Steer,Universal Skid Steer,ts_450x86bx60,97,12880,30.0,,3626,Vertical,,Verified,airtable|fitment_json|shopify_meta|size_index|supplier_fitment,active_v1,CAT 299D,caterpillar-299d,/pages/equipment-model/caterpillar-299d,track_finder_v1
mdl_cat_299d2,br_caterpillar,299D2,299D2,Skid Steer,,ts_450x86bx60,,,,,,,,Needs Review,airtable|shopify_meta|size_index|supplier_fitment,active_v1,CAT 299D2,caterpillar-299d2,/pages/equipment-model/caterpillar-299d2,track_finder_v1
mdl_cat_299d2_xhp,br_caterpillar,299D2 XHP,299D2 XHP,Compact Track Loader,Universal Quick-Attach,,,,,,,,,Needs Review,airtable|shopify_meta|supplier_fitment,review,CAT 299D2 XHP,,,
mdl_cat_299d3,br_caterpillar,299D3,299D3,Skid Steer,Universal Skid Steer,ts_450x86bx60,98,13195,23.0,32.0,3335,Vertical,,Verified,airtable|fitment_json|shopify_meta|size_index|supplier_fitment|supplier_products,active_v1,CAT 299D3,caterpillar-299d3,/pages/equipment-model/caterpillar-299d3,track_finder_v1
mdl_cat_299d3_xe,br_caterpillar,299D3 XE,299D3 XE,Compact Track Loader,Universal Quick-Attach,,110,11970,23.0,40.0,4061,Vertical,,Needs Review,airtable|shopify_meta|supplier_fitment,review,CAT 299D3 XE,,,
mdl_cat_299d_xhp,br_caterpillar,299D XHP,299D XHP,Skid Steer,,ts_450x86bx60,,,,,,,,,shopify_meta|size_index|supplier_fitment,active_v1,CAT 299D XHP,caterpillar-299d-xhp,/pages/equipment-model/caterpillar-299d-xhp,track_finder_v1
mdl_cat_299dxhp,br_caterpillar,299DXHP,299DXHP,,,,,,,,,,,Needs Review,airtable|fitment_json,quarantine,CAT 299DXHP,,,
mdl_cat_3009d,br_caterpillar,3009D,3009D,,,ts_180x72x37,,,,,,,,,size_index,review,CAT 3009D,,,
mdl_cat_300_9d,br_caterpillar,300.9D,300.9D,Compact Track Loader,Excavator Pin-On,ts_180x72x37,13,2348,7.0,,2560,Zero Tail,,Verified,airtable|fitment_json|shopify_meta,active_v1,CAT 300.9D,caterpillar-300-9d,/pages/equipment-model/caterpillar-300-9d,track_finder_v1
mdl_cat_3014c,br_caterpillar,3014C,3014C,,,,,,,,,,,,size_index,quarantine,CAT 3014C,,,
mdl_cat_3015,br_caterpillar,3015,3015,,,ts_230x96x31,,,,,,,,,size_index,review,CAT 3015,,,
mdl_cat_3016,br_caterpillar,3016,3016,Mini Excavator,,ts_230x48x70,,,,,,,,,size_index,active_v1,CAT 3016,caterpillar-301-6,/pages/equipment-model/caterpillar-301-6,track_finder_v1
mdl_cat_3016c,br_caterpillar,3016C,3016C,Mini Excavator,,ts_230x48x70,,,,,,,,,size_index,active_v1,CAT 3016C,caterpillar-301-6c,/pages/equipment-model/caterpillar-301-6c,track_finder_v1
mdl_cat_3017d,br_caterpillar,3017D,3017D,,,,,,,,,,,,size_index,quarantine,CAT 3017D,,,
mdl_cat_3018,br_caterpillar,3018,3018,,,,,,,,,,,,size_index,quarantine,CAT 3018,,,
mdl_cat_3018c,br_caterpillar,3018C,3018C,Mini Excavator,,ts_230x48x70,,,,,,,,,size_index,active_v1,CAT 3018C,caterpillar-301-8c,/pages/equipment-model/caterpillar-301-8c,track_finder_v1
mdl_cat_301_5,br_caterpillar,301.5,301.5,Mini Excavator,Excavator Pin-On,ts_230x96x31,18,3571,10.0,,2844,Minimal Tail,,Needs Review,airtable|shopify_meta|supplier_fitment|supplier_products,active_v1,CAT 301.5,caterpillar-301-5,/pages/equipment-model/caterpillar-301-5,track_finder_v1
mdl_cat_301_5cr,br_caterpillar,301.5CR,301.5CR,,,,,,,,,,,,supplier_fitment,quarantine,CAT 301.5CR,,,
mdl_cat_301_6,br_caterpillar,301.6,301.6,,,,,,,,,,,,supplier_fitment,quarantine,CAT 301.6,,,
mdl_cat_301_6c,br_caterpillar,301.6C,301.6C,,,,,,,,,,,,supplier_fitment,quarantine,CAT 301.6C,,,
mdl_cat_301_7,br_caterpillar,301.7,301.7,Mini Excavator,Excavator Pin-On,,,,,,,,,Needs Review,airtable|shopify_meta,review,CAT 301.7,,,
mdl_cat_301_7_cr,br_caterpillar,301.7 CR,301.7 CR,Mini Excavator,Excavator Pin-On,ts_230x48x64,19,3902,10.0,,2844,Zero Tail,,Needs Review,airtable|shopify_meta,review,CAT 301.7 CR,,,
mdl_cat_301_7cr,br_caterpillar,301.7CR,301.7CR,,,,,,,,,,,,supplier_fitment,quarantine,CAT 301.7CR,,,
mdl_cat_301_7d,br_caterpillar,301.7D,301.7D,Mini Excavator,,ts_230x48x72,,,,,,,,,shopify_meta|supplier_fitment,active_v1,CAT 301.7D,caterpillar-301-7d,/pages/equipment-model/caterpillar-301-7d,track_finder_v1
mdl_cat_301_7dcr,br_caterpillar,301.7DCR,301.7DCR,,,,,,,,,,,,supplier_fitment|supplier_products,quarantine,CAT 301.7DCR,,,
mdl_cat_301_8,br_caterpillar,301.8,301.8,Mini Excavator,Excavator Pin-On,,19,3936,10.5,,2988,,,Needs Review,airtable|shopify_meta|supplier_fitment|supplier_products,review,CAT 301.8,,,
mdl_cat_301_8c,br_caterpillar,301.8C,301.8C,,,,,,,,,,,,supplier_fitment,quarantine,CAT 301.8C,,,
mdl_cat_301_8c_duplicate,br_caterpillar,301.8C DUPLICATE,301.8C DUPLICATE,,,,,,,,,,,,supplier_fitment,quarantine,CAT 301.8C DUPLICATE,,,
mdl_cat_302,br_caterpillar,302,302,,,ts_300x525wx78,,,,,,,,,shopify_meta,review,CAT 302,,,
mdl_cat_302_4d,br_caterpillar,302.4D,302.4D,,,,,,,,,,,,supplier_fitment,quarantine,CAT 302.4D,,,
mdl_cat_302_5,br_caterpillar,302.5,302.5,Mini Excavator,Excavator Pin-On,ts_300x525nx78,24,6027,,,2987,,,Needs Review,airtable|fitment_json|shopify_meta|supplier_fitment|supplier_products,active_v1,CAT 302.5,caterpillar-302-5,/pages/equipment-model/caterpillar-302-5,track_finder_v1
mdl_cat_302_5c,br_caterpillar,302.5C,302.5C,Mini Excavator,Excavator Pin-On,ts_300x525nx78,26,6283,8.2,,3205,,,Needs Review,airtable|fitment_json|shopify_meta|supplier_fitment,active_v1,CAT 302.5C,caterpillar-302-5c,/pages/equipment-model/caterpillar-302-5c,track_finder_v1
mdl_cat_302_7_cr,br_caterpillar,302.7 CR,302.7 CR,Mini Excavator,Excavator Pin-On,,21.1,4987,8.7,,3553,,,Needs Review,airtable,review,CAT 302.7 CR,,,
mdl_cat_302_7d,br_caterpillar,302.7D,302.7D,,,ts_300x525wx82,,,,,,,,,fitment_json|shopify_meta,review,CAT 302.7D,,,
mdl_cat_302_7dcr,br_caterpillar,302.7DCR,302.7DCR,,,,,,,,,,,,supplier_fitment|supplier_products,quarantine,CAT 302.7DCR,,,
mdl_cat_302_cr,br_caterpillar,302 CR,302 CR,Mini Excavator,Excavator Pin-On,,19,4850,11.0,,2958,Zero Tail,,Needs Review,airtable|shopify_meta,review,CAT 302 CR,,,
mdl_cat_303,br_caterpillar,303,303,,,ts_300x525wx90,,,,,,,,,shopify_meta,review,CAT 303,,,
mdl_cat_3035,br_caterpillar,3035,3035,,,,,,,,,,,,size_index,quarantine,CAT 3035,,,
mdl_cat_3035_c_cr,br_caterpillar,3035-C-CR,3035-C-CR,,,,,,,,,,,,size_index,quarantine,CAT 3035-C-CR,,,
mdl_cat_3035_d,br_caterpillar,3035-D,3035-D,,,,,,,,,,,,size_index,quarantine,CAT 3035-D,,,
mdl_cat_3035c_cr,br_caterpillar,3035C-CR,3035C-CR,,,,,,,,,,,,size_index,quarantine,CAT 3035C-CR,,,
mdl_cat_3035cr,br_caterpillar,3035CR,3035CR,,,,,,,,,,,,size_index,quarantine,CAT 3035CR,,,
mdl_cat_3035d_cr,br_caterpillar,3035D-CR,3035D-CR,,,,,,,,,,,,size_index,quarantine,CAT 3035D-CR,,,
mdl_cat_3035e,br_caterpillar,3035E,3035E,,,,,,,,,,,,size_index,quarantine,CAT 3035E,,,
mdl_cat_3035e2cr,br_caterpillar,3035E2CR,3035E2CR,,,,,,,,,,,,size_index,quarantine,CAT 3035E2CR,,,
mdl_cat_3035e_cr,br_caterpillar,3035E-CR,3035E-CR,,,,,,,,,,,,size_index,quarantine,CAT 3035E-CR,,,
mdl_cat_303_5,br_caterpillar,303.5,303.5,Mini Excavator,Excavator Pin-On,ts_300x525nx84,,7700,,,,,,Verified,airtable|fitment_json|shopify_meta|supplier_fitment,active_v1,CAT 303.5,caterpillar-303-5,/pages/equipment-model/caterpillar-303-5,track_finder_v1
mdl_cat_303_5_cr,br_caterpillar,303.5 CR,303.5 CR,Mini Excavator,Excavator Pin-On,ts_300x525wx90,25,7705,17.0,,3191,Zero Tail,,Needs Review,airtable|shopify_meta,active_v1,CAT 303.5 CR,caterpillar-303-5cr,/pages/equipment-model/caterpillar-303-5cr,track_finder_v1
mdl_cat_303_5_ecr,br_caterpillar,303.5 ECR,303.5 ECR,,,,,,,,,,,,supplier_fitment,quarantine,CAT 303.5 ECR,,,
mdl_cat_303_5c_cr,br_caterpillar,303.5C CR,303.5C CR,Mini Excavator,Excavator Pin-On,ts_300x525wx90,41,8200,23.2,,3553,,,Needs Review,airtable|fitment_json|shopify_meta,active_v1,CAT 303.5C CR,caterpillar-303-5c-cr,/pages/equipment-model/caterpillar-303-5c-cr,track_finder_v1
mdl_cat_303_5ccr,br_caterpillar,303.5CCR,303.5CCR,,,ts_300x525wx90,,,,,,,,,fitment_json|supplier_fitment,review,CAT 303.5CCR,,,
mdl_cat_303_5cr,br_caterpillar,303.5CR,303.5CR,,,ts_300x525wx90,,,,,,,,,fitment_json|supplier_fitment|supplier_products,review,CAT 303.5CR,,,
mdl_cat_303_5d,br_caterpillar,303.5D,303.5D,Mini Excavator,,ts_300x525wx90,,,,,,,,,fitment_json,active_v1,CAT 303.5D,caterpillar-303-5d,/pages/equipment-model/caterpillar-303-5d,track_finder_v1
mdl_cat_303_5d_cr,br_caterpillar,303.5D CR,303.5D CR,Mini Excavator,,ts_300x525wx90,,,,,,,,,fitment_json|shopify_meta,active_v1,CAT 303.5D CR,caterpillar-303-5d-cr,/pages/equipment-model/caterpillar-303-5d-cr,track_finder_v1
mdl_cat_303_5dcr,br_caterpillar,303.5DCR,303.5DCR,,,,,,,,,,,,supplier_fitment|supplier_products,quarantine,CAT 303.5DCR,,,
mdl_cat_303_5e2_cr,br_caterpillar,303.5E2 CR,303.5E2 CR,Mini Excavator,Excavator Pin-On,,,,,,,,,Needs Review,airtable,review,CAT 303.5E2 CR,,,
mdl_cat_303_5e_cr,br_caterpillar,303.5E CR,303.5E CR,Mini Excavator,,ts_300x525wx90,,,,,,,,,fitment_json|shopify_meta,active_v1,CAT 303.5E CR,caterpillar-303-5e-cr,/pages/equipment-model/caterpillar-303-5e-cr,track_finder_v1
mdl_cat_303_5ecr,br_caterpillar,303.5ECR,303.5ECR,,,,,,,,,,,,supplier_fitment,quarantine,CAT 303.5ECR,,,
mdl_cat_303_c_cr,br_caterpillar,303-C-CR,303-C-CR,,,,,,,,,,,,size_index,quarantine,CAT 303-C-CR,,,
mdl_cat_303_cr,br_caterpillar,303 CR,303 CR,Mini Excavator,Excavator Pin-On,ts_300x525nx84,25,6922,15.0,,3191,Zero Tail,,Needs Review,airtable|shopify_meta,active_v1,CAT 303 CR,caterpillar-303cr,/pages/equipment-model/caterpillar-303cr,track_finder_v1
mdl_cat_303_cr_2007,br_caterpillar,303-CR-2007,303-CR-2007,,,,,,,,,,,,size_index,quarantine,CAT 303-CR-2007,,,
mdl_cat_303c_cr,br_caterpillar,303C CR,303C CR,Mini Excavator,,ts_300x525wx90,,,,,,,,,shopify_meta|size_index,active_v1,CAT 303C CR,caterpillar-303ccr,/pages/equipment-model/caterpillar-303ccr,track_finder_v1
mdl_cat_303ccr,br_caterpillar,303CCR,303CCR,,,ts_300x525wx90,,,,,,,,,fitment_json|supplier_fitment,review,CAT 303CCR,,,
mdl_cat_303cr,br_caterpillar,303CR,303CR,,,ts_300x525wx84,,,,,,,,,fitment_json|supplier_fitment|supplier_products,review,CAT 303CR,,,
mdl_cat_303e,br_caterpillar,303E,303E,Mini Excavator,Excavator Pin-On,ts_300x525nx84,,,,,,,,Needs Review,airtable|fitment_json,active_v1,CAT 303E,caterpillar-303e,/pages/equipment-model/caterpillar-303e,track_finder_v1
mdl_cat_303ecr,br_caterpillar,303ECR,303ECR,Mini Excavator,Excavator Pin-On,ts_300x525nx84,,,,,,,,Needs Review,airtable|fitment_json|shopify_meta|supplier_fitment,active_v1,CAT 303ECR,caterpillar-303ecr,/pages/equipment-model/caterpillar-303ecr,track_finder_v1
mdl_cat_304,br_caterpillar,304,304,Mini Excavator,Excavator Pin-On,ts_300x525wx90,,10100,,,,,,Needs Review,airtable|fitment_json|shopify_meta|supplier_fitment,active_v1,CAT 304,caterpillar-304,/pages/equipment-model/caterpillar-304,track_finder_v1
mdl_cat_3045e2_xtc,br_caterpillar,3045E2-XTC,3045E2-XTC,,,ts_350x525x90,,,,,,,,,size_index,review,CAT 3045E2-XTC,,,
mdl_cat_304_5,br_caterpillar,304.5,304.5,Mini Excavator,Excavator Pin-On,ts_400x725kx72,,,,,,,,Needs Review,airtable|fitment_json|shopify_meta|supplier_fitment|supplier_products,active_v1,CAT 304.5,caterpillar-304-5,/pages/equipment-model/caterpillar-304-5,track_finder_v1
mdl_cat_304_5e2,br_caterpillar,304.5E2,304.5E2,Mini Excavator,,ts_300x525wx90,,,,,,,,,fitment_json,active_v1,CAT 304.5E2,caterpillar-304-5e2,/pages/equipment-model/caterpillar-304-5e2,track_finder_v1
mdl_cat_304_ccr,br_caterpillar,304-CCR,304-CCR,,,,,,,,,,,,size_index,quarantine,CAT 304-CCR,,,
mdl_cat_304_cr,br_caterpillar,304 CR,304 CR,Mini Excavator,Excavator Pin-On,,36,10046,22.0,,3481,Minimal Tail,,Needs Review,airtable|shopify_meta,review,CAT 304 CR,,,
mdl_cat_304_dcr,br_caterpillar,304-DCR,304-DCR,,,,,,,,,,,,size_index,quarantine,CAT 304-DCR,,,
mdl_cat_304_dcr_option_1,br_caterpillar,304-DCR-OPTION-1,304-DCR-OPTION-1,,,,,,,,,,,,size_index,quarantine,CAT 304-DCR-OPTION-1,,,
mdl_cat_304_dcr_option_2,br_caterpillar,304-DCR-OPTION-2,304-DCR-OPTION-2,,,ts_350x525x90,,,,,,,,,size_index,review,CAT 304-DCR-OPTION-2,,,
mdl_cat_304c,br_caterpillar,304C,304C,Mini Excavator,Excavator Pin-On,ts_400x725kx72,43,10844,31.4,,3553,,,Needs Review,airtable|fitment_json|shopify_meta|supplier_fitment,active_v1,CAT 304C,caterpillar-304c,/pages/equipment-model/caterpillar-304c,track_finder_v1
mdl_cat_304c_cr,br_caterpillar,304C CR,304C CR,Mini Excavator,,ts_400x725wx76,,,,,,,,,shopify_meta|size_index,active_v1,CAT 304C CR,caterpillar-304ccr,/pages/equipment-model/caterpillar-304ccr,track_finder_v1
mdl_cat_304ccr,br_caterpillar,304CCR,304CCR,,,ts_400x725wx76,,,,,,,,,fitment_json|supplier_fitment,review,CAT 304CCR,,,
mdl_cat_304cr,br_caterpillar,304CR,304CR,Mini Excavator,Excavator Pin-On,ts_400x725kx72,36,9900,,,,,,Verified,airtable|fitment_json|shopify_meta|supplier_fitment|supplier_products,active_v1,CAT 304CR,caterpillar-304cr,/pages/equipment-model/caterpillar-304cr,track_finder_v1
mdl_cat_304d,br_caterpillar,304D,304D,Mini Excavator,,ts_300x525wx90,,,,,,,,,fitment_json|size_index,active_v1,CAT 304D,caterpillar-304d,/pages/equipment-model/caterpillar-304d,track_finder_v1
mdl_cat_304d_cr,br_caterpillar,304D CR,304D CR,Mini Excavator,,ts_350x525x90,,,,,,,,,shopify_meta,active_v1,CAT 304D CR,caterpillar-304d-cr,/pages/equipment-model/caterpillar-304d-cr,track_finder_v1
mdl_cat_304dcr,br_caterpillar,304DCR,304DCR,,,,,,,,,,,,fitment_json|supplier_fitment,quarantine,CAT 304DCR,,,
mdl_cat_304e,br_caterpillar,304E,304E,Mini Excavator,,ts_300x525wx90,,,,,,,,,fitment_json,active_v1,CAT 304E,caterpillar-304e,/pages/equipment-model/caterpillar-304e,track_finder_v1
mdl_cat_304e2,br_caterpillar,304E2,304E2,Mini Excavator,,ts_300x525wx90,,,,,,,,,fitment_json,active_v1,CAT 304E2,caterpillar-304e2,/pages/equipment-model/caterpillar-304e2,track_finder_v1
mdl_cat_304e2_cr,br_caterpillar,304E2 CR,304E2 CR,Mini Excavator,Excavator Pin-On,,41,8996,26.4,,,,,Needs Review,airtable|shopify_meta,review,CAT 304E2 CR,,,
mdl_cat_304e2cr,br_caterpillar,304E2CR,304E2CR,,,,,,,,,,,,supplier_fitment|supplier_products,quarantine,CAT 304E2CR,,,
mdl_cat_304e_cr,br_caterpillar,304E CR,304E CR,Mini Excavator,,ts_350x525x90,,,,,,,,,shopify_meta,active_v1,CAT 304E CR,caterpillar-304e-cr,/pages/equipment-model/caterpillar-304e-cr,track_finder_v1
mdl_cat_304e_option_1,br_caterpillar,304E-OPTION-1,304E-OPTION-1,,,,,,,,,,,,size_index,quarantine,CAT 304E-OPTION-1,,,
mdl_cat_304e_option_2,br_caterpillar,304E-OPTION-2,304E-OPTION-2,,,ts_350x525x90,,,,,,,,,size_index,review,CAT 304E-OPTION-2,,,
mdl_cat_304ecr,br_caterpillar,304ECR,304ECR,,,ts_350x525x90,,,,,,,,,fitment_json|size_index|supplier_fitment,review,CAT 304ECR,,,
mdl_cat_305,br_caterpillar,305,305,,,,,,,,,,,,supplier_fitment,quarantine,CAT 305,,,
mdl_cat_3055,br_caterpillar,3055,3055,,,,,,,,,,,,size_index,quarantine,CAT 3055,,,
mdl_cat_3055_dcr,br_caterpillar,3055-DCR,3055-DCR,,,,,,,,,,,,size_index,quarantine,CAT 3055-DCR,,,
mdl_cat_3055cr,br_caterpillar,3055CR,3055CR,,,,,,,,,,,,size_index,quarantine,CAT 3055CR,,,
mdl_cat_3055d_cr,br_caterpillar,3055D-CR,3055D-CR,,,,,,,,,,,,size_index,quarantine,CAT 3055D-CR,,,
mdl_cat_3055e,br_caterpillar,3055E,3055E,,,,,,,,,,,,size_index,quarantine,CAT 3055E,,,
mdl_cat_3055e2_cr,br_caterpillar,3055E2-CR,3055E2-CR,,,,,,,,,,,,size_index,quarantine,CAT 3055E2-CR,,,
mdl_cat_3055e2cr,br_caterpillar,3055E2CR,3055E2CR,,,,,,,,,,,,size_index,quarantine,CAT 3055E2CR,,,
mdl_cat_3055e_cr,br_caterpillar,3055E-CR,3055E-CR,,,,,,,,,,,,size_index,quarantine,CAT 3055E-CR,,,
mdl_cat_3055ecr,br_caterpillar,3055ECR,3055ECR,,,,,,,,,,,,size_index,quarantine,CAT 3055ECR,,,
mdl_cat_305_5,br_caterpillar,305.5,305.5,Mini Excavator,Excavator Pin-On,ts_400x725kx72,42,11750,24.4,,3626,Minimal Tail,,Needs Review,airtable|fitment_json|shopify_meta|supplier_fitment,active_v1,CAT 305.5,caterpillar-305-5,/pages/equipment-model/caterpillar-305-5,track_finder_v1
mdl_cat_305_5_cr,br_caterpillar,305.5 CR,305.5 CR,Mini Excavator,Excavator Pin-On,,,,,,,,,Needs Review,airtable,review,CAT 305.5 CR,,,
mdl_cat_305_5d_cr,br_caterpillar,305.5D CR,305.5D CR,Mini Excavator,,ts_400x725wx76,,,,,,,,,fitment_json|shopify_meta,active_v1,CAT 305.5D CR,caterpillar-305-5d-cr,/pages/equipment-model/caterpillar-305-5d-cr,track_finder_v1
mdl_cat_305_5dcr,br_caterpillar,305.5DCR,305.5DCR,,,,,,,,,,,,supplier_fitment,quarantine,CAT 305.5DCR,,,
mdl_cat_305_5e,br_caterpillar,305.5E,305.5E,Mini Excavator,,ts_400x725wx76,,,,,,,,,fitment_json|supplier_fitment|supplier_products,active_v1,CAT 305.5E,caterpillar-305-5e,/pages/equipment-model/caterpillar-305-5e,track_finder_v1
mdl_cat_305_5e2,br_caterpillar,305.5E2,305.5E2,Mini Excavator,,ts_400x725kx72,,,,,,,,,fitment_json|supplier_fitment,active_v1,CAT 305.5E2,caterpillar-305-5e2,/pages/equipment-model/caterpillar-305-5e2,track_finder_v1
mdl_cat_305_5e2_cr,br_caterpillar,305.5E2 CR,305.5E2 CR,Mini Excavator,Excavator Pin-On,ts_400x725wx76,,,,,,,,Needs Review,airtable|fitment_json|shopify_meta,active_v1,CAT 305.5E2 CR,caterpillar-305-5e2-cr,/pages/equipment-model/caterpillar-305-5e2-cr,track_finder_v1
mdl_cat_305_5e2cr,br_caterpillar,305.5E2CR,305.5E2CR,,,,,,,,,,,,supplier_fitment,quarantine,CAT 305.5E2CR,,,
mdl_cat_305_5e2fb,br_caterpillar,305.5E2FB,305.5E2FB,,,,,,,,,,,,supplier_fitment,quarantine,CAT 305.5E2FB,,,
mdl_cat_305_5e_cr,br_caterpillar,305.5E CR,305.5E CR,Mini Excavator,,ts_400x725wx76,,,,,,,,,fitment_json|shopify_meta,active_v1,CAT 305.5E CR,caterpillar-305-5e-cr,/pages/equipment-model/caterpillar-305-5e-cr,track_finder_v1
mdl_cat_305_5ecr,br_caterpillar,305.5ECR,305.5ECR,,,,,,,,,,,,supplier_fitment,quarantine,CAT 305.5ECR,,,
mdl_cat_305_cr,br_caterpillar,305 CR,305 CR,Mini Excavator,Excavator Pin-On,ts_400x725kx72,36,11200,17.4,,3626,Zero,,Needs Review,airtable|shopify_meta,active_v1,CAT 305 CR,caterpillar-305cr,/pages/equipment-model/caterpillar-305cr,track_finder_v1
mdl_cat_305c,br_caterpillar,305C,305C,Mini Excavator,Excavator Pin-On,ts_400x725kx72,48,11725,34.3,,3553,,,Needs Review,airtable|fitment_json,active_v1,CAT 305C,caterpillar-305c,/pages/equipment-model/caterpillar-305c,track_finder_v1
mdl_cat_305c_cr,br_caterpillar,305C CR,305C CR,Mini Excavator,,ts_400x725wx76,,,,,,,,,shopify_meta|size_index,active_v1,CAT 305C CR,caterpillar-305c-cr,/pages/equipment-model/caterpillar-305c-cr,track_finder_v1
mdl_cat_305ccr,br_caterpillar,305CCR,305CCR,,,ts_400x725wx76,,,,,,,,,fitment_json|supplier_fitment|supplier_products,review,CAT 305CCR,,,
mdl_cat_305cr,br_caterpillar,305CR,305CR,,,,,,,,,,,,fitment_json|size_index|supplier_fitment|supplier_products,quarantine,CAT 305CR,,,
mdl_cat_305d,br_caterpillar,305D,305D,Mini Excavator,,ts_400x725wx76,,,,,,,,,fitment_json,active_v1,CAT 305D,caterpillar-305d,/pages/equipment-model/caterpillar-305d,track_finder_v1
mdl_cat_305d_cr,br_caterpillar,305D-CR,305D-CR,,,,,,,,,,,,size_index,quarantine,CAT 305D-CR,,,
mdl_cat_305dcr,br_caterpillar,305DCR,305DCR,Mini Excavator,,ts_400x725wx76,,,,,,,,,fitment_json|shopify_meta|size_index|supplier_fitment,active_v1,CAT 305DCR,caterpillar-305dcr,/pages/equipment-model/caterpillar-305dcr,track_finder_v1
mdl_cat_305e,br_caterpillar,305E,305E,Mini Excavator,,ts_400x725wx76,,,,,,,,,fitment_json|size_index,active_v1,CAT 305E,caterpillar-305e,/pages/equipment-model/caterpillar-305e,track_finder_v1
mdl_cat_305e2,br_caterpillar,305E2,305E2,Mini Excavator,,ts_400x725wx76,,,,,,,,,fitment_json,active_v1,CAT 305E2,caterpillar-305e2,/pages/equipment-model/caterpillar-305e2,track_finder_v1
mdl_cat_305e2_cr,br_caterpillar,305E2 CR,305E2 CR,Mini Excavator,Excavator Pin-On,ts_400x725wx76,,,,,,,,Needs Review,airtable|shopify_meta|size_index,active_v1,CAT 305E2 CR,caterpillar-305e2-cr,/pages/equipment-model/caterpillar-305e2-cr,track_finder_v1
mdl_cat_305e2cr,br_caterpillar,305E2CR,305E2CR,,,ts_400x725wx76,,,,,,,,,fitment_json|supplier_fitment|supplier_products,review,CAT 305E2CR,,,
mdl_cat_305e_cr,br_caterpillar,305E CR,305E CR,Mini Excavator,,ts_400x725wx76,,,,,,,,,shopify_meta|size_index,active_v1,CAT 305E CR,caterpillar-305e-cr,/pages/equipment-model/caterpillar-305e-cr,track_finder_v1
mdl_cat_305ecr,br_caterpillar,305ECR,305ECR,,,ts_400x725wx76,,,,,,,,,fitment_json|supplier_fitment,review,CAT 305ECR,,,
mdl_cat_306,br_caterpillar,306,306,Mini Excavator,,ts_400x725wx76,,,,,,,,,fitment_json|size_index,active_v1,CAT 306,caterpillar-306,/pages/equipment-model/caterpillar-306,track_finder_v1
mdl_cat_306_cr,br_caterpillar,306 CR,306 CR,Mini Excavator,Excavator Pin-On,ts_400x725wx76,56,13800,22.5,33.0,3916,Zero,,Needs Review,airtable|shopify_meta|size_index,active_v1,CAT 306 CR,caterpillar-306-cr,/pages/equipment-model/caterpillar-306-cr,track_finder_v1
mdl_cat_306cr,br_caterpillar,306CR,306CR,Mini Excavator,Excavator Pin-On,,55,13360,30.0,,3844,Conventional Tail,,Needs Review,airtable|fitment_json|shopify_meta|size_index|supplier_fitment|supplier_products,review,CAT 306CR,,,
mdl_cat_306e2fb,br_caterpillar,306E2FB,306E2FB,,,,,,,,,,,,supplier_fitment,quarantine,CAT 306E2FB,,,
mdl_cat_307,br_caterpillar,307,307,,,ts_450x71x82,,,,,,,,,shopify_meta|supplier_fitment,review,CAT 307,,,
mdl_cat_307_5,br_caterpillar,307.5,307.5,Mini Excavator,Excavator Pin-On,ts_450x71x82,,,,,,,,Needs Review,airtable|shopify_meta,review,CAT 307.5,,,
mdl_cat_307a,br_caterpillar,307A,307A,,,,,,,,,,,,supplier_fitment,quarantine,CAT 307A,,,
mdl_cat_307b,br_caterpillar,307B,307B,,,,,,,,,,,,supplier_fitment,quarantine,CAT 307B,,,
mdl_cat_307c,br_caterpillar,307C,307C,,,,,,,,,,,,supplier_fitment|supplier_products,quarantine,CAT 307C,,,
mdl_cat_307cac,br_caterpillar,307CAC,307CAC,,,,,,,,,,,,supplier_fitment,quarantine,CAT 307CAC,,,
mdl_cat_307ccc,br_caterpillar,307CCC,307CCC,,,,,,,,,,,,supplier_fitment,quarantine,CAT 307CCC,,,
mdl_cat_307csb,br_caterpillar,307CSB,307CSB,,,,,,,,,,,,supplier_fitment,quarantine,CAT 307CSB,,,
mdl_cat_307d,br_caterpillar,307D,307D,,,,,,,,,,,,supplier_fitment,quarantine,CAT 307D,,,
mdl_cat_307e,br_caterpillar,307E,307E,Mini Excavator,Excavator Pin-On,ts_450x71x82,55,16040,30.0,,4061,Conventional Tail,,Needs Review,airtable|shopify_meta,review,CAT 307E,,,
mdl_cat_307e2,br_caterpillar,307E2,307E2,,,,,,,,,,,,supplier_fitment,quarantine,CAT 307E2,,,
mdl_cat_307hd,br_caterpillar,307HD,307HD,,,ts_450x71x84,,,,,,,,,shopify_meta|supplier_fitment|supplier_products,review,CAT 307HD,,,
mdl_cat_307ssr,br_caterpillar,307SSR,307SSR,,,,,,,,,,,,supplier_fitment,quarantine,CAT 307SSR,,,
mdl_cat_308,br_caterpillar,308,308,,,ts_450x71x86,,,,,,,,,shopify_meta|supplier_fitment|supplier_products,review,CAT 308,,,
mdl_cat_308_c_cr,br_caterpillar,308-C-CR,308-C-CR,,,,,,,,,,,,size_index,quarantine,CAT 308-C-CR,,,
mdl_cat_308_c_sr,br_caterpillar,308-C-SR,308-C-SR,,,,,,,,,,,,size_index,quarantine,CAT 308-C-SR,,,
mdl_cat_308_cr,br_caterpillar,308 CR,308 CR,Mini Excavator,Excavator Pin-On,ts_450x81nx78,66,18739,27.3,40.0,4061,Zero,,Needs Review,airtable|shopify_meta,active_v1,CAT 308 CR,caterpillar-308cr,/pages/equipment-model/caterpillar-308cr,track_finder_v1
mdl_cat_308_d_cr,br_caterpillar,308-D-CR,308-D-CR,,,,,,,,,,,,size_index,quarantine,CAT 308-D-CR,,,
mdl_cat_308_e2_cr,br_caterpillar,308-E2-CR,308-E2-CR,,,,,,,,,,,,size_index,quarantine,CAT 308-E2-CR,,,
mdl_cat_308_ecr2,br_caterpillar,308-ECR2,308-ECR2,,,,,,,,,,,,size_index,quarantine,CAT 308-ECR2,,,
mdl_cat_308b,br_caterpillar,308B,308B,Mini Excavator,,ts_450x81nx78,,,,,,,,,shopify_meta,active_v1,CAT 308B,caterpillar-308b,/pages/equipment-model/caterpillar-308b,track_finder_v1
mdl_cat_308bcr,br_caterpillar,308BCR,308BCR,,,,,,,,,,,,supplier_fitment,quarantine,CAT 308BCR,,,
mdl_cat_308bsr,br_caterpillar,308BSR,308BSR,,,,,,,,,,,,supplier_fitment,quarantine,CAT 308BSR,,,
mdl_cat_308c,br_caterpillar,308C,308C,,,,,,,,,,,,supplier_fitment,quarantine,CAT 308C,,,
mdl_cat_308c_cr,br_caterpillar,308C CR,308C CR,Mini Excavator,,ts_450x81nx78,,,,,,,,,shopify_meta|size_index,active_v1,CAT 308C CR,caterpillar-308ccr,/pages/equipment-model/caterpillar-308ccr,track_finder_v1
mdl_cat_308c_sr,br_caterpillar,308C SR,308C SR,Mini Excavator,,ts_450x81nx78,,,,,,,,,shopify_meta|size_index,active_v1,CAT 308C SR,caterpillar-308c-sr,/pages/equipment-model/caterpillar-308c-sr,track_finder_v1
mdl_cat_308ccr,br_caterpillar,308CCR,308CCR,,,,,,,,,,,,fitment_json|size_index|supplier_fitment,quarantine,CAT 308CCR,,,
mdl_cat_308cr,br_caterpillar,308CR,308CR,,,,,,,,,,,,fitment_json|size_index|supplier_fitment|supplier_products,quarantine,CAT 308CR,,,
mdl_cat_308csr,br_caterpillar,308CSR,308CSR,,,ts_450x81nx78,,,,,,,,,fitment_json|supplier_fitment|supplier_products,review,CAT 308CSR,,,
mdl_cat_308d_cr,br_caterpillar,308D CR,308D CR,,,,,,,,,,,,shopify_meta|size_index,quarantine,CAT 308D CR,,,
mdl_cat_308dcr,br_caterpillar,308DCR,308DCR,Mini Excavator,,ts_450x81nx78,,,,,,,,,fitment_json,active_v1,CAT 308DCR,caterpillar-308d-cr,/pages/equipment-model/caterpillar-308d-cr,track_finder_v1
mdl_cat_308dcrsb,br_caterpillar,308DCRSB,308DCRSB,,,,,,,,,,,,supplier_fitment|supplier_products,quarantine,CAT 308DCRSB,,,
mdl_cat_308e,br_caterpillar,308E,308E,Mini Excavator,,ts_450x81nx78,69,18200,34.0,,4351,Conventional Tail,,Needs Review,airtable|fitment_json|size_index,active_v1,CAT 308E,caterpillar-308e,/pages/equipment-model/caterpillar-308e,track_finder_v1
mdl_cat_308e2_cr,br_caterpillar,308E2 CR,308E2 CR,Mini Excavator,Excavator Pin-On,ts_450x81nx78,66,18519,39.6,,,,,Needs Review,airtable|shopify_meta|size_index,active_v1,CAT 308E2 CR,caterpillar-308e2-cr,/pages/equipment-model/caterpillar-308e2-cr,track_finder_v1
mdl_cat_308e2cr,br_caterpillar,308E2CR,308E2CR,,,ts_450x81nx78,,,,,,,,,fitment_json|supplier_fitment,review,CAT 308E2CR,,,
mdl_cat_308e_cr,br_caterpillar,308E CR,308E CR,Mini Excavator,,ts_450x81nx78,,,,,,,,,shopify_meta|size_index,active_v1,CAT 308E CR,caterpillar-308e-cr,/pages/equipment-model/caterpillar-308e-cr,track_finder_v1
mdl_cat_308ecr,br_caterpillar,308ECR,308ECR,,,ts_450x81nx78,,,,,,,,,fitment_json|supplier_fitment,review,CAT 308ECR,,,
mdl_cat_308sb,br_caterpillar,308SB,308SB,,,,,,,,,,,,supplier_fitment,quarantine,CAT 308SB,,,
mdl_cat_309_cr,br_caterpillar,309 CR,309 CR,Mini Excavator,Excavator Pin-On,ts_450x71x84,66,20700,27.3,40.0,4061,Zero,,Needs Review,airtable|shopify_meta,review,CAT 309 CR,,,
mdl_cat_310,br_caterpillar,310,310,Mini Excavator,Excavator Pin-On,ts_450x71x84,70,23100,30.4,40.0,4061,Conventional,,Needs Review,airtable|shopify_meta,review,CAT 310,,,
mdl_cat_311b,br_caterpillar,311B,311B,,,,,,,,,,,,supplier_fitment|supplier_products,quarantine,CAT 311B,,,
mdl_cat_311bsr,br_caterpillar,311BSR,311BSR,,,,,,,,,,,,supplier_fitment,quarantine,CAT 311BSR,,,
mdl_cat_311c,br_caterpillar,311C,311C,,,,,,,,,,,,supplier_fitment,quarantine,CAT 311C,,,
mdl_cat_312bl,br_caterpillar,312BL,312BL,,,,,,,,,,,,supplier_fitment,quarantine,CAT 312BL,,,
mdl_cat_312bsr,br_caterpillar,312BSR,312BSR,,,,,,,,,,,,supplier_fitment,quarantine,CAT 312BSR,,,
mdl_cat_312cl,br_caterpillar,312CL,312CL,,,,,,,,,,,,supplier_fitment,quarantine,CAT 312CL,,,
mdl_cat_313bsr,br_caterpillar,313BSR,313BSR,,,,,,,,,,,,supplier_fitment,quarantine,CAT 313BSR,,,
mdl_cat_314ccr,br_caterpillar,314CCR,314CCR,,,,,,,,,,,,supplier_fitment,quarantine,CAT 314CCR,,,
mdl_cat_314clcr,br_caterpillar,314CLCR,314CLCR,,,,,,,,,,,,supplier_fitment,quarantine,CAT 314CLCR,,,
mdl_cat_350e,br_caterpillar,350E,350E,,,,,,,,,,,,supplier_fitment,quarantine,CAT 350E,,,
mdl_cat_6032,br_caterpillar,6032,6032,,,,,,,,,,,,supplier_fitment,quarantine,CAT 6032,,,
mdl_cat_6036,br_caterpillar,6036,6036,,,,,,,,,,,,supplier_fitment,quarantine,CAT 6036,,,
mdl_cat_6042,br_caterpillar,6042,6042,,,,,,,,,,,,supplier_fitment,quarantine,CAT 6042,,,
mdl_cat_644d_34,br_caterpillar,644D-34,644D-34,,,,,,,,,,,,supplier_fitment,quarantine,CAT 644D-34,,,
mdl_cat_644d_37,br_caterpillar,644D-37,644D-37,,,,,,,,,,,,supplier_fitment,quarantine,CAT 644D-37,,,
mdl_cat_644d_42,br_caterpillar,644D-42,644D-42,,,,,,,,,,,,supplier_fitment,quarantine,CAT 644D-42,,,
mdl_cat_644e_2,br_caterpillar,644E-2,644E-2,,,,,,,,,,,,supplier_fitment,quarantine,CAT 644E-2,,,
mdl_cat_644e_42,br_caterpillar,644E-42,644E-42,,,,,,,,,,,,supplier_fitment,quarantine,CAT 644E-42,,,
mdl_cat_904h,br_caterpillar,904H,904H,,,,,,,,,,,,supplier_fitment,quarantine,CAT 904H,,,
mdl_cat_ap1055b,br_caterpillar,AP1055B,AP1055B,,,,,,,,,,,,supplier_fitment,quarantine,CAT AP1055B,,,
mdl_cat_ap1055d,br_caterpillar,AP1055D,AP1055D,,,,,,,,,,,,supplier_fitment,quarantine,CAT AP1055D,,,
mdl_cat_ap1055e,br_caterpillar,AP1055E,AP1055E,,,,,,,,,,,,supplier_fitment|supplier_products,quarantine,CAT AP1055E,,,
mdl_cat_ap1055f,br_caterpillar,AP1055F,AP1055F,,,,,,,,,,,,supplier_fitment,quarantine,CAT AP1055F,,,
mdl_cat_ap655c,br_caterpillar,AP655C,AP655C,,,,,,,,,,,,supplier_fitment|supplier_products,quarantine,CAT AP655C,,,
mdl_cat_ap655d,br_caterpillar,AP655D,AP655D,,,,,,,,,,,,supplier_fitment,quarantine,CAT AP655D,,,
mdl_cat_barreto,br_caterpillar,BARRETO,BARRETO,,,,,,,,,,,,supplier_fitment,quarantine,CAT BARRETO,,,
mdl_cat_e110b,br_caterpillar,E110B,E110B,,,,,,,,,,,,supplier_fitment,quarantine,CAT E110B,,,
mdl_cat_e120b,br_caterpillar,E120B,E120B,,,,,,,,,,,,supplier_fitment|supplier_products,quarantine,CAT E120B,,,
mdl_cat_e70,br_caterpillar,E70,E70,,,,,,,,,,,,supplier_fitment,quarantine,CAT E70,,,
mdl_cat_e70b,br_caterpillar,E70B,E70B,,,,,,,,,,,,supplier_fitment|supplier_products,quarantine,CAT E70B,,,
mdl_cat_jlg,br_caterpillar,JLG,JLG,,,,,,,,,,,,supplier_fitment,quarantine,CAT JLG,,,
mdl_cat_lull,br_caterpillar,LULL,LULL,,,,,,,,,,,,supplier_fitment,quarantine,CAT LULL,,,
mdl_cat_me08,br_caterpillar,ME08,ME08,,,,,,,,,,,,supplier_fitment|supplier_products,quarantine,CAT ME08,,,
mdl_cat_me08b,br_caterpillar,ME08B,ME08B,,,,,,,,,,,,supplier_fitment,quarantine,CAT ME08B,,,
mdl_cat_me20,br_caterpillar,ME20,ME20,,,,,,,,,,,,supplier_fitment,quarantine,CAT ME20,,,
mdl_cat_me25,br_caterpillar,ME25,ME25,,,,,,,,,,,,supplier_fitment,quarantine,CAT ME25,,,
mdl_cat_me30,br_caterpillar,ME30,ME30,,,,,,,,,,,,supplier_fitment|supplier_products,quarantine,CAT ME30,,,
mdl_cat_me30b,br_caterpillar,ME30B,ME30B,,,,,,,,,,,,supplier_fitment,quarantine,CAT ME30B,,,
mdl_cat_me30t,br_caterpillar,ME30T,ME30T,,,,,,,,,,,,supplier_fitment,quarantine,CAT ME30T,,,
mdl_cat_me35,br_caterpillar,ME35,ME35,,,,,,,,,,,,supplier_fitment,quarantine,CAT ME35,,,
mdl_cat_me40,br_caterpillar,ME40,ME40,,,,,,,,,,,,supplier_fitment|supplier_products,quarantine,CAT ME40,,,
mdl_cat_me40r,br_caterpillar,ME40R,ME40R,,,,,,,,,,,,supplier_fitment,quarantine,CAT ME40R,,,
mdl_cat_me45,br_caterpillar,ME45,ME45,,,,,,,,,,,,supplier_fitment,quarantine,CAT ME45,,,
mdl_cat_mitsubishi,br_caterpillar,MITSUBISHI,MITSUBISHI,,,,,,,,,,,,supplier_fitment,quarantine,CAT MITSUBISHI,,,
mdl_cat_mm08b,br_caterpillar,MM08B,MM08B,,,,,,,,,,,,supplier_fitment,quarantine,CAT MM08B,,,
mdl_cat_mm15,br_caterpillar,MM15,MM15,Mini Excavator,Excavator Pin-On,ts_230x72x43,,,,,,,,Needs Review,airtable|shopify_meta|supplier_fitment|supplier_products,review,CAT MM15,,,
mdl_cat_mm15t,br_caterpillar,MM15T,MM15T,Mini Excavator,Excavator Pin-On,ts_230x96x31,,,,,,,,Needs Review,airtable|shopify_meta|supplier_fitment,active_v1,CAT MM15T,caterpillar-mm15t,/pages/equipment-model/caterpillar-mm15t,track_finder_v1
mdl_cat_mm20,br_caterpillar,MM20,MM20,,,,,,,,,,,,supplier_fitment,quarantine,CAT MM20,,,
mdl_cat_mm20cr,br_caterpillar,MM20CR,MM20CR,,,,,,,,,,,,supplier_fitment,quarantine,CAT MM20CR,,,
mdl_cat_mm20sr,br_caterpillar,MM20SR,MM20SR,,,,,,,,,,,,supplier_fitment,quarantine,CAT MM20SR,,,
mdl_cat_mm20t,br_caterpillar,MM20T,MM20T,,,,,,,,,,,,supplier_fitment,quarantine,CAT MM20T,,,
mdl_cat_mm25,br_caterpillar,MM25,MM25,,,,,,,,,,,,supplier_fitment|supplier_products,quarantine,CAT MM25,,,
mdl_cat_mm25t,br_caterpillar,MM25T,MM25T,,,,,,,,,,,,supplier_fitment,quarantine,CAT MM25T,,,
mdl_cat_mm30,br_caterpillar,MM30,MM30,,,,,,,,,,,,supplier_fitment,quarantine,CAT MM30,,,
mdl_cat_mm30b,br_caterpillar,MM30B,MM30B,,,,,,,,,,,,supplier_fitment,quarantine,CAT MM30B,,,
mdl_cat_mm30cr,br_caterpillar,MM30CR,MM30CR,,,,,,,,,,,,supplier_fitment,quarantine,CAT MM30CR,,,
mdl_cat_mm30cr_2,br_caterpillar,MM30CR-2,MM30CR-2,,,,,,,,,,,,supplier_fitment,quarantine,CAT MM30CR-2,,,
mdl_cat_mm30sr,br_caterpillar,MM30SR,MM30SR,,,,,,,,,,,,supplier_fitment,quarantine,CAT MM30SR,,,
mdl_cat_mm30t,br_caterpillar,MM30T,MM30T,,,,,,,,,,,,supplier_fitment,quarantine,CAT MM30T,,,
mdl_cat_mm35,br_caterpillar,MM35,MM35,,,,,,,,,,,,supplier_fitment,quarantine,CAT MM35,,,
mdl_cat_mm35b,br_caterpillar,MM35B,MM35B,,,,,,,,,,,,supplier_fitment,quarantine,CAT MM35B,,,
mdl_cat_mm35t,br_caterpillar,MM35T,MM35T,,,,,,,,,,,,supplier_fitment,quarantine,CAT MM35T,,,
mdl_cat_mm40b,br_caterpillar,MM40B,MM40B,,,,,,,,,,,,supplier_fitment,quarantine,CAT MM40B,,,
mdl_cat_mm40cr,br_caterpillar,MM40CR,MM40CR,,,,,,,,,,,,supplier_fitment,quarantine,CAT MM40CR,,,
mdl_cat_mm40cr_2,br_caterpillar,MM40CR-2,MM40CR-2,,,,,,,,,,,,supplier_fitment,quarantine,CAT MM40CR-2,,,
mdl_cat_mm40sr,br_caterpillar,MM40SR,MM40SR,,,,,,,,,,,,supplier_fitment,quarantine,CAT MM40SR,,,
mdl_cat_mm40t,br_caterpillar,MM40T,MM40T,,,,,,,,,,,,supplier_fitment,quarantine,CAT MM40T,,,
mdl_cat_mm45,br_caterpillar,MM45,MM45,,,,,,,,,,,,supplier_fitment,quarantine,CAT MM45,,,
mdl_cat_mm45b,br_caterpillar,MM45B,MM45B,,,,,,,,,,,,supplier_fitment,quarantine,CAT MM45B,,,
mdl_cat_mm45t,br_caterpillar,MM45T,MM45T,,,,,,,,,,,,supplier_fitment,quarantine,CAT MM45T,,,
mdl_cat_mm55sr,br_caterpillar,MM55SR,MM55SR,,,,,,,,,,,,supplier_fitment,quarantine,CAT MM55SR,,,
mdl_cat_mm55sr_2,br_caterpillar,MM55SR-2,MM55SR-2,,,,,,,,,,,,supplier_fitment,quarantine,CAT MM55SR-2,,,
mdl_cat_mm57sr,br_caterpillar,MM57SR,MM57SR,,,,,,,,,,,,supplier_fitment,quarantine,CAT MM57SR,,,
mdl_cat_ms010,br_caterpillar,MS010,MS010,,,,,,,,,,,,supplier_fitment|supplier_products,quarantine,CAT MS010,,,
mdl_cat_ms020,br_caterpillar,MS020,MS020,,,,,,,,,,,,supplier_fitment|supplier_products,quarantine,CAT MS020,,,
mdl_cat_ms030,br_caterpillar,MS030,MS030,,,,,,,,,,,,supplier_fitment,quarantine,CAT MS030,,,
mdl_cat_ms035,br_caterpillar,MS035,MS035,,,,,,,,,,,,supplier_fitment,quarantine,CAT MS035,,,
mdl_cat_mx30sr,br_caterpillar,MX30SR,MX30SR,,,,,,,,,,,,supplier_fitment|supplier_products,quarantine,CAT MX30SR,,,
mdl_cat_mx35,br_caterpillar,MX35,MX35,,,,,,,,,,,,supplier_fitment,quarantine,CAT MX35,,,
mdl_cat_mx35r,br_caterpillar,MX35R,MX35R,,,,,,,,,,,,supplier_fitment,quarantine,CAT MX35R,,,
mdl_cat_mx45,br_caterpillar,MX45,MX45,,,,,,,,,,,,supplier_fitment,quarantine,CAT MX45,,,
mdl_cat_mx55,br_caterpillar,MX55,MX55,,,,,,,,,,,,supplier_fitment|supplier_products,quarantine,CAT MX55,,,
mdl_cat_mxr30,br_caterpillar,MXR30,MXR30,,,,,,,,,,,,supplier_fitment,quarantine,CAT MXR30,,,
mdl_cat_mxr30sr,br_caterpillar,MXR30SR,MXR30SR,,,,,,,,,,,,supplier_fitment|supplier_products,quarantine,CAT MXR30SR,,,
mdl_cat_mxr35sr,br_caterpillar,MXR35SR,MXR35SR,,,,,,,,,,,,supplier_fitment,quarantine,CAT MXR35SR,,,
mdl_cat_none,br_caterpillar,NONE,NONE,Compact Track Loader,Universal Quick-Attach,ts_381x1005x42,67,8200,22.0,,3000,Radial,,,shopify_meta,reference,CAT NONE,,,
mdl_cat_ns020,br_caterpillar,NS020,NS020,,,,,,,,,,,,supplier_fitment,quarantine,CAT NS020,,,
mdl_cat_ns030,br_caterpillar,NS030,NS030,,,,,,,,,,,,supplier_fitment,quarantine,CAT NS030,,,
mdl_cat_ns035,br_caterpillar,NS035,NS035,,,,,,,,,,,,supplier_fitment,quarantine,CAT NS035,,,
mdl_cat_skytrak,br_caterpillar,SKYTRAK,SKYTRAK,,,,,,,,,,,,supplier_fitment,quarantine,CAT SKYTRAK,,,
mdl_cat_th_560,br_caterpillar,TH-560,TH-560,,,,,,,,,,,,supplier_fitment,quarantine,CAT TH-560,,,
mdl_cat_th_580,br_caterpillar,TH-580,TH-580,,,,,,,,,,,,supplier_fitment,quarantine,CAT TH-580,,,
mdl_cat_th_63,br_caterpillar,TH-63,TH-63,,,,,,,,,,,,supplier_fitment|supplier_products,quarantine,CAT TH-63,,,
mdl_cat_th_83,br_caterpillar,TH-83,TH-83,,,,,,,,,,,,supplier_fitment,quarantine,CAT TH-83,,,
mdl_cat_tl1055,br_caterpillar,TL1055,TL1055,,,,,,,,,,,,supplier_fitment,quarantine,CAT TL1055,,,
mdl_cat_tl_642,br_caterpillar,TL-642,TL-642,,,,,,,,,,,,supplier_fitment,quarantine,CAT TL-642,,,
mdl_cat_tl_943,br_caterpillar,TL-943,TL-943,,,,,,,,,,,,supplier_fitment|supplier_products,quarantine,CAT TL-943,,,
mdl_cormidi_c85,br_cormidi,C85,C85,Compact Track Loader,,ts_180x72x36,,,,,,,,,fitment_json,active_v1,Cormidi C85,cormidi-c85,/pages/equipment-model/cormidi-c85,track_finder_v1
mdl_daewoo_1340xl,br_daewoo,1340XL,1340XL,,,,,,,,,,,,supplier_fitment,quarantine,Daewoo 1340XL,,,
mdl_daewoo_1550,br_daewoo,1550,1550,,,,,,,,,,,,supplier_fitment,quarantine,Daewoo 1550,,,
mdl_daewoo_1550xl,br_daewoo,1550XL,1550XL,,,,,,,,,,,,supplier_fitment,quarantine,Daewoo 1550XL,,,
mdl_daewoo_1760xl,br_daewoo,1760XL,1760XL,,,,,,,,,,,,supplier_fitment,quarantine,Daewoo 1760XL,,,
mdl_daewoo_2060xl,br_daewoo,2060XL,2060XL,,,,,,,,,,,,supplier_fitment,quarantine,Daewoo 2060XL,,,
mdl_daewoo_430,br_daewoo,430,430,,,,,,,,,,,,supplier_fitment,quarantine,Daewoo 430,,,
mdl_daewoo_440_plus,br_daewoo,440-PLUS,440-PLUS,,,,,,,,,,,,supplier_fitment,quarantine,Daewoo 440-PLUS,,,
mdl_daewoo_450_plus,br_daewoo,450-PLUS,450-PLUS,,,,,,,,,,,,supplier_fitment,quarantine,Daewoo 450-PLUS,,,
mdl_daewoo_470,br_daewoo,470,470,,,,,,,,,,,,supplier_fitment,quarantine,Daewoo 470,,,
mdl_daewoo_801,br_daewoo,801,801,,,,,,,,,,,,supplier_fitment,quarantine,Daewoo 801,,,
mdl_daewoo_ah30,br_daewoo,AH30,AH30,Mini Excavator,,ts_300x525nx80,,,,,,,,,fitment_json|supplier_fitment,active_v1,Daewoo AH30,daewoo-ah-30,/pages/equipment-model/daewoo-ah-30,track_finder_v1
mdl_daewoo_dh35,br_daewoo,DH35,DH35,,,,,,,,,,,,supplier_fitment,quarantine,Daewoo DH35,,,
mdl_daewoo_dh50,br_daewoo,DH50,DH50,,,,,,,,,,,,supplier_fitment,quarantine,Daewoo DH50,,,
mdl_daewoo_dsl601,br_daewoo,DSL601,DSL601,,,,,,,,,,,,supplier_fitment,quarantine,Daewoo DSL601,,,
mdl_daewoo_dsl602,br_daewoo,DSL602,DSL602,,,,,,,,,,,,supplier_fitment,quarantine,Daewoo DSL602,,,
mdl_daewoo_dsl702,br_daewoo,DSL702,DSL702,,,,,,,,,,,,supplier_fitment,quarantine,Daewoo DSL702,,,
mdl_daewoo_dsl802,br_daewoo,DSL802,DSL802,,,,,,,,,,,,supplier_fitment,quarantine,Daewoo DSL802,,,
mdl_daewoo_dsl902,br_daewoo,DSL902,DSL902,,,,,,,,,,,,supplier_fitment,quarantine,Daewoo DSL902,,,
mdl_daewoo_sl035,br_daewoo,SL035,SL035,Mini Excavator,,ts_300x525nx84,,,,,,,,,fitment_json|supplier_fitment,active_v1,Daewoo SL035,daewoo-sl-035,/pages/equipment-model/daewoo-sl-035,track_finder_v1
mdl_daewoo_solar007,br_daewoo,SOLAR007,SOLAR007,Compact Track Loader,,ts_180x72x37,,,,,,,,,fitment_json|supplier_fitment,active_v1,Daewoo SOLAR007,daewoo-solar-007,/pages/equipment-model/daewoo-solar-007,track_finder_v1
mdl_daewoo_solar010,br_daewoo,SOLAR010,SOLAR010,Compact Track Loader,,ts_180x72x37,,,,,,,,,fitment_json|supplier_fitment,active_v1,Daewoo SOLAR010,daewoo-solar-010,/pages/equipment-model/daewoo-solar-010,track_finder_v1
mdl_daewoo_solar030,br_daewoo,SOLAR030,SOLAR030,Mini Excavator,,ts_300x525nx76,,,,,,,,,fitment_json,active_v1,Daewoo SOLAR030,daewoo-solar-030,/pages/equipment-model/daewoo-solar-030,track_finder_v1
mdl_daewoo_solar035,br_daewoo,SOLAR035,SOLAR035,Mini Excavator,,ts_300x525nx84,,,,,,,,,fitment_json|supplier_fitment,active_v1,Daewoo SOLAR035,daewoo-solar-035,/pages/equipment-model/daewoo-solar-035,track_finder_v1
mdl_daewoo_solar10,br_daewoo,SOLAR10,SOLAR10,Compact Track Loader,,ts_180x72x37,,,,,,,,,fitment_json|supplier_fitment,active_v1,Daewoo SOLAR10,daewoo-solar-10,/pages/equipment-model/daewoo-solar-10,track_finder_v1
mdl_daewoo_solar25,br_daewoo,SOLAR25,SOLAR25,Mini Excavator,,ts_300x525nx74,,,,,,,,,fitment_json|supplier_fitment,active_v1,Daewoo SOLAR25,daewoo-solar-25,/pages/equipment-model/daewoo-solar-25,track_finder_v1
mdl_daewoo_solar35,br_daewoo,SOLAR35,SOLAR35,Mini Excavator,,ts_300x525nx80,,,,,,,,,fitment_json|supplier_fitment,active_v1,Daewoo SOLAR35,daewoo-solar-35,/pages/equipment-model/daewoo-solar-35,track_finder_v1
mdl_daewoo_solar55,br_daewoo,SOLAR55,SOLAR55,Mini Excavator,,ts_400x725kx74,,,,,,,,,fitment_json,active_v1,Daewoo SOLAR55,daewoo-solar-55,/pages/equipment-model/daewoo-solar-55,track_finder_v1
mdl_daewoo_solar553,br_daewoo,SOLAR553,SOLAR553,Mini Excavator,,ts_400x725wx76,,,,,,,,,fitment_json,active_v1,Daewoo SOLAR553,daewoo-solar-55-3,/pages/equipment-model/daewoo-solar-55-3,track_finder_v1
mdl_daewoo_solar555,br_daewoo,SOLAR555,SOLAR555,Mini Excavator,,ts_400x725kx74,,,,,,,,,fitment_json,active_v1,Daewoo SOLAR555,daewoo-solar-55-5,/pages/equipment-model/daewoo-solar-55-5,track_finder_v1
mdl_daewoo_solar55_3,br_daewoo,SOLAR55-3,SOLAR55-3,,,,,,,,,,,,supplier_fitment,reference,Daewoo SOLAR55-3,,,
mdl_daewoo_solar55_5,br_daewoo,SOLAR55-5,SOLAR55-5,,,,,,,,,,,,supplier_fitment,reference,Daewoo SOLAR55-5,,,
mdl_daewoo_solar55_v,br_daewoo,SOLAR55-V,SOLAR55-V,,,,,,,,,,,,supplier_fitment,reference,Daewoo SOLAR55-V,,,
mdl_daewoo_solar55_vplus,br_daewoo,SOLAR55-VPLUS,SOLAR55-VPLUS,,,,,,,,,,,,supplier_fitment,quarantine,Daewoo SOLAR55-VPLUS,,,
mdl_daewoo_solar55exv,br_daewoo,SOLAR55EXV,SOLAR55EXV,,,,,,,,,,,,supplier_fitment,quarantine,Daewoo SOLAR55EXV,,,
mdl_daewoo_solar55v,br_daewoo,SOLAR55V,SOLAR55V,Mini Excavator,,ts_400x725kx74,,,,,,,,,fitment_json,active_v1,Daewoo SOLAR55V,daewoo-solar-55-v,/pages/equipment-model/daewoo-solar-55-v,track_finder_v1
mdl_daewoo_solar75v,br_daewoo,SOLAR75V,SOLAR75V,,,,,,,,,,,,supplier_fitment,quarantine,Daewoo SOLAR75V,,,
mdl_daewoo_solar_007,br_daewoo,SOLAR-007,SOLAR-007,,,ts_180x72x37,,,,,,,,,size_index,reference,Daewoo SOLAR-007,,,
mdl_daewoo_solar_010,br_daewoo,SOLAR-010,SOLAR-010,,,ts_180x72x37,,,,,,,,,size_index,reference,Daewoo SOLAR-010,,,
mdl_daewoo_solar_015,br_daewoo,SOLAR-015,SOLAR-015,,,ts_230x48x68,,,,,,,,,size_index,review,Daewoo SOLAR-015,,,
mdl_daewoo_solar_015_plus,br_daewoo,SOLAR-015-PLUS,SOLAR-015-PLUS,,,ts_230x48x70,,,,,,,,,size_index,review,Daewoo SOLAR-015-PLUS,,,
mdl_daewoo_solar_018vt,br_daewoo,SOLAR-018VT,SOLAR-018VT,Mini Excavator,,ts_230x48x70,,,,,,,,,size_index,active_v1,Daewoo SOLAR-018VT,daewoo-solar-018vt,/pages/equipment-model/daewoo-solar-018vt,track_finder_v1
mdl_daewoo_solar_10,br_daewoo,SOLAR-10,SOLAR-10,,,ts_180x72x37,,,,,,,,,size_index,reference,Daewoo SOLAR-10,,,
mdl_daewoo_solar_55_3,br_daewoo,SOLAR-55-3,SOLAR-55-3,,,,,,,,,,,,size_index,reference,Daewoo SOLAR-55-3,,,
mdl_develon_doosan_dx27z,br_develon,DOOSAN DX27Z,DOOSAN DX27Z,Mini Excavator,Excavator Pin-On,,,,,,,,,Needs Review,airtable,review,Develon DOOSAN DX27Z,,,
mdl_develon_doosan_dx30z,br_develon,DOOSAN DX30Z,DOOSAN DX30Z,Mini Excavator,Excavator Pin-On,,,,,,,,,Needs Review,airtable,review,Develon DOOSAN DX30Z,,,
mdl_develon_doosan_dx355,br_develon,DOOSAN DX355,DOOSAN DX355,Mini Excavator,Excavator Pin-On,,,,,,,,,Needs Review,airtable|shopify_meta,review,Develon DOOSAN DX355,,,
mdl_develon_doosan_dx50k5,br_develon,DOOSAN DX50K5,DOOSAN DX50K5,Mini Excavator,Excavator Pin-On,,,,,,,,,Needs Review,airtable,review,Develon DOOSAN DX50K5,,,
mdl_develon_doosan_dx55,br_develon,DOOSAN DX55,DOOSAN DX55,Mini Excavator,Excavator Pin-On,,,,,,,,,Needs Review,airtable,review,Develon DOOSAN DX55,,,
mdl_develon_doosan_dx55z,br_develon,DOOSAN DX55Z,DOOSAN DX55Z,Mini Excavator,Excavator Pin-On,,,,,,,,,Verified,airtable|shopify_meta,review,Develon DOOSAN DX55Z,,,
mdl_develon_doosan_s55,br_develon,DOOSAN S55,DOOSAN S55,Mini Excavator,Excavator Pin-On,ts_400x725wx74,,,,,,,,Verified,airtable,reference,Develon DOOSAN S55,,,
mdl_develon_dtl35,br_develon,DTL35,DTL35,Compact Track Loader,Universal Quick-Attach,,115,12620,23.0,40.0,3400,Vertical,,Needs Review,airtable|shopify_meta,review,Develon DTL35,,,
mdl_develon_dx17z,br_develon,DX17Z,DX17Z,Mini Excavator,Excavator Pin-On,,,,,,,,,Needs Review,airtable,review,Develon DX17Z,,,
mdl_develon_dx27z,br_develon,DX27Z,DX27Z,Mini Excavator,Excavator Pin-On,,,,,,,,,Needs Review,airtable,review,Develon DX27Z,,,
mdl_develon_dx35z,br_develon,DX35Z,DX35Z,Mini Excavator,Excavator Pin-On,,,,,,,,,Needs Review,airtable,review,Develon DX35Z,,,
mdl_develon_dx42,br_develon,DX42,DX42,Mini Excavator,Excavator Pin-On,,,,,,,,,Needs Review,airtable|shopify_meta,review,Develon DX42,,,
mdl_develon_dx50z,br_develon,DX50Z,DX50Z,Mini Excavator,Excavator Pin-On,,,,,,,,,Needs Review,airtable,review,Develon DX50Z,,,
mdl_develon_dx55r,br_develon,DX55R,DX55R,Mini Excavator,Excavator Pin-On,,,,,,,,,Needs Review,airtable,review,Develon DX55R,,,
mdl_develon_dx62r,br_develon,DX62R,DX62R,Mini Excavator,Excavator Pin-On,,,,,,,,,Needs Review,airtable,review,Develon DX62R,,,
mdl_develon_dx63,br_develon,DX63,DX63,Mini Excavator,Excavator Pin-On,,,,,,,,,Needs Review,airtable|shopify_meta,review,Develon DX63,,,
mdl_develon_dx85r,br_develon,DX85R,DX85R,Mini Excavator,Excavator Pin-On,ts_450x71x82,66,19500,27.3,40.0,4061,Zero,,Needs Review,airtable,review,Develon DX85R,,,
mdl_ditch_witch_at40,br_ditch_witch,AT40,AT40,,,,,,,,,,,,supplier_fitment,quarantine,Ditch Witch AT40,,,
mdl_ditch_witch_c16x,br_ditch_witch,C16X,C16X,,,,,,,,,,,,supplier_fitment,quarantine,Ditch Witch C16X,,,
mdl_ditch_witch_ht25,br_ditch,WITCH HT25,WITCH HT25,,,,,,,,,,,Needs Review,airtable|supplier_fitment,quarantine,Ditch WITCH HT25,,,
mdl_ditch_witch_ht25k,br_ditch,WITCH HT25K,WITCH HT25K,,,,,,,,,,,Needs Review,airtable|supplier_fitment,quarantine,Ditch WITCH HT25K,,,
mdl_ditch_witch_ht25ksawmachine,br_ditch_witch,HT25KSAWMACHINE,HT25KSAWMACHINE,,,ts_230x72x39,,,,,,,,,fitment_json,reference,Ditch Witch HT25KSAWMACHINE,,,
mdl_ditch_witch_ht25trencher,br_ditch_witch,HT25TRENCHER,HT25TRENCHER,,,ts_230x72x39,,,,,,,,,fitment_json,reference,Ditch Witch HT25TRENCHER,,,
mdl_ditch_witch_ht_25,br_ditch_witch,HT 25,HT 25,Mini Excavator,Excavator Pin-On,ts_230x72x39,,,,,,,,Verified,airtable|shopify_meta,active_v1,Ditch Witch HT 25,ditch-witch-ht-25-trencher,/pages/equipment-model/ditch-witch-ht-25-trencher,track_finder_v1
mdl_ditch_witch_ht_25_trencher,br_ditch_witch,HT-25-TRENCHER,HT-25-TRENCHER,,,ts_230x72x39,,,,,,,,,size_index,reference,Ditch Witch HT-25-TRENCHER,,,
mdl_ditch_witch_ht_25k,br_ditch_witch,HT 25K,HT 25K,Mini Excavator,Excavator Pin-On,ts_230x72x39,,,,,,,,Verified,airtable|shopify_meta,active_v1,Ditch Witch HT 25K,ditch-witch-ht-25k-saw-machine,/pages/equipment-model/ditch-witch-ht-25k-saw-machine,track_finder_v1
mdl_ditch_witch_ht_25k_saw_machine,br_ditch_witch,HT-25K-SAW-MACHINE,HT-25K-SAW-MACHINE,,,ts_230x72x39,,,,,,,,,size_index,reference,Ditch Witch HT-25K-SAW-MACHINE,,,
mdl_ditch_witch_jt10drillingmachine,br_ditch_witch,JT10DRILLINGMACHINE,JT10DRILLINGMACHINE,,,,,,,,,,,,fitment_json,reference,Ditch Witch JT10DRILLINGMACHINE,,,
mdl_ditch_witch_jt1200,br_ditch,WITCH JT1200,WITCH JT1200,,,,,,,,,,,Needs Review,airtable|supplier_fitment,quarantine,Ditch WITCH JT1200,,,
mdl_ditch_witch_jt1200drillingmachine,br_ditch_witch,JT1200DRILLINGMACHINE,JT1200DRILLINGMACHINE,,,ts_230x72x39,,,,,,,,,fitment_json,reference,Ditch Witch JT1200DRILLINGMACHINE,,,
mdl_ditch_witch_jt1220mach1drillingmachine,br_ditch_witch,JT1220MACH1DRILLINGMACHINE,JT1220MACH1DRILLINGMACHINE,,,,,,,,,,,,fitment_json,reference,Ditch Witch JT1220MACH1DRILLINGMACHINE,,,
mdl_ditch_witch_jt1720drillingmachine,br_ditch_witch,JT1720DRILLINGMACHINE,JT1720DRILLINGMACHINE,,,,,,,,,,,,fitment_json,reference,Ditch Witch JT1720DRILLINGMACHINE,,,
mdl_ditch_witch_jt2020mach1,br_ditch_witch,JT2020MACH1,JT2020MACH1,,,,,,,,,,,,fitment_json,reference,Ditch Witch JT2020MACH1,,,
mdl_ditch_witch_jt20drillingmachine,br_ditch_witch,JT20DRILLINGMACHINE,JT20DRILLINGMACHINE,,,,,,,,,,,,fitment_json,reference,Ditch Witch JT20DRILLINGMACHINE,,,
mdl_ditch_witch_jt2320,br_ditch_witch,JT2320,JT2320,,,,,,,,,,,,supplier_fitment,quarantine,Ditch Witch JT2320,,,
mdl_ditch_witch_jt2320drillingmachine,br_ditch_witch,JT2320DRILLINGMACHINE,JT2320DRILLINGMACHINE,,,ts_300x525nx78,,,,,,,,,fitment_json,reference,Ditch Witch JT2320DRILLINGMACHINE,,,
mdl_ditch_witch_jt2321,br_ditch_witch,JT2321,JT2321,,,,,,,,,,,,supplier_fitment,quarantine,Ditch Witch JT2321,,,
mdl_ditch_witch_jt2321drillingmachine,br_ditch_witch,JT2321DRILLINGMACHINE,JT2321DRILLINGMACHINE,,,ts_300x525nx78,,,,,,,,,fitment_json,reference,Ditch Witch JT2321DRILLINGMACHINE,,,
mdl_ditch_witch_jt2510,br_ditch,WITCH JT2510,WITCH JT2510,,,,,,,,,,,Needs Review,airtable|supplier_fitment,quarantine,Ditch WITCH JT2510,,,
mdl_ditch_witch_jt2511,br_ditch,WITCH JT2511,WITCH JT2511,,,,,,,,,,,Needs Review,airtable|supplier_fitment,quarantine,Ditch WITCH JT2511,,,
mdl_ditch_witch_jt2511drillingmachine,br_ditch_witch,JT2511DRILLINGMACHINE,JT2511DRILLINGMACHINE,,,ts_230x72x39,,,,,,,,,fitment_json,reference,Ditch Witch JT2511DRILLINGMACHINE,,,
mdl_ditch_witch_jt2520,br_ditch_witch,JT2520,JT2520,Mini Excavator,,,,,,,,,,,supplier_fitment,active_v1,Ditch Witch JT2520,ditch-witch-jt-2520-drilling-machine,/pages/equipment-model/ditch-witch-jt-2520-drilling-machine,track_finder_v1
mdl_ditch_witch_jt2520drillingmachine,br_ditch_witch,JT2520DRILLINGMACHINE,JT2520DRILLINGMACHINE,,,,,,,,,,,,fitment_json,reference,Ditch Witch JT2520DRILLINGMACHINE,,,
mdl_ditch_witch_jt2720,br_ditch_witch,JT2720,JT2720,Mini Excavator,,,,,,,,,,,supplier_fitment,active_v1,Ditch Witch JT2720,ditch-witch-jt-2720-mach-1-drilling-machine,/pages/equipment-model/ditch-witch-jt-2720-mach-1-drilling-machine,track_finder_v1
mdl_ditch_witch_jt27202000drillingmachine,br_ditch_witch,JT27202000DRILLINGMACHINE,JT27202000DRILLINGMACHINE,,,,,,,,,,,,fitment_json,reference,Ditch Witch JT27202000DRILLINGMACHINE,,,
mdl_ditch_witch_jt27202003atdrillingmachine,br_ditch_witch,JT27202003ATDRILLINGMACHINE,JT27202003ATDRILLINGMACHINE,,,,,,,,,,,,fitment_json,reference,Ditch Witch JT27202003ATDRILLINGMACHINE,,,
mdl_ditch_witch_jt2720mach1drillingmachine,br_ditch_witch,JT2720MACH1DRILLINGMACHINE,JT2720MACH1DRILLINGMACHINE,,,,,,,,,,,,fitment_json,reference,Ditch Witch JT2720MACH1DRILLINGMACHINE,,,
mdl_ditch_witch_jt3020allterrain,br_ditch_witch,JT3020ALLTERRAIN,JT3020ALLTERRAIN,,,,,,,,,,,,fitment_json,reference,Ditch Witch JT3020ALLTERRAIN,,,
mdl_ditch_witch_jt3020mach1,br_ditch_witch,JT3020MACH1,JT3020MACH1,,,,,,,,,,,,fitment_json,reference,Ditch Witch JT3020MACH1,,,
mdl_ditch_witch_jt30drillingmachine,br_ditch_witch,JT30DRILLINGMACHINE,JT30DRILLINGMACHINE,,,,,,,,,,,,fitment_json,reference,Ditch Witch JT30DRILLINGMACHINE,,,
mdl_ditch_witch_jt3510drillingmachine,br_ditch_witch,JT3510DRILLINGMACHINE,JT3510DRILLINGMACHINE,,,,,,,,,,,,fitment_json,reference,Ditch Witch JT3510DRILLINGMACHINE,,,
mdl_ditch_witch_jt40drillingmachine,br_ditch_witch,JT40DRILLINGMACHINE,JT40DRILLINGMACHINE,,,ts_400x725wx74,,,,,,,,,fitment_json,reference,Ditch Witch JT40DRILLINGMACHINE,,,
mdl_ditch_witch_jt5,br_ditch,WITCH JT5,WITCH JT5,,,ts_180x72x39,,,,,,,,Needs Review,airtable|fitment_json|supplier_fitment,review,Ditch WITCH JT5,,,
mdl_ditch_witch_jt520,br_ditch,WITCH JT520,WITCH JT520,,,ts_180x72x39,,,,,,,,Needs Review,airtable|fitment_json|supplier_fitment,review,Ditch WITCH JT520,,,
mdl_ditch_witch_jt520drillingmachine,br_ditch_witch,JT520DRILLINGMACHINE,JT520DRILLINGMACHINE,,,ts_180x72x39,,,,,,,,,fitment_json,reference,Ditch Witch JT520DRILLINGMACHINE,,,
mdl_ditch_witch_jt820drillingmachine,br_ditch_witch,JT820DRILLINGMACHINE,JT820DRILLINGMACHINE,,,,,,,,,,,,fitment_json,reference,Ditch Witch JT820DRILLINGMACHINE,,,
mdl_ditch_witch_jt860,br_ditch_witch,JT860,JT860,Mini Excavator,,,,,,,,,,,supplier_fitment,active_v1,Ditch Witch JT860,ditch-witch-jt-860-drilling-machine,/pages/equipment-model/ditch-witch-jt-860-drilling-machine,track_finder_v1
mdl_ditch_witch_jt860drillingmachine,br_ditch_witch,JT860DRILLINGMACHINE,JT860DRILLINGMACHINE,,,,,,,,,,,,fitment_json,reference,Ditch Witch JT860DRILLINGMACHINE,,,
mdl_ditch_witch_jt920drillingmachine,br_ditch_witch,JT920DRILLINGMACHINE,JT920DRILLINGMACHINE,,,,,,,,,,,,fitment_json,reference,Ditch Witch JT920DRILLINGMACHINE,,,
mdl_ditch_witch_jt920ldrillingmachine,br_ditch_witch,JT920LDRILLINGMACHINE,JT920LDRILLINGMACHINE,,,,,,,,,,,,fitment_json,reference,Ditch Witch JT920LDRILLINGMACHINE,,,
mdl_ditch_witch_jt922,br_ditch_witch,JT922,JT922,Mini Excavator,,,,,,,,,,,fitment_json,active_v1,Ditch Witch JT922,ditch-witch-jt-922,/pages/equipment-model/ditch-witch-jt-922,track_finder_v1
mdl_ditch_witch_jt9drillingmachine,br_ditch_witch,JT9DRILLINGMACHINE,JT9DRILLINGMACHINE,,,,,,,,,,,,fitment_json,reference,Ditch Witch JT9DRILLINGMACHINE,,,
mdl_ditch_witch_jt_10_drilling_machine,br_ditch_witch,JT-10-DRILLING-MACHINE,JT-10-DRILLING-MACHINE,,,,,,,,,,,,size_index,reference,Ditch Witch JT-10-DRILLING-MACHINE,,,
mdl_ditch_witch_jt_1200,br_ditch_witch,JT 1200,JT 1200,Mini Excavator,Excavator Pin-On,ts_230x72x39,,,,,,,,Verified,airtable|shopify_meta,active_v1,Ditch Witch JT 1200,ditch-witch-jt-1200-drilling-machine,/pages/equipment-model/ditch-witch-jt-1200-drilling-machine,track_finder_v1
mdl_ditch_witch_jt_1200_drilling_machine,br_ditch_witch,JT-1200-DRILLING-MACHINE,JT-1200-DRILLING-MACHINE,,,ts_230x72x39,,,,,,,,,size_index,reference,Ditch Witch JT-1200-DRILLING-MACHINE,,,
mdl_ditch_witch_jt_1220,br_ditch_witch,JT 1220,JT 1220,Multi-Terrain Loader,Universal Quick-Attach,,,,,,,,,Verified,airtable|shopify_meta,active_v1,Ditch Witch JT 1220,ditch-witch-jt-1220-mach-1-drilling-machine,/pages/equipment-model/ditch-witch-jt-1220-mach-1-drilling-machine,track_finder_v1
mdl_ditch_witch_jt_1720,br_ditch_witch,JT 1720,JT 1720,Multi-Terrain Loader,Universal Quick-Attach,,,,,,,,,Verified,airtable|shopify_meta,active_v1,Ditch Witch JT 1720,ditch-witch-jt-1720-drilling-machine,/pages/equipment-model/ditch-witch-jt-1720-drilling-machine,track_finder_v1
mdl_ditch_witch_jt_20,br_ditch_witch,JT 20,JT 20,Multi-Terrain Loader,Universal Quick-Attach,,,,,,,,,Verified,airtable|shopify_meta,active_v1,Ditch Witch JT 20,ditch-witch-jt-20-drilling-machine,/pages/equipment-model/ditch-witch-jt-20-drilling-machine,track_finder_v1
mdl_ditch_witch_jt_2020,br_ditch_witch,JT 2020,JT 2020,Multi-Terrain Loader,Universal Quick-Attach,,,,,,,,,Verified,airtable|shopify_meta,active_v1,Ditch Witch JT 2020,ditch-witch-jt-2020-mach-1,/pages/equipment-model/ditch-witch-jt-2020-mach-1,track_finder_v1
mdl_ditch_witch_jt_2320,br_ditch_witch,JT 2320,JT 2320,Mini Excavator,Excavator Pin-On,ts_300x525nx78,,,,,,,,Verified,airtable|shopify_meta,active_v1,Ditch Witch JT 2320,ditch-witch-jt-2320-drilling-machine,/pages/equipment-model/ditch-witch-jt-2320-drilling-machine,track_finder_v1
mdl_ditch_witch_jt_2321,br_ditch_witch,JT 2321,JT 2321,Mini Excavator,Excavator Pin-On,ts_300x525nx78,,,,,,,,Verified,airtable|shopify_meta,active_v1,Ditch Witch JT 2321,ditch-witch-jt-2321-drilling-machine,/pages/equipment-model/ditch-witch-jt-2321-drilling-machine,track_finder_v1
mdl_ditch_witch_jt_2511,br_ditch_witch,JT 2511,JT 2511,Mini Excavator,Excavator Pin-On,ts_230x72x39,,,,,,,,Verified,airtable|shopify_meta,active_v1,Ditch Witch JT 2511,ditch-witch-jt-2511-drilling-machine,/pages/equipment-model/ditch-witch-jt-2511-drilling-machine,track_finder_v1
mdl_ditch_witch_jt_2511_drilling_machine,br_ditch_witch,JT-2511-DRILLING-MACHINE,JT-2511-DRILLING-MACHINE,,,ts_230x72x39,,,,,,,,,size_index,reference,Ditch Witch JT-2511-DRILLING-MACHINE,,,
mdl_ditch_witch_jt_2520,br_ditch_witch,JT 2520,JT 2520,,,,,,,,,,,,shopify_meta|size_index,quarantine,Ditch Witch JT 2520,,,
mdl_ditch_witch_jt_2720,br_ditch_witch,JT 2720,JT 2720,,,,,,,,,,,,shopify_meta,quarantine,Ditch Witch JT 2720,,,
mdl_ditch_witch_jt_2720_2000_model_option_1,br_ditch_witch,JT-2720-2000-MODEL-OPTION-1,JT-2720-2000-MODEL-OPTION-1,,,,,,,,,,,,size_index,quarantine,Ditch Witch JT-2720-2000-MODEL-OPTION-1,,,
mdl_ditch_witch_jt_2720_mach_1,br_ditch_witch,JT 2720 MACH 1,JT 2720 MACH 1,,,,,,,,,,,,shopify_meta,quarantine,Ditch Witch JT 2720 MACH 1,,,
mdl_ditch_witch_jt_30,br_ditch_witch,JT 30,JT 30,Mini Excavator,,,,,,,,,,,shopify_meta,active_v1,Ditch Witch JT 30,ditch-witch-jt-30-drilling-machine,/pages/equipment-model/ditch-witch-jt-30-drilling-machine,track_finder_v1
mdl_ditch_witch_jt_3020_all_terrain,br_ditch_witch,JT 3020 ALL TERRAIN,JT 3020 ALL TERRAIN,,,,,,,,,,,,shopify_meta,reference,Ditch Witch JT 3020 ALL TERRAIN,,,
mdl_ditch_witch_jt_3020_mach_1,br_ditch_witch,JT 3020 MACH 1,JT 3020 MACH 1,,,,,,,,,,,,shopify_meta,reference,Ditch Witch JT 3020 MACH 1,,,
mdl_ditch_witch_jt_3510_drilling_machine,br_ditch_witch,JT-3510-DRILLING-MACHINE,JT-3510-DRILLING-MACHINE,,,,,,,,,,,,size_index,reference,Ditch Witch JT-3510-DRILLING-MACHINE,,,
mdl_ditch_witch_jt_40,br_ditch_witch,JT 40,JT 40,Mini Excavator,Excavator Pin-On,ts_400x725kx74,,,,,,,,Verified,airtable|shopify_meta,active_v1,Ditch Witch JT 40,ditch-witch-jt-40-drilling-machine,/pages/equipment-model/ditch-witch-jt-40-drilling-machine,track_finder_v1
mdl_ditch_witch_jt_5,br_ditch_witch,JT 5,JT 5,Compact Track Loader,Universal Quick-Attach,ts_180x72x39,,,,,,,,Verified,airtable|shopify_meta|size_index,active_v1,Ditch Witch JT 5,ditch-witch-jt-5,/pages/equipment-model/ditch-witch-jt-5,track_finder_v1
mdl_ditch_witch_jt_520,br_ditch_witch,JT 520,JT 520,Compact Track Loader,Universal Quick-Attach,ts_180x72x39,,,,,,,,Needs Review,airtable|shopify_meta,active_v1,Ditch Witch JT 520,ditch-witch-jt-520,/pages/equipment-model/ditch-witch-jt-520,track_finder_v1
mdl_ditch_witch_jt_520_drilling_machine,br_ditch_witch,JT-520-DRILLING-MACHINE,JT-520-DRILLING-MACHINE,,,ts_180x72x39,,,,,,,,,size_index,reference,Ditch Witch JT-520-DRILLING-MACHINE,,,
mdl_ditch_witch_jt_820_drilling_machine,br_ditch_witch,JT-820-DRILLING-MACHINE,JT-820-DRILLING-MACHINE,,,,,,,,,,,,size_index,reference,Ditch Witch JT-820-DRILLING-MACHINE,,,
mdl_ditch_witch_jt_860,br_ditch_witch,JT 860,JT 860,,,,,,,,,,,,shopify_meta,quarantine,Ditch Witch JT 860,,,
mdl_ditch_witch_jt_920_drilling_machine,br_ditch_witch,JT-920-DRILLING-MACHINE,JT-920-DRILLING-MACHINE,,,,,,,,,,,,size_index,reference,Ditch Witch JT-920-DRILLING-MACHINE,,,
mdl_ditch_witch_jt_920l_drilling_machine,br_ditch_witch,JT-920L-DRILLING-MACHINE,JT-920L-DRILLING-MACHINE,,,,,,,,,,,,size_index,reference,Ditch Witch JT-920L-DRILLING-MACHINE,,,
mdl_ditch_witch_jt_922,br_ditch_witch,JT-922,JT-922,,,,,,,,,,,,size_index,reference,Ditch Witch JT-922,,,
mdl_ditch_witch_jt_9_drilling_machine,br_ditch_witch,JT-9-DRILLING-MACHINE,JT-9-DRILLING-MACHINE,,,,,,,,,,,,size_index,reference,Ditch Witch JT-9-DRILLING-MACHINE,,,
mdl_ditch_witch_mx15,br_ditch_witch,MX15,MX15,,,ts_230x48x70,,,,,,,,,size_index|supplier_fitment,review,Ditch Witch MX15,,,
mdl_ditch_witch_mx182,br_ditch_witch,MX182,MX182,Mini Excavator,,ts_230x48x70,,,,,,,,,size_index|supplier_fitment,active_v1,Ditch Witch MX182,ditch-witch-mx182,/pages/equipment-model/ditch-witch-mx182,track_finder_v1
mdl_ditch_witch_mx202,br_ditch_witch,MX202,MX202,,,,,,,,,,,,supplier_fitment,quarantine,Ditch Witch MX202,,,
mdl_ditch_witch_mx272,br_ditch_witch,MX272,MX272,,,,,,,,,,,,supplier_fitment,quarantine,Ditch Witch MX272,,,
mdl_ditch_witch_mx35,br_ditch_witch,MX35,MX35,,,ts_300x525nx84,,,,,,,,,fitment_json|supplier_fitment,reference,Ditch Witch MX35,,,
mdl_ditch_witch_mx352,br_ditch_witch,MX352,MX352,,,,,,,,,,,,supplier_fitment,quarantine,Ditch Witch MX352,,,
mdl_ditch_witch_mx45ca,br_ditch_witch,MX45CA,MX45CA,,,,,,,,,,,,supplier_fitment,quarantine,Ditch Witch MX45CA,,,
mdl_ditch_witch_mx9,br_ditch_witch,MX9,MX9,,,,,,,,,,,,supplier_fitment,quarantine,Ditch Witch MX9,,,
mdl_ditch_witch_mx_27,br_ditch_witch,MX 27,MX 27,Mini Excavator,Excavator Pin-On,ts_300x525nx78,,,,,,,,Needs Review,airtable,active_v1,Ditch Witch MX 27,ditch-witch-mx27,/pages/equipment-model/ditch-witch-mx27,track_finder_v1
mdl_ditch_witch_mx_272,br_ditch_witch,MX 272,MX 272,Mini Excavator,Excavator Pin-On,ts_300x525nx78,,,,,,,,Needs Review,airtable|shopify_meta,active_v1,Ditch Witch MX 272,ditch-witch-mx272,/pages/equipment-model/ditch-witch-mx272,track_finder_v1
mdl_ditch_witch_mx_272_option_2,br_ditch_witch,MX-272-OPTION-2,MX-272-OPTION-2,,,,,,,,,,,,size_index,quarantine,Ditch Witch MX-272-OPTION-2,,,
mdl_ditch_witch_mx_35,br_ditch_witch,MX 35,MX 35,Mini Excavator,Excavator Pin-On,ts_300x525nx84,,,,,,,,Needs Review,airtable|shopify_meta,active_v1,Ditch Witch MX 35,ditch-witch-mx35,/pages/equipment-model/ditch-witch-mx35,track_finder_v1
mdl_ditch_witch_mx_352,br_ditch_witch,MX-352,MX-352,Mini Excavator,,ts_300x525x86,,,,,,,,,size_index,active_v1,Ditch Witch MX-352,ditch-witch-mx352,/pages/equipment-model/ditch-witch-mx352,track_finder_v1
mdl_ditch_witch_mx_35_option_2,br_ditch_witch,MX-35-OPTION-2,MX-35-OPTION-2,,,ts_300x525x86,,,,,,,,,size_index,review,Ditch Witch MX-35-OPTION-2,,,
mdl_ditch_witch_sk1050,br_ditch_witch,SK1050,SK1050,Compact Track Loader,Universal Quick-Attach,ts_230x72kx44,,,,,,,,Needs Review,airtable|fitment_json|shopify_meta|supplier_fitment,active_v1,Ditch Witch SK1050,ditch-witch-sk1050,/pages/equipment-model/ditch-witch-sk1050,track_finder_v1
mdl_ditch_witch_sk1550,br_ditch_witch,SK1550,SK1550,Mini Excavator,Universal Quick-Attach,ts_250x72x52,,,,,,,,Needs Review,airtable|fitment_json|shopify_meta|supplier_fitment,active_v1,Ditch Witch SK1550,ditch-witch-sk-1550,/pages/equipment-model/ditch-witch-sk-1550,track_finder_v1
mdl_ditch_witch_sk1750,br_ditch_witch,SK1750,SK1750,Stand-On Skid Steer,Universal Quick-Attach,ts_230x72x43,,,,,,,,Needs Review,airtable|shopify_meta,review,Ditch Witch SK1750,,,
mdl_ditch_witch_sk2500,br_ditch_witch,SK2500,SK2500,Stand-On Skid Steer,Universal Quick-Attach,ts_230x72x43,,,,,,,,Needs Review,airtable|shopify_meta,review,Ditch Witch SK2500,,,
mdl_ditch_witch_sk3000,br_ditch_witch,SK3000,SK3000,Stand-On Skid Steer,Universal Quick-Attach,,,,,,,,,Needs Review,airtable|shopify_meta|supplier_fitment,review,Ditch Witch SK3000,,,
mdl_ditch_witch_sk500,br_ditch_witch,SK500,SK500,Compact Track Loader,Universal Quick-Attach,ts_180x72x39,,,,,,,,Needs Review,airtable|fitment_json|shopify_meta|supplier_fitment,active_v1,Ditch Witch SK500,ditch-witch-sk500,/pages/equipment-model/ditch-witch-sk500,track_finder_v1
mdl_ditch_witch_sk600,br_ditch_witch,SK600,SK600,Mini Excavator,Universal Quick-Attach,ts_180x72x40,,,,,,,,Needs Review,airtable|fitment_json|shopify_meta|supplier_fitment,active_v1,Ditch Witch SK600,ditch-witch-sk-600,/pages/equipment-model/ditch-witch-sk-600,track_finder_v1
mdl_ditch_witch_sk650,br_ditch_witch,SK650,SK650,Mini Excavator,Universal Quick-Attach,ts_180x72x42,,,,,,,,Needs Review,airtable|fitment_json|shopify_meta|supplier_fitment,active_v1,Ditch Witch SK650,ditch-witch-sk-650,/pages/equipment-model/ditch-witch-sk-650,track_finder_v1
mdl_ditch_witch_sk750,br_ditch_witch,SK750,SK750,Compact Track Loader,Universal Quick-Attach,ts_230x72kx44,,,,,,,,Needs Review,airtable|fitment_json|shopify_meta|supplier_fitment,active_v1,Ditch Witch SK750,ditch-witch-sk750,/pages/equipment-model/ditch-witch-sk750,track_finder_v1
mdl_ditch_witch_sk752,br_ditch_witch,SK752,SK752,Compact Track Loader,,ts_230x72kx44,,,,,,,,,supplier_fitment,active_v1,Ditch Witch SK752,ditch-witch-sk752,/pages/equipment-model/ditch-witch-sk752,track_finder_v1
mdl_ditch_witch_sk755,br_ditch_witch,SK755,SK755,Compact Track Loader,Universal Quick-Attach,ts_230x72kx44,,,,,,,,Needs Review,airtable|fitment_json|shopify_meta|supplier_fitment,active_v1,Ditch Witch SK755,ditch-witch-sk755,/pages/equipment-model/ditch-witch-sk755,track_finder_v1
mdl_ditch_witch_sk800,br_ditch_witch,SK800,SK800,Compact Track Loader,Universal Quick-Attach,ts_230x72kx44,,,,,,,,Verified,airtable|fitment_json|shopify_meta|size_index|supplier_fitment,active_v1,Ditch Witch SK800,ditch-witch-sk800,/pages/equipment-model/ditch-witch-sk800,track_finder_v1
mdl_ditch_witch_sk850,br_ditch_witch,SK850,SK850,Compact Track Loader,Universal Quick-Attach,ts_230x72kx44,,,,,,,,Verified,airtable|fitment_json|shopify_meta|size_index|supplier_fitment,active_v1,Ditch Witch SK850,ditch-witch-sk850,/pages/equipment-model/ditch-witch-sk850,track_finder_v1
mdl_ditch_witch_sk900,br_ditch_witch,SK900,SK900,Compact Track Loader,Universal Quick-Attach,ts_230x72kx44,,,,,,,,Needs Review,airtable|shopify_meta|supplier_fitment,active_v1,Ditch Witch SK900,ditch-witch-sk900,/pages/equipment-model/ditch-witch-sk900,track_finder_v1
mdl_ditch_witch_sk_1050,br_ditch_witch,SK-1050,SK-1050,,,,,,,,,,,,size_index,reference,Ditch Witch SK-1050,,,
mdl_ditch_witch_sk_1550,br_ditch_witch,SK-1550,SK-1550,,,,,,,,,,,,size_index,reference,Ditch Witch SK-1550,,,
mdl_ditch_witch_sk_500,br_ditch_witch,SK-500,SK-500,,,ts_180x72x39,,,,,,,,,size_index,reference,Ditch Witch SK-500,,,
mdl_ditch_witch_sk_600,br_ditch_witch,SK-600,SK-600,,,ts_180x72x42,,,,,,,,,size_index,reference,Ditch Witch SK-600,,,
mdl_ditch_witch_sk_650,br_ditch_witch,SK-650,SK-650,,,ts_180x72x42,,,,,,,,,size_index,reference,Ditch Witch SK-650,,,
mdl_ditch_witch_sk_750,br_ditch_witch,SK-750,SK-750,,,,,,,,,,,,size_index,reference,Ditch Witch SK-750,,,
mdl_ditch_witch_sk_755,br_ditch_witch,SK-755,SK-755,,,,,,,,,,,,size_index,reference,Ditch Witch SK-755,,,
mdl_ditch_witch_xt1600,br_ditch_witch,XT1600,XT1600,,,,,,,,,,,,supplier_fitment,quarantine,Ditch Witch XT1600,,,
mdl_ditch_witch_xt850,br_ditch,WITCH XT850,WITCH XT850,,,,,,,,,,,Needs Review,airtable|supplier_fitment,quarantine,Ditch WITCH XT850,,,
mdl_doosan_daewoo_ah_30,br_doosan,DAEWOO AH 30,DAEWOO AH 30,Mini Excavator,,,,,,,,,,,shopify_meta,review,Doosan DAEWOO AH 30,,,
mdl_doosan_daewoo_sl_035,br_doosan,DAEWOO SL 035,DAEWOO SL 035,Mini Excavator,,,,,,,,,,,shopify_meta,review,Doosan DAEWOO SL 035,,,
mdl_doosan_daewoo_solar_007,br_doosan,DAEWOO SOLAR 007,DAEWOO SOLAR 007,,,,,,,,,,,,shopify_meta,quarantine,Doosan DAEWOO SOLAR 007,,,
mdl_doosan_daewoo_solar_010,br_doosan,DAEWOO SOLAR 010,DAEWOO SOLAR 010,,,,,,,,,,,,shopify_meta,quarantine,Doosan DAEWOO SOLAR 010,,,
mdl_doosan_daewoo_solar_030,br_doosan,DAEWOO SOLAR 030,DAEWOO SOLAR 030,Mini Excavator,,,,,,,,,,,shopify_meta,review,Doosan DAEWOO SOLAR 030,,,
mdl_doosan_daewoo_solar_035,br_doosan,DAEWOO SOLAR 035,DAEWOO SOLAR 035,Mini Excavator,,,,,,,,,,,shopify_meta,review,Doosan DAEWOO SOLAR 035,,,
mdl_doosan_daewoo_solar_10,br_doosan,DAEWOO SOLAR 10,DAEWOO SOLAR 10,,,,,,,,,,,,shopify_meta,quarantine,Doosan DAEWOO SOLAR 10,,,
mdl_doosan_daewoo_solar_25,br_doosan,DAEWOO SOLAR 25,DAEWOO SOLAR 25,Mini Excavator,,,,,,,,,,,shopify_meta,review,Doosan DAEWOO SOLAR 25,,,
mdl_doosan_daewoo_solar_35,br_doosan,DAEWOO SOLAR 35,DAEWOO SOLAR 35,Mini Excavator,,,,,,,,,,,shopify_meta,review,Doosan DAEWOO SOLAR 35,,,
mdl_doosan_daewoo_solar_55,br_doosan,DAEWOO SOLAR 55,DAEWOO SOLAR 55,Mini Excavator,,,,,,,,,,,shopify_meta,review,Doosan DAEWOO SOLAR 55,,,
mdl_doosan_daewoo_solar_55_3,br_doosan,DAEWOO SOLAR 55-3,DAEWOO SOLAR 55-3,Mini Excavator,,,,,,,,,,,shopify_meta,review,Doosan DAEWOO SOLAR 55-3,,,
mdl_doosan_daewoo_solar_55_5,br_doosan,DAEWOO SOLAR 55-5,DAEWOO SOLAR 55-5,Mini Excavator,,,,,,,,,,,shopify_meta,review,Doosan DAEWOO SOLAR 55-5,,,
mdl_doosan_daewoo_solar_55_v,br_doosan,DAEWOO SOLAR 55-V,DAEWOO SOLAR 55-V,Mini Excavator,,,,,,,,,,,shopify_meta,review,Doosan DAEWOO SOLAR 55-V,,,
mdl_doosan_dx27,br_doosan,DX27,DX27,,,,,,,,,,,,supplier_fitment,quarantine,Doosan DX27,,,
mdl_doosan_dx27z,br_doosan,DX27Z,DX27Z,Mini Excavator,Excavator Pin-On,ts_300x525nx80,,,,,,,,,fitment_json|shopify_meta,active_v1,Doosan DX27Z,doosan-dx27z,/pages/equipment-model/doosan-dx27z,track_finder_v1
mdl_doosan_dx30,br_doosan,DX30,DX30,,,,,,,,,,,,supplier_fitment,quarantine,Doosan DX30,,,
mdl_doosan_dx30z,br_doosan,DX30Z,DX30Z,Mini Excavator,Excavator Pin-On,ts_300x525nx84,,,,,,,,,fitment_json|shopify_meta|supplier_fitment,active_v1,Doosan DX30Z,doosan-dx30z,/pages/equipment-model/doosan-dx30z,track_finder_v1
mdl_doosan_dx35,br_doosan,DX35,DX35,Mini Excavator,,ts_300x525x86,,,,,,,,,supplier_fitment,active_v1,Doosan DX35,doosan-dx35,/pages/equipment-model/doosan-dx35,track_finder_v1
mdl_doosan_dx355,br_doosan,DX355,DX355,Mini Excavator,,ts_300x525nx84,,,,,,,,,fitment_json,active_v1,Doosan DX355,doosan-dx35-5,/pages/equipment-model/doosan-dx35-5,track_finder_v1
mdl_doosan_dx35_5,br_doosan,DX35-5,DX35-5,,,,,,,,,,,,supplier_fitment,reference,Doosan DX35-5,,,
mdl_doosan_dx35_z7,br_doosan,DX35-Z7,DX35-Z7,Mini Excavator,,ts_300x525x86,,,,,,,,,supplier_fitment,active_v1,Doosan DX35-Z7,doosan-dx35-z7,/pages/equipment-model/doosan-dx35-z7,track_finder_v1
mdl_doosan_dx35z,br_doosan,DX35Z,DX35Z,Mini Excavator,,ts_300x525x86,,,,,,,,,fitment_json|shopify_meta|supplier_fitment,active_v1,Doosan DX35Z,doosan-dx35z,/pages/equipment-model/doosan-dx35z,track_finder_v1
mdl_doosan_dx42_5,br_doosan,DX42-5,DX42-5,,,,,,,,,,,,supplier_fitment,quarantine,Doosan DX42-5,,,
mdl_doosan_dx50_5,br_doosan,DX50-5,DX50-5,,,,,,,,,,,,supplier_fitment,quarantine,Doosan DX50-5,,,
mdl_doosan_dx50_z7,br_doosan,DX50-Z7,DX50-Z7,,,,,,,,,,,,supplier_fitment,quarantine,Doosan DX50-Z7,,,
mdl_doosan_dx50k5,br_doosan,DX50K5,DX50K5,Mini Excavator,,ts_400x725kx74,,,,,,,,,fitment_json,active_v1,Doosan DX50K5,doosan-dx50k-5,/pages/equipment-model/doosan-dx50k-5,track_finder_v1
mdl_doosan_dx55,br_doosan,DX55,DX55,Mini Excavator,Excavator Pin-On,ts_400x725kx74,,,,,,,,,fitment_json|shopify_meta|supplier_fitment,active_v1,Doosan DX55,doosan-dx55,/pages/equipment-model/doosan-dx55,track_finder_v1
mdl_doosan_dx55_r7,br_doosan,DX55-R7,DX55-R7,,,,,,,,,,,,supplier_fitment,quarantine,Doosan DX55-R7,,,
mdl_doosan_dx55z,br_doosan,DX55Z,DX55Z,Mini Excavator,Excavator Pin-On,ts_400x725kx74,,,,,,,,,fitment_json|shopify_meta,active_v1,Doosan DX55Z,doosan-dx-55z,/pages/equipment-model/doosan-dx-55z,track_finder_v1
mdl_doosan_dx60r,br_doosan,DX60R,DX60R,Mini Excavator,,ts_400x725wx76,,,,,,,,,fitment_json|shopify_meta|size_index|supplier_fitment,active_v1,Doosan DX60R,doosan-dx60r,/pages/equipment-model/doosan-dx60r,track_finder_v1
mdl_doosan_dx62_r3,br_doosan,DX62-R3,DX62-R3,,,,,,,,,,,,supplier_fitment,reference,Doosan DX62-R3,,,
mdl_doosan_dx62r3,br_doosan,DX62R3,DX62R3,Mini Excavator,,ts_400x725wx76,,,,,,,,,fitment_json,active_v1,Doosan DX62R3,doosan-dx62r-3,/pages/equipment-model/doosan-dx62r-3,track_finder_v1
mdl_doosan_dx62r_3,br_doosan,DX62R-3,DX62R-3,,,,,,,,,,,,size_index,reference,Doosan DX62R-3,,,
mdl_doosan_dx633,br_doosan,DX633,DX633,Mini Excavator,,ts_400x725wx76,,,,,,,,,fitment_json,active_v1,Doosan DX633,doosan-dx63-3,/pages/equipment-model/doosan-dx63-3,track_finder_v1
mdl_doosan_dx63_3,br_doosan,DX63-3,DX63-3,,,,,,,,,,,,size_index|supplier_fitment,reference,Doosan DX63-3,,,
mdl_doosan_dx63r,br_doosan,DX63R,DX63R,,,,,,,,,,,,supplier_fitment,quarantine,Doosan DX63R,,,
mdl_doosan_dx80,br_doosan,DX80,DX80,,,,,,,,,,,,supplier_fitment,quarantine,Doosan DX80,,,
mdl_doosan_dx80r,br_doosan,DX80R,DX80R,Mini Excavator,,ts_450x81nx76,,,,,,,,,fitment_json|shopify_meta,active_v1,Doosan DX80R,doosan-dx80r,/pages/equipment-model/doosan-dx80r,track_finder_v1
mdl_doosan_dx85_r3,br_doosan,DX85-R3,DX85-R3,,,,,,,,,,,,supplier_fitment,reference,Doosan DX85-R3,,,
mdl_doosan_dx85r,br_doosan,DX85R,DX85R,Mini Excavator,,ts_450x81nx76,,,,,,,,,fitment_json|shopify_meta,active_v1,Doosan DX85R,doosan-dx85r,/pages/equipment-model/doosan-dx85r,track_finder_v1
mdl_doosan_dx85r3,br_doosan,DX85R3,DX85R3,Mini Excavator,,ts_450x81nx76,,,,,,,,,fitment_json,active_v1,Doosan DX85R3,doosan-dx85r-3,/pages/equipment-model/doosan-dx85r-3,track_finder_v1
mdl_doosan_dx_35z,br_doosan,DX-35Z,DX-35Z,,,ts_300x525x86,,,,,,,,,size_index,reference,Doosan DX-35Z,,,
mdl_doosan_dx_60r,br_doosan,DX-60R,DX-60R,,,,,,,,,,,,size_index,reference,Doosan DX-60R,,,
mdl_doosan_hr16,br_doosan,HR16,HR16,,,,,,,,,,,,supplier_fitment,quarantine,Doosan HR16,,,
mdl_doosan_hr3_7,br_doosan,HR3.7,HR3.7,,,,,,,,,,,,supplier_fitment,quarantine,Doosan HR3.7,,,
mdl_doosan_s55,br_doosan,S55,S55,Mini Excavator,Excavator Pin-On,ts_400x725kx74,,,,,,,,,fitment_json|shopify_meta,active_v1,Doosan S55,doosan-s55,/pages/equipment-model/doosan-s55,track_finder_v1
mdl_doosan_schaeff,br_doosan,SCHAEFF,SCHAEFF,,,,,,,,,,,,supplier_fitment,quarantine,Doosan SCHAEFF,,,
mdl_gehl_1044c_54_sii,br_gehl,1044C-54 SII,1044C-54 SII,,,,,,,,,,,,supplier_fitment,quarantine,Gehl 1044C-54 SII,,,
mdl_gehl_1202,br_gehl,1202,1202,,,,,,,,,,,,supplier_fitment|supplier_products,quarantine,Gehl 1202,,,
mdl_gehl_153,br_gehl,153,153,,,,,,,,,,,,supplier_fitment,quarantine,Gehl 153,,,
mdl_gehl_222,br_gehl,222,222,,,,,,,,,,,,size_index,quarantine,Gehl 222,,,
mdl_gehl_272,br_gehl,272,272,,,,,,,,,,,,supplier_fitment|supplier_products,quarantine,Gehl 272,,,
mdl_gehl_283z,br_gehl,283Z,283Z,,,,,,,,,,,,supplier_fitment,quarantine,Gehl 283Z,,,
mdl_gehl_292,br_gehl,292,292,,,,,,,,,,,,supplier_fitment,quarantine,Gehl 292,,,
mdl_gehl_303,br_gehl,303,303,Mini Excavator,Excavator Pin-On,ts_300x525nx78,29,6875,46.1,,3263,,,Needs Review,airtable|fitment_json|shopify_meta|supplier_fitment|supplier_products,active_v1,Gehl 303,gehl-303,/pages/equipment-model/gehl-303,track_finder_v1
mdl_gehl_3200vt,br_gehl,3200VT,3200VT,,,,,,,,,,,,supplier_fitment,quarantine,Gehl 3200VT,,,
mdl_gehl_353,br_gehl,353,353,,,,,,,,,,,,supplier_fitment|supplier_products,quarantine,Gehl 353,,,
mdl_gehl_3635,br_gehl,3635,3635,,,,,,,,,,,,supplier_fitment,quarantine,Gehl 3635,,,
mdl_gehl_3640e,br_gehl,3640E,3640E,,,,,,,,,,,,supplier_fitment,quarantine,Gehl 3640E,,,
mdl_gehl_373,br_gehl,373,373,,,,,,,,,,,,supplier_fitment,quarantine,Gehl 373,,,
mdl_gehl_3825,br_gehl,3825,3825,,,,,,,,,,,,supplier_fitment,quarantine,Gehl 3825,,,
mdl_gehl_383z,br_gehl,383Z,383Z,,,,,,,,,,,,supplier_fitment|supplier_products,quarantine,Gehl 383Z,,,
mdl_gehl_3935,br_gehl,3935,3935,,,,,,,,,,,,supplier_fitment,quarantine,Gehl 3935,,,
mdl_gehl_4240,br_gehl,4240,4240,,,,,,,,,,,,supplier_fitment,quarantine,Gehl 4240,,,
mdl_gehl_4510,br_gehl,4510,4510,,,,,,,,,,,,supplier_fitment|supplier_products,quarantine,Gehl 4510,,,
mdl_gehl_4515,br_gehl,4515,4515,,,,,,,,,,,,supplier_fitment,quarantine,Gehl 4515,,,
mdl_gehl_4610,br_gehl,4610,4610,,,,,,,,,,,,supplier_fitment,quarantine,Gehl 4610,,,
mdl_gehl_4615,br_gehl,4615,4615,,,,,,,,,,,,supplier_fitment,quarantine,Gehl 4615,,,
mdl_gehl_4625,br_gehl,4625,4625,,,,,,,,,,,,supplier_fitment,quarantine,Gehl 4625,,,
mdl_gehl_4635,br_gehl,4635,4635,,,,,,,,,,,,supplier_fitment,quarantine,Gehl 4635,,,
mdl_gehl_4640,br_gehl,4640,4640,,,,,,,,,,,,supplier_fitment,quarantine,Gehl 4640,,,
mdl_gehl_4640turbo,br_gehl,4640TURBO,4640TURBO,,,,,,,,,,,,supplier_fitment|supplier_products,quarantine,Gehl 4640TURBO,,,
mdl_gehl_4835,br_gehl,4835,4835,,,,,,,,,,,,supplier_fitment|supplier_products,quarantine,Gehl 4835,,,
mdl_gehl_4840,br_gehl,4840,4840,,,,,,,,,,,,supplier_fitment|supplier_products,quarantine,Gehl 4840,,,
mdl_gehl_502,br_gehl,502,502,Mini Excavator,Excavator Pin-On,ts_400x725kx74,,,,,,,,Needs Review,airtable|fitment_json|shopify_meta|supplier_fitment,active_v1,Gehl 502,gehl-502,/pages/equipment-model/gehl-502,track_finder_v1
mdl_gehl_503z,br_gehl,503Z,503Z,Mini Excavator,Excavator Pin-On,ts_400x725kx74,38,10582,43.9,,3481,,,Needs Review,airtable|fitment_json|shopify_meta|supplier_fitment,active_v1,Gehl 503Z,gehl-503z,/pages/equipment-model/gehl-503z,track_finder_v1
mdl_gehl_5240e,br_gehl,5240E,5240E,,,,,,,,,,,,supplier_fitment,quarantine,Gehl 5240E,,,
mdl_gehl_533,br_gehl,533,533,,,,,,,,,,,,supplier_fitment|supplier_products,quarantine,Gehl 533,,,
mdl_gehl_534d10_45,br_gehl,534D10-45,534D10-45,,,,,,,,,,,,supplier_fitment,quarantine,Gehl 534D10-45,,,
mdl_gehl_534d9_45,br_gehl,534D9-45,534D9-45,,,,,,,,,,,,supplier_fitment,quarantine,Gehl 534D9-45,,,
mdl_gehl_544d,br_gehl,544D,544D,,,,,,,,,,,,supplier_fitment,quarantine,Gehl 544D,,,
mdl_gehl_544d10_55,br_gehl,544D10-55,544D10-55,,,,,,,,,,,,supplier_fitment,quarantine,Gehl 544D10-55,,,
mdl_gehl_544d_10,br_gehl,544D-10,544D-10,,,,,,,,,,,,supplier_fitment,quarantine,Gehl 544D-10,,,
mdl_gehl_544g,br_gehl,544G,544G,,,,,,,,,,,,supplier_fitment,quarantine,Gehl 544G,,,
mdl_gehl_553,br_gehl,553,553,,,,,,,,,,,,supplier_fitment,quarantine,Gehl 553,,,
mdl_gehl_5625,br_gehl,5625,5625,,,,,,,,,,,,supplier_fitment,quarantine,Gehl 5625,,,
mdl_gehl_5635,br_gehl,5635,5635,,,,,,,,,,,,supplier_fitment,quarantine,Gehl 5635,,,
mdl_gehl_5640,br_gehl,5640,5640,,,,,,,,,,,,supplier_fitment,quarantine,Gehl 5640,,,
mdl_gehl_5640turbo,br_gehl,5640TURBO,5640TURBO,,,,,,,,,,,,supplier_fitment|supplier_products,quarantine,Gehl 5640TURBO,,,
mdl_gehl_602,br_gehl,602,602,,,,,,,,,,,,supplier_fitment,quarantine,Gehl 602,,,
mdl_gehl_603,br_gehl,603,603,Mini Excavator,Excavator Pin-On,ts_400x725kx74,69,12566,49.2,,3553,,,Needs Review,airtable|fitment_json|shopify_meta|supplier_fitment|supplier_products,active_v1,Gehl 603,gehl-603,/pages/equipment-model/gehl-603,track_finder_v1
mdl_gehl_644e_40,br_gehl,644E-40,644E-40,,,,,,,,,,,,supplier_fitment,quarantine,Gehl 644E-40,,,
mdl_gehl_644e_42,br_gehl,644E-42,644E-42,,,,,,,,,,,,supplier_fitment,quarantine,Gehl 644E-42,,,
mdl_gehl_6620,br_gehl,6620,6620,,,,,,,,,,,,supplier_fitment,quarantine,Gehl 6620,,,
mdl_gehl_6625,br_gehl,6625,6625,,,,,,,,,,,,supplier_fitment,quarantine,Gehl 6625,,,
mdl_gehl_6635,br_gehl,6635,6635,,,,,,,,,,,,supplier_fitment,quarantine,Gehl 6635,,,
mdl_gehl_6640,br_gehl,6640,6640,,,,,,,,,,,,supplier_fitment,quarantine,Gehl 6640,,,
mdl_gehl_753z,br_gehl,753Z,753Z,,,,,,,,,,,,supplier_fitment|supplier_products,quarantine,Gehl 753Z,,,
mdl_gehl_7600,br_gehl,7600,7600,,,,,,,,,,,,supplier_fitment|supplier_products,quarantine,Gehl 7600,,,
mdl_gehl_7800,br_gehl,7800,7800,,,,,,,,,,,,supplier_fitment,quarantine,Gehl 7800,,,
mdl_gehl_7810,br_gehl,7810,7810,,,,,,,,,,,,supplier_fitment,quarantine,Gehl 7810,,,
mdl_gehl_802,br_gehl,802,802,,,ts_450x71x84,,,,,,,,,shopify_meta|supplier_fitment|supplier_products,review,Gehl 802,,,
mdl_gehl_803,br_gehl,803,803,,,,,,,,,,,,supplier_fitment|supplier_products,quarantine,Gehl 803,,,
mdl_gehl_8042_duplicate,br_gehl,8042 DUPLICATE,8042 DUPLICATE,,,,,,,,,,,,supplier_fitment,quarantine,Gehl 8042 DUPLICATE,,,
mdl_gehl_844b_42,br_gehl,844B-42,844B-42,,,,,,,,,,,,supplier_fitment,quarantine,Gehl 844B-42,,,
mdl_gehl_883,br_gehl,883,883,,,,,,,,,,,,supplier_fitment,quarantine,Gehl 883,,,
mdl_gehl_ctl135,br_gehl,CTL135,CTL135,Skid Steer,,ts_320x86x52,,,,,,,,Needs Review,airtable,active_v1,Gehl CTL135,gehl-ctl135,/pages/equipment-model/gehl-ctl135,track_finder_v1
mdl_gehl_ctl165,br_gehl,CTL165,CTL165,Skid Steer,,ts_320x86bx49,,,,,,,,Needs Review,airtable|shopify_meta,active_v1,Gehl CTL165,gehl-ctl165,/pages/equipment-model/gehl-ctl165,track_finder_v1
mdl_gehl_ctl55,br_gehl,CTL55,CTL55,Skid Steer,,ts_320x86x52,,,,,,,,Verified,airtable|fitment_json|shopify_meta|supplier_fitment|supplier_products,active_v1,Gehl CTL55,gehl-ctl55,/pages/equipment-model/gehl-ctl55,track_finder_v1
mdl_gehl_ctl60,br_gehl,CTL60,CTL60,Skid Steer,Universal Quick-Attach,ts_320x86x52,66,7497,18.0,,2988,,,Verified,airtable|fitment_json|shopify_meta|supplier_fitment|supplier_products,active_v1,Gehl CTL60,gehl-ctl60,/pages/equipment-model/gehl-ctl60,track_finder_v1
mdl_gehl_ctl65,br_gehl,CTL65,CTL65,Skid Steer,Universal Quick-Attach,ts_320x86x52,67,8013,18.4,,2988,,,Verified,airtable|fitment_json|shopify_meta|supplier_fitment,active_v1,Gehl CTL65,gehl-ctl65,/pages/equipment-model/gehl-ctl65,track_finder_v1
mdl_gehl_ctl70,br_gehl,CTL70,CTL70,Skid Steer,Universal Quick-Attach,ts_450x100x48,81,9590,19.8,,2988,,,Verified,airtable|fitment_json|shopify_meta|size_index|supplier_fitment|supplier_products,active_v1,Gehl CTL70,gehl-ctl70,/pages/equipment-model/gehl-ctl70,track_finder_v1
mdl_gehl_ctl75,br_gehl,CTL75,CTL75,Skid Steer,Universal Quick-Attach,ts_450x100x48,83,9700,19.8,,2988,,,Verified,airtable|fitment_json|shopify_meta|size_index|supplier_fitment,active_v1,Gehl CTL75,gehl-ctl75,/pages/equipment-model/gehl-ctl75,track_finder_v1
mdl_gehl_ctl80,br_gehl,CTL80,CTL80,Skid Steer,Universal Quick-Attach,ts_450x100x50,97,10692,23.4,,2988,,,Verified,airtable|fitment_json|shopify_meta|size_index|supplier_fitment|supplier_products,active_v1,Gehl CTL80,gehl-ctl80,/pages/equipment-model/gehl-ctl80,track_finder_v1
mdl_gehl_ctl85,br_gehl,CTL85,CTL85,Skid Steer,Universal Quick-Attach,ts_450x100x50,92,11221,23.5,,2988,,,Verified,airtable|fitment_json|shopify_meta|size_index|supplier_fitment,active_v1,Gehl CTL85,gehl-ctl85,/pages/equipment-model/gehl-ctl85,track_finder_v1
mdl_gehl_ctl_70,br_gehl,CTL 70,CTL 70,,,ts_450x100x48,,,,,,,,,size_index,reference,Gehl CTL 70,,,
mdl_gehl_ctl_75,br_gehl,CTL 75,CTL 75,,,ts_450x100x48,,,,,,,,,size_index,reference,Gehl CTL 75,,,
mdl_gehl_ctl_80,br_gehl,CTL 80,CTL 80,,,ts_450x100x50,,,,,,,,,size_index,reference,Gehl CTL 80,,,
mdl_gehl_ctl_85,br_gehl,CTL 85,CTL 85,,,ts_450x100x50,,,,,,,,,size_index,reference,Gehl CTL 85,,,
mdl_gehl_dl11_55,br_gehl,DL11-55,DL11-55,,,,,,,,,,,,supplier_fitment,quarantine,Gehl DL11-55,,,
mdl_gehl_dl12,br_gehl,DL12,DL12,,,,,,,,,,,,supplier_fitment,quarantine,Gehl DL12,,,
mdl_gehl_dl12h40,br_gehl,DL12H40,DL12H40,,,,,,,,,,,,supplier_fitment,quarantine,Gehl DL12H40,,,
mdl_gehl_dl6h,br_gehl,DL6H,DL6H,,,,,,,,,,,,supplier_fitment,quarantine,Gehl DL6H,,,
mdl_gehl_dl8h,br_gehl,DL8H,DL8H,,,,,,,,,,,,supplier_fitment,quarantine,Gehl DL8H,,,
mdl_gehl_dl8l,br_gehl,DL8L,DL8L,,,,,,,,,,,,supplier_fitment,quarantine,Gehl DL8L,,,
mdl_gehl_dl9_44,br_gehl,DL9-44,DL9-44,,,,,,,,,,,,supplier_fitment,quarantine,Gehl DL9-44,,,
mdl_gehl_dl_10h_55,br_gehl,DL-10H-55,DL-10H-55,,,,,,,,,,,,supplier_fitment,quarantine,Gehl DL-10H-55,,,
mdl_gehl_g10_55a,br_gehl,G10-55A,G10-55A,,,,,,,,,,,,supplier_fitment,quarantine,Gehl G10-55A,,,
mdl_gehl_g5_18a,br_gehl,G5-18A,G5-18A,,,,,,,,,,,,supplier_fitment,quarantine,Gehl G5-18A,,,
mdl_gehl_g6_42a,br_gehl,G6-42A,G6-42A,,,,,,,,,,,,supplier_fitment,quarantine,Gehl G6-42A,,,
mdl_gehl_g6_42p,br_gehl,G6-42P,G6-42P,,,,,,,,,,,,supplier_fitment,quarantine,Gehl G6-42P,,,
mdl_gehl_g934a,br_gehl,G934A,G934A,,,,,,,,,,,,supplier_fitment,quarantine,Gehl G934A,,,
mdl_gehl_g943a,br_gehl,G943A,G943A,,,,,,,,,,,,supplier_fitment,quarantine,Gehl G943A,,,
mdl_gehl_g9_42a,br_gehl,G9-42A,G9-42A,,,,,,,,,,,,supplier_fitment,quarantine,Gehl G9-42A,,,
mdl_gehl_g9_43a,br_gehl,G9-43A,G9-43A,,,,,,,,,,,,supplier_fitment,quarantine,Gehl G9-43A,,,
mdl_gehl_ge152,br_gehl,GE152,GE152,,,,,,,,,,,,size_index,quarantine,Gehl GE152,,,
mdl_gehl_ge192,br_gehl,GE192,GE192,,,,,,,,,,,,supplier_fitment,quarantine,Gehl GE192,,,
mdl_gehl_ge222,br_gehl,GE222,GE222,,,,,,,,,,,,supplier_fitment|supplier_products,quarantine,Gehl GE222,,,
mdl_gehl_ge303,br_gehl,GE303,GE303,Mini Excavator,Excavator Pin-On,ts_300x525nx78,29,6875,46.1,,3263,,,Needs Review,airtable|fitment_json,active_v1,Gehl GE303,gehl-ge303,/pages/equipment-model/gehl-ge303,track_finder_v1
mdl_gehl_ge342,br_gehl,GE342,GE342,Mini Excavator,Excavator Pin-On,ts_300x525nx80,,,,,,,,Needs Review,airtable|shopify_meta|supplier_fitment|supplier_products,active_v1,Gehl GE342,gehl-ge342,/pages/equipment-model/gehl-ge342,track_finder_v1
mdl_gehl_ge362,br_gehl,GE362,GE362,Mini Excavator,Excavator Pin-On,ts_300x525nx84,,,,,,,,Needs Review,airtable|shopify_meta|supplier_fitment,active_v1,Gehl GE362,gehl-ge362,/pages/equipment-model/gehl-ge362,track_finder_v1
mdl_gehl_ge502,br_gehl,GE502,GE502,Mini Excavator,Excavator Pin-On,ts_400x725kx74,,,,,,,,Needs Review,airtable|fitment_json|shopify_meta|supplier_fitment,active_v1,Gehl GE502,gehl-ge502,/pages/equipment-model/gehl-ge502,track_finder_v1
mdl_gehl_ge503,br_gehl,GE503,GE503,Mini Excavator,Excavator Pin-On,ts_400x725kx74,,,,,,,,Needs Review,airtable|fitment_json,active_v1,Gehl GE503,gehl-ge503,/pages/equipment-model/gehl-ge503,track_finder_v1
mdl_gehl_ge602,br_gehl,GE602,GE602,Mini Excavator,Excavator Pin-On,ts_400x725kx74,,,,,,,,Needs Review,airtable|fitment_json|shopify_meta|supplier_fitment,active_v1,Gehl GE602,gehl-ge602,/pages/equipment-model/gehl-ge602,track_finder_v1
mdl_gehl_genie,br_gehl,GENIE,GENIE,,,,,,,,,,,,supplier_fitment,quarantine,Gehl GENIE,,,
mdl_gehl_gradall,br_gehl,GRADALL,GRADALL,,,,,,,,,,,,supplier_fitment,quarantine,Gehl GRADALL,,,
mdl_gehl_gth2506,br_gehl,GTH2506,GTH2506,,,,,,,,,,,,supplier_fitment,quarantine,Gehl GTH2506,,,
mdl_gehl_gth5519,br_gehl,GTH5519,GTH5519,,,,,,,,,,,,supplier_fitment,quarantine,Gehl GTH5519,,,
mdl_gehl_gth_5519,br_gehl,GTH-5519,GTH-5519,,,,,,,,,,,,supplier_fitment,quarantine,Gehl GTH-5519,,,
mdl_gehl_jlg,br_gehl,JLG,JLG,,,,,,,,,,,,supplier_fitment,quarantine,Gehl JLG,,,
mdl_gehl_lull,br_gehl,LULL,LULL,,,,,,,,,,,,supplier_fitment,quarantine,Gehl LULL,,,
mdl_gehl_mb28,br_gehl,MB28,MB28,Mini Excavator,Excavator Pin-On,ts_300x525nx78,,,,,,,,Needs Review,airtable|fitment_json,active_v1,Gehl MB28,gehl-mb28,/pages/equipment-model/gehl-mb28,track_finder_v1
mdl_gehl_r135,br_gehl,R135,R135,,,,,,,,,,,,supplier_fitment,quarantine,Gehl R135,,,
mdl_gehl_r150,br_gehl,R150,R150,,,,,,,,,,,,supplier_fitment,quarantine,Gehl R150,,,
mdl_gehl_r165,br_gehl,R165,R165,,,,,,,,,,,,supplier_fitment,quarantine,Gehl R165,,,
mdl_gehl_r190,br_gehl,R190,R190,,,,,,,,,,,,supplier_fitment|supplier_products,quarantine,Gehl R190,,,
mdl_gehl_r220,br_gehl,R220,R220,,,,,,,,,,,,supplier_fitment,quarantine,Gehl R220,,,
mdl_gehl_r260,br_gehl,R260,R260,,,,,,,,,,,,supplier_fitment|supplier_products,quarantine,Gehl R260,,,
mdl_gehl_rs10_55,br_gehl,RS10-55,RS10-55,,,,,,,,,,,,supplier_fitment,quarantine,Gehl RS10-55,,,
mdl_gehl_rs12_42,br_gehl,RS12-42,RS12-42,,,,,,,,,,,,supplier_fitment,quarantine,Gehl RS12-42,,,
mdl_gehl_rs4_14,br_gehl,RS4-14,RS4-14,,,,,,,,,,,,supplier_fitment|supplier_products,quarantine,Gehl RS4-14,,,
mdl_gehl_rs5_19,br_gehl,RS5-19,RS5-19,,,,,,,,,,,,supplier_fitment,quarantine,Gehl RS5-19,,,
mdl_gehl_rs6,br_gehl,RS6,RS6,,,,,,,,,,,,supplier_fitment,quarantine,Gehl RS6,,,
mdl_gehl_rs6_42,br_gehl,RS6-42,RS6-42,,,,,,,,,,,,supplier_fitment,quarantine,Gehl RS6-42,,,
mdl_gehl_rs8,br_gehl,RS8,RS8,,,,,,,,,,,,supplier_fitment,quarantine,Gehl RS8,,,
mdl_gehl_rs8_42,br_gehl,RS8-42,RS8-42,,,,,,,,,,,,supplier_fitment,quarantine,Gehl RS8-42,,,
mdl_gehl_rs8_44,br_gehl,RS8-44,RS8-44,,,,,,,,,,,,supplier_fitment,quarantine,Gehl RS8-44,,,
mdl_gehl_rt105,br_gehl,RT105,RT105,Compact Track Loader,Universal Quick-Attach,ts_250x72x52,,,,,,,,Needs Review,airtable|shopify_meta|supplier_fitment|supplier_products,active_v1,Gehl RT105,equipment-model-6awxkbkh,/pages/equipment-model/equipment-model-6awxkbkh,track_finder_v1
mdl_gehl_rt135,br_gehl,RT135,RT135,Mini Excavator,Universal Quick-Attach,ts_320x84bx46,,,,,,,,Needs Review,airtable|shopify_meta|size_index|supplier_fitment|supplier_products,active_v1,Gehl RT135,gehl-rt135,/pages/equipment-model/gehl-rt135,track_finder_v1
mdl_gehl_rt165,br_gehl,RT165,RT165,Skid Steer,Universal Quick-Attach,ts_320x86bx49,,,,,,,,Needs Review,airtable|fitment_json|shopify_meta|size_index|supplier_fitment|supplier_products,active_v1,Gehl RT165,gehl-rt165,/pages/equipment-model/gehl-rt165,track_finder_v1
mdl_gehl_rt175,br_gehl,RT175,RT175,Compact Track Loader,Universal Quick-Attach,,68,8605,18.5,,,,,Needs Review,airtable|shopify_meta|supplier_fitment,review,Gehl RT175,,,
mdl_gehl_rt185,br_gehl,RT185,RT185,Compact Track Loader,Universal Quick-Attach,,,,,,,,,Needs Review,airtable|shopify_meta|supplier_fitment|supplier_products,review,Gehl RT185,,,
mdl_gehl_rt210,br_gehl,RT210,RT210,Skid Steer,Universal Quick-Attach,ts_450x86bx56,70,9890,21.8,,,,,Needs Review,airtable|fitment_json|shopify_meta|supplier_fitment,active_v1,Gehl RT210,gehl-rt210,/pages/equipment-model/gehl-rt210,track_finder_v1
mdl_gehl_rt210_2,br_gehl,RT210-2,RT210-2,,,,,,,,,,,,supplier_fitment,quarantine,Gehl RT210-2,,,
mdl_gehl_rt215,br_gehl,RT215,RT215,Skid Steer,Universal Quick-Attach,ts_450x86bx56,,,,,,,,Needs Review,airtable|fitment_json|shopify_meta|supplier_fitment|supplier_products,active_v1,Gehl RT215,gehl-rt215,/pages/equipment-model/gehl-rt215,track_finder_v1
mdl_gehl_rt250,br_gehl,RT250,RT250,Skid Steer,Universal Quick-Attach,ts_450x86bx58,,,,,,,,Needs Review,airtable|fitment_json|shopify_meta|size_index|supplier_fitment|supplier_products,active_v1,Gehl RT250,gehl-rt250,/pages/equipment-model/gehl-rt250,track_finder_v1
mdl_gehl_rt255,br_gehl,RT255,RT255,Skid Steer,Universal Quick-Attach,ts_450x86bx58,,,,,,,,Needs Review,airtable|fitment_json|shopify_meta|size_index|supplier_fitment,active_v1,Gehl RT255,gehl-rt255,/pages/equipment-model/gehl-rt255,track_finder_v1
mdl_gehl_s40,br_gehl,S40,S40,,,,,,,,,,,,supplier_fitment,quarantine,Gehl S40,,,
mdl_gehl_s45,br_gehl,S45,S45,,,,,,,,,,,,supplier_fitment,quarantine,Gehl S45,,,
mdl_gehl_sj519th,br_gehl,SJ519TH,SJ519TH,,,,,,,,,,,,supplier_fitment,quarantine,Gehl SJ519TH,,,
mdl_gehl_skyjack,br_gehl,SKYJACK,SKYJACK,,,,,,,,,,,,supplier_fitment,quarantine,Gehl SKYJACK,,,
mdl_gehl_skytrak,br_gehl,SKYTRAK,SKYTRAK,,,,,,,,,,,,supplier_fitment,quarantine,Gehl SKYTRAK,,,
mdl_gehl_sl1625,br_gehl,SL1625,SL1625,,,,,,,,,,,,supplier_fitment|supplier_products,quarantine,Gehl SL1625,,,
mdl_gehl_sl3635sx,br_gehl,SL3635SX,SL3635SX,,,,,,,,,,,,supplier_fitment|supplier_products,quarantine,Gehl SL3635SX,,,
mdl_gehl_sl3935,br_gehl,SL3935,SL3935,,,,,,,,,,,,supplier_fitment,quarantine,Gehl SL3935,,,
mdl_gehl_sl3935sx,br_gehl,SL3935SX,SL3935SX,,,,,,,,,,,,supplier_fitment|supplier_products,quarantine,Gehl SL3935SX,,,
mdl_gehl_sl4635,br_gehl,SL4635,SL4635,,,,,,,,,,,,supplier_fitment,quarantine,Gehl SL4635,,,
mdl_gehl_sl4635sx,br_gehl,SL4635SX,SL4635SX,,,,,,,,,,,,supplier_fitment|supplier_products,quarantine,Gehl SL4635SX,,,
mdl_gehl_sl4635sxt_dxt,br_gehl,SL4635SXT DXT,SL4635SXT DXT,,,,,,,,,,,,supplier_fitment,quarantine,Gehl SL4635SXT DXT,,,
mdl_gehl_sl4835,br_gehl,SL4835,SL4835,,,,,,,,,,,,supplier_fitment,quarantine,Gehl SL4835,,,
mdl_gehl_sl4835sxt_dxt,br_gehl,SL4835SXT DXT,SL4835SXT DXT,,,,,,,,,,,,supplier_fitment,quarantine,Gehl SL4835SXT DXT,,,
mdl_gehl_sl5635,br_gehl,SL5635,SL5635,,,,,,,,,,,,supplier_fitment,quarantine,Gehl SL5635,,,
mdl_gehl_sl5635_sxt_dxt,br_gehl,SL5635 SXT DXT,SL5635 SXT DXT,,,,,,,,,,,,supplier_fitment,quarantine,Gehl SL5635 SXT DXT,,,
mdl_gehl_sl5635sxt_dxt,br_gehl,SL5635SXT DXT,SL5635SXT DXT,,,,,,,,,,,,supplier_fitment,quarantine,Gehl SL5635SXT DXT,,,
mdl_gehl_sl6635,br_gehl,SL6635,SL6635,,,,,,,,,,,,supplier_fitment|supplier_products,quarantine,Gehl SL6635,,,
mdl_gehl_sl6635sxt_dxt,br_gehl,SL6635SXT DXT,SL6635SXT DXT,,,,,,,,,,,,supplier_fitment,quarantine,Gehl SL6635SXT DXT,,,
mdl_gehl_sl7600,br_gehl,SL7600,SL7600,,,,,,,,,,,,supplier_fitment,quarantine,Gehl SL7600,,,
mdl_gehl_sl7610,br_gehl,SL7610,SL7610,,,,,,,,,,,,supplier_fitment,quarantine,Gehl SL7610,,,
mdl_gehl_sl7800,br_gehl,SL7800,SL7800,,,,,,,,,,,,supplier_fitment,quarantine,Gehl SL7800,,,
mdl_gehl_sl7810,br_gehl,SL7810,SL7810,,,,,,,,,,,,supplier_fitment,quarantine,Gehl SL7810,,,
mdl_gehl_sv270,br_gehl,SV270,SV270,,,,,,,,,,,,supplier_fitment,quarantine,Gehl SV270,,,
mdl_gehl_v270,br_gehl,V270,V270,,,,,,,,,,,,supplier_fitment,quarantine,Gehl V270,,,
mdl_gehl_v275,br_gehl,V275,V275,,,,,,,,,,,,supplier_fitment,quarantine,Gehl V275,,,
mdl_gehl_v330,br_gehl,V330,V330,,,,,,,,,,,,supplier_fitment,quarantine,Gehl V330,,,
mdl_gehl_v400,br_gehl,V400,V400,,,,,,,,,,,,supplier_fitment|supplier_products,quarantine,Gehl V400,,,
mdl_gehl_v420,br_gehl,V420,V420,,,,,,,,,,,,supplier_fitment,quarantine,Gehl V420,,,
mdl_gehl_vt210,br_gehl,VT210,VT210,Skid Steer,,ts_400x86bx50,,,,,,,,Needs Review,airtable|fitment_json|shopify_meta|size_index,active_v1,Gehl VT210,gehl-vt210,/pages/equipment-model/gehl-vt210,track_finder_v1
mdl_gehl_vt275,br_gehl,VT275,VT275,,,,,,,,,,,,supplier_fitment,quarantine,Gehl VT275,,,
mdl_gehl_vt320,br_gehl,VT320,VT320,Skid Steer,Universal Skid Steer,ts_450x86bx58,,10800,,,,,,Needs Review,airtable|fitment_json|shopify_meta|supplier_fitment,active_v1,Gehl VT320,gehl-vt320,/pages/equipment-model/gehl-vt320,track_finder_v1
mdl_gehl_z35,br_gehl,Z35,Z35,,,,,,,,,,,,supplier_fitment|supplier_products,quarantine,Gehl Z35,,,
mdl_gehl_z35gen2,br_gehl,Z35GEN2,Z35GEN2,,,,,,,,,,,,supplier_fitment|supplier_products,quarantine,Gehl Z35GEN2,,,
mdl_gehl_z45,br_gehl,Z45,Z45,,,,,,,,,,,,supplier_fitment|supplier_products,quarantine,Gehl Z45,,,
mdl_gehl_z55,br_gehl,Z55,Z55,,,,,,,,,,,,supplier_fitment|supplier_products,quarantine,Gehl Z55,,,
mdl_gehl_z80,br_gehl,Z80,Z80,,,,,,,,,,,,supplier_fitment|supplier_products,quarantine,Gehl Z80,,,
mdl_gehl_z_34_22ic_4wd,br_gehl,Z-34 22IC 4WD,Z-34 22IC 4WD,,,,,,,,,,,,supplier_fitment,quarantine,Gehl Z-34 22IC 4WD,,,
mdl_gehl_z_80,br_gehl,Z-80,Z-80,,,,,,,,,,,,size_index,quarantine,Gehl Z-80,,,
mdl_hanix_h12a,br_hanix,H12A,H12A,,,ts_230x96x31,,,,,,,,,size_index,review,Hanix H12A,,,
mdl_hanix_h15,br_hanix,H15,H15,,,,,,,,,,,,size_index,quarantine,Hanix H15,,,
mdl_hanix_h15a,br_hanix,H15A,H15A,,,ts_230x96x31,,,,,,,,,size_index,review,Hanix H15A,,,
mdl_hanix_h15b,br_hanix,H15B,H15B,,,ts_230x96x31,,,,,,,,,size_index,review,Hanix H15B,,,
mdl_hanix_h15b_2,br_hanix,H15B-2,H15B-2,,,,,,,,,,,,size_index,quarantine,Hanix H15B-2,,,
mdl_hanix_h36b,br_hanix,H36B,H36B,Mini Excavator,,ts_300x525nx84,,,,,,,,,fitment_json,active_v1,Hanix H36B,hanix-h36b,/pages/equipment-model/hanix-h36b,track_finder_v1
mdl_hanix_h36c,br_hanix,H36C,H36C,Mini Excavator,,ts_300x525nx84,,,,,,,,,fitment_json,active_v1,Hanix H36C,hanix-h36c,/pages/equipment-model/hanix-h36c,track_finder_v1
mdl_hanix_h36cr,br_hanix,H36CR,H36CR,Mini Excavator,,ts_300x525nx84,,,,,,,,,fitment_json,active_v1,Hanix H36CR,hanix-h36cr,/pages/equipment-model/hanix-h36cr,track_finder_v1
mdl_hanix_h36r,br_hanix,H36R,H36R,Mini Excavator,,ts_300x525nx84,,,,,,,,,fitment_json,active_v1,Hanix H36R,hanix-h36r,/pages/equipment-model/hanix-h36r,track_finder_v1
mdl_hanix_n120_2,br_hanix,N120-2,N120-2,,,,,,,,,,,,size_index,quarantine,Hanix N120-2,,,
mdl_hanix_n150_2,br_hanix,N150-2,N150-2,,,,,,,,,,,,size_index,quarantine,Hanix N150-2,,,
mdl_hanix_nh_120,br_hanix,NH-120,NH-120,,,,,,,,,,,,size_index,quarantine,Hanix NH-120,,,
mdl_hitachi_120,br_hitachi,120,120,,,,,,,,,,,,supplier_fitment,quarantine,Hitachi 120,,,
mdl_hitachi_30,br_hitachi,30,30,,,,,,,,,,,,supplier_fitment,quarantine,Hitachi 30,,,
mdl_hitachi_30u,br_hitachi,30U,30U,Mini Excavator,,ts_300x525x86,,,,,,,,,supplier_fitment,active_v1,Hitachi 30U,hitachi-30u,/pages/equipment-model/hitachi-30u,track_finder_v1
mdl_hitachi_35u,br_hitachi,35U,35U,Mini Excavator,,ts_300x525x86,,,,,,,,,supplier_fitment,active_v1,Hitachi 35U,hitachi-35u,/pages/equipment-model/hitachi-35u,track_finder_v1
mdl_hitachi_40u,br_hitachi,40U,40U,,,,,,,,,,,,supplier_fitment,quarantine,Hitachi 40U,,,
mdl_hitachi_50u,br_hitachi,50U,50U,,,,,,,,,,,,supplier_fitment,quarantine,Hitachi 50U,,,
mdl_hitachi_55u,br_hitachi,55U,55U,,,,,,,,,,,,supplier_fitment,quarantine,Hitachi 55U,,,
mdl_hitachi_85,br_hitachi,85,85,,,,,,,,,,,,supplier_fitment,quarantine,Hitachi 85,,,
mdl_hitachi_ex08,br_hitachi,EX08,EX08,,,,,,,,,,,,supplier_fitment,quarantine,Hitachi EX08,,,
mdl_hitachi_ex100,br_hitachi,EX100,EX100,,,,,,,,,,,,supplier_fitment,quarantine,Hitachi EX100,,,
mdl_hitachi_ex100_1,br_hitachi,EX100-1,EX100-1,,,,,,,,,,,,supplier_fitment,quarantine,Hitachi EX100-1,,,
mdl_hitachi_ex100_2,br_hitachi,EX100-2,EX100-2,,,,,,,,,,,,supplier_fitment,quarantine,Hitachi EX100-2,,,
mdl_hitachi_ex100_3,br_hitachi,EX100-3,EX100-3,,,,,,,,,,,,supplier_fitment,quarantine,Hitachi EX100-3,,,
mdl_hitachi_ex100_5,br_hitachi,EX100-5,EX100-5,,,,,,,,,,,,supplier_fitment,quarantine,Hitachi EX100-5,,,
mdl_hitachi_ex10u,br_hitachi,EX10U,EX10U,,,,,,,,,,,,supplier_fitment,quarantine,Hitachi EX10U,,,
mdl_hitachi_ex10ux,br_hitachi,EX10UX,EX10UX,,,,,,,,,,,,supplier_fitment,quarantine,Hitachi EX10UX,,,
mdl_hitachi_ex12,br_hitachi,EX12,EX12,Mini Excavator,Excavator Pin-On,ts_230x96x31,81,26000,50.2,,4980,,,Needs Review,airtable|shopify_meta|size_index|supplier_fitment,active_v1,Hitachi EX12,hitachi-ex12,/pages/equipment-model/hitachi-ex12,track_finder_v1
mdl_hitachi_ex120,br_hitachi,EX120,EX120,,,,,,,,,,,,supplier_fitment,quarantine,Hitachi EX120,,,
mdl_hitachi_ex120_2,br_hitachi,EX120-2,EX120-2,,,,,,,,,,,,supplier_fitment,quarantine,Hitachi EX120-2,,,
mdl_hitachi_ex120_5,br_hitachi,EX120-5,EX120-5,,,,,,,,,,,,supplier_fitment,quarantine,Hitachi EX120-5,,,
mdl_hitachi_ex12_1,br_hitachi,EX12-1,EX12-1,Mini Excavator,Excavator Pin-On,ts_230x96x31,,,,,,,,Needs Review,airtable|shopify_meta|supplier_fitment,active_v1,Hitachi EX12-1,hitachi-ex12-1,/pages/equipment-model/hitachi-ex12-1,track_finder_v1
mdl_hitachi_ex12_2,br_hitachi,EX12-2,EX12-2,Mini Excavator,Excavator Pin-On,ts_230x96x31,16,2976,8.1,,3058,,,Needs Review,airtable|shopify_meta|supplier_fitment,active_v1,Hitachi EX12-2,hitachi-ex12-2,/pages/equipment-model/hitachi-ex12-2,track_finder_v1
mdl_hitachi_ex135u,br_hitachi,EX135U,EX135U,,,,,,,,,,,,supplier_fitment,quarantine,Hitachi EX135U,,,
mdl_hitachi_ex135ur,br_hitachi,EX135UR,EX135UR,,,,,,,,,,,,supplier_fitment,quarantine,Hitachi EX135UR,,,
mdl_hitachi_ex135vr,br_hitachi,EX135VR,EX135VR,,,,,,,,,,,,supplier_fitment,quarantine,Hitachi EX135VR,,,
mdl_hitachi_ex138uu,br_hitachi,EX138UU,EX138UU,,,,,,,,,,,,supplier_fitment,quarantine,Hitachi EX138UU,,,
mdl_hitachi_ex14,br_hitachi,EX14,EX14,,,,,,,,,,,,supplier_fitment,quarantine,Hitachi EX14,,,
mdl_hitachi_ex14sr,br_hitachi,EX14SR,EX14SR,,,,,,,,,,,,supplier_fitment,quarantine,Hitachi EX14SR,,,
mdl_hitachi_ex15,br_hitachi,EX15,EX15,Mini Excavator,Excavator Pin-On,ts_230x96x31,17,3196,8.5,,3058,,,Needs Review,airtable|shopify_meta|size_index|supplier_fitment,active_v1,Hitachi EX15,hitachi-ex15,/pages/equipment-model/hitachi-ex15,track_finder_v1
mdl_hitachi_ex15_1,br_hitachi,EX15-1,EX15-1,Mini Excavator,Excavator Pin-On,ts_230x96x31,,,,,,,,Needs Review,airtable|shopify_meta|supplier_fitment,active_v1,Hitachi EX15-1,hitachi-ex15-1,/pages/equipment-model/hitachi-ex15-1,track_finder_v1
mdl_hitachi_ex15_2,br_hitachi,EX15-2,EX15-2,Mini Excavator,Excavator Pin-On,ts_230x96x31,17,3196,8.5,,3058,,,Needs Review,airtable|shopify_meta|supplier_fitment,active_v1,Hitachi EX15-2,hitachi-ex15-2,/pages/equipment-model/hitachi-ex15-2,track_finder_v1
mdl_hitachi_ex15sr,br_hitachi,EX15SR,EX15SR,,,,,,,,,,,,supplier_fitment,quarantine,Hitachi EX15SR,,,
mdl_hitachi_ex15u,br_hitachi,EX15U,EX15U,Mini Excavator,Excavator Pin-On,ts_230x96x31,,,,,,,,Needs Review,airtable|shopify_meta|supplier_fitment,active_v1,Hitachi EX15U,hitachi-ex15u,/pages/equipment-model/hitachi-ex15u,track_finder_v1
mdl_hitachi_ex15ur,br_hitachi,EX15UR,EX15UR,,,,,,,,,,,,supplier_fitment,quarantine,Hitachi EX15UR,,,
mdl_hitachi_ex16,br_hitachi,EX16,EX16,Mini Excavator,Excavator Pin-On,ts_230x96x31,104,38195,33.3,,50,,,Needs Review,airtable|shopify_meta|size_index|supplier_fitment,active_v1,Hitachi EX16,hitachi-ex16,/pages/equipment-model/hitachi-ex16,track_finder_v1
mdl_hitachi_ex17,br_hitachi,EX17,EX17,Mini Excavator,,ts_230x48x70,,,,,,,,,size_index|supplier_fitment,active_v1,Hitachi EX17,hitachi-ex17,/pages/equipment-model/hitachi-ex17,track_finder_v1
mdl_hitachi_ex17u,br_hitachi,EX17U,EX17U,,,,,,,,,,,,supplier_fitment,quarantine,Hitachi EX17U,,,
mdl_hitachi_ex18_2,br_hitachi,EX18-2,EX18-2,,,,,,,,,,,,supplier_fitment,quarantine,Hitachi EX18-2,,,
mdl_hitachi_ex20_2,br_hitachi,EX20-2,EX20-2,,,,,,,,,,,,supplier_fitment,quarantine,Hitachi EX20-2,,,
mdl_hitachi_ex20u_3,br_hitachi,EX20U-3,EX20U-3,,,,,,,,,,,,supplier_fitment,quarantine,Hitachi EX20U-3,,,
mdl_hitachi_ex20ur,br_hitachi,EX20UR,EX20UR,,,,,,,,,,,,supplier_fitment,quarantine,Hitachi EX20UR,,,
mdl_hitachi_ex20ur_1,br_hitachi,EX20UR-1,EX20UR-1,,,,,,,,,,,,supplier_fitment,quarantine,Hitachi EX20UR-1,,,
mdl_hitachi_ex20ur_2,br_hitachi,EX20UR-2,EX20UR-2,,,,,,,,,,,,supplier_fitment,quarantine,Hitachi EX20UR-2,,,
mdl_hitachi_ex20ur_3,br_hitachi,EX20UR-3,EX20UR-3,,,,,,,,,,,,supplier_fitment,quarantine,Hitachi EX20UR-3,,,
mdl_hitachi_ex21,br_hitachi,EX21,EX21,,,,,,,,,,,,supplier_fitment,quarantine,Hitachi EX21,,,
mdl_hitachi_ex22,br_hitachi,EX22,EX22,,,,,,,,,,,,supplier_fitment,quarantine,Hitachi EX22,,,
mdl_hitachi_ex22_1,br_hitachi,EX22-1,EX22-1,,,,,,,,,,,,supplier_fitment,quarantine,Hitachi EX22-1,,,
mdl_hitachi_ex22_2,br_hitachi,EX22-2,EX22-2,,,,,,,,,,,,supplier_fitment,quarantine,Hitachi EX22-2,,,
mdl_hitachi_ex24,br_hitachi,EX24,EX24,,,,,,,,,,,,supplier_fitment,quarantine,Hitachi EX24,,,
mdl_hitachi_ex24u,br_hitachi,EX24U,EX24U,,,,,,,,,,,,supplier_fitment,quarantine,Hitachi EX24U,,,
mdl_hitachi_ex25,br_hitachi,EX25,EX25,,,,,,,,,,,,supplier_fitment,quarantine,Hitachi EX25,,,
mdl_hitachi_ex25_1,br_hitachi,EX25-1,EX25-1,,,,,,,,,,,,supplier_fitment,quarantine,Hitachi EX25-1,,,
mdl_hitachi_ex25_2,br_hitachi,EX25-2,EX25-2,,,,,,,,,,,,supplier_fitment,quarantine,Hitachi EX25-2,,,
mdl_hitachi_ex25u,br_hitachi,EX25U,EX25U,,,,,,,,,,,,supplier_fitment,quarantine,Hitachi EX25U,,,
mdl_hitachi_ex26,br_hitachi,EX26,EX26,,,,,,,,,,,,supplier_fitment,quarantine,Hitachi EX26,,,
mdl_hitachi_ex27,br_hitachi,EX27,EX27,,,,,,,,,,,,supplier_fitment,quarantine,Hitachi EX27,,,
mdl_hitachi_ex27u,br_hitachi,EX27U,EX27U,,,,,,,,,,,,supplier_fitment,quarantine,Hitachi EX27U,,,
mdl_hitachi_ex29u,br_hitachi,EX29U,EX29U,,,,,,,,,,,,supplier_fitment,quarantine,Hitachi EX29U,,,
mdl_hitachi_ex29ur,br_hitachi,EX29UR,EX29UR,,,,,,,,,,,,supplier_fitment,quarantine,Hitachi EX29UR,,,
mdl_hitachi_ex30,br_hitachi,EX30,EX30,,,,,,,,,,,,supplier_fitment,quarantine,Hitachi EX30,,,
mdl_hitachi_ex30_1,br_hitachi,EX30-1,EX30-1,,,,,,,,,,,,supplier_fitment,quarantine,Hitachi EX30-1,,,
mdl_hitachi_ex30_2,br_hitachi,EX30-2,EX30-2,,,,,,,,,,,,supplier_fitment,quarantine,Hitachi EX30-2,,,
mdl_hitachi_ex30u,br_hitachi,EX30U,EX30U,,,,,,,,,,,,supplier_fitment,quarantine,Hitachi EX30U,,,
mdl_hitachi_ex30ur,br_hitachi,EX30UR,EX30UR,,,,,,,,,,,,supplier_fitment,quarantine,Hitachi EX30UR,,,
mdl_hitachi_ex30ur_1,br_hitachi,EX30UR-1,EX30UR-1,,,,,,,,,,,,supplier_fitment,quarantine,Hitachi EX30UR-1,,,
mdl_hitachi_ex30ur_2,br_hitachi,EX30UR-2,EX30UR-2,,,,,,,,,,,,supplier_fitment,quarantine,Hitachi EX30UR-2,,,
mdl_hitachi_ex30ur_3,br_hitachi,EX30UR-3,EX30UR-3,,,,,,,,,,,,supplier_fitment,quarantine,Hitachi EX30UR-3,,,
mdl_hitachi_ex32u,br_hitachi,EX32U,EX32U,,,,,,,,,,,,supplier_fitment,quarantine,Hitachi EX32U,,,
mdl_hitachi_ex33,br_hitachi,EX33,EX33,,,,,,,,,,,,supplier_fitment,quarantine,Hitachi EX33,,,
mdl_hitachi_ex33mu,br_hitachi,EX33MU,EX33MU,,,,,,,,,,,,supplier_fitment,quarantine,Hitachi EX33MU,,,
mdl_hitachi_ex33u,br_hitachi,EX33U,EX33U,,,,,,,,,,,,supplier_fitment,quarantine,Hitachi EX33U,,,
mdl_hitachi_ex35,br_hitachi,EX35,EX35,Mini Excavator,Excavator Pin-On,ts_300x525nx84,25,7121,20.0,,3271,,,Needs Review,airtable|fitment_json|shopify_meta|supplier_fitment,active_v1,Hitachi EX35,hitachi-ex35,/pages/equipment-model/hitachi-ex35,track_finder_v1
mdl_hitachi_ex351,br_hitachi,EX351,EX351,Mini Excavator,Excavator Pin-On,ts_300x525nx84,,,,,,,,Needs Review,airtable|fitment_json|shopify_meta,active_v1,Hitachi EX351,hitachi-ex35-1,/pages/equipment-model/hitachi-ex35-1,track_finder_v1
mdl_hitachi_ex35_1,br_hitachi,EX35-1,EX35-1,,,,,,,,,,,,supplier_fitment,reference,Hitachi EX35-1,,,
mdl_hitachi_ex35_2,br_hitachi,EX35-2,EX35-2,,,,,,,,,,,,supplier_fitment,quarantine,Hitachi EX35-2,,,
mdl_hitachi_ex35u,br_hitachi,EX35U,EX35U,,,,,,,,,,,,supplier_fitment,quarantine,Hitachi EX35U,,,
mdl_hitachi_ex36u,br_hitachi,EX36U,EX36U,Mini Excavator,,ts_300x525x86,,,,,,,,,supplier_fitment,active_v1,Hitachi EX36U,hitachi-ex36u,/pages/equipment-model/hitachi-ex36u,track_finder_v1
mdl_hitachi_ex40,br_hitachi,EX40,EX40,,,,,,,,,,,,supplier_fitment,quarantine,Hitachi EX40,,,
mdl_hitachi_ex40_1,br_hitachi,EX40-1,EX40-1,,,,,,,,,,,,supplier_fitment,quarantine,Hitachi EX40-1,,,
mdl_hitachi_ex40_2,br_hitachi,EX40-2,EX40-2,,,,,,,,,,,,supplier_fitment,quarantine,Hitachi EX40-2,,,
mdl_hitachi_ex40u,br_hitachi,EX40U,EX40U,,,,,,,,,,,,supplier_fitment,quarantine,Hitachi EX40U,,,
mdl_hitachi_ex40ur,br_hitachi,EX40UR,EX40UR,Mini Excavator,Excavator Pin-On,ts_300x525nx84,,,,,,,,Needs Review,airtable|fitment_json|shopify_meta|supplier_fitment,active_v1,Hitachi EX40UR,hitachi-ex40ur,/pages/equipment-model/hitachi-ex40ur,track_finder_v1
mdl_hitachi_ex40ur_1,br_hitachi,EX40UR-1,EX40UR-1,,,,,,,,,,,,supplier_fitment,quarantine,Hitachi EX40UR-1,,,
mdl_hitachi_ex40ur_2,br_hitachi,EX40UR-2,EX40UR-2,,,,,,,,,,,,supplier_fitment,quarantine,Hitachi EX40UR-2,,,
mdl_hitachi_ex40ur_3,br_hitachi,EX40UR-3,EX40UR-3,Mini Excavator,,ts_300x525x86,,,,,,,,,supplier_fitment,active_v1,Hitachi EX40UR-3,hitachi-ex40ur-3,/pages/equipment-model/hitachi-ex40ur-3,track_finder_v1
mdl_hitachi_ex40urg,br_hitachi,EX40URG,EX40URG,,,,,,,,,,,,supplier_fitment,quarantine,Hitachi EX40URG,,,
mdl_hitachi_ex45,br_hitachi,EX45,EX45,,,,,,,,,,,,supplier_fitment,quarantine,Hitachi EX45,,,
mdl_hitachi_ex45_1,br_hitachi,EX45-1,EX45-1,,,,,,,,,,,,supplier_fitment,quarantine,Hitachi EX45-1,,,
mdl_hitachi_ex45_2,br_hitachi,EX45-2,EX45-2,,,,,,,,,,,,supplier_fitment,quarantine,Hitachi EX45-2,,,
mdl_hitachi_ex5,br_hitachi,EX5,EX5,,,ts_180x72x33,,,,,,,,,shopify_meta|supplier_fitment,review,Hitachi EX5,,,
mdl_hitachi_ex50,br_hitachi,EX50,EX50,,,,,,,,,,,,supplier_fitment,quarantine,Hitachi EX50,,,
mdl_hitachi_ex50_1,br_hitachi,EX50-1,EX50-1,,,,,,,,,,,,supplier_fitment,quarantine,Hitachi EX50-1,,,
mdl_hitachi_ex50_2,br_hitachi,EX50-2,EX50-2,,,,,,,,,,,,supplier_fitment,quarantine,Hitachi EX50-2,,,
mdl_hitachi_ex50u,br_hitachi,EX50U,EX50U,Mini Excavator,Excavator Pin-On,ts_400x725kx74,,,,,,,,Needs Review,airtable|fitment_json|shopify_meta|supplier_fitment,active_v1,Hitachi EX50U,hitachi-ex50u,/pages/equipment-model/hitachi-ex50u,track_finder_v1
mdl_hitachi_ex50ur,br_hitachi,EX50UR,EX50UR,,,,,,,,,,,,supplier_fitment,quarantine,Hitachi EX50UR,,,
mdl_hitachi_ex50ur_2,br_hitachi,EX50UR-2,EX50UR-2,,,,,,,,,,,,supplier_fitment,quarantine,Hitachi EX50UR-2,,,
mdl_hitachi_ex50urg,br_hitachi,EX50URG,EX50URG,,,,,,,,,,,,supplier_fitment,quarantine,Hitachi EX50URG,,,
mdl_hitachi_ex55,br_hitachi,EX55,EX55,,,,,,,,,,,,supplier_fitment,quarantine,Hitachi EX55,,,
mdl_hitachi_ex55ur,br_hitachi,EX55UR,EX55UR,,,,,,,,,,,,supplier_fitment,quarantine,Hitachi EX55UR,,,
mdl_hitachi_ex55ur_2,br_hitachi,EX55UR-2,EX55UR-2,,,,,,,,,,,,supplier_fitment,quarantine,Hitachi EX55UR-2,,,
mdl_hitachi_ex55ur_3,br_hitachi,EX55UR-3,EX55UR-3,,,,,,,,,,,,supplier_fitment,quarantine,Hitachi EX55UR-3,,,
mdl_hitachi_ex55urg,br_hitachi,EX55URG,EX55URG,,,,,,,,,,,,supplier_fitment,quarantine,Hitachi EX55URG,,,
mdl_hitachi_ex58,br_hitachi,EX58,EX58,,,,,,,,,,,,supplier_fitment,quarantine,Hitachi EX58,,,
mdl_hitachi_ex58mu,br_hitachi,EX58MU,EX58MU,Mini Excavator,Excavator Pin-On,ts_400x725kx74,,,,,,,,Needs Review,airtable|fitment_json|shopify_meta|supplier_fitment,active_v1,Hitachi EX58MU,hitachi-ex58mu,/pages/equipment-model/hitachi-ex58mu,track_finder_v1
mdl_hitachi_ex60,br_hitachi,EX60,EX60,,,,,,,,,,,,supplier_fitment,quarantine,Hitachi EX60,,,
mdl_hitachi_ex60_1,br_hitachi,EX60-1,EX60-1,,,,,,,,,,,,supplier_fitment,quarantine,Hitachi EX60-1,,,
mdl_hitachi_ex60_2,br_hitachi,EX60-2,EX60-2,,,,,,,,,,,,supplier_fitment,quarantine,Hitachi EX60-2,,,
mdl_hitachi_ex60_3,br_hitachi,EX60-3,EX60-3,,,,,,,,,,,,supplier_fitment,quarantine,Hitachi EX60-3,,,
mdl_hitachi_ex60_3a,br_hitachi,EX60-3A,EX60-3A,,,,,,,,,,,,supplier_fitment,quarantine,Hitachi EX60-3A,,,
mdl_hitachi_ex60_5,br_hitachi,EX60-5,EX60-5,,,,,,,,,,,,supplier_fitment,quarantine,Hitachi EX60-5,,,
mdl_hitachi_ex60lc,br_hitachi,EX60LC,EX60LC,,,,,,,,,,,,supplier_fitment,quarantine,Hitachi EX60LC,,,
mdl_hitachi_ex60lc_2,br_hitachi,EX60LC-2,EX60LC-2,,,,,,,,,,,,supplier_fitment,quarantine,Hitachi EX60LC-2,,,
mdl_hitachi_ex60lc_3,br_hitachi,EX60LC-3,EX60LC-3,,,,,,,,,,,,supplier_fitment,quarantine,Hitachi EX60LC-3,,,
mdl_hitachi_ex60lc_5,br_hitachi,EX60LC-5,EX60LC-5,,,,,,,,,,,,supplier_fitment,quarantine,Hitachi EX60LC-5,,,
mdl_hitachi_ex60ur,br_hitachi,EX60UR,EX60UR,,,,,,,,,,,,supplier_fitment,quarantine,Hitachi EX60UR,,,
mdl_hitachi_ex60urg,br_hitachi,EX60URG,EX60URG,,,,,,,,,,,,supplier_fitment,quarantine,Hitachi EX60URG,,,
mdl_hitachi_ex60urg_2,br_hitachi,EX60URG-2,EX60URG-2,,,,,,,,,,,,supplier_fitment,quarantine,Hitachi EX60URG-2,,,
mdl_hitachi_ex7,br_hitachi,EX7,EX7,,,,,,,,,,,,supplier_fitment,quarantine,Hitachi EX7,,,
mdl_hitachi_ex70,br_hitachi,EX70,EX70,,,,,,,,,,,,supplier_fitment,quarantine,Hitachi EX70,,,
mdl_hitachi_ex70lc_5,br_hitachi,EX70LC-5,EX70LC-5,,,,,,,,,,,,supplier_fitment,quarantine,Hitachi EX70LC-5,,,
mdl_hitachi_ex70u,br_hitachi,EX70U,EX70U,,,,,,,,,,,,supplier_fitment,quarantine,Hitachi EX70U,,,
mdl_hitachi_ex75,br_hitachi,EX75,EX75,,,,,,,,,,,,supplier_fitment,quarantine,Hitachi EX75,,,
mdl_hitachi_ex75_2,br_hitachi,EX75-2,EX75-2,,,,,,,,,,,,supplier_fitment,quarantine,Hitachi EX75-2,,,
mdl_hitachi_ex75ur,br_hitachi,EX75UR,EX75UR,,,,,,,,,,,,fitment_json|supplier_fitment,reference,Hitachi EX75UR,,,
mdl_hitachi_ex75ur_2,br_hitachi,EX75UR-2,EX75UR-2,,,,,,,,,,,,supplier_fitment,quarantine,Hitachi EX75UR-2,,,
mdl_hitachi_ex75ur_5,br_hitachi,EX75UR-5,EX75UR-5,,,,,,,,,,,,supplier_fitment,quarantine,Hitachi EX75UR-5,,,
mdl_hitachi_ex75us,br_hitachi,EX75US,EX75US,,,,,,,,,,,,supplier_fitment,quarantine,Hitachi EX75US,,,
mdl_hitachi_ex75us_7,br_hitachi,EX75US-7,EX75US-7,,,,,,,,,,,,supplier_fitment,quarantine,Hitachi EX75US-7,,,
mdl_hitachi_ex80,br_hitachi,EX80,EX80,,,,,,,,,,,,supplier_fitment,quarantine,Hitachi EX80,,,
mdl_hitachi_ex80u,br_hitachi,EX80U,EX80U,,,,,,,,,,,,supplier_fitment,quarantine,Hitachi EX80U,,,
mdl_hitachi_ex8_2,br_hitachi,EX8-2,EX8-2,,,,,,,,,,,,supplier_fitment,quarantine,Hitachi EX8-2,,,
mdl_hitachi_ex_21,br_hitachi,EX-21,EX-21,,,,,,,,,,,,size_index,quarantine,Hitachi EX-21,,,
mdl_hitachi_ex_22,br_hitachi,EX-22,EX-22,,,,,,,,,,,,size_index,quarantine,Hitachi EX-22,,,
mdl_hitachi_ex_22_1,br_hitachi,EX-22-1,EX-22-1,,,,,,,,,,,,size_index,quarantine,Hitachi EX-22-1,,,
mdl_hitachi_ex_22_2,br_hitachi,EX-22-2,EX-22-2,,,,,,,,,,,,size_index,quarantine,Hitachi EX-22-2,,,
mdl_hitachi_ex_24,br_hitachi,EX-24,EX-24,,,,,,,,,,,,size_index,quarantine,Hitachi EX-24,,,
mdl_hitachi_ex_35_u,br_hitachi,EX-35-U,EX-35-U,Mini Excavator,,ts_300x525x86,,,,,,,,,size_index,active_v1,Hitachi EX-35-U,hitachi-ex35u,/pages/equipment-model/hitachi-ex35u,track_finder_v1
mdl_hitachi_ex_55,br_hitachi,EX-55,EX-55,,,,,,,,,,,,size_index,quarantine,Hitachi EX-55,,,
mdl_hitachi_ex_75_ur_5,br_hitachi,EX-75-UR-5,EX-75-UR-5,,,,,,,,,,,,size_index,quarantine,Hitachi EX-75-UR-5,,,
mdl_hitachi_ex_75_us,br_hitachi,EX-75-US,EX-75-US,,,,,,,,,,,,size_index,quarantine,Hitachi EX-75-US,,,
mdl_hitachi_ex_75_us_7,br_hitachi,EX-75-US-7,EX-75-US-7,,,,,,,,,,,,size_index,quarantine,Hitachi EX-75-US-7,,,
mdl_hitachi_hanix_h29a,br_hitachi,HANIX H29A,HANIX H29A,Mini Excavator,Excavator Pin-On,,,,,,,,,Needs Review,airtable,review,Hitachi HANIX H29A,,,
mdl_hitachi_hanix_h30,br_hitachi,HANIX H30,HANIX H30,Mini Excavator,Excavator Pin-On,,,,,,,,,Needs Review,airtable|shopify_meta,review,Hitachi HANIX H30,,,
mdl_hitachi_hanix_h302,br_hitachi,HANIX H302,HANIX H302,Mini Excavator,Excavator Pin-On,,,,,,,,,Needs Review,airtable|shopify_meta,review,Hitachi HANIX H302,,,
mdl_hitachi_hanix_h30a,br_hitachi,HANIX H30A,HANIX H30A,Mini Excavator,Excavator Pin-On,,,,,,,,,Needs Review,airtable|shopify_meta,review,Hitachi HANIX H30A,,,
mdl_hitachi_hanix_h35,br_hitachi,HANIX H35,HANIX H35,Mini Excavator,Excavator Pin-On,,,,,,,,,Needs Review,airtable,review,Hitachi HANIX H35,,,
mdl_hitachi_hanix_h35a,br_hitachi,HANIX H35A,HANIX H35A,Mini Excavator,Excavator Pin-On,,,,,,,,,Needs Review,airtable,review,Hitachi HANIX H35A,,,
mdl_hitachi_hanix_h36a,br_hitachi,HANIX H36A,HANIX H36A,Mini Excavator,Excavator Pin-On,,,,,,,,,Needs Review,airtable,review,Hitachi HANIX H36A,,,
mdl_hitachi_hanix_h36b,br_hitachi,HANIX H36B,HANIX H36B,Mini Excavator,Excavator Pin-On,,,,,,,,,Needs Review,airtable|shopify_meta,review,Hitachi HANIX H36B,,,
mdl_hitachi_hanix_h36c,br_hitachi,HANIX H36C,HANIX H36C,Mini Excavator,Excavator Pin-On,,,,,,,,,Needs Review,airtable|shopify_meta,review,Hitachi HANIX H36C,,,
mdl_hitachi_hanix_h36cr,br_hitachi,HANIX H36CR,HANIX H36CR,Mini Excavator,Excavator Pin-On,,,,,,,,,Needs Review,airtable|shopify_meta,review,Hitachi HANIX H36CR,,,
mdl_hitachi_hanix_h36r,br_hitachi,HANIX H36R,HANIX H36R,Mini Excavator,Excavator Pin-On,,,,,,,,,Needs Review,airtable|shopify_meta,review,Hitachi HANIX H36R,,,
mdl_hitachi_hanix_n3002,br_hitachi,HANIX N3002,HANIX N3002,Mini Excavator,Excavator Pin-On,,,,,,,,,Needs Review,airtable|shopify_meta,review,Hitachi HANIX N3002,,,
mdl_hitachi_hanix_n350,br_hitachi,HANIX N350,HANIX N350,Mini Excavator,Excavator Pin-On,,,,,,,,,Needs Review,airtable,review,Hitachi HANIX N350,,,
mdl_hitachi_hanix_n3502,br_hitachi,HANIX N3502,HANIX N3502,Mini Excavator,Excavator Pin-On,,,,,,,,,Needs Review,airtable,review,Hitachi HANIX N3502,,,
mdl_hitachi_hanix_sb300,br_hitachi,HANIX SB300,HANIX SB300,Mini Excavator,Excavator Pin-On,,,,,,,,,Needs Review,airtable|shopify_meta,review,Hitachi HANIX SB300,,,
mdl_hitachi_he10,br_hitachi,HE10,HE10,,,,,,,,,,,,supplier_fitment,quarantine,Hitachi HE10,,,
mdl_hitachi_hm25,br_hitachi,HM25,HM25,,,,,,,,,,,,supplier_fitment,quarantine,Hitachi HM25,,,
mdl_hitachi_hx140b,br_hitachi,HX140B,HX140B,,,,,,,,,,,,supplier_fitment,quarantine,Hitachi HX140B,,,
mdl_hitachi_hx64b,br_hitachi,HX64B,HX64B,,,,,,,,,,,,supplier_fitment,quarantine,Hitachi HX64B,,,
mdl_hitachi_hx99b,br_hitachi,HX99B,HX99B,,,,,,,,,,,,supplier_fitment,quarantine,Hitachi HX99B,,,
mdl_hitachi_hx99b_2,br_hitachi,HX99B-2,HX99B-2,,,,,,,,,,,,supplier_fitment,quarantine,Hitachi HX99B-2,,,
mdl_hitachi_sh15_2,br_hitachi,SH15-2,SH15-2,Mini Excavator,Excavator Pin-On,ts_230x96x31,,,,,,,,Needs Review,airtable|shopify_meta|supplier_fitment,active_v1,Hitachi SH15-2,hitachi-sh15-2,/pages/equipment-model/hitachi-sh15-2,track_finder_v1
mdl_hitachi_sh30_2,br_hitachi,SH30-2,SH30-2,,,,,,,,,,,,supplier_fitment,quarantine,Hitachi SH30-2,,,
mdl_hitachi_sh40_2,br_hitachi,SH40-2,SH40-2,,,,,,,,,,,,supplier_fitment,quarantine,Hitachi SH40-2,,,
mdl_hitachi_sh45_2,br_hitachi,SH45-2,SH45-2,,,,,,,,,,,,supplier_fitment,quarantine,Hitachi SH45-2,,,
mdl_hitachi_ue004,br_hitachi,UE004,UE004,,,,,,,,,,,,supplier_fitment,quarantine,Hitachi UE004,,,
mdl_hitachi_ue10,br_hitachi,UE10,UE10,,,,,,,,,,,,supplier_fitment,quarantine,Hitachi UE10,,,
mdl_hitachi_ue12,br_hitachi,UE12,UE12,,,,,,,,,,,,supplier_fitment,quarantine,Hitachi UE12,,,
mdl_hitachi_ue15,br_hitachi,UE15,UE15,Mini Excavator,Excavator Pin-On,ts_230x72x43,,,,,,,,Needs Review,airtable|shopify_meta|supplier_fitment,review,Hitachi UE15,,,
mdl_hitachi_ue15sr,br_hitachi,UE15SR,UE15SR,Mini Excavator,Excavator Pin-On,ts_230x72x43,,,,,,,,Needs Review,airtable|shopify_meta|supplier_fitment,review,Hitachi UE15SR,,,
mdl_hitachi_ue25,br_hitachi,UE25,UE25,,,,,,,,,,,,supplier_fitment,quarantine,Hitachi UE25,,,
mdl_hitachi_ue30,br_hitachi,UE30,UE30,,,,,,,,,,,,supplier_fitment,quarantine,Hitachi UE30,,,
mdl_hitachi_ue35,br_hitachi,UE35,UE35,Mini Excavator,,ts_300x525x86,,,,,,,,,supplier_fitment,active_v1,Hitachi UE35,hitachi-ue35,/pages/equipment-model/hitachi-ue35,track_finder_v1
mdl_hitachi_ue40,br_hitachi,UE40,UE40,,,,,,,,,,,,supplier_fitment,quarantine,Hitachi UE40,,,
mdl_hitachi_ue45,br_hitachi,UE45,UE45,,,,,,,,,,,,supplier_fitment,quarantine,Hitachi UE45,,,
mdl_hitachi_ue50,br_hitachi,UE50,UE50,,,,,,,,,,,,supplier_fitment,quarantine,Hitachi UE50,,,
mdl_hitachi_zaxis_35,br_hitachi,ZAXIS-35,ZAXIS-35,,,ts_300x525x86,,,,,,,,,size_index,review,Hitachi ZAXIS-35,,,
mdl_hitachi_zaxis_35_u_2,br_hitachi,ZAXIS-35-U-2,ZAXIS-35-U-2,,,ts_300x525x86,,,,,,,,,size_index,review,Hitachi ZAXIS-35-U-2,,,
mdl_hitachi_zx10u,br_hitachi,ZX10U,ZX10U,,,,,,,,,,,,supplier_fitment,quarantine,Hitachi ZX10U,,,
mdl_hitachi_zx10u_2,br_hitachi,ZX10U-2,ZX10U-2,,,,,,,,,,,,supplier_fitment,quarantine,Hitachi ZX10U-2,,,
mdl_hitachi_zx135,br_hitachi,ZX135,ZX135,,,,,,,,,,,,supplier_fitment,quarantine,Hitachi ZX135,,,
mdl_hitachi_zx14_3,br_hitachi,ZX14-3,ZX14-3,Mini Excavator,Excavator Pin-On,ts_230x96x31,,,,,,,,Needs Review,airtable|shopify_meta|supplier_fitment,active_v1,Hitachi ZX14-3,hitachi-zx14-3,/pages/equipment-model/hitachi-zx14-3,track_finder_v1
mdl_hitachi_zx17_u,br_hitachi,ZX17-U,ZX17-U,,,,,,,,,,,,supplier_fitment,quarantine,Hitachi ZX17-U,,,
mdl_hitachi_zx17_u5,br_hitachi,ZX17-U5,ZX17-U5,,,,,,,,,,,,supplier_fitment,quarantine,Hitachi ZX17-U5,,,
mdl_hitachi_zx17u,br_hitachi,ZX17U,ZX17U,Mini Excavator,Excavator Pin-On,ts_230x48x70,14,4078,10.2,,2987,,,Needs Review,airtable|shopify_meta|size_index,active_v1,Hitachi ZX17U,hitachi-zx17u,/pages/equipment-model/hitachi-zx17u,track_finder_v1
mdl_hitachi_zx17u_2,br_hitachi,ZX17U-2,ZX17U-2,Mini Excavator,,ts_230x48x70,,,,,,,,,size_index|supplier_fitment,active_v1,Hitachi ZX17U-2,hitachi-zx17u-2,/pages/equipment-model/hitachi-zx17u-2,track_finder_v1
mdl_hitachi_zx17u_5,br_hitachi,ZX17U-5,ZX17U-5,Mini Excavator,Excavator Pin-On,ts_230x48x62,14,,,,,,,Needs Review,airtable|shopify_meta,review,Hitachi ZX17U-5,,,
mdl_hitachi_zx19u_5,br_hitachi,ZX19U-5,ZX19U-5,Mini Excavator,Excavator Pin-On,,,,,,,,,Needs Review,airtable|shopify_meta,review,Hitachi ZX19U-5,,,
mdl_hitachi_zx22u,br_hitachi,ZX22U,ZX22U,,,,,,,,,,,,supplier_fitment,quarantine,Hitachi ZX22U,,,
mdl_hitachi_zx22u_2,br_hitachi,ZX22U-2,ZX22U-2,,,,,,,,,,,,supplier_fitment,quarantine,Hitachi ZX22U-2,,,
mdl_hitachi_zx25,br_hitachi,ZX25,ZX25,,,,,,,,,,,,supplier_fitment,quarantine,Hitachi ZX25,,,
mdl_hitachi_zx25clr,br_hitachi,ZX25CLR,ZX25CLR,,,,,,,,,,,,supplier_fitment,quarantine,Hitachi ZX25CLR,,,
mdl_hitachi_zx26_u5,br_hitachi,ZX26-U5,ZX26-U5,,,,,,,,,,,,supplier_fitment,quarantine,Hitachi ZX26-U5,,,
mdl_hitachi_zx26u,br_hitachi,ZX26U,ZX26U,Mini Excavator,Excavator Pin-On,,20,,,,,,,Needs Review,airtable|shopify_meta,review,Hitachi ZX26U,,,
mdl_hitachi_zx26u_5n,br_hitachi,ZX26U-5N,ZX26U-5N,,,,,,,,,,,,supplier_fitment,quarantine,Hitachi ZX26U-5N,,,
mdl_hitachi_zx27,br_hitachi,ZX27,ZX27,,,,,,,,,,,,supplier_fitment,quarantine,Hitachi ZX27,,,
mdl_hitachi_zx27u,br_hitachi,ZX27U,ZX27U,,,,,,,,,,,,supplier_fitment,quarantine,Hitachi ZX27U,,,
mdl_hitachi_zx27u3,br_hitachi,ZX27U3,ZX27U3,Mini Excavator,Excavator Pin-On,ts_300x525nx80,26,6730,16.4,,,,,Needs Review,airtable|shopify_meta,active_v1,Hitachi ZX27U3,hitachi-zx27u-3,/pages/equipment-model/hitachi-zx27u-3,track_finder_v1
mdl_hitachi_zx27u_2,br_hitachi,ZX27U-2,ZX27U-2,,,,,,,,,,,,supplier_fitment,quarantine,Hitachi ZX27U-2,,,
mdl_hitachi_zx27u_3,br_hitachi,ZX27U-3,ZX27U-3,,,,,,,,,,,,supplier_fitment,quarantine,Hitachi ZX27U-3,,,
mdl_hitachi_zx29u,br_hitachi,ZX29U,ZX29U,,,,,,,,,,,,supplier_fitment,quarantine,Hitachi ZX29U,,,
mdl_hitachi_zx30,br_hitachi,ZX30,ZX30,,,,,,,,,,,,supplier_fitment,quarantine,Hitachi ZX30,,,
mdl_hitachi_zx30_u5,br_hitachi,ZX30-U5,ZX30-U5,,,,,,,,,,,,supplier_fitment,quarantine,Hitachi ZX30-U5,,,
mdl_hitachi_zx30u,br_hitachi,ZX30U,ZX30U,Mini Excavator,,ts_300x525x86,,,,,,,,,supplier_fitment,active_v1,Hitachi ZX30U,hitachi-zx30u,/pages/equipment-model/hitachi-zx30u,track_finder_v1
mdl_hitachi_zx30u_2,br_hitachi,ZX30U-2,ZX30U-2,Mini Excavator,,ts_300x525x86,,,,,,,,,supplier_fitment,active_v1,Hitachi ZX30U-2,hitachi-zx30u-2,/pages/equipment-model/hitachi-zx30u-2,track_finder_v1
mdl_hitachi_zx30u_5,br_hitachi,ZX30U-5,ZX30U-5,Mini Excavator,Excavator Pin-On,ts_300x525x86,23,,,,,,,Needs Review,airtable|shopify_meta,active_v1,Hitachi ZX30U-5,hitachi-zx30-u5,/pages/equipment-model/hitachi-zx30-u5,track_finder_v1
mdl_hitachi_zx33u,br_hitachi,ZX33U,ZX33U,Mini Excavator,,ts_300x525x86,,,,,,,,,supplier_fitment,active_v1,Hitachi ZX33U,hitachi-zx33u,/pages/equipment-model/hitachi-zx33u,track_finder_v1
mdl_hitachi_zx35,br_hitachi,ZX35,ZX35,,,,,,,,,,,,supplier_fitment,quarantine,Hitachi ZX35,,,
mdl_hitachi_zx35_u5n,br_hitachi,ZX35-U5N,ZX35-U5N,Mini Excavator,,ts_300x525x86,,,,,,,,,supplier_fitment,active_v1,Hitachi ZX35-U5N,hitachi-zx35-u5n,/pages/equipment-model/hitachi-zx35-u5n,track_finder_v1
mdl_hitachi_zx35u,br_hitachi,ZX35U,ZX35U,Mini Excavator,Excavator Pin-On,ts_300x525x86,29,7672,21.2,,3553,,,Needs Review,airtable|shopify_meta|supplier_fitment,active_v1,Hitachi ZX35U,hitachi-zx35u,/pages/equipment-model/hitachi-zx35u,track_finder_v1
mdl_hitachi_zx35u_2,br_hitachi,ZX35U-2,ZX35U-2,Mini Excavator,,ts_300x525x86,,,,,,,,,supplier_fitment,active_v1,Hitachi ZX35U-2,hitachi-zx35u-2,/pages/equipment-model/hitachi-zx35u-2,track_finder_v1
mdl_hitachi_zx35u_3,br_hitachi,ZX35U-3,ZX35U-3,Mini Excavator,,ts_300x525x86,,,,,,,,,supplier_fitment,active_v1,Hitachi ZX35U-3,hitachi-zx35u-3,/pages/equipment-model/hitachi-zx35u-3,track_finder_v1
mdl_hitachi_zx35u_5,br_hitachi,ZX35U-5,ZX35U-5,Mini Excavator,Excavator Pin-On,,23,,,,,,,Needs Review,airtable|shopify_meta|supplier_fitment,review,Hitachi ZX35U-5,,,
mdl_hitachi_zx40,br_hitachi,ZX40,ZX40,,,,,,,,,,,,supplier_fitment,quarantine,Hitachi ZX40,,,
mdl_hitachi_zx40u,br_hitachi,ZX40U,ZX40U,,,,,,,,,,,,supplier_fitment,quarantine,Hitachi ZX40U,,,
mdl_hitachi_zx40u2,br_hitachi,ZX40U2,ZX40U2,Mini Excavator,Excavator Pin-On,ts_400x725kx74,39,9678,33.1,,3553,,,Needs Review,airtable|fitment_json|shopify_meta,active_v1,Hitachi ZX40U2,hitachi-zx40u-2,/pages/equipment-model/hitachi-zx40u-2,track_finder_v1
mdl_hitachi_zx40u_2,br_hitachi,ZX40U-2,ZX40U-2,,,,,,,,,,,,supplier_fitment,reference,Hitachi ZX40U-2,,,
mdl_hitachi_zx50,br_hitachi,ZX50,ZX50,,,,,,,,,,,,supplier_fitment,quarantine,Hitachi ZX50,,,
mdl_hitachi_zx50u,br_hitachi,ZX50U,ZX50U,Mini Excavator,Excavator Pin-On,,36,,31.8,,,,,Needs Review,airtable|shopify_meta|supplier_fitment,review,Hitachi ZX50U,,,
mdl_hitachi_zx50u2,br_hitachi,ZX50U2,ZX50U2,Mini Excavator,Excavator Pin-On,ts_400x725kx74,39,10427,33.1,,3553,,,Needs Review,airtable|fitment_json|shopify_meta,active_v1,Hitachi ZX50U2,hitachi-zx50u-2,/pages/equipment-model/hitachi-zx50u-2,track_finder_v1
mdl_hitachi_zx50u3,br_hitachi,ZX50U3,ZX50U3,Mini Excavator,Excavator Pin-On,ts_400x725kx74,38,11164,33.0,,,,,Needs Review,airtable|fitment_json|shopify_meta,active_v1,Hitachi ZX50U3,hitachi-zx50u-3,/pages/equipment-model/hitachi-zx50u-3,track_finder_v1
mdl_hitachi_zx50u5,br_hitachi,ZX50U5,ZX50U5,,,ts_400x725nx74,,,,,,,,,fitment_json,reference,Hitachi ZX50U5,,,
mdl_hitachi_zx50u_2,br_hitachi,ZX50U-2,ZX50U-2,,,,,,,,,,,,supplier_fitment,reference,Hitachi ZX50U-2,,,
mdl_hitachi_zx50u_3,br_hitachi,ZX50U-3,ZX50U-3,,,,,,,,,,,,supplier_fitment,reference,Hitachi ZX50U-3,,,
mdl_hitachi_zx50u_5,br_hitachi,ZX50U-5,ZX50U-5,Mini Excavator,Excavator Pin-On,ts_400x725kx74,36,,31.8,,,,,Needs Review,airtable|shopify_meta|supplier_fitment,active_v1,Hitachi ZX50U-5,hitachi-zx50u-5,/pages/equipment-model/hitachi-zx50u-5,track_finder_v1
mdl_hitachi_zx50u_5n,br_hitachi,ZX50U-5N,ZX50U-5N,,,,,,,,,,,,supplier_fitment,quarantine,Hitachi ZX50U-5N,,,
mdl_hitachi_zx52u,br_hitachi,ZX52U,ZX52U,,,,,,,,,,,,supplier_fitment,quarantine,Hitachi ZX52U,,,
mdl_hitachi_zx55u,br_hitachi,ZX55U,ZX55U,,,,,,,,,,,,supplier_fitment,quarantine,Hitachi ZX55U,,,
mdl_hitachi_zx55ur,br_hitachi,ZX55UR,ZX55UR,,,,,,,,,,,,supplier_fitment,quarantine,Hitachi ZX55UR,,,
mdl_hitachi_zx60,br_hitachi,ZX60,ZX60,Mini Excavator,Excavator Pin-On,,54,13653,,,,,,Needs Review,airtable|shopify_meta|supplier_fitment,review,Hitachi ZX60,,,
mdl_hitachi_zx60_usb5,br_hitachi,ZX60-USB5,ZX60-USB5,,,,,,,,,,,,supplier_fitment,reference,Hitachi ZX60-USB5,,,
mdl_hitachi_zx60_usb5n,br_hitachi,ZX60-USB5N,ZX60-USB5N,,,,,,,,,,,,supplier_fitment,quarantine,Hitachi ZX60-USB5N,,,
mdl_hitachi_zx60u_3,br_hitachi,ZX60U-3,ZX60U-3,,,,,,,,,,,,supplier_fitment,quarantine,Hitachi ZX60U-3,,,
mdl_hitachi_zx60usb3,br_hitachi,ZX60USB3,ZX60USB3,Mini Excavator,Excavator Pin-On,ts_400x725kx74,54,13653,,,,,,Needs Review,airtable|fitment_json,active_v1,Hitachi ZX60USB3,hitachi-zx60usb-3,/pages/equipment-model/hitachi-zx60usb-3,track_finder_v1
mdl_hitachi_zx60usb5,br_hitachi,ZX60USB5,ZX60USB5,Mini Excavator,Excavator Pin-On,ts_400x725kx74,53,,38.1,,,,,Needs Review,airtable|fitment_json|shopify_meta,active_v1,Hitachi ZX60USB5,hitachi-zx60usb-5,/pages/equipment-model/hitachi-zx60usb-5,track_finder_v1
mdl_hitachi_zx70,br_hitachi,ZX70,ZX70,,,,,,,,,,,,supplier_fitment,quarantine,Hitachi ZX70,,,
mdl_hitachi_zx70lc,br_hitachi,ZX70LC,ZX70LC,,,,,,,,,,,,supplier_fitment,quarantine,Hitachi ZX70LC,,,
mdl_hitachi_zx75,br_hitachi,ZX75,ZX75,Mini Excavator,Excavator Pin-On,ts_450x71x82,56,19244,52.9,,566,,,Needs Review,airtable|shopify_meta,review,Hitachi ZX75,,,
mdl_hitachi_zx75_us5,br_hitachi,ZX75-US5,ZX75-US5,,,,,,,,,,,,supplier_fitment,quarantine,Hitachi ZX75-US5,,,
mdl_hitachi_zx75ur,br_hitachi,ZX75UR,ZX75UR,,,,,,,,,,,,supplier_fitment,quarantine,Hitachi ZX75UR,,,
mdl_hitachi_zx75us,br_hitachi,ZX75US,ZX75US,,,,,,,,,,,,fitment_json|supplier_fitment,reference,Hitachi ZX75US,,,
mdl_hitachi_zx75us3,br_hitachi,ZX75US3,ZX75US3,,,,,,,,,,,,fitment_json,reference,Hitachi ZX75US3,,,
mdl_hitachi_zx75us_3,br_hitachi,ZX75US-3,ZX75US-3,,,,,,,,,,,,supplier_fitment,reference,Hitachi ZX75US-3,,,
mdl_hitachi_zx80,br_hitachi,ZX80,ZX80,,,,,,,,,,,,supplier_fitment,quarantine,Hitachi ZX80,,,
mdl_hitachi_zx80lc_5,br_hitachi,ZX80LC-5,ZX80LC-5,,,,,,,,,,,,supplier_fitment,quarantine,Hitachi ZX80LC-5,,,
mdl_hitachi_zx80sb,br_hitachi,ZX80SB,ZX80SB,,,,,,,,,,,,supplier_fitment,quarantine,Hitachi ZX80SB,,,
mdl_hitachi_zx85,br_hitachi,ZX85,ZX85,Mini Excavator,Excavator Pin-On,ts_450x71x82,460,177472,279.0,,4974,,,Needs Review,airtable|shopify_meta|supplier_fitment,review,Hitachi ZX85,,,
mdl_hitachi_zx85us,br_hitachi,ZX85US,ZX85US,,,,,,,,,,,,supplier_fitment,quarantine,Hitachi ZX85US,,,
mdl_hitachi_zx_80,br_hitachi,ZX-80,ZX-80,,,,,,,,,,,,size_index,quarantine,Hitachi ZX-80,,,
mdl_hitachi_zx_80_lc,br_hitachi,ZX-80-LC,ZX-80-LC,,,,,,,,,,,,size_index,quarantine,Hitachi ZX-80-LC,,,
mdl_hitachi_zx_85,br_hitachi,ZX-85,ZX-85,,,,,,,,,,,,size_index,quarantine,Hitachi ZX-85,,,
mdl_hitachi_zx_85_us,br_hitachi,ZX-85-US,ZX-85-US,,,,,,,,,,,,size_index,quarantine,Hitachi ZX-85-US,,,
mdl_hitachi_zx_85_usb_3,br_hitachi,ZX-85-USB-3,ZX-85-USB-3,,,,,,,,,,,,size_index,quarantine,Hitachi ZX-85-USB-3,,,
mdl_hyundai_169,br_hyundai,169,169,,,ts_230x48x70,,,,,,,,,size_index,review,Hyundai 169,,,
mdl_hyundai_16_9,br_hyundai,16.9,16.9,,,,,,,,,,,,shopify_meta,quarantine,Hyundai 16.9,,,
mdl_hyundai_hsl600t,br_hyundai,HSL600T,HSL600T,,,,,,,,,,,,supplier_fitment,quarantine,Hyundai HSL600T,,,
mdl_hyundai_hsl610,br_hyundai,HSL610,HSL610,,,,,,,,,,,,supplier_fitment,quarantine,Hyundai HSL610,,,
mdl_hyundai_hsl650_7a,br_hyundai,HSL650-7A,HSL650-7A,,,,,,,,,,,,supplier_fitment,quarantine,Hyundai HSL650-7A,,,
mdl_hyundai_hsl810,br_hyundai,HSL810,HSL810,,,,,,,,,,,,supplier_fitment,quarantine,Hyundai HSL810,,,
mdl_hyundai_hsl850_7a,br_hyundai,HSL850-7A,HSL850-7A,,,,,,,,,,,,supplier_fitment,quarantine,Hyundai HSL850-7A,,,
mdl_hyundai_ht100v,br_hyundai,HT100V,HT100V,Compact Track Loader,Universal Quick-Attach,,,,,,,,,Needs Review,airtable,review,Hyundai HT100V,,,
mdl_hyundai_hx17az,br_hyundai,HX17AZ,HX17AZ,Mini Excavator,Excavator Pin-On,ts_230x48x62,,,,,,,,Needs Review,airtable,review,Hyundai HX17AZ,,,
mdl_hyundai_hx30az,br_hyundai,HX30AZ,HX30AZ,Mini Excavator,Excavator Pin-On,,,,,,,,,Needs Review,airtable,review,Hyundai HX30AZ,,,
mdl_hyundai_hx35az,br_hyundai,HX35AZ,HX35AZ,Mini Excavator,Excavator Pin-On,,,,,,,,,Needs Review,airtable,review,Hyundai HX35AZ,,,
mdl_hyundai_hx48az,br_hyundai,HX48AZ,HX48AZ,Mini Excavator,Excavator Pin-On,,,,,,,,,Needs Review,airtable,review,Hyundai HX48AZ,,,
mdl_hyundai_hx55a,br_hyundai,HX55A,HX55A,Mini Excavator,Excavator Pin-On,,,,,,,,,Needs Review,airtable,review,Hyundai HX55A,,,
mdl_hyundai_hx85a,br_hyundai,HX85A,HX85A,,,,,,,,,,,,supplier_fitment,quarantine,Hyundai HX85A,,,
mdl_hyundai_r17z_9a,br_hyundai,R17Z-9A,R17Z-9A,Mini Excavator,,ts_230x48x70,,,,,,,,,shopify_meta|size_index,active_v1,Hyundai R17Z-9A,hyundai-r17z-9a,/pages/equipment-model/hyundai-r17z-9a,track_finder_v1
mdl_hyundai_r27z_9,br_hyundai,R27Z-9,R27Z-9,Mini Excavator,Excavator Pin-On,ts_300x525nx80,,,,,,,,Needs Review,airtable|shopify_meta,active_v1,Hyundai R27Z-9,hyundai-r27z-9,/pages/equipment-model/hyundai-r27z-9,track_finder_v1
mdl_hyundai_r28_5,br_hyundai,R28-5,R28-5,,,,,,,,,,,,shopify_meta,quarantine,Hyundai R28-5,,,
mdl_hyundai_r30z_9ak,br_hyundai,R30Z-9AK,R30Z-9AK,,,,,,,,,,,,shopify_meta,quarantine,Hyundai R30Z-9AK,,,
mdl_hyundai_r35_9,br_hyundai,R35-9,R35-9,,,,,,,,,,,,shopify_meta,quarantine,Hyundai R35-9,,,
mdl_hyundai_r35z7,br_hyundai,R35Z7,R35Z7,,,ts_300x525nx84,,,,,,,,,fitment_json,reference,Hyundai R35Z7,,,
mdl_hyundai_r35z9,br_hyundai,R35Z9,R35Z9,Mini Excavator,,ts_300x525x86,,,,,,,,,fitment_json,active_v1,Hyundai R35Z9,hyundai-r-35-z-9,/pages/equipment-model/hyundai-r-35-z-9,track_finder_v1
mdl_hyundai_r35z_7,br_hyundai,R35Z-7,R35Z-7,Mini Excavator,Excavator Pin-On,ts_300x525nx84,,,,,,,,Needs Review,airtable,active_v1,Hyundai R35Z-7,hyundai-r35z-7,/pages/equipment-model/hyundai-r35z-7,track_finder_v1
mdl_hyundai_r35z_7a,br_hyundai,R35Z-7A,R35Z-7A,,,ts_300x525nx86,,,,,,,,,shopify_meta,review,Hyundai R35Z-7A,,,
mdl_hyundai_r35z_9,br_hyundai,R35Z-9,R35Z-9,,,ts_300x525kx86,,,,,,,,,shopify_meta|supplier_fitment,reference,Hyundai R35Z-9,,,
mdl_hyundai_r35z_9a,br_hyundai,R35Z-9A,R35Z-9A,Mini Excavator,Excavator Pin-On,,,,,,,,,Needs Review,airtable,review,Hyundai R35Z-9A,,,
mdl_hyundai_r35z_9ak,br_hyundai,R35Z-9AK,R35Z-9AK,,,,,,,,,,,,shopify_meta,quarantine,Hyundai R35Z-9AK,,,
mdl_hyundai_r553,br_hyundai,R553,R553,Mini Excavator,,ts_400x725wx76,,,,,,,,,fitment_json,active_v1,Hyundai R553,hyundai-r55-3,/pages/equipment-model/hyundai-r55-3,track_finder_v1
mdl_hyundai_r557,br_hyundai,R557,R557,Mini Excavator,,ts_400x725wx76,,,,,,,,,fitment_json,active_v1,Hyundai R557,hyundai-r55-7,/pages/equipment-model/hyundai-r55-7,track_finder_v1
mdl_hyundai_r559,br_hyundai,R559,R559,Mini Excavator,,ts_400x725wx76,,,,,,,,,fitment_json,active_v1,Hyundai R559,hyundai-r55-9,/pages/equipment-model/hyundai-r55-9,track_finder_v1
mdl_hyundai_r559a,br_hyundai,R559A,R559A,,,ts_400x725wx76,,,,,,,,,fitment_json,reference,Hyundai R559A,,,
mdl_hyundai_r55_3,br_hyundai,R55-3,R55-3,,,ts_400x725wx76,,,,,,,,,shopify_meta|size_index,reference,Hyundai R55-3,,,
mdl_hyundai_r55_7,br_hyundai,R55-7,R55-7,,,ts_400x725wx76,,,,,,,,,shopify_meta|size_index,reference,Hyundai R55-7,,,
mdl_hyundai_r55_9,br_hyundai,R55-9,R55-9,,,ts_400x725wx76,,,,,,,,,shopify_meta|size_index,reference,Hyundai R55-9,,,
mdl_hyundai_r55_9a,br_hyundai,R55-9A,R55-9A,Mini Excavator,Excavator Pin-On,ts_400x725wx76,,,,,,,,Needs Review,airtable|shopify_meta|size_index,active_v1,Hyundai R55-9A,hyundai-r55-9a,/pages/equipment-model/hyundai-r55-9a,track_finder_v1
mdl_hyundai_r60cr9,br_hyundai,R60CR9,R60CR9,Mini Excavator,,ts_400x725wx76,,,,,,,,,fitment_json,active_v1,Hyundai R60CR9,hyundai-r60cr-9,/pages/equipment-model/hyundai-r60cr-9,track_finder_v1
mdl_hyundai_r60cr9a,br_hyundai,R60CR9A,R60CR9A,Mini Excavator,,ts_400x725wx76,,,,,,,,,fitment_json,active_v1,Hyundai R60CR9A,hyundai-r60cr-9a,/pages/equipment-model/hyundai-r60cr-9a,track_finder_v1
mdl_hyundai_r60cr_9,br_hyundai,R60CR-9,R60CR-9,,,,,,,,,,,,size_index,reference,Hyundai R60CR-9,,,
mdl_hyundai_r60cr_9a,br_hyundai,R60CR-9A,R60CR-9A,,,ts_400x725wx76,,,,,,,,,shopify_meta|size_index,reference,Hyundai R60CR-9A,,,
mdl_hyundai_r75_7,br_hyundai,R75-7,R75-7,,,,,,,,,,,,shopify_meta,quarantine,Hyundai R75-7,,,
mdl_hyundai_r80cr_9,br_hyundai,R80CR-9,R80CR-9,,,,,,,,,,,,shopify_meta,quarantine,Hyundai R80CR-9,,,
mdl_hyundai_r_35_z_7,br_hyundai,R-35-Z-7,R-35-Z-7,,,ts_300x525x86,,,,,,,,,size_index,reference,Hyundai R-35-Z-7,,,
mdl_hyundai_r_35_z_9,br_hyundai,R-35-Z-9,R-35-Z-9,,,ts_300x525x86,,,,,,,,,size_index,reference,Hyundai R-35-Z-9,,,
mdl_hyundai_r_55_7_a,br_hyundai,R-55-7-A,R-55-7-A,,,,,,,,,,,,size_index,quarantine,Hyundai R-55-7-A,,,
mdl_hyundai_r_55_9_a,br_hyundai,R-55-9-A,R-55-9-A,,,,,,,,,,,,size_index,reference,Hyundai R-55-9-A,,,
mdl_hyundai_robex17z9a,br_hyundai,ROBEX17Z9A,ROBEX17Z9A,,,,,,,,,,,,supplier_fitment,quarantine,Hyundai ROBEX17Z9A,,,
mdl_hyundai_robex25z9a,br_hyundai,ROBEX25Z9A,ROBEX25Z9A,,,,,,,,,,,,supplier_fitment,quarantine,Hyundai ROBEX25Z9A,,,
mdl_hyundai_robex25z9ak,br_hyundai,ROBEX25Z9AK,ROBEX25Z9AK,,,,,,,,,,,,supplier_fitment,quarantine,Hyundai ROBEX25Z9AK,,,
mdl_hyundai_robex27z9,br_hyundai,ROBEX27Z9,ROBEX27Z9,,,ts_300x525nx80,,,,,,,,,fitment_json,reference,Hyundai ROBEX27Z9,,,
mdl_hyundai_robex285,br_hyundai,ROBEX285,ROBEX285,Mini Excavator,,ts_300x525nx74,,,,,,,,,fitment_json,active_v1,Hyundai ROBEX285,hyundai-robex-28-5,/pages/equipment-model/hyundai-robex-28-5,track_finder_v1
mdl_hyundai_robex30,br_hyundai,ROBEX30,ROBEX30,,,ts_300x525nx80,,,,,,,,,fitment_json,reference,Hyundai ROBEX30,,,
mdl_hyundai_robex30z9ak,br_hyundai,ROBEX30Z9AK,ROBEX30Z9AK,Mini Excavator,,ts_300x525x86,,,,,,,,,fitment_json,active_v1,Hyundai ROBEX30Z9AK,hyundai-robex-30z-9ak,/pages/equipment-model/hyundai-robex-30z-9ak,track_finder_v1
mdl_hyundai_robex355,br_hyundai,ROBEX355,ROBEX355,,,ts_300x525nx84,,,,,,,,,fitment_json,reference,Hyundai ROBEX355,,,
mdl_hyundai_robex357,br_hyundai,ROBEX357,ROBEX357,,,ts_300x525nx84,,,,,,,,,fitment_json,reference,Hyundai ROBEX357,,,
mdl_hyundai_robex359,br_hyundai,ROBEX359,ROBEX359,Mini Excavator,,ts_300x525x86,,,,,,,,,fitment_json,active_v1,Hyundai ROBEX359,hyundai-robex-35-9,/pages/equipment-model/hyundai-robex-35-9,track_finder_v1
mdl_hyundai_robex35_5,br_hyundai,ROBEX35-5,ROBEX35-5,,,,,,,,,,,,supplier_fitment,reference,Hyundai ROBEX35-5,,,
mdl_hyundai_robex35_7,br_hyundai,ROBEX35-7,ROBEX35-7,,,,,,,,,,,,supplier_fitment,reference,Hyundai ROBEX35-7,,,
mdl_hyundai_robex35z7a,br_hyundai,ROBEX35Z7A,ROBEX35Z7A,Mini Excavator,,ts_300x525x86,,,,,,,,,fitment_json,active_v1,Hyundai ROBEX35Z7A,hyundai-robex-35z-7a,/pages/equipment-model/hyundai-robex-35z-7a,track_finder_v1
mdl_hyundai_robex35z9a,br_hyundai,ROBEX35Z9A,ROBEX35Z9A,Mini Excavator,,ts_300x525x86,,,,,,,,,supplier_fitment,active_v1,Hyundai ROBEX35Z9A,hyundai-robex35z9a,/pages/equipment-model/hyundai-robex35z9a,track_finder_v1
mdl_hyundai_robex35z9ak,br_hyundai,ROBEX35Z9AK,ROBEX35Z9AK,Mini Excavator,,ts_300x525x86,,,,,,,,,fitment_json,active_v1,Hyundai ROBEX35Z9AK,hyundai-robex-35z-9ak,/pages/equipment-model/hyundai-robex-35z-9ak,track_finder_v1
mdl_hyundai_robex35z_7a,br_hyundai,ROBEX35Z-7A,ROBEX35Z-7A,,,,,,,,,,,,supplier_fitment,reference,Hyundai ROBEX35Z-7A,,,
mdl_hyundai_robex367,br_hyundai,ROBEX367,ROBEX367,,,ts_300x525nx84,,,,,,,,,fitment_json,reference,Hyundai ROBEX367,,,
mdl_hyundai_robex36_7,br_hyundai,ROBEX36-7,ROBEX36-7,,,,,,,,,,,,supplier_fitment,reference,Hyundai ROBEX36-7,,,
mdl_hyundai_robex553,br_hyundai,ROBEX553,ROBEX553,Mini Excavator,,ts_400x725wx76,,,,,,,,,fitment_json,active_v1,Hyundai ROBEX553,hyundai-robex-55-3,/pages/equipment-model/hyundai-robex-55-3,track_finder_v1
mdl_hyundai_robex557,br_hyundai,ROBEX557,ROBEX557,Mini Excavator,,ts_400x725wx76,,,,,,,,,fitment_json,active_v1,Hyundai ROBEX557,hyundai-robex-55-7,/pages/equipment-model/hyundai-robex-55-7,track_finder_v1
mdl_hyundai_robex559,br_hyundai,ROBEX559,ROBEX559,Mini Excavator,,ts_400x725wx76,,,,,,,,,fitment_json,active_v1,Hyundai ROBEX559,hyundai-robex-55-9,/pages/equipment-model/hyundai-robex-55-9,track_finder_v1
mdl_hyundai_robex559a,br_hyundai,ROBEX559A,ROBEX559A,Mini Excavator,,ts_400x725wx76,,,,,,,,,fitment_json,active_v1,Hyundai ROBEX559A,hyundai-robex-55-9a,/pages/equipment-model/hyundai-robex-55-9a,track_finder_v1
mdl_hyundai_robex55_3,br_hyundai,ROBEX55-3,ROBEX55-3,,,,,,,,,,,,supplier_fitment,reference,Hyundai ROBEX55-3,,,
mdl_hyundai_robex55_7,br_hyundai,ROBEX55-7,ROBEX55-7,,,,,,,,,,,,supplier_fitment,reference,Hyundai ROBEX55-7,,,
mdl_hyundai_robex55_9,br_hyundai,ROBEX55-9,ROBEX55-9,,,,,,,,,,,,supplier_fitment,reference,Hyundai ROBEX55-9,,,
mdl_hyundai_robex60cr9a,br_hyundai,ROBEX60CR9A,ROBEX60CR9A,Mini Excavator,,ts_400x725wx76,,,,,,,,,fitment_json,active_v1,Hyundai ROBEX60CR9A,hyundai-robex-60cr-9a,/pages/equipment-model/hyundai-robex-60cr-9a,track_finder_v1
mdl_hyundai_robex60cr_9a,br_hyundai,ROBEX60CR-9A,ROBEX60CR-9A,,,,,,,,,,,,supplier_fitment,reference,Hyundai ROBEX60CR-9A,,,
mdl_hyundai_robex75_7,br_hyundai,ROBEX75-7,ROBEX75-7,Mini Excavator,,ts_450x81nx76,,,,,,,,,supplier_fitment,active_v1,Hyundai ROBEX75-7,hyundai-robex-75-7,/pages/equipment-model/hyundai-robex-75-7,track_finder_v1
mdl_hyundai_robex807,br_hyundai,ROBEX807,ROBEX807,Mini Excavator,,ts_450x81wx74,,,,,,,,,fitment_json,active_v1,Hyundai ROBEX807,hyundai-robex-80-7,/pages/equipment-model/hyundai-robex-80-7,track_finder_v1
mdl_hyundai_robex80cr9,br_hyundai,ROBEX80CR9,ROBEX80CR9,Mini Excavator,,ts_450x81nx76,,,,,,,,,fitment_json,active_v1,Hyundai ROBEX80CR9,hyundai-robex-80cr-9,/pages/equipment-model/hyundai-robex-80cr-9,track_finder_v1
mdl_hyundai_robex80cr_9a,br_hyundai,ROBEX80CR-9A,ROBEX80CR-9A,,,,,,,,,,,,supplier_fitment,quarantine,Hyundai ROBEX80CR-9A,,,
mdl_hyundai_robex_17z_9a,br_hyundai,ROBEX-17Z-9A,ROBEX-17Z-9A,Mini Excavator,,ts_230x48x70,,,,,,,,,size_index,active_v1,Hyundai ROBEX-17Z-9A,hyundai-robex-17z-9a,/pages/equipment-model/hyundai-robex-17z-9a,track_finder_v1
mdl_hyundai_robex_27z_9,br_hyundai,ROBEX 27Z-9,ROBEX 27Z-9,Mini Excavator,Excavator Pin-On,ts_300x525nx80,,,,,,,,Verified,airtable|shopify_meta,active_v1,Hyundai ROBEX 27Z-9,hyundai-robex-27z-9,/pages/equipment-model/hyundai-robex-27z-9,track_finder_v1
mdl_hyundai_robex_30,br_hyundai,ROBEX 30,ROBEX 30,Mini Excavator,Excavator Pin-On,ts_300x525nx80,,,,,,,,Verified,airtable|shopify_meta|supplier_fitment,active_v1,Hyundai ROBEX 30,hyundai-robex-30,/pages/equipment-model/hyundai-robex-30,track_finder_v1
mdl_hyundai_robex_35_5,br_hyundai,ROBEX 35-5,ROBEX 35-5,Mini Excavator,Excavator Pin-On,ts_300x525nx84,,,,,,,,Verified,airtable|shopify_meta,active_v1,Hyundai ROBEX 35-5,hyundai-robex-35-5,/pages/equipment-model/hyundai-robex-35-5,track_finder_v1
mdl_hyundai_robex_35_7,br_hyundai,ROBEX 35-7,ROBEX 35-7,Mini Excavator,Excavator Pin-On,ts_300x525nx84,,,,,,,,Verified,airtable|shopify_meta,active_v1,Hyundai ROBEX 35-7,hyundai-robex-35-7,/pages/equipment-model/hyundai-robex-35-7,track_finder_v1
mdl_hyundai_robex_35_9,br_hyundai,ROBEX-35-9,ROBEX-35-9,,,ts_300x525x86,,,,,,,,,size_index,reference,Hyundai ROBEX-35-9,,,
mdl_hyundai_robex_35z_7a,br_hyundai,ROBEX-35Z-7A,ROBEX-35Z-7A,,,ts_300x525x86,,,,,,,,,size_index,reference,Hyundai ROBEX-35Z-7A,,,
mdl_hyundai_robex_35z_9ak,br_hyundai,ROBEX-35Z-9AK,ROBEX-35Z-9AK,,,ts_300x525x86,,,,,,,,,size_index,reference,Hyundai ROBEX-35Z-9AK,,,
mdl_hyundai_robex_36_7,br_hyundai,ROBEX 36-7,ROBEX 36-7,Mini Excavator,Excavator Pin-On,ts_300x525nx84,,,,,,,,Verified,airtable|shopify_meta,active_v1,Hyundai ROBEX 36-7,hyundai-robex-36-7,/pages/equipment-model/hyundai-robex-36-7,track_finder_v1
mdl_hyundai_robex_55_3,br_hyundai,ROBEX-55-3,ROBEX-55-3,,,,,,,,,,,,size_index,reference,Hyundai ROBEX-55-3,,,
mdl_hyundai_robex_55_7,br_hyundai,ROBEX-55-7,ROBEX-55-7,,,,,,,,,,,,size_index,reference,Hyundai ROBEX-55-7,,,
mdl_hyundai_robex_55_9,br_hyundai,ROBEX-55-9,ROBEX-55-9,,,,,,,,,,,,size_index,reference,Hyundai ROBEX-55-9,,,
mdl_hyundai_robex_55_9a,br_hyundai,ROBEX-55-9A,ROBEX-55-9A,,,,,,,,,,,,size_index,reference,Hyundai ROBEX-55-9A,,,
mdl_hyundai_robex_60_cr_9,br_hyundai,ROBEX-60-CR-9,ROBEX-60-CR-9,,,,,,,,,,,,size_index,quarantine,Hyundai ROBEX-60-CR-9,,,
mdl_hyundai_robex_60cr_9a,br_hyundai,ROBEX-60CR-9A,ROBEX-60CR-9A,,,,,,,,,,,,size_index,reference,Hyundai ROBEX-60CR-9A,,,
mdl_hyundai_robex_80_7,br_hyundai,ROBEX-80-7,ROBEX-80-7,,,,,,,,,,,,size_index,reference,Hyundai ROBEX-80-7,,,
mdl_hyundai_robex_r60_cr_9,br_hyundai,ROBEX-R60-CR-9,ROBEX-R60-CR-9,,,,,,,,,,,,size_index,reference,Hyundai ROBEX-R60-CR-9,,,
mdl_hyundai_robex_r80cr_9,br_hyundai,ROBEX-R80CR-9,ROBEX-R80CR-9,,,,,,,,,,,,size_index,quarantine,Hyundai ROBEX-R80CR-9,,,
mdl_hyundai_robexr60cr9,br_hyundai,ROBEXR60CR9,ROBEXR60CR9,Mini Excavator,,ts_400x725wx76,,,,,,,,,fitment_json,active_v1,Hyundai ROBEXR60CR9,hyundai-robex-r60-cr-9,/pages/equipment-model/hyundai-robex-r60-cr-9,track_finder_v1
mdl_hyundai_rr60cr_9,br_hyundai,RR60CR-9,RR60CR-9,,,,,,,,,,,,shopify_meta,quarantine,Hyundai RR60CR-9,,,
mdl_ihi_14nxt,br_ihi,14NXT,14NXT,,,,,,,,,,,,supplier_fitment,quarantine,IHI 14NXT,,,
mdl_ihi_15_nx,br_ihi,15-NX,15-NX,,,ts_230x48x70,,,,,,,,,size_index,review,IHI 15-NX,,,
mdl_ihi_15_vx,br_ihi,15-VX,15-VX,,,ts_230x48x70,,,,,,,,,size_index,review,IHI 15-VX,,,
mdl_ihi_15nx,br_ihi,15NX,15NX,,,,,,,,,,,,supplier_fitment,quarantine,IHI 15NX,,,
mdl_ihi_15ux,br_ihi,15UX,15UX,,,ts_230x48x70,,,,,,,,,size_index,review,IHI 15UX,,,
mdl_ihi_16n,br_ihi,16N,16N,,,,,,,,,,,,supplier_fitment,quarantine,IHI 16N,,,
mdl_ihi_16nxt,br_ihi,16NXT,16NXT,,,,,,,,,,,,supplier_fitment,quarantine,IHI 16NXT,,,
mdl_ihi_17_vx_3,br_ihi,17-VX-3,17-VX-3,,,ts_230x48x70,,,,,,,,,size_index,review,IHI 17-VX-3,,,
mdl_ihi_17j,br_ihi,17J,17J,,,,,,,,,,,,supplier_fitment,quarantine,IHI 17J,,,
mdl_ihi_17je,br_ihi,17JE,17JE,,,,,,,,,,,,supplier_fitment,quarantine,IHI 17JE,,,
mdl_ihi_17ne,br_ihi,17NE,17NE,,,,,,,,,,,,supplier_fitment,quarantine,IHI 17NE,,,
mdl_ihi_17vx,br_ihi,17VX,17VX,Mini Excavator,,ts_230x48x70,,,,,,,,,size_index,active_v1,IHI 17VX,ihi-17vx,/pages/equipment-model/ihi-17vx,track_finder_v1
mdl_ihi_17vx_3,br_ihi,17VX-3,17VX-3,,,,,,,,,,,,supplier_fitment,quarantine,IHI 17VX-3,,,
mdl_ihi_17vxe,br_ihi,17VXE,17VXE,,,,,,,,,,,,supplier_fitment,quarantine,IHI 17VXE,,,
mdl_ihi_18_j,br_ihi,18-J,18-J,Mini Excavator,,ts_230x48x70,,,,,,,,,size_index,active_v1,IHI 18-J,ihi-18-j,/pages/equipment-model/ihi-18-j,track_finder_v1
mdl_ihi_18j,br_ihi,18J,18J,,,,,,,,,,,,supplier_fitment,quarantine,IHI 18J,,,
mdl_ihi_18n,br_ihi,18N,18N,Mini Excavator,,ts_230x48x70,,,,,,,,,size_index|supplier_fitment,active_v1,IHI 18N,ihi-18n,/pages/equipment-model/ihi-18n,track_finder_v1
mdl_ihi_18nxt,br_ihi,18NXT,18NXT,Mini Excavator,,ts_230x48x70,,,,,,,,,size_index|supplier_fitment,active_v1,IHI 18NXT,ihi-18nxt,/pages/equipment-model/ihi-18nxt,track_finder_v1
mdl_ihi_19vxt,br_ihi,19VXT,19VXT,,,,,,,,,,,,supplier_fitment,quarantine,IHI 19VXT,,,
mdl_ihi_22ux,br_ihi,22UX,22UX,,,,,,,,,,,,supplier_fitment,quarantine,IHI 22UX,,,
mdl_ihi_25jx,br_ihi,25JX,25JX,,,,,,,,,,,,supplier_fitment,quarantine,IHI 25JX,,,
mdl_ihi_25nx,br_ihi,25NX,25NX,Mini Excavator,Excavator Pin-On,ts_300x525nx78,21,6100,20.2,,2988,,,Needs Review,airtable|fitment_json|supplier_fitment,active_v1,IHI 25NX,ihi-25-nx,/pages/equipment-model/ihi-25-nx,track_finder_v1
mdl_ihi_25v_4,br_ihi,25V-4,25V-4,,,,,,,,,,,,supplier_fitment,quarantine,IHI 25V-4,,,
mdl_ihi_28j,br_ihi,28J,28J,,,,,,,,,,,,supplier_fitment,quarantine,IHI 28J,,,
mdl_ihi_28n,br_ihi,28N,28N,Mini Excavator,Excavator Pin-On,ts_300x525nx78,21,6189,20.3,,2988,,,Needs Review,airtable|fitment_json|supplier_fitment,active_v1,IHI 28N,ihi-28-n,/pages/equipment-model/ihi-28-n,track_finder_v1
mdl_ihi_28n2,br_ihi,28N2,28N2,Mini Excavator,Excavator Pin-On,ts_300x525nx78,21,6189,20.3,,2988,,,Needs Review,airtable|fitment_json,active_v1,IHI 28N2,ihi-28-n-2,/pages/equipment-model/ihi-28-n-2,track_finder_v1
mdl_ihi_28ux,br_ihi,28UX,28UX,,,,,,,,,,,,supplier_fitment,quarantine,IHI 28UX,,,
mdl_ihi_30j,br_ihi,30J,30J,,,,,,,,,,,,supplier_fitment,quarantine,IHI 30J,,,
mdl_ihi_30jx,br_ihi,30JX,30JX,,,,,,,,,,,,supplier_fitment,quarantine,IHI 30JX,,,
mdl_ihi_30nx,br_ihi,30NX,30NX,,,,,,,,,,,,supplier_fitment,quarantine,IHI 30NX,,,
mdl_ihi_30nx_2,br_ihi,30NX-2,30NX-2,,,,,,,,,,,,supplier_fitment,quarantine,IHI 30NX-2,,,
mdl_ihi_30uj,br_ihi,30UJ,30UJ,,,,,,,,,,,,supplier_fitment,quarantine,IHI 30UJ,,,
mdl_ihi_30ux,br_ihi,30UX,30UX,,,,,,,,,,,,supplier_fitment,quarantine,IHI 30UX,,,
mdl_ihi_30v_4,br_ihi,30V-4,30V-4,,,,,,,,,,,,supplier_fitment,quarantine,IHI 30V-4,,,
mdl_ihi_30vx,br_ihi,30VX,30VX,,,,,,,,,,,,supplier_fitment,quarantine,IHI 30VX,,,
mdl_ihi_30z,br_ihi,30Z,30Z,,,,,,,,,,,,supplier_fitment,quarantine,IHI 30Z,,,
mdl_ihi_32j,br_ihi,32J,32J,,,,,,,,,,,,supplier_fitment,quarantine,IHI 32J,,,
mdl_ihi_35_nx,br_ihi,35-NX,35-NX,,,,,,,,,,,,size_index,quarantine,IHI 35-NX,,,
mdl_ihi_35_nx_2,br_ihi,35-NX-2,35-NX-2,,,,,,,,,,,,size_index,quarantine,IHI 35-NX-2,,,
mdl_ihi_35fx,br_ihi,35FX,35FX,,,,,,,,,,,,supplier_fitment,quarantine,IHI 35FX,,,
mdl_ihi_35j,br_ihi,35J,35J,Mini Excavator,Excavator Pin-On,,,,,,,,,Needs Review,airtable|supplier_fitment,review,IHI 35J,,,
mdl_ihi_35jx,br_ihi,35JX,35JX,,,,,,,,,,,,supplier_fitment,quarantine,IHI 35JX,,,
mdl_ihi_35n,br_ihi,35N,35N,Mini Excavator,Excavator Pin-On,ts_300x525nx84,26,7759,27.1,,2988,,,Verified,airtable|fitment_json|supplier_fitment,active_v1,IHI 35N,ihi-35n,/pages/equipment-model/ihi-35n,track_finder_v1
mdl_ihi_35n_3,br_ihi,35N-3,35N-3,,,,,,,,,,,,supplier_fitment,quarantine,IHI 35N-3,,,
mdl_ihi_35n_4,br_ihi,35N-4,35N-4,,,,,,,,,,,,supplier_fitment,quarantine,IHI 35N-4,,,
mdl_ihi_35nx,br_ihi,35NX,35NX,,,,,,,,,,,,supplier_fitment,quarantine,IHI 35NX,,,
mdl_ihi_35uj,br_ihi,35UJ,35UJ,,,,,,,,,,,,supplier_fitment,quarantine,IHI 35UJ,,,
mdl_ihi_35v_4,br_ihi,35V-4,35V-4,,,,,,,,,,,,supplier_fitment,quarantine,IHI 35V-4,,,
mdl_ihi_35vx4,br_ihi,35VX4,35VX4,,,,,,,,,,,,size_index,quarantine,IHI 35VX4,,,
mdl_ihi_38n,br_ihi,38N,38N,,,,,,,,,,,,supplier_fitment,quarantine,IHI 38N,,,
mdl_ihi_38uj,br_ihi,38UJ,38UJ,,,,,,,,,,,,supplier_fitment,quarantine,IHI 38UJ,,,
mdl_ihi_40g,br_ihi,40G,40G,,,,,,,,,,,,supplier_fitment,quarantine,IHI 40G,,,
mdl_ihi_40g_1,br_ihi,40G-1,40G-1,,,,,,,,,,,,supplier_fitment,quarantine,IHI 40G-1,,,
mdl_ihi_40gx,br_ihi,40GX,40GX,,,,,,,,,,,,supplier_fitment,quarantine,IHI 40GX,,,
mdl_ihi_40gx_2,br_ihi,40GX-2,40GX-2,,,,,,,,,,,,supplier_fitment,quarantine,IHI 40GX-2,,,
mdl_ihi_40gx_3,br_ihi,40GX-3,40GX-3,,,,,,,,,,,,supplier_fitment,quarantine,IHI 40GX-3,,,
mdl_ihi_40j,br_ihi,40J,40J,Mini Excavator,Excavator Pin-On,,,,,,,,,Needs Review,airtable|supplier_fitment,review,IHI 40J,,,
mdl_ihi_40jx,br_ihi,40JX,40JX,,,,,,,,,,,,supplier_fitment,quarantine,IHI 40JX,,,
mdl_ihi_40nx,br_ihi,40NX,40NX,,,,,,,,,,,,supplier_fitment,quarantine,IHI 40NX,,,
mdl_ihi_40z,br_ihi,40Z,40Z,,,,,,,,,,,,supplier_fitment,quarantine,IHI 40Z,,,
mdl_ihi_45j,br_ihi,45J,45J,,,,,,,,,,,,supplier_fitment,quarantine,IHI 45J,,,
mdl_ihi_45j_2,br_ihi,45J-2,45J-2,,,,,,,,,,,,supplier_fitment,quarantine,IHI 45J-2,,,
mdl_ihi_45n,br_ihi,45N,45N,,,,,,,,,,,,supplier_fitment,quarantine,IHI 45N,,,
mdl_ihi_45nx,br_ihi,45NX,45NX,,,,,,,,,,,,supplier_fitment,quarantine,IHI 45NX,,,
mdl_ihi_45uj,br_ihi,45UJ,45UJ,,,,,,,,,,,,supplier_fitment,quarantine,IHI 45UJ,,,
mdl_ihi_45uj_2,br_ihi,45UJ-2,45UJ-2,,,,,,,,,,,,supplier_fitment,quarantine,IHI 45UJ-2,,,
mdl_ihi_45v4,br_ihi,45V4,45V4,Mini Excavator,Excavator Pin-On,ts_400x725kx74,,,,,,,,Needs Review,airtable|fitment_json,active_v1,IHI 45V4,ihi-45v-4,/pages/equipment-model/ihi-45v-4,track_finder_v1
mdl_ihi_4j,br_ihi,4J,4J,,,,,,,,,,,,supplier_fitment,quarantine,IHI 4J,,,
mdl_ihi_50g,br_ihi,50G,50G,Mini Excavator,Excavator Pin-On,ts_400x725kx74,,,,,,,,Needs Review,airtable|fitment_json|supplier_fitment,active_v1,IHI 50G,ihi-50g,/pages/equipment-model/ihi-50g,track_finder_v1
mdl_ihi_50g3,br_ihi,50G3,50G3,Mini Excavator,Excavator Pin-On,ts_400x725kx74,,,,,,,,Needs Review,airtable|fitment_json,active_v1,IHI 50G3,ihi-50g-3,/pages/equipment-model/ihi-50g-3,track_finder_v1
mdl_ihi_50gx,br_ihi,50GX,50GX,Mini Excavator,Excavator Pin-On,ts_400x725kx74,,,,,,,,Needs Review,airtable|fitment_json|supplier_fitment,active_v1,IHI 50GX,ihi-50gx,/pages/equipment-model/ihi-50gx,track_finder_v1
mdl_ihi_50j,br_ihi,50J,50J,Mini Excavator,Excavator Pin-On,ts_400x725kx74,,,,,,,,Needs Review,airtable|fitment_json|supplier_fitment,active_v1,IHI 50J,ihi-50j,/pages/equipment-model/ihi-50j,track_finder_v1
mdl_ihi_50jx,br_ihi,50JX,50JX,Mini Excavator,Excavator Pin-On,ts_400x725kx74,,,,,,,,Needs Review,airtable|fitment_json,active_v1,IHI 50JX,ihi-50jx,/pages/equipment-model/ihi-50jx,track_finder_v1
mdl_ihi_50nx,br_ihi,50NX,50NX,,,,,,,,,,,,supplier_fitment,quarantine,IHI 50NX,,,
mdl_ihi_50uj,br_ihi,50UJ,50UJ,,,,,,,,,,,,supplier_fitment,quarantine,IHI 50UJ,,,
mdl_ihi_50ux,br_ihi,50UX,50UX,Mini Excavator,Excavator Pin-On,ts_400x725kx74,,,,,,,,Needs Review,airtable|fitment_json|supplier_fitment,active_v1,IHI 50UX,ihi-50ux,/pages/equipment-model/ihi-50ux,track_finder_v1
mdl_ihi_50vx,br_ihi,50VX,50VX,,,,,,,,,,,,supplier_fitment,quarantine,IHI 50VX,,,
mdl_ihi_50z,br_ihi,50Z,50Z,Mini Excavator,Excavator Pin-On,ts_400x725kx74,,,,,,,,Needs Review,airtable|fitment_json|supplier_fitment,active_v1,IHI 50Z,ihi-50z,/pages/equipment-model/ihi-50z,track_finder_v1
mdl_ihi_55g,br_ihi,55G,55G,,,,,,,,,,,,supplier_fitment,quarantine,IHI 55G,,,
mdl_ihi_55j,br_ihi,55J,55J,Mini Excavator,Excavator Pin-On,,,,,,,,,Needs Review,airtable|supplier_fitment,review,IHI 55J,,,
mdl_ihi_55j_2,br_ihi,55J-2,55J-2,,,,,,,,,,,,supplier_fitment,quarantine,IHI 55J-2,,,
mdl_ihi_55n,br_ihi,55N,55N,,,,,,,,,,,,supplier_fitment,quarantine,IHI 55N,,,
mdl_ihi_55uj,br_ihi,55UJ,55UJ,,,,,,,,,,,,supplier_fitment,quarantine,IHI 55UJ,,,
mdl_ihi_55ux,br_ihi,55UX,55UX,,,,,,,,,,,,supplier_fitment,quarantine,IHI 55UX,,,
mdl_ihi_55v_4,br_ihi,55V-4,55V-4,,,,,,,,,,,,supplier_fitment,quarantine,IHI 55V-4,,,
mdl_ihi_55vx,br_ihi,55VX,55VX,,,,,,,,,,,,supplier_fitment,quarantine,IHI 55VX,,,
mdl_ihi_60j,br_ihi,60J,60J,Mini Excavator,Excavator Pin-On,,,,,,,,,Needs Review,airtable,review,IHI 60J,,,
mdl_ihi_60v_4,br_ihi,60V-4,60V-4,,,,,,,,,,,,supplier_fitment,quarantine,IHI 60V-4,,,
mdl_ihi_65_nx,br_ihi,65-NX,65-NX,,,,,,,,,,,,size_index,reference,IHI 65-NX,,,
mdl_ihi_65nx,br_ihi,65NX,65NX,Mini Excavator,,ts_400x725wx76,,,,,,,,,fitment_json,active_v1,IHI 65NX,ihi-65nx,/pages/equipment-model/ihi-65nx,track_finder_v1
mdl_ihi_65uj,br_ihi,65UJ,65UJ,,,,,,,,,,,,supplier_fitment,quarantine,IHI 65UJ,,,
mdl_ihi_70z,br_ihi,70Z,70Z,,,,,,,,,,,,supplier_fitment,quarantine,IHI 70Z,,,
mdl_ihi_75j,br_ihi,75J,75J,Mini Excavator,Excavator Pin-On,ts_450x71x82,,,,,,,,Needs Review,airtable,review,IHI 75J,,,
mdl_ihi_75nx,br_ihi,75NX,75NX,,,,,,,,,,,,supplier_fitment,quarantine,IHI 75NX,,,
mdl_ihi_75uj,br_ihi,75UJ,75UJ,,,,,,,,,,,,supplier_fitment,quarantine,IHI 75UJ,,,
mdl_ihi_7gx,br_ihi,7GX,7GX,,,,,,,,,,,,supplier_fitment,quarantine,IHI 7GX,,,
mdl_ihi_7je,br_ihi,7JE,7JE,,,,,,,,,,,,supplier_fitment,quarantine,IHI 7JE,,,
mdl_ihi_80nx,br_ihi,80NX,80NX,,,,,,,,,,,,supplier_fitment,quarantine,IHI 80NX,,,
mdl_ihi_80vx,br_ihi,80VX,80VX,,,,,,,,,,,,supplier_fitment,quarantine,IHI 80VX,,,
mdl_ihi_85j,br_ihi,85J,85J,Mini Excavator,Excavator Pin-On,ts_450x71x82,,,,,,,,Needs Review,airtable,review,IHI 85J,,,
mdl_ihi_85v_4,br_ihi,85V-4,85V-4,,,,,,,,,,,,supplier_fitment,quarantine,IHI 85V-4,,,
mdl_ihi_9nx,br_ihi,9NX,9NX,,,,,,,,,,,,supplier_fitment,quarantine,IHI 9NX,,,
mdl_ihi_9vx,br_ihi,9VX,9VX,,,,,,,,,,,,supplier_fitment,quarantine,IHI 9VX,,,
mdl_ihi_airman_ax12,br_ihi,AIRMAN AX12,AIRMAN AX12,Mini Excavator,Excavator Pin-On,ts_230x96x31,,,,,,,,Needs Review,airtable,review,IHI AIRMAN AX12,,,
mdl_ihi_airman_ax12_2,br_ihi,AIRMAN AX12-2,AIRMAN AX12-2,Mini Excavator,Excavator Pin-On,ts_230x96x31,,,,,,,,Needs Review,airtable,review,IHI AIRMAN AX12-2,,,
mdl_ihi_airman_ax15_2,br_ihi,AIRMAN AX15-2,AIRMAN AX15-2,Mini Excavator,Excavator Pin-On,ts_230x96x31,,,,,,,,Needs Review,airtable,review,IHI AIRMAN AX15-2,,,
mdl_ihi_airman_ax15u,br_ihi,AIRMAN AX15U,AIRMAN AX15U,Mini Excavator,Excavator Pin-On,ts_230x96x31,,,,,,,,Needs Review,airtable,review,IHI AIRMAN AX15U,,,
mdl_ihi_airman_ax351,br_ihi,AIRMAN AX351,AIRMAN AX351,Mini Excavator,Excavator Pin-On,,,,,,,,,Needs Review,airtable,review,IHI AIRMAN AX351,,,
mdl_ihi_airman_ax352,br_ihi,AIRMAN AX352,AIRMAN AX352,Mini Excavator,Excavator Pin-On,,,,,,,,,Needs Review,airtable,review,IHI AIRMAN AX352,,,
mdl_ihi_airman_axc12,br_ihi,AIRMAN AXC12,AIRMAN AXC12,Mini Excavator,Excavator Pin-On,ts_230x96x31,,,,,,,,Needs Review,airtable,review,IHI AIRMAN AXC12,,,
mdl_ihi_airman_axc15,br_ihi,AIRMAN AXC15,AIRMAN AXC15,Mini Excavator,Excavator Pin-On,ts_230x96x31,,,,,,,,Needs Review,airtable,review,IHI AIRMAN AXC15,,,
mdl_ihi_cch30t,br_ihi,CCH30T,CCH30T,,,,,,,,,,,,supplier_fitment,quarantine,IHI CCH30T,,,
mdl_ihi_cch_30_t_minicrane,br_ihi,CCH-30-T-MINICRANE,CCH-30-T-MINICRANE,,,,,,,,,,,,size_index,quarantine,IHI CCH-30-T-MINICRANE,,,
mdl_ihi_cch_30_t_pick_ace_crane,br_ihi,CCH-30-T-PICK-ACE-CRANE,CCH-30-T-PICK-ACE-CRANE,,,,,,,,,,,,size_index,quarantine,IHI CCH-30-T-PICK-ACE-CRANE,,,
mdl_ihi_cl35,br_ihi,CL35,CL35,Skid Steer,Universal Quick-Attach,ts_320x86x52,,,,,,,,Verified,airtable|fitment_json|size_index|supplier_fitment,active_v1,IHI CL35,ihi-cl35,/pages/equipment-model/ihi-cl35,track_finder_v1
mdl_ihi_cl45,br_ihi,CL45,CL45,Skid Steer,Universal Quick-Attach,ts_450x86bx56,,,,,,,,Needs Review,airtable|supplier_fitment,active_v1,IHI CL45,ihi-cl45,/pages/equipment-model/ihi-cl45,track_finder_v1
mdl_ihi_cl_35_option_2,br_ihi,CL 35 OPTION 2,CL 35 OPTION 2,,,,,,,,,,,,size_index,quarantine,IHI CL 35 OPTION 2,,,
mdl_ihi_cl_35_option_3,br_ihi,CL 35 OPTION 3,CL 35 OPTION 3,,,ts_400x86x52,,,,,,,,,size_index,review,IHI CL 35 OPTION 3,,,
mdl_ihi_ic120,br_ihi,IC120,IC120,,,,,,,,,,,,supplier_fitment,quarantine,IHI IC120,,,
mdl_ihi_ic75,br_ihi,IC75,IC75,,,,,,,,,,,,supplier_fitment,quarantine,IHI IC75,,,
mdl_ihi_is07,br_ihi,IS07,IS07,,,,,,,,,,,,supplier_fitment,quarantine,IHI IS07,,,
mdl_ihi_is10,br_ihi,IS10,IS10,Mini Excavator,Excavator Pin-On,ts_230x72x43,,,,,,,,Needs Review,airtable|supplier_fitment,review,IHI IS10,,,
mdl_ihi_is10c,br_ihi,IS10C,IS10C,Mini Excavator,Excavator Pin-On,ts_230x72x43,,,,,,,,Needs Review,airtable|supplier_fitment,review,IHI IS10C,,,
mdl_ihi_is10f,br_ihi,IS10F,IS10F,Mini Excavator,Excavator Pin-On,ts_230x72x43,,,,,,,,Needs Review,airtable|supplier_fitment,review,IHI IS10F,,,
mdl_ihi_is10fx,br_ihi,IS10FX,IS10FX,Mini Excavator,Excavator Pin-On,ts_230x72x43,,,,,,,,Needs Review,airtable|supplier_fitment,review,IHI IS10FX,,,
mdl_ihi_is10g,br_ihi,IS10G,IS10G,Mini Excavator,Excavator Pin-On,ts_230x72x43,,,,,,,,Needs Review,airtable|supplier_fitment,review,IHI IS10G,,,
mdl_ihi_is10gx,br_ihi,IS10GX,IS10GX,Mini Excavator,Excavator Pin-On,ts_230x72x43,,,,,,,,Needs Review,airtable|supplier_fitment,review,IHI IS10GX,,,
mdl_ihi_is10s,br_ihi,IS10S,IS10S,Mini Excavator,Excavator Pin-On,ts_230x72x43,,,,,,,,Needs Review,airtable|supplier_fitment,review,IHI IS10S,,,
mdl_ihi_is11x,br_ihi,IS11X,IS11X,Mini Excavator,Excavator Pin-On,ts_230x72x43,,,,,,,,Needs Review,airtable|supplier_fitment,review,IHI IS11X,,,
mdl_ihi_is12,br_ihi,IS12,IS12,Mini Excavator,Excavator Pin-On,ts_230x72x43,,,,,,,,Needs Review,airtable|supplier_fitment,review,IHI IS12,,,
mdl_ihi_is12c,br_ihi,IS12C,IS12C,Mini Excavator,Excavator Pin-On,ts_230x72x43,,,,,,,,Needs Review,airtable|supplier_fitment,review,IHI IS12C,,,
mdl_ihi_is12g,br_ihi,IS12G,IS12G,Mini Excavator,Excavator Pin-On,ts_230x72x43,,,,,,,,Needs Review,airtable|supplier_fitment,review,IHI IS12G,,,
mdl_ihi_is12gx,br_ihi,IS12GX,IS12GX,Mini Excavator,Excavator Pin-On,ts_230x72x43,,,,,,,,Needs Review,airtable|supplier_fitment,review,IHI IS12GX,,,
mdl_ihi_is12s,br_ihi,IS12S,IS12S,Mini Excavator,Excavator Pin-On,ts_230x72x43,,,,,,,,Needs Review,airtable|supplier_fitment,review,IHI IS12S,,,
mdl_ihi_is14,br_ihi,IS14,IS14,Mini Excavator,Excavator Pin-On,ts_230x72x43,,,,,,,,Needs Review,airtable|supplier_fitment,review,IHI IS14,,,
mdl_ihi_is14g,br_ihi,IS14G,IS14G,Mini Excavator,Excavator Pin-On,ts_230x72x43,,,,,,,,Needs Review,airtable|supplier_fitment,review,IHI IS14G,,,
mdl_ihi_is14gx,br_ihi,IS14GX,IS14GX,Mini Excavator,Excavator Pin-On,ts_230x72x43,,,,,,,,Needs Review,airtable|supplier_fitment,review,IHI IS14GX,,,
mdl_ihi_is14gx_2,br_ihi,IS14GX-2,IS14GX-2,Mini Excavator,Excavator Pin-On,ts_230x72x43,,,,,,,,Needs Review,airtable|supplier_fitment,review,IHI IS14GX-2,,,
mdl_ihi_is14gx_3,br_ihi,IS14GX-3,IS14GX-3,Mini Excavator,Excavator Pin-On,ts_230x72x43,,,,,,,,Needs Review,airtable|supplier_fitment,review,IHI IS14GX-3,,,
mdl_ihi_is14px,br_ihi,IS14PX,IS14PX,Mini Excavator,Excavator Pin-On,ts_230x72x43,,,,,,,,Needs Review,airtable|supplier_fitment,review,IHI IS14PX,,,
mdl_ihi_is15j,br_ihi,IS15J,IS15J,,,,,,,,,,,,supplier_fitment,quarantine,IHI IS15J,,,
mdl_ihi_is17j,br_ihi,IS17J,IS17J,,,,,,,,,,,,supplier_fitment,quarantine,IHI IS17J,,,
mdl_ihi_is17je,br_ihi,IS17JE,IS17JE,,,,,,,,,,,,supplier_fitment,quarantine,IHI IS17JE,,,
mdl_ihi_is18j,br_ihi,IS18J,IS18J,,,,,,,,,,,,supplier_fitment,quarantine,IHI IS18J,,,
mdl_ihi_is20lx,br_ihi,IS20LX,IS20LX,,,,,,,,,,,,supplier_fitment,quarantine,IHI IS20LX,,,
mdl_ihi_is22ux,br_ihi,IS22UX,IS22UX,,,,,,,,,,,,supplier_fitment,quarantine,IHI IS22UX,,,
mdl_ihi_is25jx,br_ihi,IS25JX,IS25JX,,,,,,,,,,,,supplier_fitment,quarantine,IHI IS25JX,,,
mdl_ihi_is25nx,br_ihi,IS25NX,IS25NX,,,,,,,,,,,,supplier_fitment,quarantine,IHI IS25NX,,,
mdl_ihi_is27,br_ihi,IS27,IS27,Mini Excavator,Excavator Pin-On,ts_300x525nx76,,,,,,,,Verified,airtable|fitment_json|supplier_fitment,active_v1,IHI IS27,ihi-is-27,/pages/equipment-model/ihi-is-27,track_finder_v1
mdl_ihi_is27f,br_ihi,IS27F,IS27F,,,,,,,,,,,,supplier_fitment,quarantine,IHI IS27F,,,
mdl_ihi_is27fx,br_ihi,IS27FX,IS27FX,,,,,,,,,,,,supplier_fitment,quarantine,IHI IS27FX,,,
mdl_ihi_is27g,br_ihi,IS27G,IS27G,Mini Excavator,Excavator Pin-On,ts_300x525nx76,,,,,,,,Verified,airtable|fitment_json|supplier_fitment,active_v1,IHI IS27G,ihi-is-27g,/pages/equipment-model/ihi-is-27g,track_finder_v1
mdl_ihi_is27gx,br_ihi,IS27GX,IS27GX,Mini Excavator,Excavator Pin-On,ts_300x525nx76,,,,,,,,Verified,airtable|fitment_json|supplier_fitment,active_v1,IHI IS27GX,ihi-is-27gx,/pages/equipment-model/ihi-is-27gx,track_finder_v1
mdl_ihi_is27r,br_ihi,IS27R,IS27R,,,,,,,,,,,,supplier_fitment,quarantine,IHI IS27R,,,
mdl_ihi_is28,br_ihi,IS28,IS28,,,,,,,,,,,,supplier_fitment,quarantine,IHI IS28,,,
mdl_ihi_is28g,br_ihi,IS28G,IS28G,Mini Excavator,Excavator Pin-On,ts_300x525nx76,,,,,,,,Verified,airtable|fitment_json|supplier_fitment,active_v1,IHI IS28G,ihi-is-28g,/pages/equipment-model/ihi-is-28g,track_finder_v1
mdl_ihi_is28g3,br_ihi,IS28G3,IS28G3,Mini Excavator,Excavator Pin-On,ts_300x525nx76,,,,,,,,Verified,airtable|fitment_json|supplier_fitment,active_v1,IHI IS28G3,ihi-is-28g3,/pages/equipment-model/ihi-is-28g3,track_finder_v1
mdl_ihi_is28gx,br_ihi,IS28GX,IS28GX,Mini Excavator,Excavator Pin-On,ts_300x525nx76,,,,,,,,Verified,airtable|fitment_json|supplier_fitment,active_v1,IHI IS28GX,ihi-is-28gx,/pages/equipment-model/ihi-is-28gx,track_finder_v1
mdl_ihi_is28j,br_ihi,IS28J,IS28J,Mini Excavator,Excavator Pin-On,ts_300x525nx76,,,,,,,,Verified,airtable|fitment_json|supplier_fitment,active_v1,IHI IS28J,ihi-is-28j,/pages/equipment-model/ihi-is-28j,track_finder_v1
mdl_ihi_is28jx,br_ihi,IS28JX,IS28JX,,,,,,,,,,,,supplier_fitment,quarantine,IHI IS28JX,,,
mdl_ihi_is28lx,br_ihi,IS28LX,IS28LX,Mini Excavator,Excavator Pin-On,ts_300x525nx76,,,,,,,,Verified,airtable|fitment_json|supplier_fitment,active_v1,IHI IS28LX,ihi-is-28lx,/pages/equipment-model/ihi-is-28lx,track_finder_v1
mdl_ihi_is28px,br_ihi,IS28PX,IS28PX,Mini Excavator,Excavator Pin-On,ts_300x525nx76,,,,,,,,Verified,airtable|fitment_json|supplier_fitment,active_v1,IHI IS28PX,ihi-is-28px,/pages/equipment-model/ihi-is-28px,track_finder_v1
mdl_ihi_is28ux,br_ihi,IS28UX,IS28UX,Mini Excavator,Excavator Pin-On,ts_300x525nx76,,,,,,,,Verified,airtable|fitment_json|supplier_fitment,active_v1,IHI IS28UX,ihi-is-28ux,/pages/equipment-model/ihi-is-28ux,track_finder_v1
mdl_ihi_is28ux_2,br_ihi,IS28UX-2,IS28UX-2,,,,,,,,,,,,supplier_fitment,quarantine,IHI IS28UX-2,,,
mdl_ihi_is30g,br_ihi,IS30G,IS30G,Mini Excavator,Excavator Pin-On,ts_300x525nx76,,,,,,,,Verified,airtable|fitment_json|supplier_fitment,active_v1,IHI IS30G,ihi-is-30g,/pages/equipment-model/ihi-is-30g,track_finder_v1
mdl_ihi_is30gx,br_ihi,IS30GX,IS30GX,Mini Excavator,Excavator Pin-On,ts_300x525nx76,,,,,,,,Verified,airtable|fitment_json|supplier_fitment,active_v1,IHI IS30GX,ihi-is-30gx,/pages/equipment-model/ihi-is-30gx,track_finder_v1
mdl_ihi_is30gx_2,br_ihi,IS30GX-2,IS30GX-2,,,,,,,,,,,,supplier_fitment,quarantine,IHI IS30GX-2,,,
mdl_ihi_is30gx_3,br_ihi,IS30GX-3,IS30GX-3,,,,,,,,,,,,supplier_fitment,quarantine,IHI IS30GX-3,,,
mdl_ihi_is30j,br_ihi,IS30J,IS30J,Mini Excavator,Excavator Pin-On,ts_300x525nx76,,,,,,,,Verified,airtable|fitment_json|supplier_fitment,active_v1,IHI IS30J,ihi-is-30j,/pages/equipment-model/ihi-is-30j,track_finder_v1
mdl_ihi_is30jx,br_ihi,IS30JX,IS30JX,Mini Excavator,Excavator Pin-On,ts_300x525nx84,,,,,,,,Verified,airtable|fitment_json|supplier_fitment,active_v1,IHI IS30JX,ihi-is-30jx,/pages/equipment-model/ihi-is-30jx,track_finder_v1
mdl_ihi_is30nx,br_ihi,IS30NX,IS30NX,Mini Excavator,Excavator Pin-On,ts_300x525nx84,,,,,,,,Verified,airtable|fitment_json|supplier_fitment,active_v1,IHI IS30NX,ihi-is-30nx,/pages/equipment-model/ihi-is-30nx,track_finder_v1
mdl_ihi_is30nx_2,br_ihi,IS30NX-2,IS30NX-2,,,,,,,,,,,,supplier_fitment,quarantine,IHI IS30NX-2,,,
mdl_ihi_is30uj,br_ihi,IS30UJ,IS30UJ,Mini Excavator,Excavator Pin-On,ts_300x525nx84,,,,,,,,Verified,airtable|fitment_json|supplier_fitment,active_v1,IHI IS30UJ,ihi-is-30uj,/pages/equipment-model/ihi-is-30uj,track_finder_v1
mdl_ihi_is30uj_2,br_ihi,IS30UJ-2,IS30UJ-2,,,,,,,,,,,,supplier_fitment,quarantine,IHI IS30UJ-2,,,
mdl_ihi_is30z,br_ihi,IS30Z,IS30Z,,,,,,,,,,,,supplier_fitment,quarantine,IHI IS30Z,,,
mdl_ihi_is32j,br_ihi,IS32J,IS32J,Mini Excavator,Excavator Pin-On,ts_300x525nx84,,,,,,,,Verified,airtable|fitment_json|supplier_fitment,active_v1,IHI IS32J,ihi-is-32j,/pages/equipment-model/ihi-is-32j,track_finder_v1
mdl_ihi_is35g,br_ihi,IS35G,IS35G,Mini Excavator,Excavator Pin-On,ts_300x525nx84,,,,,,,,Verified,airtable|fitment_json|supplier_fitment,active_v1,IHI IS35G,ihi-is-35g,/pages/equipment-model/ihi-is-35g,track_finder_v1
mdl_ihi_is35g_1,br_ihi,IS35G-1,IS35G-1,,,,,,,,,,,,supplier_fitment,quarantine,IHI IS35G-1,,,
mdl_ihi_is35g_2,br_ihi,IS35G-2,IS35G-2,,,,,,,,,,,,supplier_fitment,quarantine,IHI IS35G-2,,,
mdl_ihi_is35gx,br_ihi,IS35GX,IS35GX,Mini Excavator,Excavator Pin-On,ts_300x525nx84,,,,,,,,Verified,airtable|fitment_json|supplier_fitment,active_v1,IHI IS35GX,ihi-is-35gx,/pages/equipment-model/ihi-is-35gx,track_finder_v1
mdl_ihi_is35gx_1,br_ihi,IS35GX-1,IS35GX-1,,,,,,,,,,,,supplier_fitment,quarantine,IHI IS35GX-1,,,
mdl_ihi_is35gx_2,br_ihi,IS35GX-2,IS35GX-2,,,,,,,,,,,,supplier_fitment,quarantine,IHI IS35GX-2,,,
mdl_ihi_is35gx_3,br_ihi,IS35GX-3,IS35GX-3,,,,,,,,,,,,supplier_fitment,quarantine,IHI IS35GX-3,,,
mdl_ihi_is35j,br_ihi,IS35J,IS35J,Mini Excavator,Excavator Pin-On,ts_300x525nx84,,,,,,,,Verified,airtable|fitment_json|supplier_fitment,active_v1,IHI IS35J,ihi-is-35j,/pages/equipment-model/ihi-is-35j,track_finder_v1
mdl_ihi_is35jx,br_ihi,IS35JX,IS35JX,,,,,,,,,,,,supplier_fitment,quarantine,IHI IS35JX,,,
mdl_ihi_is35nx,br_ihi,IS35NX,IS35NX,Mini Excavator,Excavator Pin-On,ts_300x525nx84,,,,,,,,Verified,airtable|fitment_json|supplier_fitment,active_v1,IHI IS35NX,ihi-is-35nx,/pages/equipment-model/ihi-is-35nx,track_finder_v1
mdl_ihi_is35uj,br_ihi,IS35UJ,IS35UJ,Mini Excavator,Excavator Pin-On,ts_300x525nx84,,,,,,,,Verified,airtable|fitment_json|supplier_fitment,active_v1,IHI IS35UJ,ihi-is-35uj,/pages/equipment-model/ihi-is-35uj,track_finder_v1
mdl_ihi_is38uj,br_ihi,IS38UJ,IS38UJ,Mini Excavator,Excavator Pin-On,ts_300x525nx84,,,,,,,,Verified,airtable|fitment_json|supplier_fitment,active_v1,IHI IS38UJ,ihi-is-38uj,/pages/equipment-model/ihi-is-38uj,track_finder_v1
mdl_ihi_is38ux,br_ihi,IS38UX,IS38UX,Mini Excavator,Excavator Pin-On,ts_300x525nx84,,,,,,,,Verified,airtable|fitment_json|supplier_fitment,active_v1,IHI IS38UX,ihi-is-38ux,/pages/equipment-model/ihi-is-38ux,track_finder_v1
mdl_ihi_is40g,br_ihi,IS40G,IS40G,Mini Excavator,Excavator Pin-On,ts_400x725kx72,,,,,,,,Verified,airtable|fitment_json|supplier_fitment,active_v1,IHI IS40G,ihi-is-40g,/pages/equipment-model/ihi-is-40g,track_finder_v1
mdl_ihi_is40gx,br_ihi,IS40GX,IS40GX,Mini Excavator,Excavator Pin-On,ts_400x725kx72,,,,,,,,Verified,airtable|fitment_json|supplier_fitment,active_v1,IHI IS40GX,ihi-is-40gx,/pages/equipment-model/ihi-is-40gx,track_finder_v1
mdl_ihi_is40gx2,br_ihi,IS40GX2,IS40GX2,Mini Excavator,Excavator Pin-On,ts_400x725kx72,,,,,,,,Verified,airtable|fitment_json,active_v1,IHI IS40GX2,ihi-is-40gx-2,/pages/equipment-model/ihi-is-40gx-2,track_finder_v1
mdl_ihi_is40gx3,br_ihi,IS40GX3,IS40GX3,Mini Excavator,Excavator Pin-On,ts_400x725kx72,,,,,,,,Verified,airtable|fitment_json,active_v1,IHI IS40GX3,ihi-is-40gx-3,/pages/equipment-model/ihi-is-40gx-3,track_finder_v1
mdl_ihi_is40gx_2,br_ihi,IS40GX-2,IS40GX-2,,,,,,,,,,,,supplier_fitment,reference,IHI IS40GX-2,,,
mdl_ihi_is40gx_3,br_ihi,IS40GX-3,IS40GX-3,,,,,,,,,,,,supplier_fitment,reference,IHI IS40GX-3,,,
mdl_ihi_is40j,br_ihi,IS40J,IS40J,Mini Excavator,Excavator Pin-On,ts_400x725kx72,,,,,,,,Verified,airtable|fitment_json|supplier_fitment,active_v1,IHI IS40J,ihi-is-40j,/pages/equipment-model/ihi-is-40j,track_finder_v1
mdl_ihi_is40jx,br_ihi,IS40JX,IS40JX,Mini Excavator,Excavator Pin-On,ts_400x725kx72,,,,,,,,Verified,airtable|fitment_json|supplier_fitment,active_v1,IHI IS40JX,ihi-is-40jx,/pages/equipment-model/ihi-is-40jx,track_finder_v1
mdl_ihi_is40nx,br_ihi,IS40NX,IS40NX,Mini Excavator,Excavator Pin-On,ts_400x725kx72,,,,,,,,Verified,airtable|fitment_json,active_v1,IHI IS40NX,ihi-is-40nx,/pages/equipment-model/ihi-is-40nx,track_finder_v1
mdl_ihi_is40uj,br_ihi,IS40UJ,IS40UJ,,,,,,,,,,,,supplier_fitment,quarantine,IHI IS40UJ,,,
mdl_ihi_is40z,br_ihi,IS40Z,IS40Z,,,,,,,,,,,,supplier_fitment,quarantine,IHI IS40Z,,,
mdl_ihi_is45j,br_ihi,IS45J,IS45J,Mini Excavator,Excavator Pin-On,ts_400x725kx72,,,,,,,,Verified,airtable|fitment_json|supplier_fitment,active_v1,IHI IS45J,ihi-is-45j,/pages/equipment-model/ihi-is-45j,track_finder_v1
mdl_ihi_is45nx,br_ihi,IS45NX,IS45NX,Mini Excavator,Excavator Pin-On,ts_400x725kx72,,,,,,,,Verified,airtable|fitment_json|supplier_fitment,active_v1,IHI IS45NX,ihi-is-45nx,/pages/equipment-model/ihi-is-45nx,track_finder_v1
mdl_ihi_is45uj,br_ihi,IS45UJ,IS45UJ,Mini Excavator,Excavator Pin-On,ts_400x725kx72,,,,,,,,Verified,airtable|fitment_json|supplier_fitment,active_v1,IHI IS45UJ,ihi-is-45uj,/pages/equipment-model/ihi-is-45uj,track_finder_v1
mdl_ihi_is4f,br_ihi,IS4F,IS4F,,,,,,,,,,,,supplier_fitment,quarantine,IHI IS4F,,,
mdl_ihi_is4fg,br_ihi,IS4FG,IS4FG,,,,,,,,,,,,supplier_fitment,quarantine,IHI IS4FG,,,
mdl_ihi_is4fx,br_ihi,IS4FX,IS4FX,,,,,,,,,,,,supplier_fitment,quarantine,IHI IS4FX,,,
mdl_ihi_is4gx,br_ihi,IS4GX,IS4GX,,,,,,,,,,,,supplier_fitment,quarantine,IHI IS4GX,,,
mdl_ihi_is4gx_3,br_ihi,IS4GX-3,IS4GX-3,,,,,,,,,,,,supplier_fitment,quarantine,IHI IS4GX-3,,,
mdl_ihi_is4j,br_ihi,IS4J,IS4J,,,,,,,,,,,,supplier_fitment,quarantine,IHI IS4J,,,
mdl_ihi_is50g,br_ihi,IS50G,IS50G,Mini Excavator,Excavator Pin-On,ts_400x725kx74,,,,,,,,Verified,airtable|fitment_json|supplier_fitment,active_v1,IHI IS50G,ihi-is-50g,/pages/equipment-model/ihi-is-50g,track_finder_v1
mdl_ihi_is50g3,br_ihi,IS50G3,IS50G3,Mini Excavator,Excavator Pin-On,ts_400x725kx74,,,,,,,,Verified,airtable|fitment_json|supplier_fitment,active_v1,IHI IS50G3,ihi-is-50g3,/pages/equipment-model/ihi-is-50g3,track_finder_v1
mdl_ihi_is50gx,br_ihi,IS50GX,IS50GX,Mini Excavator,Excavator Pin-On,ts_400x725kx74,,,,,,,,Verified,airtable|fitment_json|supplier_fitment,active_v1,IHI IS50GX,ihi-is-50gx,/pages/equipment-model/ihi-is-50gx,track_finder_v1
mdl_ihi_is50uj,br_ihi,IS50UJ,IS50UJ,Mini Excavator,Excavator Pin-On,ts_400x725kx74,,,,,,,,Verified,airtable|fitment_json|supplier_fitment,active_v1,IHI IS50UJ,ihi-is-50uj,/pages/equipment-model/ihi-is-50uj,track_finder_v1
mdl_ihi_is50ux,br_ihi,IS50UX,IS50UX,Mini Excavator,Excavator Pin-On,ts_400x725kx74,,,,,,,,Verified,airtable|fitment_json|supplier_fitment,active_v1,IHI IS50UX,ihi-is-50ux,/pages/equipment-model/ihi-is-50ux,track_finder_v1
mdl_ihi_is50z,br_ihi,IS50Z,IS50Z,Mini Excavator,Excavator Pin-On,ts_400x725kx74,,,,,,,,Verified,airtable|fitment_json|supplier_fitment,active_v1,IHI IS50Z,ihi-is-50z,/pages/equipment-model/ihi-is-50z,track_finder_v1
mdl_ihi_is55,br_ihi,IS55,IS55,Mini Excavator,Excavator Pin-On,ts_400x725kx74,,,,,,,,Verified,airtable|fitment_json|supplier_fitment,active_v1,IHI IS55,ihi-is-55,/pages/equipment-model/ihi-is-55,track_finder_v1
mdl_ihi_is55g,br_ihi,IS55G,IS55G,Mini Excavator,Excavator Pin-On,ts_400x725kx74,,,,,,,,Verified,airtable|fitment_json|supplier_fitment,active_v1,IHI IS55G,ihi-is-55g,/pages/equipment-model/ihi-is-55g,track_finder_v1
mdl_ihi_is55g3,br_ihi,IS55G3,IS55G3,Mini Excavator,Excavator Pin-On,ts_400x725kx74,,,,,,,,Verified,airtable|fitment_json,active_v1,IHI IS55G3,ihi-is-55g-3,/pages/equipment-model/ihi-is-55g-3,track_finder_v1
mdl_ihi_is55g_3,br_ihi,IS55G-3,IS55G-3,,,,,,,,,,,,supplier_fitment,reference,IHI IS55G-3,,,
mdl_ihi_is55j,br_ihi,IS55J,IS55J,Mini Excavator,Excavator Pin-On,ts_400x725kx74,,,,,,,,Verified,airtable|fitment_json|supplier_fitment,active_v1,IHI IS55J,ihi-is-55j,/pages/equipment-model/ihi-is-55j,track_finder_v1
mdl_ihi_is55lx,br_ihi,IS55LX,IS55LX,Mini Excavator,Excavator Pin-On,ts_400x725kx74,,,,,,,,Verified,airtable|fitment_json|supplier_fitment,active_v1,IHI IS55LX,ihi-is-55lx,/pages/equipment-model/ihi-is-55lx,track_finder_v1
mdl_ihi_is55n,br_ihi,IS55N,IS55N,Mini Excavator,Excavator Pin-On,ts_400x725kx74,,,,,,,,Verified,airtable|fitment_json|supplier_fitment,active_v1,IHI IS55N,ihi-is-55n,/pages/equipment-model/ihi-is-55n,track_finder_v1
mdl_ihi_is55u1,br_ihi,IS55U1,IS55U1,Mini Excavator,Excavator Pin-On,ts_400x725kx74,,,,,,,,Verified,airtable|fitment_json,active_v1,IHI IS55U1,ihi-is-55u-1,/pages/equipment-model/ihi-is-55u-1,track_finder_v1
mdl_ihi_is55u2,br_ihi,IS55U2,IS55U2,Mini Excavator,Excavator Pin-On,ts_400x725kx74,,,,,,,,Verified,airtable|fitment_json,active_v1,IHI IS55U2,ihi-is-55u-2,/pages/equipment-model/ihi-is-55u-2,track_finder_v1
mdl_ihi_is55u_1,br_ihi,IS55U-1,IS55U-1,,,,,,,,,,,,supplier_fitment,reference,IHI IS55U-1,,,
mdl_ihi_is55u_2,br_ihi,IS55U-2,IS55U-2,,,,,,,,,,,,supplier_fitment,reference,IHI IS55U-2,,,
mdl_ihi_is55uj,br_ihi,IS55UJ,IS55UJ,Mini Excavator,Excavator Pin-On,ts_400x725kx74,,,,,,,,Verified,airtable|fitment_json|supplier_fitment,active_v1,IHI IS55UJ,ihi-is-55uj,/pages/equipment-model/ihi-is-55uj,track_finder_v1
mdl_ihi_is55ux,br_ihi,IS55UX,IS55UX,Mini Excavator,Excavator Pin-On,ts_400x725kx74,,,,,,,,Verified,airtable|fitment_json|supplier_fitment,active_v1,IHI IS55UX,ihi-is-55ux,/pages/equipment-model/ihi-is-55ux,track_finder_v1
mdl_ihi_is65uj,br_ihi,IS65UJ,IS65UJ,,,,,,,,,,,,supplier_fitment,quarantine,IHI IS65UJ,,,
mdl_ihi_is65uj3,br_ihi,IS65UJ3,IS65UJ3,,,,,,,,,,,,supplier_fitment,quarantine,IHI IS65UJ3,,,
mdl_ihi_is70z,br_ihi,IS70Z,IS70Z,,,,,,,,,,,,supplier_fitment,quarantine,IHI IS70Z,,,
mdl_ihi_is75f,br_ihi,IS75F,IS75F,,,,,,,,,,,,supplier_fitment,quarantine,IHI IS75F,,,
mdl_ihi_is75uj,br_ihi,IS75UJ,IS75UJ,,,,,,,,,,,,supplier_fitment,quarantine,IHI IS75UJ,,,
mdl_ihi_is7f,br_ihi,IS7F,IS7F,,,,,,,,,,,,supplier_fitment,quarantine,IHI IS7F,,,
mdl_ihi_is7fx,br_ihi,IS7FX,IS7FX,,,,,,,,,,,,supplier_fitment,quarantine,IHI IS7FX,,,
mdl_ihi_is7gx,br_ihi,IS7GX,IS7GX,,,,,,,,,,,,supplier_fitment,quarantine,IHI IS7GX,,,
mdl_ihi_is7gx_2,br_ihi,IS7GX-2,IS7GX-2,,,,,,,,,,,,supplier_fitment,quarantine,IHI IS7GX-2,,,
mdl_ihi_is7gx_3,br_ihi,IS7GX-3,IS7GX-3,,,,,,,,,,,,supplier_fitment,quarantine,IHI IS7GX-3,,,
mdl_ihi_is7j,br_ihi,IS7J,IS7J,,,,,,,,,,,,supplier_fitment,quarantine,IHI IS7J,,,
mdl_ihi_is7p,br_ihi,IS7P,IS7P,,,,,,,,,,,,supplier_fitment,quarantine,IHI IS7P,,,
mdl_ihi_is80nx,br_ihi,IS80NX,IS80NX,,,,,,,,,,,,supplier_fitment,quarantine,IHI IS80NX,,,
mdl_ihi_is_35_jx,br_ihi,IS-35-JX,IS-35-JX,,,,,,,,,,,,size_index,quarantine,IHI IS-35-JX,,,
mdl_ihi_is_35_nx,br_ihi,IS-35-NX,IS-35-NX,,,,,,,,,,,,size_index,reference,IHI IS-35-NX,,,
mdl_ihi_is_35_uj,br_ihi,IS-35-UJ,IS-35-UJ,,,,,,,,,,,,size_index,reference,IHI IS-35-UJ,,,
mdl_ihi_is_38_uj,br_ihi,IS-38-UJ,IS-38-UJ,,,,,,,,,,,,size_index,reference,IHI IS-38-UJ,,,
mdl_ihi_is_40_z,br_ihi,IS-40-Z,IS-40-Z,,,,,,,,,,,,size_index,quarantine,IHI IS-40-Z,,,
mdl_ihi_ls1200fxj2,br_ihi,LS1200FXJ2,LS1200FXJ2,,,,,,,,,,,,supplier_fitment,quarantine,IHI LS1200FXJ2,,,
mdl_ihi_ls1200fxj3,br_ihi,LS1200FXJ3,LS1200FXJ3,,,,,,,,,,,,supplier_fitment,quarantine,IHI LS1200FXJ3,,,
mdl_ihi_ls1300fxj3,br_ihi,LS1300FXJ3,LS1300FXJ3,,,,,,,,,,,,supplier_fitment,quarantine,IHI LS1300FXJ3,,,
mdl_ihi_morooka,br_ihi,MOROOKA,MOROOKA,,,,,,,,,,,,supplier_fitment,quarantine,IHI MOROOKA,,,
mdl_ihi_mst1500,br_ihi,MST1500,MST1500,,,,,,,,,,,,supplier_fitment,quarantine,IHI MST1500,,,
mdl_ihi_mst1500vd,br_ihi,MST1500VD,MST1500VD,,,,,,,,,,,,supplier_fitment,quarantine,IHI MST1500VD,,,
mdl_ihi_mst1500vdl,br_ihi,MST1500VDL,MST1500VDL,,,,,,,,,,,,supplier_fitment,quarantine,IHI MST1500VDL,,,
mdl_ihi_mst2200,br_ihi,MST2200,MST2200,,,,,,,,,,,,supplier_fitment,quarantine,IHI MST2200,,,
mdl_ihi_mst2200vd,br_ihi,MST2200VD,MST2200VD,,,,,,,,,,,,supplier_fitment,quarantine,IHI MST2200VD,,,
mdl_ihi_mst2200vdr,br_ihi,MST2200VDR,MST2200VDR,,,,,,,,,,,,supplier_fitment,quarantine,IHI MST2200VDR,,,
mdl_ihi_mst2500vdl,br_ihi,MST2500VDL,MST2500VDL,,,,,,,,,,,,supplier_fitment,quarantine,IHI MST2500VDL,,,
mdl_ihi_n400_2,br_ihi,N400-2,N400-2,,,,,,,,,,,,supplier_fitment,quarantine,IHI N400-2,,,
mdl_ihi_n450_2,br_ihi,N450-2,N450-2,,,,,,,,,,,,supplier_fitment,quarantine,IHI N450-2,,,
mdl_ihi_n450_2r,br_ihi,N450-2R,N450-2R,,,,,,,,,,,,supplier_fitment,quarantine,IHI N450-2R,,,
mdl_ihi_nagano,br_ihi,NAGANO,NAGANO,,,,,,,,,,,,supplier_fitment,quarantine,IHI NAGANO,,,
mdl_ihi_nissan,br_ihi,NISSAN,NISSAN,,,,,,,,,,,,supplier_fitment,quarantine,IHI NISSAN,,,
mdl_ihi_ns45,br_ihi,NS45,NS45,,,,,,,,,,,,supplier_fitment,quarantine,IHI NS45,,,
mdl_ihi_rt9,br_ihi,RT9,RT9,,,,,,,,,,,,supplier_fitment,quarantine,IHI RT9,,,
mdl_ihi_s120,br_ihi,S120,S120,,,,,,,,,,,,supplier_fitment,quarantine,IHI S120,,,
mdl_ihi_s120f2,br_ihi,S120F2,S120F2,,,,,,,,,,,,supplier_fitment,quarantine,IHI S120F2,,,
mdl_ihi_s_b480,br_ihi,S B480,S B480,,,,,,,,,,,,supplier_fitment,quarantine,IHI S B480,,,
mdl_ihi_sumitomo,br_ihi,SUMITOMO,SUMITOMO,,,,,,,,,,,,supplier_fitment,quarantine,IHI SUMITOMO,,,
mdl_ihi_t840,br_ihi,T840,T840,,,,,,,,,,,,supplier_fitment,quarantine,IHI T840,,,
mdl_ihi_terramac,br_ihi,TERRAMAC,TERRAMAC,,,,,,,,,,,,supplier_fitment,quarantine,IHI TERRAMAC,,,
mdl_jcb_100c_1,br_jcb,100C-1,100C-1,,,,,,,,,,,,size_index|supplier_fitment,quarantine,JCB 100C-1,,,
mdl_jcb_1110t,br_jcb,1110T,1110T,,,,,,,,,,,,shopify_meta|size_index|supplier_fitment,quarantine,JCB 1110T,,,
mdl_jcb_150t,br_jcb,150T,150T,Skid Steer,,ts_320x86x48,,,,,,,,,fitment_json|shopify_meta|supplier_fitment,active_v1,JCB 150T,jcb-150t,/pages/equipment-model/jcb-150t,track_finder_v1
mdl_jcb_155,br_jcb,155,155,,,,,,,,,,,,supplier_fitment,quarantine,JCB 155,,,
mdl_jcb_15c_1,br_jcb,15C-1,15C-1,,,ts_230x96x31,,,,,,,,,size_index,review,JCB 15C-1,,,
mdl_jcb_15j,br_jcb,15J,15J,,,,,,,,,,,,supplier_fitment,quarantine,JCB 15J,,,
mdl_jcb_16c_1,br_jcb,16C-1,16C-1,Mini Excavator,,ts_230x48x70,,,,,,,,,size_index,active_v1,JCB 16C-1,jcb-16c-1,/pages/equipment-model/jcb-16c-1,track_finder_v1
mdl_jcb_170,br_jcb,170,170,,,,,,,,,,,,supplier_fitment,quarantine,JCB 170,,,
mdl_jcb_180t,br_jcb,180T,180T,Skid Steer,,ts_320x86bx50,60,8002,15.9,,3000,,,Verified,airtable|fitment_json|shopify_meta|size_index|supplier_fitment,active_v1,JCB 180T,jcb-180t,/pages/equipment-model/jcb-180t,track_finder_v1
mdl_jcb_18z_1,br_jcb,18Z-1,18Z-1,Mini Excavator,,ts_230x48x70,,,,,,,,,size_index,active_v1,JCB 18Z-1,jcb-18z-1,/pages/equipment-model/jcb-18z-1,track_finder_v1
mdl_jcb_190,br_jcb,190,190,,,,,,,,,,,,supplier_fitment,quarantine,JCB 190,,,
mdl_jcb_190t,br_jcb,190T,190T,Skid Steer,,ts_320x86bx50,80,9700,20.1,,2682,,,Verified,airtable|fitment_json|shopify_meta|size_index|supplier_fitment,active_v1,JCB 190T,jcb-190t,/pages/equipment-model/jcb-190t,track_finder_v1
mdl_jcb_190t_eco,br_jcb,190T-ECO,190T-ECO,Skid Steer,,ts_320x86bx50,80,7717,20.0,,2682,,,Verified,airtable|fitment_json|shopify_meta|size_index|supplier_fitment,active_v1,JCB 190T-ECO,jcb-190t-eco,/pages/equipment-model/jcb-190t-eco,track_finder_v1
mdl_jcb_19c1,br_jcb,19C1,19C1,,,,,,,,,,,,supplier_fitment,quarantine,JCB 19C1,,,
mdl_jcb_19c1e,br_jcb,19C1E,19C1E,,,,,,,,,,,,supplier_fitment,quarantine,JCB 19C1E,,,
mdl_jcb_19c_1,br_jcb,19C-1,19C-1,Mini Excavator,,ts_230x48x70,,,,,,,,,size_index,active_v1,JCB 19C-1,jcb-19c-1,/pages/equipment-model/jcb-19c-1,track_finder_v1
mdl_jcb_205,br_jcb,205,205,,,,,,,,,,,,supplier_fitment,quarantine,JCB 205,,,
mdl_jcb_205t,br_jcb,205T,205T,Skid Steer,,ts_320x86x52,,,,,,,,Needs Review,airtable|shopify_meta|size_index|supplier_fitment,active_v1,JCB 205T,jcb-205t,/pages/equipment-model/jcb-205t,track_finder_v1
mdl_jcb_205t_eco,br_jcb,205T-ECO,205T-ECO,Skid Steer,,ts_320x86bx50,,,,,,,,Verified,airtable|fitment_json|shopify_meta|size_index,active_v1,JCB 205T-ECO,jcb-205t-eco,/pages/equipment-model/jcb-205t-eco,track_finder_v1
mdl_jcb_210t,br_jcb,210T,210T,Skid Steer,,ts_320x86bx50,73,8864,,,,,,Needs Review,airtable|shopify_meta|size_index|supplier_fitment,active_v1,JCB 210T,jcb-210t,/pages/equipment-model/jcb-210t,track_finder_v1
mdl_jcb_215,br_jcb,215,215,,,,,,,,,,,,supplier_fitment,quarantine,JCB 215,,,
mdl_jcb_215t,br_jcb,215T,215T,Skid Steer,,ts_320x86bx50,73,9098,,,,,,Needs Review,airtable|shopify_meta|supplier_fitment,active_v1,JCB 215T,jcb-215t,/pages/equipment-model/jcb-215t,track_finder_v1
mdl_jcb_215w,br_jcb,215W,215W,,,,,,,,,,,,supplier_fitment,quarantine,JCB 215W,,,
mdl_jcb_225t,br_jcb,225T,225T,Skid Steer,Universal Quick-Attach,ts_450x86bx56,68,8300,20.0,28.0,3000,Vertical,,Needs Review,airtable|fitment_json|shopify_meta,active_v1,JCB 225T,jcb-225t,/pages/equipment-model/jcb-225t,track_finder_v1
mdl_jcb_225t_eco,br_jcb,225T-ECO,225T-ECO,Skid Steer,,ts_450x86bx56,,,,,,,,Verified,airtable|fitment_json|shopify_meta|supplier_fitment,active_v1,JCB 225T-ECO,jcb-225t-eco,/pages/equipment-model/jcb-225t-eco,track_finder_v1
mdl_jcb_250,br_jcb,250,250,,,,,,,,,,,,supplier_fitment,quarantine,JCB 250,,,
mdl_jcb_250t,br_jcb,250T,250T,Skid Steer,Excavator Pin-On,ts_450x86bx56,73,10621,,,,,,Needs Review,airtable|shopify_meta|supplier_fitment,active_v1,JCB 250T,jcb-250-t-tracks,/pages/equipment-model/jcb-250-t-tracks,track_finder_v1
mdl_jcb_25rts,br_jcb,25RTS,25RTS,,,,,,,,,,,,supplier_fitment,quarantine,JCB 25RTS,,,
mdl_jcb_260,br_jcb,260,260,,,,,,,,,,,,supplier_fitment,quarantine,JCB 260,,,
mdl_jcb_260t,br_jcb,260T,260T,Skid Steer,Universal Quick-Attach,ts_450x86bx56,84,10205,23.0,,3335,,,Needs Review,airtable|fitment_json|shopify_meta|supplier_fitment,active_v1,JCB 260T,jcb-260t,/pages/equipment-model/jcb-260t,track_finder_v1
mdl_jcb_260t_eco,br_jcb,260T-ECO,260T-ECO,Skid Steer,,ts_450x86bx56,84,7971,23.0,,3335,,,Verified,airtable|fitment_json|shopify_meta|supplier_fitment,active_v1,JCB 260T-ECO,jcb-260t-eco,/pages/equipment-model/jcb-260t-eco,track_finder_v1
mdl_jcb_260w,br_jcb,260W,260W,,,,,,,,,,,,supplier_fitment,quarantine,JCB 260W,,,
mdl_jcb_270,br_jcb,270,270,,,,,,,,,,,,supplier_fitment,quarantine,JCB 270,,,
mdl_jcb_270t,br_jcb,270T,270T,Skid Steer,Universal Quick-Attach,ts_450x86bx56,74,9700,23.0,34.0,3200,Vertical,,Needs Review,airtable|fitment_json|shopify_meta,active_v1,JCB 270T,jcb-270t,/pages/equipment-model/jcb-270t,track_finder_v1
mdl_jcb_270t_eco,br_jcb,270T ECO,270T ECO,,,,,,,,,,,,shopify_meta|supplier_fitment,quarantine,JCB 270T ECO,,,
mdl_jcb_280,br_jcb,280,280,,,,,,,,,,,,supplier_fitment,quarantine,JCB 280,,,
mdl_jcb_2ts,br_jcb,2TS,2TS,Skid Steer,,ts_320x86bx50,,,,,,,,Needs Review,airtable|shopify_meta,active_v1,JCB 2TS,jcb-2ts,/pages/equipment-model/jcb-2ts,track_finder_v1
mdl_jcb_2ts_7t,br_jcb,2TS-7T,2TS-7T,Skid Steer,Universal Quick-Attach,ts_320x86bx50,,,,,,,,Needs Review,airtable|shopify_meta|supplier_fitment,active_v1,JCB 2TS-7T,jcb-2-ts-7-t-tracks,/pages/equipment-model/jcb-2-ts-7-t-tracks,track_finder_v1
mdl_jcb_2zts,br_jcb,2ZTS,2ZTS,,,,,,,,,,,,supplier_fitment,quarantine,JCB 2ZTS,,,
mdl_jcb_300,br_jcb,300,300,,,,,,,,,,,,supplier_fitment,quarantine,JCB 300,,,
mdl_jcb_300t,br_jcb,300T,300T,Skid Steer,Universal Quick-Attach,ts_450x86bx56,73,11219,23.0,,3335,,,Needs Review,airtable|fitment_json|shopify_meta|supplier_fitment,active_v1,JCB 300T,jcb-300t,/pages/equipment-model/jcb-300t,track_finder_v1
mdl_jcb_300t_eco,br_jcb,300T-ECO,300T-ECO,Skid Steer,,ts_450x86bx56,74,9288,23.8,,3335,,,Verified,airtable|fitment_json|shopify_meta,active_v1,JCB 300T-ECO,jcb-300t-eco,/pages/equipment-model/jcb-300t-eco,track_finder_v1
mdl_jcb_320t,br_jcb,320T,320T,Skid Steer,Universal Quick-Attach,ts_450x86bx56,100,12200,28.0,40.0,3500,Vertical,,Needs Review,airtable|fitment_json|shopify_meta,active_v1,JCB 320T,jcb-320t,/pages/equipment-model/jcb-320t,track_finder_v1
mdl_jcb_320t_eco,br_jcb,320T-ECO,320T-ECO,Skid Steer,,ts_450x86bx56,74,11569,23.0,,3335,,,Verified,airtable|fitment_json|shopify_meta|supplier_fitment,active_v1,JCB 320T-ECO,jcb-320t-eco,/pages/equipment-model/jcb-320t-eco,track_finder_v1
mdl_jcb_325t,br_jcb,325T,325T,Compact Track Loader,Universal Quick-Attach,,73,12363,,,,,,Needs Review,airtable|shopify_meta,review,JCB 325T,,,
mdl_jcb_330,br_jcb,330,330,,,,,,,,,,,,supplier_fitment,quarantine,JCB 330,,,
mdl_jcb_330_duplicate,br_jcb,330 DUPLICATE,330 DUPLICATE,,,,,,,,,,,,supplier_fitment,quarantine,JCB 330 DUPLICATE,,,
mdl_jcb_33rts,br_jcb,33RTS,33RTS,,,,,,,,,,,,supplier_fitment,quarantine,JCB 33RTS,,,
mdl_jcb_35z_1,br_jcb,35Z 1,35Z 1,Mini Excavator,,ts_450x815x76,,,,,,,,,fitment_json|size_index,active_v1,JCB 35Z 1,jcb-35z-1,/pages/equipment-model/jcb-35z-1,track_finder_v1
mdl_jcb_3ts_8t,br_jcb,3TS-8T,3TS-8T,Skid Steer,Universal Quick-Attach,ts_450x86bx56,74,9500,23.0,34.0,3200,Teleskid,,,fitment_json|shopify_meta|supplier_fitment,active_v1,JCB 3TS-8T,jcb-3ts-8t,/pages/equipment-model/jcb-3ts-8t,track_finder_v1
mdl_jcb_3ts_8t_teleskid,br_jcb,3TS-8T TELESKID,3TS-8T TELESKID,Compact Track Loader,Universal Quick-Attach,,74,9500,23.0,34.0,3200,Teleskid,,Verified,airtable,review,JCB 3TS-8T TELESKID,,,
mdl_jcb_3ts_8w,br_jcb,3TS-8W,3TS-8W,,,,,,,,,,,,supplier_fitment,quarantine,JCB 3TS-8W,,,
mdl_jcb_400s,br_jcb,400S,400S,,,,,,,,,,,,supplier_fitment,quarantine,JCB 400S,,,
mdl_jcb_40rts,br_jcb,40RTS,40RTS,,,,,,,,,,,,supplier_fitment,quarantine,JCB 40RTS,,,
mdl_jcb_450a,br_jcb,450A,450A,,,,,,,,,,,,supplier_fitment,quarantine,JCB 450A,,,
mdl_jcb_450aj,br_jcb,450AJ,450AJ,,,,,,,,,,,,supplier_fitment,quarantine,JCB 450AJ,,,
mdl_jcb_45z_1,br_jcb,45Z 1,45Z 1,Mini Excavator,Excavator Pin-On,ts_400x725kx74,,,,,,,,Verified,airtable|fitment_json|shopify_meta|supplier_fitment,active_v1,JCB 45Z 1,jcb-45z-1,/pages/equipment-model/jcb-45z-1,track_finder_v1
mdl_jcb_460sj,br_jcb,460SJ,460SJ,,,,,,,,,,,,supplier_fitment,quarantine,JCB 460SJ,,,
mdl_jcb_48z_1,br_jcb,48Z 1,48Z 1,Mini Excavator,Excavator Pin-On,ts_400x725kx74,35,10564,,,,,,Needs Review,airtable|fitment_json|shopify_meta|supplier_fitment,active_v1,JCB 48Z 1,jcb-48z-1,/pages/equipment-model/jcb-48z-1,track_finder_v1
mdl_jcb_500rts,br_jcb,500RTS,500RTS,,,,,,,,,,,,supplier_fitment,quarantine,JCB 500RTS,,,
mdl_jcb_50z_1,br_jcb,50Z-1,50Z-1,,,,,,,,,,,,supplier_fitment,quarantine,JCB 50Z-1,,,
mdl_jcb_510aj,br_jcb,510AJ,510AJ,,,,,,,,,,,,supplier_fitment,quarantine,JCB 510AJ,,,
mdl_jcb_520_40,br_jcb,520-40,520-40,,,,,,,,,,,,supplier_fitment,quarantine,JCB 520-40,,,
mdl_jcb_55z_1,br_jcb,55Z 1,55Z 1,Mini Excavator,Excavator Pin-On,ts_400x725kx74,35,11830,,,,,,Needs Review,airtable|fitment_json|shopify_meta|supplier_fitment,active_v1,JCB 55Z 1,jcb-55z-1,/pages/equipment-model/jcb-55z-1,track_finder_v1
mdl_jcb_57c_1,br_jcb,57C 1,57C 1,Mini Excavator,Excavator Pin-On,ts_400x725kx74,35,11830,,,,,,Needs Review,airtable|fitment_json,active_v1,JCB 57C 1,jcb-57c-1,/pages/equipment-model/jcb-57c-1,track_finder_v1
mdl_jcb_57z_1,br_jcb,57Z 1,57Z 1,Mini Excavator,Excavator Pin-On,ts_400x725kx74,,,,,,,,Needs Review,airtable|fitment_json,active_v1,JCB 57Z 1,jcb-57z-1,/pages/equipment-model/jcb-57z-1,track_finder_v1
mdl_jcb_600a_narrow,br_jcb,600A NARROW,600A NARROW,,,,,,,,,,,,supplier_fitment,quarantine,JCB 600A NARROW,,,
mdl_jcb_600aj_narrow,br_jcb,600AJ NARROW,600AJ NARROW,,,,,,,,,,,,supplier_fitment,quarantine,JCB 600AJ NARROW,,,
mdl_jcb_60h_2wd,br_jcb,60H 2WD,60H 2WD,,,,,,,,,,,,supplier_fitment,quarantine,JCB 60H 2WD,,,
mdl_jcb_60ha_2wd,br_jcb,60HA 2WD,60HA 2WD,,,,,,,,,,,,supplier_fitment,quarantine,JCB 60HA 2WD,,,
mdl_jcb_65r,br_jcb,65R,65R,Mini Excavator,Excavator Pin-On,ts_400x725kx74,47,14903,15.2,,,,,Verified,airtable|fitment_json|shopify_meta,active_v1,JCB 65R,jcb-65r,/pages/equipment-model/jcb-65r,track_finder_v1
mdl_jcb_67c,br_jcb,67C,67C,Mini Excavator,Excavator Pin-On,ts_400x725kx74,55,14552,15.2,,,,,Verified,airtable|fitment_json|shopify_meta,active_v1,JCB 67C,jcb-67c,/pages/equipment-model/jcb-67c,track_finder_v1
mdl_jcb_67c_1,br_jcb,67C-1,67C-1,,,,,,,,,,,,supplier_fitment,quarantine,JCB 67C-1,,,
mdl_jcb_7zts,br_jcb,7ZTS,7ZTS,,,,,,,,,,,,supplier_fitment,quarantine,JCB 7ZTS,,,
mdl_jcb_801,br_jcb,801,801,Mini Excavator,Excavator Pin-On,ts_180x72x37,19,3505,7.1,,3336,,,Needs Review,airtable|shopify_meta|size_index|supplier_fitment,active_v1,JCB 801,jcb-801,/pages/equipment-model/jcb-801,track_finder_v1
mdl_jcb_8010_micro1000,br_jcb,8010 MICRO1000,8010 MICRO1000,,,,,,,,,,,,supplier_fitment,quarantine,JCB 8010 MICRO1000,,,
mdl_jcb_8012_micro1200,br_jcb,8012 MICRO1200,8012 MICRO1200,,,,,,,,,,,,supplier_fitment,quarantine,JCB 8012 MICRO1200,,,
mdl_jcb_8013,br_jcb,8013,8013,,,,,,,,,,,,supplier_fitment,quarantine,JCB 8013,,,
mdl_jcb_8014,br_jcb,8014,8014,,,ts_230x96x31,,,,,,,,,size_index|supplier_fitment,review,JCB 8014,,,
mdl_jcb_8014super,br_jcb,8014SUPER,8014SUPER,,,,,,,,,,,,supplier_fitment,quarantine,JCB 8014SUPER,,,
mdl_jcb_8015,br_jcb,8015,8015,,,ts_230x96x31,,,,,,,,,size_index|supplier_fitment,review,JCB 8015,,,
mdl_jcb_8015_2,br_jcb,8015-2,8015-2,,,,,,,,,,,,supplier_fitment,quarantine,JCB 8015-2,,,
mdl_jcb_8016,br_jcb,8016,8016,,,ts_230x96x31,,,,,,,,,size_index,review,JCB 8016,,,
mdl_jcb_8017,br_jcb,8017,8017,Mini Excavator,,ts_230x48x70,,,,,,,,,size_index|supplier_fitment,active_v1,JCB 8017,jcb-8017,/pages/equipment-model/jcb-8017,track_finder_v1
mdl_jcb_8018,br_jcb,8018,8018,Mini Excavator,Excavator Pin-On,ts_230x48x62,19,3664,11.5,,3336,,,Needs Review,airtable|shopify_meta|size_index|supplier_fitment,active_v1,JCB 8018,jcb-8018,/pages/equipment-model/jcb-8018,track_finder_v1
mdl_jcb_8018_super,br_jcb,8018 SUPER,8018 SUPER,Mini Excavator,Excavator Pin-On,ts_230x48x62,19,3664,11.5,,3336,,,Needs Review,airtable|shopify_meta,review,JCB 8018 SUPER,,,
mdl_jcb_8018tg,br_jcb,8018TG,8018TG,,,,,,,,,,,,supplier_fitment,quarantine,JCB 8018TG,,,
mdl_jcb_801_4,br_jcb,801.4,801.4,Mini Excavator,Excavator Pin-On,ts_180x72x37,19,3505,7.1,,3336,,,Needs Review,airtable|shopify_meta|supplier_fitment,review,JCB 801.4,,,
mdl_jcb_801_5,br_jcb,801.5,801.5,Mini Excavator,Excavator Pin-On,ts_180x72x37,19,3505,7.1,,3336,,,Needs Review,airtable|shopify_meta|supplier_fitment,review,JCB 801.5,,,
mdl_jcb_801_6,br_jcb,801.6,801.6,Mini Excavator,Excavator Pin-On,ts_230x48x62,19,3505,7.1,,3336,,,Needs Review,airtable|shopify_meta|supplier_fitment,review,JCB 801.6,,,
mdl_jcb_801_6n,br_jcb,801.6N,801.6N,Mini Excavator,Excavator Pin-On,ts_180x72x37,19,3505,7.1,,3336,,,Needs Review,airtable,review,JCB 801.6N,,,
mdl_jcb_801_8,br_jcb,801.8,801.8,,,,,,,,,,,,supplier_fitment,quarantine,JCB 801.8,,,
mdl_jcb_801fdi,br_jcb,801FDI,801FDI,,,,,,,,,,,,supplier_fitment,quarantine,JCB 801FDI,,,
mdl_jcb_801r,br_jcb,801R,801R,Mini Excavator,Excavator Pin-On,ts_230x96x31,,,,,,,,Needs Review,airtable|shopify_meta|supplier_fitment,active_v1,JCB 801R,jcb-801r,/pages/equipment-model/jcb-801r,track_finder_v1
mdl_jcb_802,br_jcb,802,802,,,,,,,,,,,,supplier_fitment,quarantine,JCB 802,,,
mdl_jcb_8020cts,br_jcb,8020CTS,8020CTS,,,,,,,,,,,,supplier_fitment,quarantine,JCB 8020CTS,,,
mdl_jcb_8025,br_jcb,8025,8025,Mini Excavator,Excavator Pin-On,ts_300x525nx78,28,6186,26.9,,3191,,,Needs Review,airtable|fitment_json,active_v1,JCB 8025,jcb-8025,/pages/equipment-model/jcb-8025,track_finder_v1
mdl_jcb_8025zts,br_jcb,8025ZTS,8025ZTS,Mini Excavator,Excavator Pin-On,ts_300x525nx78,28,6186,26.9,,3191,,,Verified,airtable|fitment_json|shopify_meta|supplier_fitment,active_v1,JCB 8025ZTS,jcb-8025zts,/pages/equipment-model/jcb-8025zts,track_finder_v1
mdl_jcb_8026,br_jcb,8026,8026,Mini Excavator,Excavator Pin-On,ts_300x525nx78,24,6320,17.5,,,,,Verified,airtable|fitment_json|shopify_meta,active_v1,JCB 8026,jcb-8026,/pages/equipment-model/jcb-8026,track_finder_v1
mdl_jcb_8026_cts,br_jcb,8026 CTS,8026 CTS,Mini Excavator,Excavator Pin-On,,24,6320,17.5,,,,,Needs Review,airtable,review,JCB 8026 CTS,,,
mdl_jcb_8027z,br_jcb,8027Z,8027Z,,,,,,,,,,,,supplier_fitment,quarantine,JCB 8027Z,,,
mdl_jcb_8027zts,br_jcb,8027ZTS,8027ZTS,,,,,,,,,,,,supplier_fitment,reference,JCB 8027ZTS,,,
mdl_jcb_8029cts,br_jcb,8029CTS,8029CTS,,,,,,,,,,,,supplier_fitment,quarantine,JCB 8029CTS,,,
mdl_jcb_802_7,br_jcb,802.7,802.7,Mini Excavator,Excavator Pin-On,ts_300x525nx84,27,6533,14.5,,3000,,,Needs Review,airtable|fitment_json|shopify_meta,active_v1,JCB 802.7,jcb-802-7,/pages/equipment-model/jcb-802-7,track_finder_v1
mdl_jcb_802_7_plus,br_jcb,802.7 PLUS,802.7 PLUS,,,,,,,,,,,,fitment_json|shopify_meta,reference,JCB 802.7 PLUS,,,
mdl_jcb_802_7_zts,br_jcb,802.7 ZTS,802.7 ZTS,Mini Excavator,,ts_300x525nx74,,,,,,,,,fitment_json|shopify_meta,active_v1,JCB 802.7 ZTS,jcb-802-7-zts,/pages/equipment-model/jcb-802-7-zts,track_finder_v1
mdl_jcb_802_plus,br_jcb,802 PLUS,802 PLUS,Mini Excavator,,ts_300x525nx74,,,,,,,,,fitment_json|shopify_meta,active_v1,JCB 802 PLUS,jcb-802-plus,/pages/equipment-model/jcb-802-plus,track_finder_v1
mdl_jcb_802_super,br_jcb,802 SUPER,802 SUPER,Mini Excavator,,ts_300x525nx74,,,,,,,,,fitment_json|shopify_meta,active_v1,JCB 802 SUPER,jcb-802-super,/pages/equipment-model/jcb-802-super,track_finder_v1
mdl_jcb_803,br_jcb,803,803,Mini Excavator,Excavator Pin-On,ts_300x525nx84,28,7092,26.9,,3191,,,Verified,airtable|fitment_json|shopify_meta|supplier_fitment,active_v1,JCB 803,jcb-803,/pages/equipment-model/jcb-803,track_finder_v1
mdl_jcb_8030_zts,br_jcb,8030 ZTS,8030 ZTS,Mini Excavator,Excavator Pin-On,ts_300x525nx84,28,7092,26.9,,3191,,,Verified,airtable|shopify_meta,active_v1,JCB 8030 ZTS,jcb-8030zts,/pages/equipment-model/jcb-8030zts,track_finder_v1
mdl_jcb_8030zts,br_jcb,8030ZTS,8030ZTS,,,ts_300x525wx84,,,,,,,,,fitment_json|supplier_fitment,reference,JCB 8030ZTS,,,
mdl_jcb_8032,br_jcb,8032,8032,Mini Excavator,Excavator Pin-On,ts_300x525nx84,27,7423,14.5,,3400,,,Needs Review,airtable|fitment_json,active_v1,JCB 8032,jcb-8032,/pages/equipment-model/jcb-8032,track_finder_v1
mdl_jcb_8032z,br_jcb,8032Z,8032Z,,,,,,,,,,,,supplier_fitment,quarantine,JCB 8032Z,,,
mdl_jcb_8032zts,br_jcb,8032ZTS,8032ZTS,Mini Excavator,Excavator Pin-On,ts_300x525nx84,27,7423,14.5,,3400,,,Verified,airtable|fitment_json|shopify_meta|supplier_fitment,active_v1,JCB 8032ZTS,jcb-803-2-zts,/pages/equipment-model/jcb-803-2-zts,track_finder_v1
mdl_jcb_8035,br_jcb,8035,8035,Mini Excavator,Excavator Pin-On,ts_300x525nx84,31,8049,26.9,,3191,,,Needs Review,airtable|fitment_json|size_index,active_v1,JCB 8035,jcb-8035,/pages/equipment-model/jcb-8035,track_finder_v1
mdl_jcb_8035_zts,br_jcb,8035 ZTS,8035 ZTS,Mini Excavator,Excavator Pin-On,ts_300x525nx84,31,8049,26.9,,3191,,,Verified,airtable|shopify_meta,active_v1,JCB 8035 ZTS,jcb-8035zts,/pages/equipment-model/jcb-8035zts,track_finder_v1
mdl_jcb_8035z,br_jcb,8035Z,8035Z,Mini Excavator,Excavator Pin-On,ts_300x525nx84,31,8049,26.9,,3191,,,Verified,airtable|fitment_json|shopify_meta|supplier_fitment,active_v1,JCB 8035Z,jcb-8035z,/pages/equipment-model/jcb-8035z,track_finder_v1
mdl_jcb_8035zts,br_jcb,8035ZTS,8035ZTS,,,ts_300x525wx84,,,,,,,,,fitment_json|supplier_fitment,reference,JCB 8035ZTS,,,
mdl_jcb_803_2_zts,br_jcb,803.2 ZTS,803.2 ZTS,Mini Excavator,Excavator Pin-On,ts_300x525wx84,27,7423,14.5,,3400,,,Verified,airtable|fitment_json|shopify_meta,reference,JCB 803.2 ZTS,,,
mdl_jcb_803_magnum,br_jcb,803 MAGNUM,803 MAGNUM,Mini Excavator,Excavator Pin-On,ts_300x525nx84,,,,,,,,Verified,airtable|fitment_json|shopify_meta,active_v1,JCB 803 MAGNUM,jcb-803-magnum,/pages/equipment-model/jcb-803-magnum,track_finder_v1
mdl_jcb_803_plus,br_jcb,803 PLUS,803 PLUS,Mini Excavator,Excavator Pin-On,ts_300x525nx84,27,14793,7.7,,2755,,,Verified,airtable|fitment_json|shopify_meta,active_v1,JCB 803 PLUS,jcb-803-plus,/pages/equipment-model/jcb-803-plus,track_finder_v1
mdl_jcb_803_super,br_jcb,803 SUPER,803 SUPER,Mini Excavator,Excavator Pin-On,ts_300x525nx84,27,14793,7.7,,3002,,,Needs Review,airtable|fitment_json|shopify_meta,active_v1,JCB 803 SUPER,jcb-803-super,/pages/equipment-model/jcb-803-super,track_finder_v1
mdl_jcb_803e,br_jcb,803E,803E,Mini Excavator,Excavator Pin-On,ts_300x525nx84,,,,,,,,Verified,airtable|fitment_json|shopify_meta|supplier_fitment,active_v1,JCB 803E,jcb-803e,/pages/equipment-model/jcb-803e,track_finder_v1
mdl_jcb_803magnum,br_jcb,803MAGNUM,803MAGNUM,,,,,,,,,,,,supplier_fitment,reference,JCB 803MAGNUM,,,
mdl_jcb_803plus,br_jcb,803PLUS,803PLUS,,,,,,,,,,,,supplier_fitment,reference,JCB 803PLUS,,,
mdl_jcb_803super,br_jcb,803SUPER,803SUPER,,,,,,,,,,,,supplier_fitment,reference,JCB 803SUPER,,,
mdl_jcb_804,br_jcb,804,804,Mini Excavator,Excavator Pin-On,ts_300x525nx84,20,7729,9.3,,2755,,,Verified,airtable|fitment_json|shopify_meta|supplier_fitment,active_v1,JCB 804,jcb-804,/pages/equipment-model/jcb-804,track_finder_v1
mdl_jcb_8040_zts,br_jcb,8040 ZTS,8040 ZTS,Mini Excavator,Excavator Pin-On,,46,9480,23.8,,3191,,,Needs Review,airtable|shopify_meta,review,JCB 8040 ZTS,,,
mdl_jcb_8040zts,br_jcb,8040ZTS,8040ZTS,,,,,,,,,,,,supplier_fitment,quarantine,JCB 8040ZTS,,,
mdl_jcb_8045,br_jcb,8045,8045,Mini Excavator,Excavator Pin-On,ts_400x725kx74,20,7729,9.3,,2755,,,Needs Review,airtable|fitment_json,active_v1,JCB 8045,jcb-8045,/pages/equipment-model/jcb-8045,track_finder_v1
mdl_jcb_8045zts,br_jcb,8045ZTS,8045ZTS,Mini Excavator,Excavator Pin-On,ts_400x725kx74,20,7729,9.3,,2755,,,Verified,airtable|fitment_json|shopify_meta|supplier_fitment,active_v1,JCB 8045ZTS,jcb-8045zts,/pages/equipment-model/jcb-8045zts,track_finder_v1
mdl_jcb_804plus,br_jcb,804PLUS,804PLUS,,,,,,,,,,,,supplier_fitment,quarantine,JCB 804PLUS,,,
mdl_jcb_805,br_jcb,805,805,Mini Excavator,Excavator Pin-On,ts_400x725kx74,47,11466,33.0,,3626,,,Verified,airtable|fitment_json|shopify_meta|supplier_fitment,active_v1,JCB 805,jcb-805,/pages/equipment-model/jcb-805,track_finder_v1
mdl_jcb_8050_zts,br_jcb,8050 ZTS,8050 ZTS,Mini Excavator,Excavator Pin-On,ts_400x725kx74,,,,,,,,Verified,airtable|shopify_meta,active_v1,JCB 8050 ZTS,jcb-8050zts,/pages/equipment-model/jcb-8050zts,track_finder_v1
mdl_jcb_8050zts,br_jcb,8050ZTS,8050ZTS,,,ts_400x725nx74,,,,,,,,,fitment_json,reference,JCB 8050ZTS,,,
mdl_jcb_8052,br_jcb,8052,8052,Mini Excavator,Excavator Pin-On,ts_400x725kx74,47,11466,33.0,,3626,,,Verified,airtable|fitment_json|shopify_meta|supplier_fitment,active_v1,JCB 8052,jcb-805-2,/pages/equipment-model/jcb-805-2,track_finder_v1
mdl_jcb_8055,br_jcb,8055,8055,Mini Excavator,Excavator Pin-On,ts_400x725kx74,,,,,,,,Needs Review,airtable|fitment_json,active_v1,JCB 8055,jcb-8055,/pages/equipment-model/jcb-8055,track_finder_v1
mdl_jcb_8055rts,br_jcb,8055RTS,8055RTS,Mini Excavator,Excavator Pin-On,ts_400x725kx74,,,,,,,,Verified,airtable|fitment_json|shopify_meta,active_v1,JCB 8055RTS,jcb-8055rts,/pages/equipment-model/jcb-8055rts,track_finder_v1
mdl_jcb_8055z,br_jcb,8055Z,8055Z,Mini Excavator,Excavator Pin-On,ts_400x725kx74,,,,,,,,Verified,airtable|fitment_json|shopify_meta|supplier_fitment,active_v1,JCB 8055Z,jcb-8055z,/pages/equipment-model/jcb-8055z,track_finder_v1
mdl_jcb_8055zts,br_jcb,8055ZTS,8055ZTS,Mini Excavator,Excavator Pin-On,ts_400x725kx74,,,,,,,,Verified,airtable|fitment_json|shopify_meta,active_v1,JCB 8055ZTS,jcb-8055zts,/pages/equipment-model/jcb-8055zts,track_finder_v1
mdl_jcb_805_2,br_jcb,805.2,805.2,Mini Excavator,Excavator Pin-On,ts_400x725wx74,47,11466,33.0,,3626,,,Verified,airtable|fitment_json|shopify_meta|supplier_fitment,reference,JCB 805.2,,,
mdl_jcb_806,br_jcb,806,806,Mini Excavator,Excavator Pin-On,ts_400x725kx74,59,13210,39.6,,3335,,,Verified,airtable|fitment_json|shopify_meta|supplier_fitment,active_v1,JCB 806,jcb-806,/pages/equipment-model/jcb-806,track_finder_v1
mdl_jcb_8060,br_jcb,8060,8060,Mini Excavator,Excavator Pin-On,ts_400x725kx74,59,13210,39.6,,3335,,,Verified,airtable|fitment_json|shopify_meta|supplier_fitment,active_v1,JCB 8060,jcb-8060,/pages/equipment-model/jcb-8060,track_finder_v1
mdl_jcb_8060_zts,br_jcb,8060 ZTS,8060 ZTS,Mini Excavator,Excavator Pin-On,,,,,,,,,Needs Review,airtable,review,JCB 8060 ZTS,,,
mdl_jcb_8065,br_jcb,8065,8065,Mini Excavator,Excavator Pin-On,ts_400x725kx74,,,,,,,,Needs Review,airtable|fitment_json,active_v1,JCB 8065,jcb-8065,/pages/equipment-model/jcb-8065,track_finder_v1
mdl_jcb_8065rts,br_jcb,8065RTS,8065RTS,Mini Excavator,Excavator Pin-On,ts_400x725kx74,,,,,,,,Verified,airtable|fitment_json|shopify_meta|supplier_fitment,active_v1,JCB 8065RTS,jcb-8065rts,/pages/equipment-model/jcb-8065rts,track_finder_v1
mdl_jcb_8080,br_jcb,8080,8080,Mini Excavator,,ts_450x81nx76,,,,,,,,,fitment_json|supplier_fitment,active_v1,JCB 8080,jcb-8080,/pages/equipment-model/jcb-8080,track_finder_v1
mdl_jcb_8080_zts,br_jcb,8080 ZTS,8080 ZTS,Mini Excavator,Excavator Pin-On,ts_450x815x76,57,18188,45.0,,4351,,,Needs Review,airtable|shopify_meta,active_v1,JCB 8080 ZTS,jcb-8080zts,/pages/equipment-model/jcb-8080zts,track_finder_v1
mdl_jcb_8080zts,br_jcb,8080ZTS,8080ZTS,,,ts_450x815x76,,,,,,,,,fitment_json|size_index|supplier_fitment,reference,JCB 8080ZTS,,,
mdl_jcb_8085,br_jcb,8085,8085,,,,,,,,,,,,fitment_json,reference,JCB 8085,,,
mdl_jcb_8085zts,br_jcb,8085ZTS,8085ZTS,Mini Excavator,,ts_450x815x76,,,,,,,,,fitment_json|size_index|supplier_fitment,active_v1,JCB 8085ZTS,jcb-8085zts,/pages/equipment-model/jcb-8085zts,track_finder_v1
mdl_jcb_85v_4,br_jcb,85V-4,85V-4,,,,,,,,,,,,supplier_fitment,quarantine,JCB 85V-4,,,
mdl_jcb_85z,br_jcb,85Z,85Z,,,,,,,,,,,,size_index,quarantine,JCB 85Z,,,
mdl_jcb_85z_1,br_jcb,85Z-1,85Z-1,Mini Excavator,,ts_450x81nx78,,,,,,,,,fitment_json|shopify_meta|size_index|supplier_fitment,active_v1,JCB 85Z-1,jcb-85z-1,/pages/equipment-model/jcb-85z-1,track_finder_v1
mdl_jcb_86c_1,br_jcb,86C-1,86C-1,Mini Excavator,,ts_450x81nx78,,,,,,,,,fitment_json|shopify_meta|size_index|supplier_fitment,active_v1,JCB 86C-1,jcb-86c-1,/pages/equipment-model/jcb-86c-1,track_finder_v1
mdl_jcb_90z_1,br_jcb,90Z 1,90Z 1,Mini Excavator,,ts_450x81nx78,,,,,,,,,fitment_json|size_index,active_v1,JCB 90Z 1,jcb-90z-1,/pages/equipment-model/jcb-90z-1,track_finder_v1
mdl_jcb_g5_18a,br_jcb,G5-18A,G5-18A,,,,,,,,,,,,supplier_fitment,quarantine,JCB G5-18A,,,
mdl_jcb_jlg,br_jcb,JLG,JLG,,,,,,,,,,,,supplier_fitment,quarantine,JCB JLG,,,
mdl_jcb_js70,br_jcb,JS70,JS70,,,,,,,,,,,,supplier_fitment,quarantine,JCB JS70,,,
mdl_jcb_jz70,br_jcb,JZ70,JZ70,,,,,,,,,,,,fitment_json|supplier_fitment,reference,JCB JZ70,,,
mdl_jcb_jz_70,br_jcb,JZ 70,JZ 70,Mini Excavator,,ts_450x815x76,,,,,,,,,fitment_json|size_index,active_v1,JCB JZ 70,jcb-jz-70,/pages/equipment-model/jcb-jz-70,track_finder_v1
mdl_jcb_kato,br_jcb,KATO,KATO,,,,,,,,,,,,supplier_fitment,quarantine,JCB KATO,,,
mdl_jcb_ls165,br_jcb,LS165,LS165,,,,,,,,,,,,supplier_fitment,quarantine,JCB LS165,,,
mdl_jcb_micro,br_jcb,MICRO,MICRO,,,,,,,,,,,,supplier_fitment,quarantine,JCB MICRO,,,
mdl_jcb_microplus,br_jcb,MICROPLUS,MICROPLUS,,,,,,,,,,,,supplier_fitment,quarantine,JCB MICROPLUS,,,
mdl_jcb_mtl200,br_jcb,MTL200,MTL200,,,,,,,,,,,,supplier_fitment,quarantine,JCB MTL200,,,
mdl_jcb_nissan,br_jcb,NISSAN,NISSAN,,,,,,,,,,,,supplier_fitment,quarantine,JCB NISSAN,,,
mdl_jcb_sb800,br_jcb,SB800,SB800,,,,,,,,,,,,supplier_fitment,quarantine,JCB SB800,,,
mdl_jcb_sh60,br_jcb,SH60,SH60,,,,,,,,,,,,supplier_fitment,quarantine,JCB SH60,,,
mdl_jcb_sh65u,br_jcb,SH65U,SH65U,,,,,,,,,,,,supplier_fitment,quarantine,JCB SH65U,,,
mdl_jcb_sh65u_1,br_jcb,SH65U-1,SH65U-1,,,,,,,,,,,,supplier_fitment,quarantine,JCB SH65U-1,,,
mdl_jcb_sh65uj,br_jcb,SH65UJ,SH65UJ,,,,,,,,,,,,supplier_fitment,quarantine,JCB SH65UJ,,,
mdl_jcb_sumitomo,br_jcb,SUMITOMO,SUMITOMO,,,,,,,,,,,,supplier_fitment,quarantine,JCB SUMITOMO,,,
mdl_john_deere_120,br_john_deere,120,120,,,,,,,,,,,,supplier_fitment|supplier_products,quarantine,John Deere 120,,,
mdl_john_deere_120c,br_john_deere,120C,120C,,,,,,,,,,,,supplier_fitment|supplier_products,quarantine,John Deere 120C,,,
mdl_john_deere_125,br_john_deere,125,125,,,,,,,,,,,,supplier_fitment,quarantine,John Deere 125,,,
mdl_john_deere_130p,br_john_deere,130P,130P,,,,,,,,,,,,supplier_fitment|supplier_products,quarantine,John Deere 130P,,,
mdl_john_deere_15,br_john_deere,15,15,Mini Excavator,Excavator Pin-On,ts_230x72x43,14,2930,10.7,,22,,,Needs Review,airtable|shopify_meta|supplier_fitment|supplier_products,quarantine,John Deere 15,,,
mdl_john_deere_170,br_john_deere,170,170,,,,,,,,,,,,supplier_fitment,quarantine,John Deere 170,,,
mdl_john_deere_17_p_tier,br_john_deere,17 P-TIER,17 P-TIER,Mini Excavator,Excavator Pin-On,ts_230x48x62,18.52,3920,,,,,,Needs Review,airtable|shopify_meta,review,John Deere 17 P-TIER,,,
mdl_john_deere_17d,br_john_deere,17D,17D,Mini Excavator,,ts_230x48x70,,,,,,,,,shopify_meta|size_index|supplier_fitment,active_v1,John Deere 17D,john-deere-17d,/pages/equipment-model/john-deere-17d,track_finder_v1
mdl_john_deere_17g,br_john_deere,17G,17G,Mini Excavator,Excavator Pin-On,ts_230x48x70,16,3858,8.0,,2611,Minimal Tail,,Verified,airtable|shopify_meta|size_index|supplier_fitment,active_v1,John Deere 17G,john-deere-17g,/pages/equipment-model/john-deere-17g,track_finder_v1
mdl_john_deere_17p,br_john_deere,17P,17P,Mini Excavator,,ts_230x48x70,,,,,,,,,size_index,active_v1,John Deere 17P,john-deere-17p,/pages/equipment-model/john-deere-17p,track_finder_v1
mdl_john_deere_17zts,br_john_deere,17ZTS,17ZTS,Mini Excavator,,ts_230x48x70,,,,,,,,,size_index|supplier_fitment|supplier_products,active_v1,John Deere 17ZTS,john-deere-17zts,/pages/equipment-model/john-deere-17zts,track_finder_v1
mdl_john_deere_210,br_john_deere,210,210,,,,,,,,,,,,supplier_fitment|supplier_products,quarantine,John Deere 210,,,
mdl_john_deere_2275,br_john_deere,2275,2275,,,,,,,,,,,,supplier_fitment,quarantine,John Deere 2275,,,
mdl_john_deere_240,br_john_deere,240,240,,,,,,,,,,,,supplier_fitment,quarantine,John Deere 240,,,
mdl_john_deere_25,br_john_deere,25,25,,,,,,,,,,,,supplier_fitment|supplier_products,quarantine,John Deere 25,,,
mdl_john_deere_250,br_john_deere,250,250,,,,,,,,,,,,supplier_fitment,quarantine,John Deere 250,,,
mdl_john_deere_260,br_john_deere,260,260,,,,,,,,,,,,supplier_fitment|supplier_products,quarantine,John Deere 260,,,
mdl_john_deere_2602_speed,br_john_deere,2602-SPEED,2602-SPEED,,,,,,,,,,,,supplier_fitment,quarantine,John Deere 2602-SPEED,,,
mdl_john_deere_26_p_tier,br_john_deere,26 P-TIER,26 P-TIER,Mini Excavator,Excavator Pin-On,,18.52,5795,,,,,,Needs Review,airtable|shopify_meta,review,John Deere 26 P-TIER,,,
mdl_john_deere_26d,br_john_deere,26D,26D,,,,,,,,,,,,supplier_fitment|supplier_products,quarantine,John Deere 26D,,,
mdl_john_deere_26g,br_john_deere,26G,26G,Mini Excavator,Excavator Pin-On,ts_300x525nx80,20,5665,12.0,,2900,Minimal Tail,,Verified,airtable|shopify_meta|supplier_fitment|supplier_products,active_v1,John Deere 26G,john-deere-26g,/pages/equipment-model/john-deere-26g,track_finder_v1
mdl_john_deere_26g_duplicate,br_john_deere,26G - DUPLICATE,26G - DUPLICATE,,,,,,,,,,,,supplier_fitment,quarantine,John Deere 26G - DUPLICATE,,,
mdl_john_deere_26p,br_john_deere,26P,26P,,,,,,,,,,,,supplier_fitment,quarantine,John Deere 26P,,,
mdl_john_deere_270,br_john_deere,270,270,,,,,,,,,,,,supplier_fitment|supplier_products,quarantine,John Deere 270,,,
mdl_john_deere_2702_speed,br_john_deere,2702-SPEED,2702-SPEED,,,,,,,,,,,,supplier_fitment,quarantine,John Deere 2702-SPEED,,,
mdl_john_deere_27czts,br_john_deere,27CZTS,27CZTS,,,,,,,,,,,,supplier_fitment|supplier_products,quarantine,John Deere 27CZTS,,,
mdl_john_deere_27d,br_john_deere,27D,27D,Mini Excavator,Excavator Pin-On,ts_300x525nx80,26,6393,16.4,,,,,Verified,airtable|supplier_fitment|supplier_products,active_v1,John Deere 27D,john-deere-27d,/pages/equipment-model/john-deere-27d,track_finder_v1
mdl_john_deere_27zts,br_john_deere,27ZTS,27ZTS,Mini Excavator,Excavator Pin-On,ts_300x525nx78,22,6360,12.0,,,,,Needs Review,airtable|fitment_json|shopify_meta|supplier_fitment,active_v1,John Deere 27ZTS,john-deere-27zts,/pages/equipment-model/john-deere-27zts,track_finder_v1
mdl_john_deere_280,br_john_deere,280,280,,,,,,,,,,,,supplier_fitment,quarantine,John Deere 280,,,
mdl_john_deere_2802_speed,br_john_deere,2802-SPEED,2802-SPEED,,,,,,,,,,,,supplier_fitment,quarantine,John Deere 2802-SPEED,,,
mdl_john_deere_30g,br_john_deere,30G,30G,Mini Excavator,Excavator Pin-On,ts_300x525x86,25,6966,14.0,,3045,Zero Tail,,Verified,airtable|fitment_json|shopify_meta|size_index|supplier_fitment,active_v1,John Deere 30G,john-deere-30g,/pages/equipment-model/john-deere-30g,track_finder_v1
mdl_john_deere_312gr,br_john_deere,312GR,312GR,,,,,,,,,,,,supplier_fitment,quarantine,John Deere 312GR,,,
mdl_john_deere_313,br_john_deere,313,313,,,,,,,,,,,,supplier_fitment|supplier_products,quarantine,John Deere 313,,,
mdl_john_deere_314g,br_john_deere,314G,314G,,,,,,,,,,,,supplier_fitment,quarantine,John Deere 314G,,,
mdl_john_deere_315,br_john_deere,315,315,,,,,,,,,,,,supplier_fitment,quarantine,John Deere 315,,,
mdl_john_deere_316gr,br_john_deere,316GR,316GR,,,,,,,,,,,,supplier_fitment|supplier_products,quarantine,John Deere 316GR,,,
mdl_john_deere_317,br_john_deere,317,317,,,,,,,,,,,,supplier_fitment|supplier_products,quarantine,John Deere 317,,,
mdl_john_deere_317g,br_john_deere,317G,317G,Skid Steer,Universal Quick-Attach,ts_320x86bx50,65,7800,20.0,29.0,3000,Vertical,,Verified,airtable|fitment_json|size_index|supplier_fitment|supplier_products,active_v1,John Deere 317G,john-deere-317g,/pages/equipment-model/john-deere-317g,track_finder_v1
mdl_john_deere_318d,br_john_deere,318D,318D,,,,,,,,,,,,supplier_fitment,quarantine,John Deere 318D,,,
mdl_john_deere_318e,br_john_deere,318E,318E,,,,,,,,,,,,supplier_fitment|supplier_products,quarantine,John Deere 318E,,,
mdl_john_deere_318g,br_john_deere,318G,318G,,,,,,,,,,,,supplier_fitment,quarantine,John Deere 318G,,,
mdl_john_deere_319d,br_john_deere,319D,319D,Skid Steer,Universal Quick-Attach,ts_320x86x52,66,8335,17.0,,3000,Radial,,Verified,airtable|fitment_json|shopify_meta|supplier_fitment,active_v1,John Deere 319D,john-deere-319d,/pages/equipment-model/john-deere-319d,track_finder_v1
mdl_john_deere_319e,br_john_deere,319E,319E,Skid Steer,Universal Quick-Attach,ts_320x86x52,66,8405,17.0,29.0,3000,Radial,,Verified,airtable|fitment_json|supplier_fitment,active_v1,John Deere 319E,john-deere-319e,/pages/equipment-model/john-deere-319e,track_finder_v1
mdl_john_deere_320,br_john_deere,320,320,,,,,,,,,,,,supplier_fitment|supplier_products,quarantine,John Deere 320,,,
mdl_john_deere_320d,br_john_deere,320D,320D,,,,,,,,,,,,supplier_fitment,quarantine,John Deere 320D,,,
mdl_john_deere_320e,br_john_deere,320E,320E,,,,,,,,,,,,supplier_fitment,quarantine,John Deere 320E,,,
mdl_john_deere_320g_duplicate,br_john_deere,320G DUPLICATE,320G DUPLICATE,,,,,,,,,,,,supplier_fitment,quarantine,John Deere 320G DUPLICATE,,,
mdl_john_deere_323d,br_john_deere,323D,323D,Skid Steer,Universal Quick-Attach,ts_320x86x52,66,8530,17.0,,3000,Vertical,,Verified,airtable|fitment_json|size_index|supplier_fitment|supplier_products,active_v1,John Deere 323D,john-deere-323d,/pages/equipment-model/john-deere-323d,track_finder_v1
mdl_john_deere_323e,br_john_deere,323E,323E,Skid Steer,Universal Quick-Attach,ts_320x86x52,66,8600,17.0,,3000,Vertical,,Verified,airtable|fitment_json|size_index|supplier_fitment,active_v1,John Deere 323E,john-deere-323e,/pages/equipment-model/john-deere-323e,track_finder_v1
mdl_john_deere_324e,br_john_deere,324E,324E,,,,,,,,,,,,supplier_fitment,quarantine,John Deere 324E,,,
mdl_john_deere_324g,br_john_deere,324G,324G,,,,,,,,,,,,supplier_fitment|supplier_products,quarantine,John Deere 324G,,,
mdl_john_deere_325,br_john_deere,325,325,,,,,,,,,,,,supplier_fitment,quarantine,John Deere 325,,,
mdl_john_deere_3252_speed,br_john_deere,3252-SPEED,3252-SPEED,,,,,,,,,,,,supplier_fitment,quarantine,John Deere 3252-SPEED,,,
mdl_john_deere_325g,br_john_deere,325G,325G,Skid Steer,Universal Skid Steer,ts_320x86x52,74,10295,23.0,33.0,3335,Vertical,,Needs Review,airtable|fitment_json|size_index|supplier_fitment,active_v1,John Deere 325G,john-deere-325g,/pages/equipment-model/john-deere-325g,track_finder_v1
mdl_john_deere_326b,br_john_deere,326B,326B,,,,,,,,,,,,supplier_fitment,quarantine,John Deere 326B,,,
mdl_john_deere_326d,br_john_deere,326D,326D,,,,,,,,,,,,supplier_fitment,quarantine,John Deere 326D,,,
mdl_john_deere_326e,br_john_deere,326E,326E,,,,,,,,,,,,supplier_fitment,quarantine,John Deere 326E,,,
mdl_john_deere_328,br_john_deere,328,328,,,,,,,,,,,,supplier_fitment,quarantine,John Deere 328,,,
mdl_john_deere_3282_speed,br_john_deere,3282-SPEED,3282-SPEED,,,,,,,,,,,,supplier_fitment,quarantine,John Deere 3282-SPEED,,,
mdl_john_deere_328d,br_john_deere,328D,328D,,,,,,,,,,,,supplier_fitment|supplier_products,quarantine,John Deere 328D,,,
mdl_john_deere_328e,br_john_deere,328E,328E,,,,,,,,,,,,supplier_fitment,quarantine,John Deere 328E,,,
mdl_john_deere_329d,br_john_deere,329D,329D,Skid Steer,Universal Quick-Attach,ts_450x86bx56,82,10025,23.0,,3335,Vertical,,Verified,airtable|fitment_json|supplier_fitment,active_v1,John Deere 329D,john-deere-329d,/pages/equipment-model/john-deere-329d,track_finder_v1
mdl_john_deere_329e,br_john_deere,329E,329E,Skid Steer,Universal Skid Steer,ts_450x86bx56,82,10100,23.0,,3335,Vertical,,Verified,airtable|fitment_json|supplier_fitment,active_v1,John Deere 329E,john-deere-329e,/pages/equipment-model/john-deere-329e,track_finder_v1
mdl_john_deere_330g,br_john_deere,330G,330G,,,,,,,,,,,,supplier_fitment,quarantine,John Deere 330G,,,
mdl_john_deere_331g,br_john_deere,331G,331G,Skid Steer,Universal Skid Steer,ts_450x86bx58,92,11100,25.0,37.0,3500,Vertical,,Verified,airtable|fitment_json|shopify_meta|supplier_fitment,active_v1,John Deere 331G,john-deere-331g,/pages/equipment-model/john-deere-331g,track_finder_v1
mdl_john_deere_331p,br_john_deere,331P,331P,Skid Steer,Universal Quick-Attach,ts_450x86bx58,,,,,,,,Verified,airtable|fitment_json|shopify_meta|supplier_fitment|supplier_products,active_v1,John Deere 331P,john-deere-331p,/pages/equipment-model/john-deere-331p,track_finder_v1
mdl_john_deere_332,br_john_deere,332,332,,,,,,,,,,,,supplier_fitment,quarantine,John Deere 332,,,
mdl_john_deere_3322_speed,br_john_deere,3322-SPEED,3322-SPEED,,,,,,,,,,,,supplier_fitment,quarantine,John Deere 3322-SPEED,,,
mdl_john_deere_332d,br_john_deere,332D,332D,,,,,,,,,,,,supplier_fitment|supplier_products,quarantine,John Deere 332D,,,
mdl_john_deere_332e,br_john_deere,332E,332E,,,,,,,,,,,,supplier_fitment,quarantine,John Deere 332E,,,
mdl_john_deere_332g,br_john_deere,332G,332G,,,,,,,,,,,,supplier_fitment,quarantine,John Deere 332G,,,
mdl_john_deere_333d,br_john_deere,333D,333D,Skid Steer,Universal Quick-Attach,ts_450x86bx56,,,,,,,,Verified,airtable|fitment_json|shopify_meta|supplier_fitment,active_v1,John Deere 333D,john-deere-333d,/pages/equipment-model/john-deere-333d,track_finder_v1
mdl_john_deere_333e,br_john_deere,333E,333E,Skid Steer,Universal Skid Steer,ts_450x86bx56,,12200,,,,,,Verified,airtable|fitment_json|shopify_meta|supplier_fitment,active_v1,John Deere 333E,john-deere-333e,/pages/equipment-model/john-deere-333e,track_finder_v1
mdl_john_deere_333g,br_john_deere,333G,333G,Skid Steer,Universal Skid Steer,ts_450x86bx58,100,12640,27.0,40.0,4000,Vertical,,Verified,airtable|fitment_json|shopify_meta|supplier_fitment,active_v1,John Deere 333G,john-deere-333g,/pages/equipment-model/john-deere-333g,track_finder_v1
mdl_john_deere_333p,br_john_deere,333P,333P,Skid Steer,Universal Quick-Attach,ts_450x86bx58,,,,,,,,Verified,airtable|fitment_json|shopify_meta|supplier_fitment|supplier_products,active_v1,John Deere 333P,john-deere-333p,/pages/equipment-model/john-deere-333p,track_finder_v1
mdl_john_deere_335p,br_john_deere,335P,335P,Skid Steer,Universal Skid Steer,ts_450x86bx58,100,13800,27.0,40.0,4000,Vertical,,Verified,airtable|fitment_json|shopify_meta|supplier_fitment,active_v1,John Deere 335P,john-deere-335p,/pages/equipment-model/john-deere-335p,track_finder_v1
mdl_john_deere_35_d_us_market,br_john_deere,35-D-US-MARKET,35-D-US-MARKET,,,ts_300x525x86,,,,,,,,,size_index,review,John Deere 35-D-US-MARKET,,,
mdl_john_deere_35_g,br_john_deere,35-G,35-G,,,ts_300x525x86,,,,,,,,,size_index,reference,John Deere 35-G,,,
mdl_john_deere_35_p_tier,br_john_deere,35 P-TIER,35 P-TIER,Mini Excavator,Excavator Pin-On,,23.3,8135,,,,,,Needs Review,airtable|shopify_meta,review,John Deere 35 P-TIER,,,
mdl_john_deere_35czts,br_john_deere,35CZTS,35CZTS,Mini Excavator,,ts_300x525x86,,,,,,,,,supplier_fitment|supplier_products,active_v1,John Deere 35CZTS,john-deere-35czts,/pages/equipment-model/john-deere-35czts,track_finder_v1
mdl_john_deere_35d,br_john_deere,35D,35D,Mini Excavator,Excavator Pin-On,ts_300x525x86,27,7654,17.0,,3045,Zero Tail,,Verified,airtable|fitment_json|size_index|supplier_fitment|supplier_products,active_v1,John Deere 35D,john-deere-35d,/pages/equipment-model/john-deere-35d,track_finder_v1
mdl_john_deere_35g,br_john_deere,35G,35G,Mini Excavator,Excavator Pin-On,ts_300x525x86,27,7654,17.0,,3045,Zero Tail,,Verified,airtable|fitment_json|shopify_meta|size_index|supplier_fitment,active_v1,John Deere 35G,john-deere-35g,/pages/equipment-model/john-deere-35g,track_finder_v1
mdl_john_deere_35p,br_john_deere,35P,35P,Mini Excavator,,ts_300x525x86,,,,,,,,,supplier_fitment|supplier_products,active_v1,John Deere 35P,john-deere-35p,/pages/equipment-model/john-deere-35p,track_finder_v1
mdl_john_deere_35zts,br_john_deere,35ZTS,35ZTS,Mini Excavator,,ts_300x525x86,,,,,,,,,fitment_json|shopify_meta|size_index|supplier_fitment|supplier_products,active_v1,John Deere 35ZTS,john-deere-35zts,/pages/equipment-model/john-deere-35zts,track_finder_v1
mdl_john_deere_4475,br_john_deere,4475,4475,,,,,,,,,,,,supplier_fitment,quarantine,John Deere 4475,,,
mdl_john_deere_50c,br_john_deere,50C,50C,,,,,,,,,,,,supplier_fitment|supplier_products,quarantine,John Deere 50C,,,
mdl_john_deere_50czts,br_john_deere,50CZTS,50CZTS,,,,,,,,,,,,supplier_fitment,quarantine,John Deere 50CZTS,,,
mdl_john_deere_50d,br_john_deere,50D,50D,Mini Excavator,Excavator Pin-On,ts_400x725kx74,39,9270,33.4,,2420,,,Verified,airtable|fitment_json|shopify_meta|supplier_fitment|supplier_products,active_v1,John Deere 50D,john-deere-50d,/pages/equipment-model/john-deere-50d,track_finder_v1
mdl_john_deere_50g,br_john_deere,50G,50G,Mini Excavator,Excavator Pin-On,ts_400x725kx74,36,10846,21.0,,3300,Conventional,,Verified,airtable|fitment_json|supplier_fitment|supplier_products,active_v1,John Deere 50G,john-deere-50g,/pages/equipment-model/john-deere-50g,track_finder_v1
mdl_john_deere_50p,br_john_deere,50P,50P,Mini Excavator,Excavator Pin-On,ts_400x725kx74,39,9270,33.4,,2420,,,Verified,airtable|fitment_json|shopify_meta|supplier_fitment|supplier_products,active_v1,John Deere 50P,john-deere-50p,/pages/equipment-model/john-deere-50p,track_finder_v1
mdl_john_deere_50zts,br_john_deere,50ZTS,50ZTS,Mini Excavator,Excavator Pin-On,ts_400x725kx72,39,9270,33.4,,2420,,,Needs Review,airtable|fitment_json|shopify_meta|supplier_fitment|supplier_products,active_v1,John Deere 50ZTS,john-deere-50zts,/pages/equipment-model/john-deere-50zts,track_finder_v1
mdl_john_deere_5575,br_john_deere,5575,5575,,,,,,,,,,,,supplier_fitment,quarantine,John Deere 5575,,,
mdl_john_deere_60d,br_john_deere,60D,60D,Mini Excavator,Excavator Pin-On,ts_400x725kx74,17,2076,7.5,,1500,,,Verified,airtable|fitment_json|shopify_meta|supplier_fitment|supplier_products,active_v1,John Deere 60D,john-deere-60d,/pages/equipment-model/john-deere-60d,track_finder_v1
mdl_john_deere_60g,br_john_deere,60G,60G,Mini Excavator,Excavator Pin-On,ts_400x725kx74,49,13228,24.0,33.0,3300,Conventional,,Verified,airtable|fitment_json|shopify_meta|supplier_fitment|supplier_products,active_v1,John Deere 60G,john-deere-60g,/pages/equipment-model/john-deere-60g,track_finder_v1
mdl_john_deere_60p,br_john_deere,60P,60P,Mini Excavator,Excavator Pin-On,,17,2076,7.5,,1500,,,Needs Review,airtable|supplier_fitment|supplier_products,review,John Deere 60P,,,
mdl_john_deere_6675,br_john_deere,6675,6675,,,,,,,,,,,,supplier_fitment,quarantine,John Deere 6675,,,
mdl_john_deere_675,br_john_deere,675,675,,,,,,,,,,,,supplier_fitment|supplier_products,quarantine,John Deere 675,,,
mdl_john_deere_75_p_tier,br_john_deere,75 P-TIER,75 P-TIER,Mini Excavator,Excavator Pin-On,ts_450x71x82,,,,,,,,Needs Review,airtable|shopify_meta,review,John Deere 75 P-TIER,,,
mdl_john_deere_75c,br_john_deere,75C,75C,Mini Excavator,,ts_450x81nx78,,,,,,,,,fitment_json|size_index,active_v1,John Deere 75C,john-deere-75c,/pages/equipment-model/john-deere-75c,track_finder_v1
mdl_john_deere_75d,br_john_deere,75D,75D,Mini Excavator,,ts_450x81nx78,,,,,,,,,fitment_json|size_index|supplier_fitment|supplier_products,active_v1,John Deere 75D,john-deere-75d,/pages/equipment-model/john-deere-75d,track_finder_v1
mdl_john_deere_75g,br_john_deere,75G,75G,Mini Excavator,Excavator Pin-On,ts_450x81nx78,55,17086,31.0,37.0,3481,Conventional,,Needs Review,airtable|fitment_json|shopify_meta|size_index|supplier_fitment,active_v1,John Deere 75G,john-deere-75g,/pages/equipment-model/john-deere-75g,track_finder_v1
mdl_john_deere_75p,br_john_deere,75P,75P,,,,,,,,,,,,supplier_fitment|supplier_products,quarantine,John Deere 75P,,,
mdl_john_deere_7775,br_john_deere,7775,7775,,,,,,,,,,,,supplier_fitment,quarantine,John Deere 7775,,,
mdl_john_deere_80c,br_john_deere,80C,80C,,,,,,,,,,,,supplier_fitment|supplier_products,quarantine,John Deere 80C,,,
mdl_john_deere_85_p_tier,br_john_deere,85 P-TIER,85 P-TIER,Mini Excavator,Excavator Pin-On,ts_450x71x82,,,,,,,,Needs Review,airtable|shopify_meta,review,John Deere 85 P-TIER,,,
mdl_john_deere_85d,br_john_deere,85D,85D,,,,,,,,,,,,supplier_fitment,quarantine,John Deere 85D,,,
mdl_john_deere_85g,br_john_deere,85G,85G,Mini Excavator,Excavator Pin-On,ts_450x81nx78,66,19200,27.3,40.0,4061,Zero,,Needs Review,airtable|fitment_json|shopify_meta|supplier_fitment,active_v1,John Deere 85G,john-deere-85g,/pages/equipment-model/john-deere-85g,track_finder_v1
mdl_john_deere_85p,br_john_deere,85P,85P,,,,,,,,,,,,supplier_fitment|supplier_products,quarantine,John Deere 85P,,,
mdl_john_deere_8875,br_john_deere,8875,8875,,,,,,,,,,,,supplier_fitment,quarantine,John Deere 8875,,,
mdl_john_deere_ct315,br_john_deere,CT315,CT315,,,,,,,,,,,,supplier_fitment|supplier_products,quarantine,John Deere CT315,,,
mdl_john_deere_ct322,br_john_deere,CT322,CT322,Skid Steer,Universal Quick-Attach,ts_320x86x52,66,8460,17.0,,3000,Vertical,,Verified,airtable|fitment_json|size_index|supplier_fitment|supplier_products,active_v1,John Deere CT322,john-deere-ct322,/pages/equipment-model/john-deere-ct322,track_finder_v1
mdl_john_deere_ct332,br_john_deere,CT332,CT332,Skid Steer,Universal Quick-Attach,ts_450x86bx56,82,10200,23.0,,3335,Vertical,,Verified,airtable|fitment_json|supplier_fitment|supplier_products,active_v1,John Deere CT332,john-deere-ct332,/pages/equipment-model/john-deere-ct332,track_finder_v1
mdl_john_deere_ct_322_16_version_of_option_1,br_john_deere,CT 322 16 VERSION OF OPTION 1,CT 322 16 VERSION OF OPTION 1,,,ts_400x86x52,,,,,,,,,size_index,review,John Deere CT 322 16 VERSION OF OPTION 1,,,
mdl_john_deere_jd_75d,br_john_deere,JD-75D,JD-75D,,,,,,,,,,,,size_index,quarantine,John Deere JD-75D,,,
mdl_john_deere_jd_75g,br_john_deere,JD-75G,JD-75G,,,,,,,,,,,,size_index,quarantine,John Deere JD-75G,,,
mdl_john_deere_jd_80_c,br_john_deere,JD-80-C,JD-80-C,,,,,,,,,,,,size_index,quarantine,John Deere JD-80-C,,,
mdl_john_deere_jd_80_hitachi,br_john_deere,JD-80-HITACHI,JD-80-HITACHI,,,,,,,,,,,,size_index,quarantine,John Deere JD-80-HITACHI,,,
mdl_john_deere_jd_85_d,br_john_deere,JD-85-D,JD-85-D,,,,,,,,,,,,size_index,quarantine,John Deere JD-85-D,,,
mdl_john_deere_vts,br_john_deere,VTS,VTS,,,,,,,,,,,,supplier_fitment,quarantine,John Deere VTS,,,
mdl_john_deere_vts58,br_john_deere,VTS58,VTS58,,,,,,,,,,,,supplier_fitment,quarantine,John Deere VTS58,,,
mdl_kioti_tl1000,br_kioti,TL1000,TL1000,Compact Track Loader,Universal Quick-Attach,,,,,,,,,Needs Review,airtable|shopify_meta,review,Kioti TL1000,,,
mdl_kioti_tl750,br_kioti,TL750,TL750,Skid Steer,Universal Quick-Attach,ts_400x86x52,,,,,,,,Verified,airtable|fitment_json|shopify_meta|size_index,active_v1,Kioti TL750,kioti-tl750,/pages/equipment-model/kioti-tl750,track_finder_v1
mdl_kobelco_115,br_kobelco,115,115,Mini Excavator,Excavator Pin-On,ts_230x96x31,84,31750,81.4,,4980,,,Needs Review,airtable|shopify_meta|supplier_fitment,active_v1,Kobelco 115,kobelco-115,/pages/equipment-model/kobelco-115,track_finder_v1
mdl_kobelco_135sr,br_kobelco,135SR,135SR,,,,,,,,,,,,supplier_fitment,quarantine,Kobelco 135SR,,,
mdl_kobelco_135srlc,br_kobelco,135SRLC,135SRLC,,,,,,,,,,,,supplier_fitment,quarantine,Kobelco 135SRLC,,,
mdl_kobelco_13sr,br_kobelco,13SR,13SR,,,,,,,,,,,,supplier_fitment,quarantine,Kobelco 13SR,,,
mdl_kobelco_b49,br_kobelco,B49,B49,,,,,,,,,,,,supplier_fitment,quarantine,Kobelco B49,,,
mdl_kobelco_b50,br_kobelco,B50,B50,,,,,,,,,,,,supplier_fitment,quarantine,Kobelco B50,,,
mdl_kobelco_b53,br_kobelco,B53,B53,,,,,,,,,,,,supplier_fitment,quarantine,Kobelco B53,,,
mdl_kobelco_b69,br_kobelco,B69,B69,,,,,,,,,,,,supplier_fitment,quarantine,Kobelco B69,,,
mdl_kobelco_b73,br_kobelco,B73,B73,,,,,,,,,,,,supplier_fitment,quarantine,Kobelco B73,,,
mdl_kobelco_sk002,br_kobelco,SK002,SK002,,,,,,,,,,,,supplier_fitment,quarantine,Kobelco SK002,,,
mdl_kobelco_sk005,br_kobelco,SK005,SK005,,,,,,,,,,,,supplier_fitment,quarantine,Kobelco SK005,,,
mdl_kobelco_sk007,br_kobelco,SK007,SK007,,,,,,,,,,,,supplier_fitment,quarantine,Kobelco SK007,,,
mdl_kobelco_sk007_1,br_kobelco,SK007-1,SK007-1,,,,,,,,,,,,supplier_fitment,quarantine,Kobelco SK007-1,,,
mdl_kobelco_sk007_2,br_kobelco,SK007-2,SK007-2,,,,,,,,,,,,supplier_fitment,quarantine,Kobelco SK007-2,,,
mdl_kobelco_sk007_3,br_kobelco,SK007-3,SK007-3,,,,,,,,,,,,supplier_fitment,quarantine,Kobelco SK007-3,,,
mdl_kobelco_sk009,br_kobelco,SK009,SK009,,,,,,,,,,,,supplier_fitment,quarantine,Kobelco SK009,,,
mdl_kobelco_sk013,br_kobelco,SK013,SK013,Mini Excavator,Excavator Pin-On,ts_230x96x31,,,,,,,,Needs Review,airtable|shopify_meta|size_index|supplier_fitment,active_v1,Kobelco SK013,kobelco-sk013,/pages/equipment-model/kobelco-sk013,track_finder_v1
mdl_kobelco_sk013_1,br_kobelco,SK013-1,SK013-1,Mini Excavator,Excavator Pin-On,ts_230x96x31,,,,,,,,Needs Review,airtable|shopify_meta|supplier_fitment,active_v1,Kobelco SK013-1,kobelco-sk013-1,/pages/equipment-model/kobelco-sk013-1,track_finder_v1
mdl_kobelco_sk014,br_kobelco,SK014,SK014,,,ts_230x96x31,,,,,,,,,size_index|supplier_fitment,review,Kobelco SK014,,,
mdl_kobelco_sk014_1,br_kobelco,SK014-1,SK014-1,Mini Excavator,Excavator Pin-On,ts_230x96x31,,,,,,,,Needs Review,airtable|shopify_meta|supplier_fitment,active_v1,Kobelco SK014-1,kobelco-sk014-1,/pages/equipment-model/kobelco-sk014-1,track_finder_v1
mdl_kobelco_sk015,br_kobelco,SK015,SK015,Mini Excavator,Excavator Pin-On,ts_230x96x31,,,,,,,,Needs Review,airtable|shopify_meta|size_index|supplier_fitment,active_v1,Kobelco SK015,kobelco-sk015,/pages/equipment-model/kobelco-sk015,track_finder_v1
mdl_kobelco_sk015_1,br_kobelco,SK015-1,SK015-1,Mini Excavator,Excavator Pin-On,ts_230x96x31,,,,,,,,Needs Review,airtable|shopify_meta|supplier_fitment,active_v1,Kobelco SK015-1,kobelco-sk015-1,/pages/equipment-model/kobelco-sk015-1,track_finder_v1
mdl_kobelco_sk015r,br_kobelco,SK015R,SK015R,,,,,,,,,,,,supplier_fitment,quarantine,Kobelco SK015R,,,
mdl_kobelco_sk020,br_kobelco,SK020,SK020,,,,,,,,,,,,supplier_fitment,quarantine,Kobelco SK020,,,
mdl_kobelco_sk024,br_kobelco,SK024,SK024,,,ts_300x525wx78,,,,,,,,,fitment_json|supplier_fitment,reference,Kobelco SK024,,,
mdl_kobelco_sk024_1,br_kobelco,SK024-1,SK024-1,,,,,,,,,,,,supplier_fitment,quarantine,Kobelco SK024-1,,,
mdl_kobelco_sk025,br_kobelco,SK025,SK025,,,ts_300x525wx78,,,,,,,,,fitment_json|supplier_fitment,reference,Kobelco SK025,,,
mdl_kobelco_sk0252,br_kobelco,SK0252,SK0252,,,ts_300x525wx78,,,,,,,,,fitment_json,reference,Kobelco SK0252,,,
mdl_kobelco_sk025_1,br_kobelco,SK025-1,SK025-1,,,,,,,,,,,,supplier_fitment,quarantine,Kobelco SK025-1,,,
mdl_kobelco_sk025_2,br_kobelco,SK025-2,SK025-2,,,,,,,,,,,,supplier_fitment,reference,Kobelco SK025-2,,,
mdl_kobelco_sk025coup,br_kobelco,SK025COUP,SK025COUP,,,,,,,,,,,,supplier_fitment,quarantine,Kobelco SK025COUP,,,
mdl_kobelco_sk025sr,br_kobelco,SK025SR,SK025SR,,,ts_300x525wx78,,,,,,,,,fitment_json|supplier_fitment,reference,Kobelco SK025SR,,,
mdl_kobelco_sk027,br_kobelco,SK027,SK027,,,,,,,,,,,,supplier_fitment,quarantine,Kobelco SK027,,,
mdl_kobelco_sk027_1,br_kobelco,SK027-1,SK027-1,,,,,,,,,,,,supplier_fitment,quarantine,Kobelco SK027-1,,,
mdl_kobelco_sk030,br_kobelco,SK030,SK030,,,,,,,,,,,,supplier_fitment,quarantine,Kobelco SK030,,,
mdl_kobelco_sk030_1,br_kobelco,SK030-1,SK030-1,,,,,,,,,,,,supplier_fitment,quarantine,Kobelco SK030-1,,,
mdl_kobelco_sk030_2,br_kobelco,SK030-2,SK030-2,,,,,,,,,,,,supplier_fitment,quarantine,Kobelco SK030-2,,,
mdl_kobelco_sk030coup,br_kobelco,SK030COUP,SK030COUP,,,,,,,,,,,,supplier_fitment,quarantine,Kobelco SK030COUP,,,
mdl_kobelco_sk030sr,br_kobelco,SK030SR,SK030SR,,,,,,,,,,,,supplier_fitment,quarantine,Kobelco SK030SR,,,
mdl_kobelco_sk030ur,br_kobelco,SK030UR,SK030UR,,,,,,,,,,,,supplier_fitment,quarantine,Kobelco SK030UR,,,
mdl_kobelco_sk030ur_1,br_kobelco,SK030UR-1,SK030UR-1,,,,,,,,,,,,supplier_fitment,quarantine,Kobelco SK030UR-1,,,
mdl_kobelco_sk030ur_2,br_kobelco,SK030UR-2,SK030UR-2,,,,,,,,,,,,supplier_fitment,quarantine,Kobelco SK030UR-2,,,
mdl_kobelco_sk031,br_kobelco,SK031,SK031,,,,,,,,,,,,supplier_fitment,quarantine,Kobelco SK031,,,
mdl_kobelco_sk032,br_kobelco,SK032,SK032,,,,,,,,,,,,supplier_fitment,quarantine,Kobelco SK032,,,
mdl_kobelco_sk035,br_kobelco,SK035,SK035,Mini Excavator,,ts_350x525x86,,,,,,,,,fitment_json|size_index|supplier_fitment,active_v1,Kobelco SK035,kobelco-sk035,/pages/equipment-model/kobelco-sk035,track_finder_v1
mdl_kobelco_sk035_1,br_kobelco,SK035-1,SK035-1,,,,,,,,,,,,supplier_fitment,quarantine,Kobelco SK035-1,,,
mdl_kobelco_sk035_2,br_kobelco,SK035-2,SK035-2,,,,,,,,,,,,supplier_fitment,quarantine,Kobelco SK035-2,,,
mdl_kobelco_sk035sr,br_kobelco,SK035SR,SK035SR,,,,,,,,,,,,supplier_fitment,quarantine,Kobelco SK035SR,,,
mdl_kobelco_sk042,br_kobelco,SK042,SK042,,,,,,,,,,,,supplier_fitment,quarantine,Kobelco SK042,,,
mdl_kobelco_sk042_1,br_kobelco,SK042-1,SK042-1,,,,,,,,,,,,supplier_fitment,quarantine,Kobelco SK042-1,,,
mdl_kobelco_sk045,br_kobelco,SK045,SK045,,,,,,,,,,,,supplier_fitment,quarantine,Kobelco SK045,,,
mdl_kobelco_sk045_1,br_kobelco,SK045-1,SK045-1,,,,,,,,,,,,supplier_fitment,quarantine,Kobelco SK045-1,,,
mdl_kobelco_sk045_2,br_kobelco,SK045-2,SK045-2,,,,,,,,,,,,supplier_fitment,quarantine,Kobelco SK045-2,,,
mdl_kobelco_sk045coup,br_kobelco,SK045COUP,SK045COUP,,,,,,,,,,,,supplier_fitment,quarantine,Kobelco SK045COUP,,,
mdl_kobelco_sk050,br_kobelco,SK050,SK050,,,,,,,,,,,,supplier_fitment,quarantine,Kobelco SK050,,,
mdl_kobelco_sk050_1,br_kobelco,SK050-1,SK050-1,,,,,,,,,,,,supplier_fitment,quarantine,Kobelco SK050-1,,,
mdl_kobelco_sk060,br_kobelco,SK060,SK060,,,,,,,,,,,,supplier_fitment,quarantine,Kobelco SK060,,,
mdl_kobelco_sk100,br_kobelco,SK100,SK100,,,,,,,,,,,,supplier_fitment,quarantine,Kobelco SK100,,,
mdl_kobelco_sk100_1,br_kobelco,SK100-1,SK100-1,,,,,,,,,,,,supplier_fitment,quarantine,Kobelco SK100-1,,,
mdl_kobelco_sk100_2,br_kobelco,SK100-2,SK100-2,,,,,,,,,,,,supplier_fitment,quarantine,Kobelco SK100-2,,,
mdl_kobelco_sk100_3,br_kobelco,SK100-3,SK100-3,,,,,,,,,,,,supplier_fitment,quarantine,Kobelco SK100-3,,,
mdl_kobelco_sk120,br_kobelco,SK120,SK120,,,,,,,,,,,,supplier_fitment,quarantine,Kobelco SK120,,,
mdl_kobelco_sk120_1,br_kobelco,SK120-1,SK120-1,,,,,,,,,,,,supplier_fitment,quarantine,Kobelco SK120-1,,,
mdl_kobelco_sk120_2,br_kobelco,SK120-2,SK120-2,,,,,,,,,,,,supplier_fitment,quarantine,Kobelco SK120-2,,,
mdl_kobelco_sk120_3,br_kobelco,SK120-3,SK120-3,,,,,,,,,,,,supplier_fitment,quarantine,Kobelco SK120-3,,,
mdl_kobelco_sk13sr,br_kobelco,SK13SR,SK13SR,,,ts_230x48x70,,,,,,,,,size_index|supplier_fitment,review,Kobelco SK13SR,,,
mdl_kobelco_sk15msr,br_kobelco,SK15MSR,SK15MSR,,,,,,,,,,,,supplier_fitment,quarantine,Kobelco SK15MSR,,,
mdl_kobelco_sk15r,br_kobelco,SK15R,SK15R,,,,,,,,,,,,supplier_fitment,quarantine,Kobelco SK15R,,,
mdl_kobelco_sk15sr,br_kobelco,SK15SR,SK15SR,,,,,,,,,,,,supplier_fitment,quarantine,Kobelco SK15SR,,,
mdl_kobelco_sk16msr,br_kobelco,SK16MSR,SK16MSR,,,,,,,,,,,,supplier_fitment,quarantine,Kobelco SK16MSR,,,
mdl_kobelco_sk17,br_kobelco,SK17,SK17,Mini Excavator,Excavator Pin-On,ts_230x48x70,121,37800,81.2,,4980,,,Needs Review,airtable|shopify_meta|supplier_fitment,review,Kobelco SK17,,,
mdl_kobelco_sk17sr_5e,br_kobelco,SK17SR-5E,SK17SR-5E,,,,,,,,,,,,supplier_fitment,quarantine,Kobelco SK17SR-5E,,,
mdl_kobelco_sk25sr,br_kobelco,SK25SR,SK25SR,Mini Excavator,Excavator Pin-On,,19,5644,,,,,,Needs Review,airtable|shopify_meta|supplier_fitment,review,Kobelco SK25SR,,,
mdl_kobelco_sk25sr_2,br_kobelco,SK25SR-2,SK25SR-2,,,,,,,,,,,,supplier_fitment,quarantine,Kobelco SK25SR-2,,,
mdl_kobelco_sk25sr_3,br_kobelco,SK25SR-3,SK25SR-3,,,,,,,,,,,,supplier_fitment,quarantine,Kobelco SK25SR-3,,,
mdl_kobelco_sk27,br_kobelco,SK27,SK27,,,,,,,,,,,,supplier_fitment,quarantine,Kobelco SK27,,,
mdl_kobelco_sk27sr_3,br_kobelco,SK27SR-3,SK27SR-3,,,,,,,,,,,,supplier_fitment,quarantine,Kobelco SK27SR-3,,,
mdl_kobelco_sk30sr,br_kobelco,SK30SR,SK30SR,Mini Excavator,Excavator Pin-On,,28,6613,26.5,,3335,,,Needs Review,airtable|shopify_meta|supplier_fitment,review,Kobelco SK30SR,,,
mdl_kobelco_sk30sr_1,br_kobelco,SK30SR-1,SK30SR-1,,,,,,,,,,,,supplier_fitment,quarantine,Kobelco SK30SR-1,,,
mdl_kobelco_sk30sr_2,br_kobelco,SK30SR-2,SK30SR-2,,,,,,,,,,,,supplier_fitment,quarantine,Kobelco SK30SR-2,,,
mdl_kobelco_sk30sr_3,br_kobelco,SK30SR-3,SK30SR-3,,,,,,,,,,,,supplier_fitment,quarantine,Kobelco SK30SR-3,,,
mdl_kobelco_sk30sr_6e,br_kobelco,SK30SR-6E,SK30SR-6E,,,,,,,,,,,,supplier_fitment,quarantine,Kobelco SK30SR-6E,,,
mdl_kobelco_sk30ur,br_kobelco,SK30UR,SK30UR,,,,,,,,,,,,supplier_fitment,quarantine,Kobelco SK30UR,,,
mdl_kobelco_sk30ur_1,br_kobelco,SK30UR-1,SK30UR-1,,,,,,,,,,,,supplier_fitment,quarantine,Kobelco SK30UR-1,,,
mdl_kobelco_sk30ur_2,br_kobelco,SK30UR-2,SK30UR-2,,,,,,,,,,,,supplier_fitment,quarantine,Kobelco SK30UR-2,,,
mdl_kobelco_sk35sr,br_kobelco,SK35SR,SK35SR,Mini Excavator,Excavator Pin-On,ts_300x525kx88,28,7892,26.5,,3335,,,Needs Review,airtable|shopify_meta|supplier_fitment,review,Kobelco SK35SR,,,
mdl_kobelco_sk35sr_2,br_kobelco,SK35SR-2,SK35SR-2,,,,,,,,,,,,supplier_fitment,quarantine,Kobelco SK35SR-2,,,
mdl_kobelco_sk35sr_2e,br_kobelco,SK35SR-2E,SK35SR-2E,,,,,,,,,,,,supplier_fitment,quarantine,Kobelco SK35SR-2E,,,
mdl_kobelco_sk35sr_3,br_kobelco,SK35SR-3,SK35SR-3,,,,,,,,,,,,supplier_fitment,quarantine,Kobelco SK35SR-3,,,
mdl_kobelco_sk35sr_5,br_kobelco,SK35SR-5,SK35SR-5,,,,,,,,,,,,supplier_fitment,quarantine,Kobelco SK35SR-5,,,
mdl_kobelco_sk35sr_6,br_kobelco,SK35SR-6,SK35SR-6,,,,,,,,,,,,supplier_fitment,quarantine,Kobelco SK35SR-6,,,
mdl_kobelco_sk35sr_7,br_kobelco,SK35SR-7,SK35SR-7,,,,,,,,,,,,supplier_fitment,quarantine,Kobelco SK35SR-7,,,
mdl_kobelco_sk40sr_3,br_kobelco,SK40SR-3,SK40SR-3,,,,,,,,,,,,supplier_fitment,quarantine,Kobelco SK40SR-3,,,
mdl_kobelco_sk45,br_kobelco,SK45,SK45,,,,,,,,,,,,supplier_fitment,quarantine,Kobelco SK45,,,
mdl_kobelco_sk45_1,br_kobelco,SK45-1,SK45-1,,,,,,,,,,,,supplier_fitment,quarantine,Kobelco SK45-1,,,
mdl_kobelco_sk45sr,br_kobelco,SK45SR,SK45SR,,,,,,,,,,,,supplier_fitment,quarantine,Kobelco SK45SR,,,
mdl_kobelco_sk45sr2,br_kobelco,SK45SR2,SK45SR2,Mini Excavator,Excavator Pin-On,ts_400x725kx74,,,,,,,,Needs Review,airtable|fitment_json|shopify_meta,active_v1,Kobelco SK45SR2,kobelco-sk45sr-2,/pages/equipment-model/kobelco-sk45sr-2,track_finder_v1
mdl_kobelco_sk45sr_1,br_kobelco,SK45SR-1,SK45SR-1,,,,,,,,,,,,supplier_fitment,quarantine,Kobelco SK45SR-1,,,
mdl_kobelco_sk45sr_2,br_kobelco,SK45SR-2,SK45SR-2,,,,,,,,,,,,supplier_fitment,reference,Kobelco SK45SR-2,,,
mdl_kobelco_sk45srx,br_kobelco,SK45SRX,SK45SRX,Mini Excavator,Excavator Pin-On,,37,10300,,,,,,Needs Review,airtable|shopify_meta,review,Kobelco SK45SRX,,,
mdl_kobelco_sk45srx_6e,br_kobelco,SK45SRX-6E,SK45SRX-6E,,,,,,,,,,,,supplier_fitment,quarantine,Kobelco SK45SRX-6E,,,
mdl_kobelco_sk45srx_7,br_kobelco,SK45SRX-7,SK45SRX-7,,,,,,,,,,,,supplier_fitment,quarantine,Kobelco SK45SRX-7,,,
mdl_kobelco_sk50_1,br_kobelco,SK50-1,SK50-1,,,,,,,,,,,,supplier_fitment,quarantine,Kobelco SK50-1,,,
mdl_kobelco_sk50sr_3,br_kobelco,SK50SR-3,SK50SR-3,,,,,,,,,,,,supplier_fitment,quarantine,Kobelco SK50SR-3,,,
mdl_kobelco_sk50ur,br_kobelco,SK50UR,SK50UR,,,,,,,,,,,,supplier_fitment,quarantine,Kobelco SK50UR,,,
mdl_kobelco_sk50ur_1,br_kobelco,SK50UR-1,SK50UR-1,,,,,,,,,,,,supplier_fitment,quarantine,Kobelco SK50UR-1,,,
mdl_kobelco_sk50ur_2,br_kobelco,SK50UR-2,SK50UR-2,,,,,,,,,,,,supplier_fitment,quarantine,Kobelco SK50UR-2,,,
mdl_kobelco_sk55sr,br_kobelco,SK55SR,SK55SR,,,,,,,,,,,,supplier_fitment,quarantine,Kobelco SK55SR,,,
mdl_kobelco_sk55sr5,br_kobelco,SK55SR5,SK55SR5,Mini Excavator,Excavator Pin-On,ts_400x725kx74,39,11287,35.7,,3335,,,Needs Review,airtable|fitment_json,active_v1,Kobelco SK55SR5,kobelco-sk55sr-5,/pages/equipment-model/kobelco-sk55sr-5,track_finder_v1
mdl_kobelco_sk55srx,br_kobelco,SK55SRX,SK55SRX,Mini Excavator,Excavator Pin-On,ts_400x725kx74,37,11600,,,,,,Needs Review,airtable|shopify_meta|supplier_fitment,review,Kobelco SK55SRX,,,
mdl_kobelco_sk55srx6e,br_kobelco,SK55SRX6E,SK55SRX6E,Mini Excavator,Excavator Pin-On,ts_400x725kx74,37,11600,,,,,,Needs Review,airtable|fitment_json|shopify_meta,active_v1,Kobelco SK55SRX6E,kobelco-sk55srx-6e,/pages/equipment-model/kobelco-sk55srx-6e,track_finder_v1
mdl_kobelco_sk55srx7,br_kobelco,SK55SRX7,SK55SRX7,Mini Excavator,Excavator Pin-On,ts_400x725kx74,,,,,,,,Needs Review,airtable|fitment_json|shopify_meta,active_v1,Kobelco SK55SRX7,kobelco-sk55srx-7,/pages/equipment-model/kobelco-sk55srx-7,track_finder_v1
mdl_kobelco_sk55srx_6e,br_kobelco,SK55SRX-6E,SK55SRX-6E,,,,,,,,,,,,supplier_fitment,reference,Kobelco SK55SRX-6E,,,
mdl_kobelco_sk55srx_7,br_kobelco,SK55SRX-7,SK55SRX-7,,,,,,,,,,,,supplier_fitment,reference,Kobelco SK55SRX-7,,,
mdl_kobelco_sk60,br_kobelco,SK60,SK60,,,,,,,,,,,,supplier_fitment,quarantine,Kobelco SK60,,,
mdl_kobelco_sk60_1,br_kobelco,SK60-1,SK60-1,,,,,,,,,,,,supplier_fitment,quarantine,Kobelco SK60-1,,,
mdl_kobelco_sk60_2,br_kobelco,SK60-2,SK60-2,,,,,,,,,,,,supplier_fitment,quarantine,Kobelco SK60-2,,,
mdl_kobelco_sk60_3,br_kobelco,SK60-3,SK60-3,,,,,,,,,,,,supplier_fitment,quarantine,Kobelco SK60-3,,,
mdl_kobelco_sk60ur,br_kobelco,SK60UR,SK60UR,,,,,,,,,,,,supplier_fitment,quarantine,Kobelco SK60UR,,,
mdl_kobelco_sk70sr,br_kobelco,SK70SR,SK70SR,,,,,,,,,,,,supplier_fitment,quarantine,Kobelco SK70SR,,,
mdl_kobelco_sk70sr_1e,br_kobelco,SK70SR-1E,SK70SR-1E,,,,,,,,,,,,supplier_fitment,quarantine,Kobelco SK70SR-1E,,,
mdl_kobelco_sk70sr_2,br_kobelco,SK70SR-2,SK70SR-2,Mini Excavator,,ts_450x81nx76,,,,,,,,,supplier_fitment,active_v1,Kobelco SK70SR-2,kobelco-sk70sr-2,/pages/equipment-model/kobelco-sk70sr-2,track_finder_v1
mdl_kobelco_sk75_sr,br_kobelco,SK75-SR,SK75-SR,,,,,,,,,,,,supplier_fitment,quarantine,Kobelco SK75-SR,,,
mdl_kobelco_sk75_sr3e,br_kobelco,SK75-SR3E,SK75-SR3E,,,,,,,,,,,,supplier_fitment,quarantine,Kobelco SK75-SR3E,,,
mdl_kobelco_sk75_sr7,br_kobelco,SK75-SR7,SK75-SR7,,,,,,,,,,,,supplier_fitment,quarantine,Kobelco SK75-SR7,,,
mdl_kobelco_sk75sr,br_kobelco,SK75SR,SK75SR,Mini Excavator,Excavator Pin-On,ts_450x815x76,56,17107,,,,,,Needs Review,airtable|shopify_meta,review,Kobelco SK75SR,,,
mdl_kobelco_sk75ur,br_kobelco,SK75UR,SK75UR,,,,,,,,,,,,supplier_fitment,quarantine,Kobelco SK75UR,,,
mdl_kobelco_sk75ur_1,br_kobelco,SK75UR-1,SK75UR-1,,,,,,,,,,,,supplier_fitment,quarantine,Kobelco SK75UR-1,,,
mdl_kobelco_sk75ur_3,br_kobelco,SK75UR-3,SK75UR-3,,,,,,,,,,,,supplier_fitment,quarantine,Kobelco SK75UR-3,,,
mdl_kobelco_sk80cs,br_kobelco,SK80CS,SK80CS,Mini Excavator,,ts_450x81nx78,,,,,,,,,supplier_fitment,active_v1,Kobelco SK80CS,kobelco-sk80cs,/pages/equipment-model/kobelco-sk80cs,track_finder_v1
mdl_kobelco_sk80msr,br_kobelco,SK80MSR,SK80MSR,Mini Excavator,,ts_450x81nx78,,,,,,,,,supplier_fitment,active_v1,Kobelco SK80MSR,kobelco-sk80msr,/pages/equipment-model/kobelco-sk80msr,track_finder_v1
mdl_kobelco_sk85,br_kobelco,SK85,SK85,,,,,,,,,,,,supplier_fitment,quarantine,Kobelco SK85,,,
mdl_kobelco_sk85cs,br_kobelco,SK85CS,SK85CS,Mini Excavator,Excavator Pin-On,ts_450x81nx78,55,41226,,,,,,Needs Review,airtable|shopify_meta|supplier_fitment,active_v1,Kobelco SK85CS,kobelco-sk85cs,/pages/equipment-model/kobelco-sk85cs,track_finder_v1
mdl_kobelco_sk_024,br_kobelco,SK 024,SK 024,Mini Excavator,Excavator Pin-On,ts_300x525nx78,,,,,,,,Needs Review,airtable|shopify_meta,active_v1,Kobelco SK 024,kobelco-sk024,/pages/equipment-model/kobelco-sk024,track_finder_v1
mdl_kobelco_sk_025,br_kobelco,SK 025,SK 025,Mini Excavator,Excavator Pin-On,ts_300x525nx78,,,,,,,,Needs Review,airtable|shopify_meta,active_v1,Kobelco SK 025,kobelco-sk025,/pages/equipment-model/kobelco-sk025,track_finder_v1
mdl_kobelco_sk_0252,br_kobelco,SK 0252,SK 0252,Mini Excavator,Excavator Pin-On,ts_300x525nx78,,,,,,,,Needs Review,airtable|shopify_meta,active_v1,Kobelco SK 0252,kobelco-sk025-2,/pages/equipment-model/kobelco-sk025-2,track_finder_v1
mdl_kobelco_sk_025sr,br_kobelco,SK 025SR,SK 025SR,Mini Excavator,Excavator Pin-On,ts_300x525nx78,,,,,,,,Needs Review,airtable|shopify_meta,active_v1,Kobelco SK 025SR,kobelco-sk025sr,/pages/equipment-model/kobelco-sk025sr,track_finder_v1
mdl_kobelco_sk_035,br_kobelco,SK-035,SK-035,,,ts_300x525x86,,,,,,,,,size_index,reference,Kobelco SK-035,,,
mdl_kobelco_sk_035_coup,br_kobelco,SK-035-COUP,SK-035-COUP,,,ts_300x525x86,,,,,,,,,size_index,review,Kobelco SK-035-COUP,,,
mdl_kobelco_sk_20sr,br_kobelco,SK 20SR,SK 20SR,Mini Excavator,Excavator Pin-On,ts_300x525nx76,,,,,,,,Needs Review,airtable,active_v1,Kobelco SK 20SR,kobelco-sk20sr,/pages/equipment-model/kobelco-sk20sr,track_finder_v1
mdl_kobelco_sk_35_sr_2_option_1,br_kobelco,SK-35-SR-2---OPTION-1,SK-35-SR-2---OPTION-1,,,ts_300x525x86,,,,,,,,,size_index,review,Kobelco SK-35-SR-2---OPTION-1,,,
mdl_kobelco_sk_35_sr_2_option_2,br_kobelco,SK-35-SR-2--OPTION-2,SK-35-SR-2--OPTION-2,,,,,,,,,,,,size_index,quarantine,Kobelco SK-35-SR-2--OPTION-2,,,
mdl_kobelco_sk_35_sr_2e,br_kobelco,SK-35-SR-2E,SK-35-SR-2E,,,,,,,,,,,,size_index,quarantine,Kobelco SK-35-SR-2E,,,
mdl_kobelco_sk_35_sr_3,br_kobelco,SK-35-SR-3,SK-35-SR-3,,,,,,,,,,,,size_index,quarantine,Kobelco SK-35-SR-3,,,
mdl_kobelco_sk_35_sr_5,br_kobelco,SK-35-SR-5,SK-35-SR-5,,,,,,,,,,,,size_index,quarantine,Kobelco SK-35-SR-5,,,
mdl_kobelco_sk_35_sr_6e,br_kobelco,SK-35-SR-6E,SK-35-SR-6E,,,,,,,,,,,,size_index,quarantine,Kobelco SK-35-SR-6E,,,
mdl_kobelco_sk_35_sr_option_1,br_kobelco,SK-35-SR-OPTION-1,SK-35-SR-OPTION-1,,,,,,,,,,,,size_index,quarantine,Kobelco SK-35-SR-OPTION-1,,,
mdl_kobelco_z11,br_kobelco,Z11,Z11,,,,,,,,,,,,supplier_fitment,quarantine,Kobelco Z11,,,
mdl_kobelco_z13,br_kobelco,Z13,Z13,,,,,,,,,,,,supplier_fitment,quarantine,Kobelco Z13,,,
mdl_kobelco_z14,br_kobelco,Z14,Z14,,,,,,,,,,,,supplier_fitment,quarantine,Kobelco Z14,,,
mdl_kobelco_z16,br_kobelco,Z16,Z16,,,,,,,,,,,,supplier_fitment,quarantine,Kobelco Z16,,,
mdl_komatsu_1020,br_komatsu,1020,1020,,,,,,,,,,,,supplier_fitment,quarantine,Komatsu 1020,,,
mdl_komatsu_160,br_komatsu,160,160,,,,,,,,,,,,supplier_fitment,quarantine,Komatsu 160,,,
mdl_komatsu_80x3,br_komatsu,80X3,80X3,,,,,,,,,,,,supplier_fitment,quarantine,Komatsu 80X3,,,
mdl_komatsu_80x3_spin_ace,br_komatsu,80X3 SPIN ACE,80X3 SPIN ACE,,,,,,,,,,,,supplier_fitment,quarantine,Komatsu 80X3 SPIN ACE,,,
mdl_komatsu_820,br_komatsu,820,820,,,,,,,,,,,,supplier_fitment,quarantine,Komatsu 820,,,
mdl_komatsu_820_turbo,br_komatsu,820 TURBO,820 TURBO,,,ts_320x86x52,,,,,,,,,shopify_meta,review,Komatsu 820 TURBO,,,
mdl_komatsu_820turbo,br_komatsu,820TURBO,820TURBO,,,,,,,,,,,,supplier_fitment,quarantine,Komatsu 820TURBO,,,
mdl_komatsu_brokk,br_komatsu,BROKK,BROKK,,,,,,,,,,,,supplier_fitment,quarantine,Komatsu BROKK,,,
mdl_komatsu_cd60r,br_komatsu,CD60R,CD60R,,,,,,,,,,,,supplier_products,quarantine,Komatsu CD60R,,,
mdl_komatsu_ck1122,br_komatsu,CK1122,CK1122,,,,,,,,,,,,supplier_fitment,quarantine,Komatsu CK1122,,,
mdl_komatsu_ck1122_5,br_komatsu,CK1122-5,CK1122-5,,,,,,,,,,,,supplier_fitment,quarantine,Komatsu CK1122-5,,,
mdl_komatsu_ck20,br_komatsu,CK20,CK20,Skid Steer,,ts_320x86x52,,,,,,,,Needs Review,airtable|fitment_json|shopify_meta|supplier_fitment,active_v1,Komatsu CK20,komatsu-ck20,/pages/equipment-model/komatsu-ck20,track_finder_v1
mdl_komatsu_ck201,br_komatsu,CK201,CK201,Skid Steer,,ts_320x86x52,,,,,,,,Verified,airtable|fitment_json|shopify_meta,active_v1,Komatsu CK201,komatsu-ck-20-1,/pages/equipment-model/komatsu-ck-20-1,track_finder_v1
mdl_komatsu_ck20_1,br_komatsu,CK20-1,CK20-1,,,,,,,,,,,,supplier_fitment,reference,Komatsu CK20-1,,,
mdl_komatsu_ck25,br_komatsu,CK25,CK25,Skid Steer,,ts_320x86x52,,,,,,,,Needs Review,airtable|fitment_json|shopify_meta|supplier_fitment|supplier_products,active_v1,Komatsu CK25,komatsu-ck25,/pages/equipment-model/komatsu-ck25,track_finder_v1
mdl_komatsu_ck251,br_komatsu,CK251,CK251,Skid Steer,,ts_320x86x52,,,,,,,,Verified,airtable|fitment_json|shopify_meta,active_v1,Komatsu CK251,komatsu-ck-25-1,/pages/equipment-model/komatsu-ck-25-1,track_finder_v1
mdl_komatsu_ck30,br_komatsu,CK30,CK30,,,,,,,,,,,,supplier_fitment,quarantine,Komatsu CK30,,,
mdl_komatsu_ck301,br_komatsu,CK301,CK301,,,,,,,,,,,,fitment_json,reference,Komatsu CK301,,,
mdl_komatsu_ck30_1,br_komatsu,CK30-1,CK30-1,Skid Steer,Universal Quick-Attach,ts_450x86bx56,84,9546,21.2,,3045,,,Needs Review,airtable|shopify_meta|supplier_fitment|supplier_products,active_v1,Komatsu CK30-1,komatsu-ck30-1,/pages/equipment-model/komatsu-ck30-1,track_finder_v1
mdl_komatsu_ck35,br_komatsu,CK35,CK35,Skid Steer,,ts_450x86bx56,84,9546,21.2,,3045,,,Needs Review,airtable|fitment_json|shopify_meta|supplier_fitment,active_v1,Komatsu CK35,komatsu-ck35,/pages/equipment-model/komatsu-ck35,track_finder_v1
mdl_komatsu_ck351,br_komatsu,CK351,CK351,,,,,,,,,,,,fitment_json,reference,Komatsu CK351,,,
mdl_komatsu_ck35_1,br_komatsu,CK35-1,CK35-1,Skid Steer,Universal Quick-Attach,ts_450x86bx56,84,9546,21.2,,3045,,,Needs Review,airtable|shopify_meta|supplier_fitment|supplier_products,active_v1,Komatsu CK35-1,komatsu-ck35-1,/pages/equipment-model/komatsu-ck35-1,track_finder_v1
mdl_komatsu_ck_35_utility_rare,br_komatsu,CK 35 UTILITY RARE,CK 35 UTILITY RARE,,,ts_450x100x50,,,,,,,,,size_index,review,Komatsu CK 35 UTILITY RARE,,,
mdl_komatsu_d27r_8,br_komatsu,D27R-8,D27R-8,,,,,,,,,,,,supplier_fitment,quarantine,Komatsu D27R-8,,,
mdl_komatsu_ecr_88_option_1,br_komatsu,ECR-88-OPTION-1,ECR-88-OPTION-1,,,,,,,,,,,,size_index,quarantine,Komatsu ECR-88-OPTION-1,,,
mdl_komatsu_ecr_88_plus_option_1,br_komatsu,ECR-88-PLUS-OPTION-1,ECR-88-PLUS-OPTION-1,,,,,,,,,,,,size_index,quarantine,Komatsu ECR-88-PLUS-OPTION-1,,,
mdl_komatsu_hr20,br_komatsu,HR20,HR20,,,,,,,,,,,,supplier_fitment,quarantine,Komatsu HR20,,,
mdl_komatsu_link_belt,br_komatsu,LINK-BELT,LINK-BELT,,,,,,,,,,,,supplier_fitment,quarantine,Komatsu LINK-BELT,,,
mdl_komatsu_nagano,br_komatsu,NAGANO,NAGANO,,,,,,,,,,,,supplier_fitment,quarantine,Komatsu NAGANO,,,
mdl_komatsu_ns35_2a,br_komatsu,NS35-2A,NS35-2A,,,,,,,,,,,,supplier_fitment,quarantine,Komatsu NS35-2A,,,
mdl_komatsu_ns35_2b,br_komatsu,NS35-2B,NS35-2B,,,,,,,,,,,,supplier_fitment,quarantine,Komatsu NS35-2B,,,
mdl_komatsu_pc02,br_komatsu,PC02,PC02,,,,,,,,,,,,supplier_fitment|supplier_products,quarantine,Komatsu PC02,,,
mdl_komatsu_pc03,br_komatsu,PC03,PC03,,,,,,,,,,,,supplier_fitment,quarantine,Komatsu PC03,,,
mdl_komatsu_pc03avance,br_komatsu,PC03AVANCE,PC03AVANCE,,,,,,,,,,,,supplier_fitment,quarantine,Komatsu PC03AVANCE,,,
mdl_komatsu_pc05,br_komatsu,PC05,PC05,Mini Excavator,Excavator Pin-On,ts_180x72x37,,,,,,,,Needs Review,airtable|shopify_meta|size_index|supplier_fitment|supplier_products,active_v1,Komatsu PC05,komatsu-pc05,/pages/equipment-model/komatsu-pc05,track_finder_v1
mdl_komatsu_pc05_6,br_komatsu,PC05-6,PC05-6,,,,,,,,,,,,supplier_fitment,quarantine,Komatsu PC05-6,,,
mdl_komatsu_pc05_7,br_komatsu,PC05-7,PC05-7,Mini Excavator,Excavator Pin-On,ts_230x96x31,,,,,,,,Needs Review,airtable|shopify_meta|supplier_fitment,active_v1,Komatsu PC05-7,komatsu-pc05-7,/pages/equipment-model/komatsu-pc05-7,track_finder_v1
mdl_komatsu_pc05avancer,br_komatsu,PC05AVANCER,PC05AVANCER,Mini Excavator,Excavator Pin-On,ts_230x96x31,,,,,,,,Needs Review,airtable|shopify_meta|supplier_fitment,active_v1,Komatsu PC05AVANCER,komatsu-pc05avancer,/pages/equipment-model/komatsu-pc05avancer,track_finder_v1
mdl_komatsu_pc07,br_komatsu,PC07,PC07,Mini Excavator,Excavator Pin-On,ts_180x72x37,,,,,,,,Needs Review,airtable|shopify_meta|size_index|supplier_fitment,active_v1,Komatsu PC07,komatsu-pc07,/pages/equipment-model/komatsu-pc07,track_finder_v1
mdl_komatsu_pc07_1,br_komatsu,PC07-1,PC07-1,Mini Excavator,Excavator Pin-On,ts_230x96x31,,,,,,,,Needs Review,airtable|shopify_meta|supplier_fitment,active_v1,Komatsu PC07-1,komatsu-pc07-1,/pages/equipment-model/komatsu-pc07-1,track_finder_v1
mdl_komatsu_pc07_2,br_komatsu,PC07-2,PC07-2,Mini Excavator,Excavator Pin-On,ts_230x96x31,,,,,,,,Needs Review,airtable|shopify_meta|supplier_fitment,active_v1,Komatsu PC07-2,komatsu-pc07-2,/pages/equipment-model/komatsu-pc07-2,track_finder_v1
mdl_komatsu_pc07_6,br_komatsu,PC07-6,PC07-6,Mini Excavator,Excavator Pin-On,ts_230x96x31,,,,,,,,Needs Review,airtable|shopify_meta|supplier_fitment,active_v1,Komatsu PC07-6,komatsu-pc07-6,/pages/equipment-model/komatsu-pc07-6,track_finder_v1
mdl_komatsu_pc07_7,br_komatsu,PC07-7,PC07-7,Mini Excavator,Excavator Pin-On,ts_230x96x31,,,,,,,,Needs Review,airtable|shopify_meta|supplier_fitment,active_v1,Komatsu PC07-7,komatsu-pc07-7,/pages/equipment-model/komatsu-pc07-7,track_finder_v1
mdl_komatsu_pc07avancer,br_komatsu,PC07AVANCER,PC07AVANCER,Mini Excavator,Excavator Pin-On,ts_230x96x31,,,,,,,,Needs Review,airtable|shopify_meta|supplier_fitment,active_v1,Komatsu PC07AVANCER,komatsu-pc07avancer,/pages/equipment-model/komatsu-pc07avancer,track_finder_v1
mdl_komatsu_pc07r,br_komatsu,PC07R,PC07R,Mini Excavator,Excavator Pin-On,ts_230x96x31,,,,,,,,Needs Review,airtable|shopify_meta|supplier_fitment,active_v1,Komatsu PC07R,komatsu-pc07r,/pages/equipment-model/komatsu-pc07r,track_finder_v1
mdl_komatsu_pc09,br_komatsu,PC09,PC09,,,,,,,,,,,,supplier_fitment|supplier_products,quarantine,Komatsu PC09,,,
mdl_komatsu_pc09fr_1,br_komatsu,PC09FR-1,PC09FR-1,Mini Excavator,Excavator Pin-On,ts_230x72x43,,,,,,,,Needs Review,airtable|shopify_meta|supplier_fitment|supplier_products,review,Komatsu PC09FR-1,,,
mdl_komatsu_pc10,br_komatsu,PC10,PC10,,,,,,,,,,,,supplier_fitment|supplier_products,quarantine,Komatsu PC10,,,
mdl_komatsu_pc100_6,br_komatsu,PC100-6,PC100-6,,,,,,,,,,,,supplier_fitment,quarantine,Komatsu PC100-6,,,
mdl_komatsu_pc10_6,br_komatsu,PC10-6,PC10-6,,,,,,,,,,,,supplier_fitment|supplier_products,quarantine,Komatsu PC10-6,,,
mdl_komatsu_pc10_7,br_komatsu,PC10-7,PC10-7,,,,,,,,,,,,supplier_fitment,quarantine,Komatsu PC10-7,,,
mdl_komatsu_pc10mr_1avance,br_komatsu,PC10MR-1AVANCE,PC10MR-1AVANCE,,,,,,,,,,,,supplier_fitment,quarantine,Komatsu PC10MR-1AVANCE,,,
mdl_komatsu_pc10r,br_komatsu,PC10R,PC10R,,,,,,,,,,,,supplier_fitment,quarantine,Komatsu PC10R,,,
mdl_komatsu_pc10r_8,br_komatsu,PC10R-8,PC10R-8,,,,,,,,,,,,supplier_fitment,quarantine,Komatsu PC10R-8,,,
mdl_komatsu_pc10uu_3avance,br_komatsu,PC10UU-3AVANCE,PC10UU-3AVANCE,,,,,,,,,,,,supplier_fitment,quarantine,Komatsu PC10UU-3AVANCE,,,
mdl_komatsu_pc12,br_komatsu,PC12,PC12,,,,,,,,,,,,supplier_fitment,quarantine,Komatsu PC12,,,
mdl_komatsu_pc128_1,br_komatsu,PC128-1,PC128-1,,,,,,,,,,,,supplier_fitment,quarantine,Komatsu PC128-1,,,
mdl_komatsu_pc128us_2,br_komatsu,PC128US-2,PC128US-2,,,,,,,,,,,,supplier_fitment,quarantine,Komatsu PC128US-2,,,
mdl_komatsu_pc12_1,br_komatsu,PC12-1,PC12-1,,,,,,,,,,,,supplier_fitment,quarantine,Komatsu PC12-1,,,
mdl_komatsu_pc12_2avance,br_komatsu,PC12-2AVANCE,PC12-2AVANCE,,,,,,,,,,,,supplier_fitment,quarantine,Komatsu PC12-2AVANCE,,,
mdl_komatsu_pc12_2r,br_komatsu,PC12-2R,PC12-2R,,,,,,,,,,,,supplier_fitment,quarantine,Komatsu PC12-2R,,,
mdl_komatsu_pc12avancer,br_komatsu,PC12AVANCER,PC12AVANCER,,,,,,,,,,,,supplier_fitment,quarantine,Komatsu PC12AVANCER,,,
mdl_komatsu_pc12r,br_komatsu,PC12R,PC12R,Mini Excavator,Excavator Pin-On,ts_230x96x31,13,2866,9.9,,2700,,,Needs Review,airtable|shopify_meta|supplier_fitment,review,Komatsu PC12R,,,
mdl_komatsu_pc12r_7uu,br_komatsu,PC12R-7UU,PC12R-7UU,,,,,,,,,,,,supplier_fitment,quarantine,Komatsu PC12R-7UU,,,
mdl_komatsu_pc12r_8,br_komatsu,PC12R-8,PC12R-8,Mini Excavator,Excavator Pin-On,ts_230x96x31,13,2866,9.9,,2700,,,Needs Review,airtable|shopify_meta|size_index|supplier_fitment,active_v1,Komatsu PC12R-8,komatsu-pc12r-8,/pages/equipment-model/komatsu-pc12r-8,track_finder_v1
mdl_komatsu_pc12rutility,br_komatsu,PC12RUTILITY,PC12RUTILITY,Mini Excavator,,ts_230x96x31,,,,,,,,,supplier_fitment,active_v1,Komatsu PC12RUTILITY,komatsu-pc12rutility,/pages/equipment-model/komatsu-pc12rutility,track_finder_v1
mdl_komatsu_pc130_5,br_komatsu,PC130-5,PC130-5,,,,,,,,,,,,supplier_fitment|supplier_products,quarantine,Komatsu PC130-5,,,
mdl_komatsu_pc130_6,br_komatsu,PC130-6,PC130-6,,,,,,,,,,,,supplier_fitment,quarantine,Komatsu PC130-6,,,
mdl_komatsu_pc138_10,br_komatsu,PC138-10,PC138-10,,,,,,,,,,,,supplier_fitment,quarantine,Komatsu PC138-10,,,
mdl_komatsu_pc138_8,br_komatsu,PC138-8,PC138-8,,,,,,,,,,,,supplier_fitment,quarantine,Komatsu PC138-8,,,
mdl_komatsu_pc138us,br_komatsu,PC138US,PC138US,,,,,,,,,,,,supplier_fitment,quarantine,Komatsu PC138US,,,
mdl_komatsu_pc14r_2,br_komatsu,PC14R-2,PC14R-2,Mini Excavator,Excavator Pin-On,ts_230x96x31,,,,,,,,Needs Review,airtable|shopify_meta|supplier_fitment,active_v1,Komatsu PC14R-2,komatsu-pc14r-2,/pages/equipment-model/komatsu-pc14r-2,track_finder_v1
mdl_komatsu_pc15,br_komatsu,PC15,PC15,,,,,,,,,,,,supplier_fitment,quarantine,Komatsu PC15,,,
mdl_komatsu_pc15_1,br_komatsu,PC15-1,PC15-1,,,,,,,,,,,,supplier_fitment|supplier_products,quarantine,Komatsu PC15-1,,,
mdl_komatsu_pc15_2,br_komatsu,PC15-2,PC15-2,,,,,,,,,,,,supplier_fitment,quarantine,Komatsu PC15-2,,,
mdl_komatsu_pc15_3,br_komatsu,PC15-3,PC15-3,,,,,,,,,,,,supplier_fitment,quarantine,Komatsu PC15-3,,,
mdl_komatsu_pc15_6,br_komatsu,PC15-6,PC15-6,,,,,,,,,,,,supplier_fitment,quarantine,Komatsu PC15-6,,,
mdl_komatsu_pc15_7,br_komatsu,PC15-7,PC15-7,,,,,,,,,,,,supplier_fitment,quarantine,Komatsu PC15-7,,,
mdl_komatsu_pc15avancer,br_komatsu,PC15AVANCER,PC15AVANCER,,,,,,,,,,,,supplier_fitment,quarantine,Komatsu PC15AVANCER,,,
mdl_komatsu_pc15mr,br_komatsu,PC15MR,PC15MR,,,ts_230x48x70,,,,,,,,,size_index|supplier_fitment|supplier_products,review,Komatsu PC15MR,,,
mdl_komatsu_pc15mr_1,br_komatsu,PC15MR-1,PC15MR-1,,,,,,,,,,,,supplier_fitment,quarantine,Komatsu PC15MR-1,,,
mdl_komatsu_pc15mrx,br_komatsu,PC15MRX,PC15MRX,,,,,,,,,,,,supplier_fitment,quarantine,Komatsu PC15MRX,,,
mdl_komatsu_pc15mrx_1,br_komatsu,PC15MRX-1,PC15MRX-1,,,,,,,,,,,,supplier_fitment,quarantine,Komatsu PC15MRX-1,,,
mdl_komatsu_pc15p,br_komatsu,PC15P,PC15P,,,,,,,,,,,,supplier_fitment,quarantine,Komatsu PC15P,,,
mdl_komatsu_pc15r,br_komatsu,PC15R,PC15R,Mini Excavator,Excavator Pin-On,ts_230x96x31,17,3637,12.0,,2987,,,Needs Review,airtable|shopify_meta|supplier_fitment|supplier_products,active_v1,Komatsu PC15R,komatsu-pc15r,/pages/equipment-model/komatsu-pc15r,track_finder_v1
mdl_komatsu_pc15r_8,br_komatsu,PC15R-8,PC15R-8,Mini Excavator,Excavator Pin-On,ts_230x96x31,17,3637,12.0,,2987,,,Needs Review,airtable|shopify_meta|size_index|supplier_fitment,active_v1,Komatsu PC15R-8,komatsu-pc15r-8,/pages/equipment-model/komatsu-pc15r-8,track_finder_v1
mdl_komatsu_pc15rhs,br_komatsu,PC15RHS,PC15RHS,Mini Excavator,Excavator Pin-On,ts_230x96x31,,,,,,,,Needs Review,airtable|shopify_meta|supplier_fitment,active_v1,Komatsu PC15RHS,komatsu-pc15rhs,/pages/equipment-model/komatsu-pc15rhs,track_finder_v1
mdl_komatsu_pc16r_2,br_komatsu,PC16R-2,PC16R-2,Mini Excavator,Excavator Pin-On,ts_230x96x31,,,,,,,,Needs Review,airtable|shopify_meta|supplier_fitment,active_v1,Komatsu PC16R-2,komatsu-pc16r-2,/pages/equipment-model/komatsu-pc16r-2,track_finder_v1
mdl_komatsu_pc16r_3,br_komatsu,PC16R-3,PC16R-3,,,,,,,,,,,,supplier_fitment,quarantine,Komatsu PC16R-3,,,
mdl_komatsu_pc18,br_komatsu,PC18,PC18,,,,,,,,,,,,supplier_fitment|supplier_products,quarantine,Komatsu PC18,,,
mdl_komatsu_pc18mr,br_komatsu,PC18MR,PC18MR,Mini Excavator,Excavator Pin-On,ts_230x48x62,14,3900,4.2,,2560,Zero,,Needs Review,airtable|shopify_meta,review,Komatsu PC18MR,,,
mdl_komatsu_pc18mr_2,br_komatsu,PC18MR-2,PC18MR-2,Mini Excavator,,ts_230x48x70,,,,,,,,,shopify_meta|size_index|supplier_fitment,active_v1,Komatsu PC18MR-2,komatsu-pc18mr-2,/pages/equipment-model/komatsu-pc18mr-2,track_finder_v1
mdl_komatsu_pc18mr_3,br_komatsu,PC18MR-3,PC18MR-3,Mini Excavator,,ts_230x48x70,,,,,,,,,shopify_meta|size_index|supplier_fitment,active_v1,Komatsu PC18MR-3,komatsu-pc18mr-3,/pages/equipment-model/komatsu-pc18mr-3,track_finder_v1
mdl_komatsu_pc20,br_komatsu,PC20,PC20,Mini Excavator,Excavator Pin-On,ts_300x525nx84,105,40785,149.0,,3560,,,Needs Review,airtable|fitment_json|shopify_meta|supplier_fitment|supplier_products,active_v1,Komatsu PC20,komatsu-pc20,/pages/equipment-model/komatsu-pc20,track_finder_v1
mdl_komatsu_pc202,br_komatsu,PC202,PC202,Mini Excavator,Excavator Pin-On,ts_300x525nx84,21,6170,20.7,,2490,,,Needs Review,airtable|fitment_json|shopify_meta,active_v1,Komatsu PC202,komatsu-pc20-2,/pages/equipment-model/komatsu-pc20-2,track_finder_v1
mdl_komatsu_pc206,br_komatsu,PC206,PC206,Mini Excavator,Excavator Pin-On,ts_300x525nx84,,,,,,,,Needs Review,airtable|fitment_json,active_v1,Komatsu PC206,komatsu-pc20-6,/pages/equipment-model/komatsu-pc20-6,track_finder_v1
mdl_komatsu_pc207,br_komatsu,PC207,PC207,Mini Excavator,Excavator Pin-On,ts_300x525nx76,,,,,,,,Needs Review,airtable|shopify_meta,active_v1,Komatsu PC207,komatsu-pc20-7,/pages/equipment-model/komatsu-pc20-7,track_finder_v1
mdl_komatsu_pc20_2,br_komatsu,PC20-2,PC20-2,,,,,,,,,,,,supplier_fitment,reference,Komatsu PC20-2,,,
mdl_komatsu_pc20_5,br_komatsu,PC20-5,PC20-5,,,,,,,,,,,,supplier_fitment|supplier_products,quarantine,Komatsu PC20-5,,,
mdl_komatsu_pc20_7,br_komatsu,PC20-7,PC20-7,,,,,,,,,,,,supplier_fitment,quarantine,Komatsu PC20-7,,,
mdl_komatsu_pc20_8,br_komatsu,PC20-8,PC20-8,,,,,,,,,,,,supplier_fitment,quarantine,Komatsu PC20-8,,,
mdl_komatsu_pc20avancer,br_komatsu,PC20AVANCER,PC20AVANCER,,,,,,,,,,,,supplier_fitment,quarantine,Komatsu PC20AVANCER,,,
mdl_komatsu_pc20mr,br_komatsu,PC20MR,PC20MR,Mini Excavator,Excavator Pin-On,,,4762,,,,,,Needs Review,airtable|shopify_meta|supplier_fitment,review,Komatsu PC20MR,,,
mdl_komatsu_pc20mr2,br_komatsu,PC20MR2,PC20MR2,Mini Excavator,Excavator Pin-On,ts_300x525nx78,20,2295,,,,,,Verified,airtable|fitment_json|shopify_meta,active_v1,Komatsu PC20MR2,komatsu-pc20-mr-2,/pages/equipment-model/komatsu-pc20-mr-2,track_finder_v1
mdl_komatsu_pc20mr_1,br_komatsu,PC20MR-1,PC20MR-1,,,,,,,,,,,,supplier_fitment,quarantine,Komatsu PC20MR-1,,,
mdl_komatsu_pc20mr_2,br_komatsu,PC20MR-2,PC20MR-2,,,,,,,,,,,,supplier_fitment,reference,Komatsu PC20MR-2,,,
mdl_komatsu_pc20mrx,br_komatsu,PC20MRX,PC20MRX,,,,,,,,,,,,supplier_fitment,quarantine,Komatsu PC20MRX,,,
mdl_komatsu_pc20mrxutility,br_komatsu,PC20MRXUTILITY,PC20MRXUTILITY,,,,,,,,,,,,supplier_fitment,quarantine,Komatsu PC20MRXUTILITY,,,
mdl_komatsu_pc20r,br_komatsu,PC20R,PC20R,,,,,,,,,,,,supplier_fitment,quarantine,Komatsu PC20R,,,
mdl_komatsu_pc20r_8,br_komatsu,PC20R-8,PC20R-8,,,,,,,,,,,,supplier_fitment,quarantine,Komatsu PC20R-8,,,
mdl_komatsu_pc20rutility,br_komatsu,PC20RUTILITY,PC20RUTILITY,,,,,,,,,,,,supplier_fitment,quarantine,Komatsu PC20RUTILITY,,,
mdl_komatsu_pc20uu,br_komatsu,PC20UU,PC20UU,,,,,,,,,,,,supplier_fitment|supplier_products,quarantine,Komatsu PC20UU,,,
mdl_komatsu_pc20uu_3,br_komatsu,PC20UU-3,PC20UU-3,,,,,,,,,,,,supplier_fitment,quarantine,Komatsu PC20UU-3,,,
mdl_komatsu_pc20uu_3avance,br_komatsu,PC20UU-3AVANCE,PC20UU-3AVANCE,,,,,,,,,,,,supplier_fitment,quarantine,Komatsu PC20UU-3AVANCE,,,
mdl_komatsu_pc22mr3,br_komatsu,PC22MR3,PC22MR3,Mini Excavator,Excavator Pin-On,ts_300x525nx78,,,,,,,,Verified,airtable|fitment_json|shopify_meta,active_v1,Komatsu PC22MR3,komatsu-pc22mr-3,/pages/equipment-model/komatsu-pc22mr-3,track_finder_v1
mdl_komatsu_pc25,br_komatsu,PC25,PC25,Mini Excavator,Excavator Pin-On,ts_300x525nx84,23,5842,17.5,,2990,,,Needs Review,airtable|fitment_json|shopify_meta|supplier_fitment,active_v1,Komatsu PC25,komatsu-pc25,/pages/equipment-model/komatsu-pc25,track_finder_v1
mdl_komatsu_pc251,br_komatsu,PC251,PC251,Mini Excavator,Excavator Pin-On,ts_300x525nx84,,,,,,,,Needs Review,airtable|fitment_json|shopify_meta,active_v1,Komatsu PC251,komatsu-pc25-1,/pages/equipment-model/komatsu-pc25-1,track_finder_v1
mdl_komatsu_pc257,br_komatsu,PC257,PC257,Mini Excavator,Excavator Pin-On,ts_300x525nx80,,,,,,,,Verified,airtable|fitment_json|shopify_meta,active_v1,Komatsu PC257,komatsu-pc25-7,/pages/equipment-model/komatsu-pc25-7,track_finder_v1
mdl_komatsu_pc25_1,br_komatsu,PC25-1,PC25-1,,,,,,,,,,,,supplier_fitment,reference,Komatsu PC25-1,,,
mdl_komatsu_pc25_2,br_komatsu,PC25-2,PC25-2,,,,,,,,,,,,supplier_fitment,quarantine,Komatsu PC25-2,,,
mdl_komatsu_pc25_7,br_komatsu,PC25-7,PC25-7,,,,,,,,,,,,supplier_fitment,reference,Komatsu PC25-7,,,
mdl_komatsu_pc25avancer,br_komatsu,PC25AVANCER,PC25AVANCER,,,,,,,,,,,,supplier_fitment,quarantine,Komatsu PC25AVANCER,,,
mdl_komatsu_pc25e_1,br_komatsu,PC25E-1,PC25E-1,,,,,,,,,,,,supplier_fitment,quarantine,Komatsu PC25E-1,,,
mdl_komatsu_pc25r,br_komatsu,PC25R,PC25R,,,,,,,,,,,,supplier_fitment,quarantine,Komatsu PC25R,,,
mdl_komatsu_pc25r8,br_komatsu,PC25R8,PC25R8,Mini Excavator,Excavator Pin-On,ts_300x525nx80,23,5842,17.5,,2990,,,Verified,airtable|fitment_json|shopify_meta,active_v1,Komatsu PC25R8,komatsu-pc25r-8,/pages/equipment-model/komatsu-pc25r-8,track_finder_v1
mdl_komatsu_pc25r_8,br_komatsu,PC25R-8,PC25R-8,,,,,,,,,,,,supplier_fitment,reference,Komatsu PC25R-8,,,
mdl_komatsu_pc26mr,br_komatsu,PC26MR,PC26MR,Mini Excavator,Excavator Pin-On,ts_300x525nx80,,,,,,,,Verified,airtable|fitment_json|shopify_meta|supplier_fitment,active_v1,Komatsu PC26MR,komatsu-pc26mr,/pages/equipment-model/komatsu-pc26mr,track_finder_v1
mdl_komatsu_pc26mr3,br_komatsu,PC26MR3,PC26MR3,Mini Excavator,Excavator Pin-On,ts_300x525nx80,,,,,,,,Needs Review,airtable|fitment_json|shopify_meta,active_v1,Komatsu PC26MR3,komatsu-pc26mr-3,/pages/equipment-model/komatsu-pc26mr-3,track_finder_v1
mdl_komatsu_pc27,br_komatsu,PC27,PC27,,,,,,,,,,,,supplier_fitment,quarantine,Komatsu PC27,,,
mdl_komatsu_pc27mr,br_komatsu,PC27MR,PC27MR,Mini Excavator,Excavator Pin-On,ts_300x525nx80,25,6590,20.0,,3555,,,Verified,airtable|fitment_json|shopify_meta|supplier_fitment,active_v1,Komatsu PC27MR,komatsu-pc27mr,/pages/equipment-model/komatsu-pc27mr,track_finder_v1
mdl_komatsu_pc27mr1,br_komatsu,PC27MR1,PC27MR1,Mini Excavator,Excavator Pin-On,ts_300x525nx80,,,,,,,,Needs Review,airtable|shopify_meta,active_v1,Komatsu PC27MR1,komatsu-pc27mr-1,/pages/equipment-model/komatsu-pc27mr-1,track_finder_v1
mdl_komatsu_pc27mr2,br_komatsu,PC27MR2,PC27MR2,Mini Excavator,Excavator Pin-On,ts_300x525nx80,25,6590,20.0,,3555,,,Needs Review,airtable|shopify_meta,active_v1,Komatsu PC27MR2,komatsu-pc27mr-2,/pages/equipment-model/komatsu-pc27mr-2,track_finder_v1
mdl_komatsu_pc27mr3,br_komatsu,PC27MR3,PC27MR3,Mini Excavator,Excavator Pin-On,ts_300x525nx80,,6371,,,,,,Verified,airtable|fitment_json|shopify_meta,active_v1,Komatsu PC27MR3,komatsu-pc27mr-3,/pages/equipment-model/komatsu-pc27mr-3,track_finder_v1
mdl_komatsu_pc27mr_1avance,br_komatsu,PC27MR-1AVANCE,PC27MR-1AVANCE,,,,,,,,,,,,supplier_fitment,quarantine,Komatsu PC27MR-1AVANCE,,,
mdl_komatsu_pc27mr_2,br_komatsu,PC27MR-2,PC27MR-2,,,,,,,,,,,,supplier_fitment,quarantine,Komatsu PC27MR-2,,,
mdl_komatsu_pc27mr_3,br_komatsu,PC27MR-3,PC27MR-3,,,,,,,,,,,,supplier_fitment,reference,Komatsu PC27MR-3,,,
mdl_komatsu_pc27mrx,br_komatsu,PC27MRX,PC27MRX,,,,,,,,,,,,supplier_fitment,quarantine,Komatsu PC27MRX,,,
mdl_komatsu_pc27r,br_komatsu,PC27R,PC27R,,,,,,,,,,,,supplier_fitment,quarantine,Komatsu PC27R,,,
mdl_komatsu_pc27r8,br_komatsu,PC27R8,PC27R8,Mini Excavator,Excavator Pin-On,ts_300x525nx80,29,6547,20.2,,3045,,,Needs Review,airtable|shopify_meta,active_v1,Komatsu PC27R8,komatsu-pc27r-8,/pages/equipment-model/komatsu-pc27r-8,track_finder_v1
mdl_komatsu_pc27r_8,br_komatsu,PC27R-8,PC27R-8,,,,,,,,,,,,supplier_fitment,quarantine,Komatsu PC27R-8,,,
mdl_komatsu_pc27rutility,br_komatsu,PC27RUTILITY,PC27RUTILITY,,,,,,,,,,,,supplier_fitment,quarantine,Komatsu PC27RUTILITY,,,
mdl_komatsu_pc28,br_komatsu,PC28,PC28,Mini Excavator,Excavator Pin-On,ts_300x525nx80,,,,,,,,Needs Review,airtable|shopify_meta|supplier_fitment,active_v1,Komatsu PC28,komatsu-pc28,/pages/equipment-model/komatsu-pc28,track_finder_v1
mdl_komatsu_pc28_1,br_komatsu,PC28-1,PC28-1,,,,,,,,,,,,supplier_fitment,quarantine,Komatsu PC28-1,,,
mdl_komatsu_pc28_2,br_komatsu,PC28-2,PC28-2,,,,,,,,,,,,supplier_fitment,quarantine,Komatsu PC28-2,,,
mdl_komatsu_pc28_2avance,br_komatsu,PC28-2AVANCE,PC28-2AVANCE,,,,,,,,,,,,supplier_fitment,quarantine,Komatsu PC28-2AVANCE,,,
mdl_komatsu_pc28r,br_komatsu,PC28R,PC28R,,,,,,,,,,,,supplier_fitment,quarantine,Komatsu PC28R,,,
mdl_komatsu_pc28uu,br_komatsu,PC28UU,PC28UU,Mini Excavator,Excavator Pin-On,ts_300x525nx80,,,,,,,,Needs Review,airtable|shopify_meta|supplier_fitment,active_v1,Komatsu PC28UU,komatsu-pc28uu,/pages/equipment-model/komatsu-pc28uu,track_finder_v1
mdl_komatsu_pc28uu1,br_komatsu,PC28UU1,PC28UU1,Mini Excavator,Excavator Pin-On,ts_300x525nx80,,,,,,,,Needs Review,airtable|shopify_meta,active_v1,Komatsu PC28UU1,komatsu-pc28uu-1,/pages/equipment-model/komatsu-pc28uu-1,track_finder_v1
mdl_komatsu_pc28uu2,br_komatsu,PC28UU2,PC28UU2,Mini Excavator,Excavator Pin-On,ts_300x525nx80,,,,,,,,Needs Review,airtable|fitment_json|shopify_meta,active_v1,Komatsu PC28UU2,komatsu-pc28uu-2,/pages/equipment-model/komatsu-pc28uu-2,track_finder_v1
mdl_komatsu_pc28uu3,br_komatsu,PC28UU3,PC28UU3,Mini Excavator,Excavator Pin-On,ts_300x525nx80,,,,,,,,Verified,airtable|fitment_json|shopify_meta,active_v1,Komatsu PC28UU3,komatsu-pc28uu-3,/pages/equipment-model/komatsu-pc28uu-3,track_finder_v1
mdl_komatsu_pc28uu_1,br_komatsu,PC28UU-1,PC28UU-1,,,,,,,,,,,,supplier_fitment,quarantine,Komatsu PC28UU-1,,,
mdl_komatsu_pc28uu_2,br_komatsu,PC28UU-2,PC28UU-2,,,,,,,,,,,,supplier_fitment,reference,Komatsu PC28UU-2,,,
mdl_komatsu_pc28uu_3,br_komatsu,PC28UU-3,PC28UU-3,,,,,,,,,,,,supplier_fitment,reference,Komatsu PC28UU-3,,,
mdl_komatsu_pc30,br_komatsu,PC30,PC30,Mini Excavator,Excavator Pin-On,ts_300x525nx84,26,7050,25.1,,2490,,,Needs Review,airtable|fitment_json|shopify_meta|supplier_fitment,active_v1,Komatsu PC30,komatsu-pc30,/pages/equipment-model/komatsu-pc30,track_finder_v1
mdl_komatsu_pc306,br_komatsu,PC306,PC306,Mini Excavator,Excavator Pin-On,ts_300x525nx84,,,,,,,,Needs Review,airtable|fitment_json|shopify_meta,active_v1,Komatsu PC306,komatsu-pc30-6,/pages/equipment-model/komatsu-pc30-6,track_finder_v1
mdl_komatsu_pc307,br_komatsu,PC307,PC307,Mini Excavator,Excavator Pin-On,ts_300x525nx84,,,,,,,,Needs Review,airtable|fitment_json|shopify_meta,active_v1,Komatsu PC307,komatsu-pc30-7,/pages/equipment-model/komatsu-pc30-7,track_finder_v1
mdl_komatsu_pc30_5,br_komatsu,PC30-5,PC30-5,,,,,,,,,,,,supplier_fitment,quarantine,Komatsu PC30-5,,,
mdl_komatsu_pc30_6,br_komatsu,PC30-6,PC30-6,,,,,,,,,,,,supplier_fitment,reference,Komatsu PC30-6,,,
mdl_komatsu_pc30_7,br_komatsu,PC30-7,PC30-7,,,,,,,,,,,,supplier_fitment|supplier_products,reference,Komatsu PC30-7,,,
mdl_komatsu_pc30_7e,br_komatsu,PC30-7E,PC30-7E,,,,,,,,,,,,supplier_fitment,quarantine,Komatsu PC30-7E,,,
mdl_komatsu_pc30_8,br_komatsu,PC30-8,PC30-8,,,,,,,,,,,,supplier_fitment,quarantine,Komatsu PC30-8,,,
mdl_komatsu_pc30avancer,br_komatsu,PC30AVANCER,PC30AVANCER,,,,,,,,,,,,supplier_fitment,quarantine,Komatsu PC30AVANCER,,,
mdl_komatsu_pc30fr_1,br_komatsu,PC30FR-1,PC30FR-1,,,,,,,,,,,,supplier_fitment,quarantine,Komatsu PC30FR-1,,,
mdl_komatsu_pc30fr_2,br_komatsu,PC30FR-2,PC30FR-2,,,,,,,,,,,,supplier_fitment|supplier_products,quarantine,Komatsu PC30FR-2,,,
mdl_komatsu_pc30mr,br_komatsu,PC30MR,PC30MR,Mini Excavator,Excavator Pin-On,ts_300x525nx84,,6922,,,,,,Verified,airtable|fitment_json|shopify_meta|supplier_fitment,active_v1,Komatsu PC30MR,komatsu-pc30mr,/pages/equipment-model/komatsu-pc30mr,track_finder_v1
mdl_komatsu_pc30mr2,br_komatsu,PC30MR2,PC30MR2,Mini Excavator,,ts_300x525x86,,,,,,,,,fitment_json,active_v1,Komatsu PC30MR2,komatsu-pc30mr-2,/pages/equipment-model/komatsu-pc30mr-2,track_finder_v1
mdl_komatsu_pc30mr3,br_komatsu,PC30MR3,PC30MR3,Mini Excavator,,ts_300x525x86,,,,,,,,,fitment_json,active_v1,Komatsu PC30MR3,komatsu-pc30mr-3,/pages/equipment-model/komatsu-pc30mr-3,track_finder_v1
mdl_komatsu_pc30mr_1,br_komatsu,PC30MR-1,PC30MR-1,Mini Excavator,,ts_300x525x86,,,,,,,,,supplier_fitment,active_v1,Komatsu PC30MR-1,komatsu-pc30mr-1,/pages/equipment-model/komatsu-pc30mr-1,track_finder_v1
mdl_komatsu_pc30mr_2,br_komatsu,PC30MR-2,PC30MR-2,,,,,,,,,,,,supplier_fitment,reference,Komatsu PC30MR-2,,,
mdl_komatsu_pc30mr_3,br_komatsu,PC30MR-3,PC30MR-3,,,ts_300x525kx86,,,,,,,,,shopify_meta|supplier_fitment,reference,Komatsu PC30MR-3,,,
mdl_komatsu_pc30mr_5,br_komatsu,PC30MR-5,PC30MR-5,,,,,,,,,,,,supplier_fitment,quarantine,Komatsu PC30MR-5,,,
mdl_komatsu_pc30mrx,br_komatsu,PC30MRX,PC30MRX,,,,,,,,,,,,supplier_fitment,quarantine,Komatsu PC30MRX,,,
mdl_komatsu_pc30r,br_komatsu,PC30R,PC30R,,,,,,,,,,,,supplier_fitment,quarantine,Komatsu PC30R,,,
mdl_komatsu_pc30r8,br_komatsu,PC30R8,PC30R8,Mini Excavator,Excavator Pin-On,ts_300x525nx84,27,7032,22.5,,3560,,,Needs Review,airtable|fitment_json|shopify_meta,active_v1,Komatsu PC30R8,komatsu-pc30r-8,/pages/equipment-model/komatsu-pc30r-8,track_finder_v1
mdl_komatsu_pc30r_8,br_komatsu,PC30R-8,PC30R-8,,,,,,,,,,,,supplier_fitment,reference,Komatsu PC30R-8,,,
mdl_komatsu_pc30r_8avance,br_komatsu,PC30R-8AVANCE,PC30R-8AVANCE,,,,,,,,,,,,supplier_fitment,quarantine,Komatsu PC30R-8AVANCE,,,
mdl_komatsu_pc30uu_2,br_komatsu,PC30UU-2,PC30UU-2,,,,,,,,,,,,supplier_fitment,quarantine,Komatsu PC30UU-2,,,
mdl_komatsu_pc30uu_3,br_komatsu,PC30UU-3,PC30UU-3,,,,,,,,,,,,supplier_fitment,quarantine,Komatsu PC30UU-3,,,
mdl_komatsu_pc35,br_komatsu,PC35,PC35,,,,,,,,,,,,supplier_fitment,quarantine,Komatsu PC35,,,
mdl_komatsu_pc35_8,br_komatsu,PC35-8,PC35-8,,,,,,,,,,,,supplier_fitment,quarantine,Komatsu PC35-8,,,
mdl_komatsu_pc35mr,br_komatsu,PC35MR,PC35MR,Mini Excavator,Excavator Pin-On,ts_300x525nx84,24,7900,10.3,,3336,Zero,,Needs Review,airtable|fitment_json|shopify_meta|supplier_fitment,active_v1,Komatsu PC35MR,komatsu-pc-35mr,/pages/equipment-model/komatsu-pc-35mr,track_finder_v1
mdl_komatsu_pc35mr1,br_komatsu,PC35MR1,PC35MR1,Mini Excavator,Excavator Pin-On,ts_300x525nx84,,,,,,,,Needs Review,airtable|fitment_json|shopify_meta,active_v1,Komatsu PC35MR1,komatsu-pc35mr-1,/pages/equipment-model/komatsu-pc35mr-1,track_finder_v1
mdl_komatsu_pc35mr2,br_komatsu,PC35MR2,PC35MR2,Mini Excavator,,ts_300x525x86,,,,,,,,,fitment_json,active_v1,Komatsu PC35MR2,komatsu-pc35mr-2,/pages/equipment-model/komatsu-pc35mr-2,track_finder_v1
mdl_komatsu_pc35mr3,br_komatsu,PC35MR3,PC35MR3,Mini Excavator,,ts_300x525x86,,,,,,,,,fitment_json,active_v1,Komatsu PC35MR3,komatsu-pc35mr-3,/pages/equipment-model/komatsu-pc35mr-3,track_finder_v1
mdl_komatsu_pc35mr_1,br_komatsu,PC35MR-1,PC35MR-1,,,,,,,,,,,,supplier_fitment,reference,Komatsu PC35MR-1,,,
mdl_komatsu_pc35mr_2,br_komatsu,PC35MR-2,PC35MR-2,,,ts_300x525kx86,,,,,,,,,shopify_meta|supplier_fitment,reference,Komatsu PC35MR-2,,,
mdl_komatsu_pc35mr_3,br_komatsu,PC35MR-3,PC35MR-3,,,ts_300x525kx86,,,,,,,,,shopify_meta|supplier_fitment|supplier_products,reference,Komatsu PC35MR-3,,,
mdl_komatsu_pc35mr_5,br_komatsu,PC35MR-5,PC35MR-5,,,,,,,,,,,,supplier_fitment|supplier_products,quarantine,Komatsu PC35MR-5,,,
mdl_komatsu_pc35mrx,br_komatsu,PC35MRX,PC35MRX,,,,,,,,,,,,supplier_fitment,quarantine,Komatsu PC35MRX,,,
mdl_komatsu_pc35r,br_komatsu,PC35R,PC35R,Mini Excavator,Excavator Pin-On,ts_300x525nx84,33,7865,26.6,,3626,,,Needs Review,airtable|fitment_json|shopify_meta|supplier_fitment,active_v1,Komatsu PC35R,komatsu-pc35r,/pages/equipment-model/komatsu-pc35r,track_finder_v1
mdl_komatsu_pc35r8,br_komatsu,PC35R8,PC35R8,Mini Excavator,Excavator Pin-On,ts_300x525nx84,33,7865,26.6,,3626,,,Needs Review,airtable|fitment_json|shopify_meta,active_v1,Komatsu PC35R8,komatsu-pc35r-8,/pages/equipment-model/komatsu-pc35r-8,track_finder_v1
mdl_komatsu_pc35r_8,br_komatsu,PC35R-8,PC35R-8,,,,,,,,,,,,supplier_fitment|supplier_products,reference,Komatsu PC35R-8,,,
mdl_komatsu_pc35r_8avance,br_komatsu,PC35R-8AVANCE,PC35R-8AVANCE,,,,,,,,,,,,supplier_fitment,quarantine,Komatsu PC35R-8AVANCE,,,
mdl_komatsu_pc35rutility,br_komatsu,PC35RUTILITY,PC35RUTILITY,,,,,,,,,,,,supplier_fitment,quarantine,Komatsu PC35RUTILITY,,,
mdl_komatsu_pc38,br_komatsu,PC38,PC38,,,,,,,,,,,,supplier_fitment,quarantine,Komatsu PC38,,,
mdl_komatsu_pc38_1,br_komatsu,PC38-1,PC38-1,,,,,,,,,,,,supplier_fitment,quarantine,Komatsu PC38-1,,,
mdl_komatsu_pc38_2,br_komatsu,PC38-2,PC38-2,,,,,,,,,,,,supplier_fitment,quarantine,Komatsu PC38-2,,,
mdl_komatsu_pc38_2avancer,br_komatsu,PC38-2AVANCER,PC38-2AVANCER,,,,,,,,,,,,supplier_fitment,quarantine,Komatsu PC38-2AVANCER,,,
mdl_komatsu_pc38uu,br_komatsu,PC38UU,PC38UU,,,,,,,,,,,,supplier_fitment,quarantine,Komatsu PC38UU,,,
mdl_komatsu_pc38uu_1,br_komatsu,PC38UU-1,PC38UU-1,,,,,,,,,,,,supplier_fitment,quarantine,Komatsu PC38UU-1,,,
mdl_komatsu_pc38uu_2,br_komatsu,PC38UU-2,PC38UU-2,,,,,,,,,,,,supplier_fitment|supplier_products,quarantine,Komatsu PC38UU-2,,,
mdl_komatsu_pc38uu_3,br_komatsu,PC38UU-3,PC38UU-3,,,,,,,,,,,,supplier_fitment,quarantine,Komatsu PC38UU-3,,,
mdl_komatsu_pc38uum_2,br_komatsu,PC38UUM-2,PC38UUM-2,,,,,,,,,,,,supplier_fitment,quarantine,Komatsu PC38UUM-2,,,
mdl_komatsu_pc40,br_komatsu,PC40,PC40,,,,,,,,,,,,supplier_fitment,quarantine,Komatsu PC40,,,
mdl_komatsu_pc40_1,br_komatsu,PC40-1,PC40-1,,,,,,,,,,,,supplier_fitment,quarantine,Komatsu PC40-1,,,
mdl_komatsu_pc40_5,br_komatsu,PC40-5,PC40-5,,,,,,,,,,,,supplier_fitment,quarantine,Komatsu PC40-5,,,
mdl_komatsu_pc40_6,br_komatsu,PC40-6,PC40-6,,,,,,,,,,,,supplier_fitment|supplier_products,quarantine,Komatsu PC40-6,,,
mdl_komatsu_pc40_7,br_komatsu,PC40-7,PC40-7,,,,,,,,,,,,supplier_fitment|supplier_products,quarantine,Komatsu PC40-7,,,
mdl_komatsu_pc40avancer,br_komatsu,PC40AVANCER,PC40AVANCER,,,,,,,,,,,,supplier_fitment,quarantine,Komatsu PC40AVANCER,,,
mdl_komatsu_pc40fr_1,br_komatsu,PC40FR-1,PC40FR-1,,,,,,,,,,,,supplier_fitment,quarantine,Komatsu PC40FR-1,,,
mdl_komatsu_pc40mr,br_komatsu,PC40MR,PC40MR,,,,,,,,,,,,supplier_fitment,quarantine,Komatsu PC40MR,,,
mdl_komatsu_pc40mr3,br_komatsu,PC40MR3,PC40MR3,Mini Excavator,Excavator Pin-On,ts_400x725kx74,,,,,,,,Needs Review,airtable|fitment_json,active_v1,Komatsu PC40MR3,komatsu-pc40mr-3,/pages/equipment-model/komatsu-pc40mr-3,track_finder_v1
mdl_komatsu_pc40mr_1,br_komatsu,PC40MR-1,PC40MR-1,,,,,,,,,,,,supplier_fitment,quarantine,Komatsu PC40MR-1,,,
mdl_komatsu_pc40mr_2,br_komatsu,PC40MR-2,PC40MR-2,,,,,,,,,,,,supplier_fitment|supplier_products,quarantine,Komatsu PC40MR-2,,,
mdl_komatsu_pc40mrx,br_komatsu,PC40MRX,PC40MRX,,,,,,,,,,,,supplier_fitment,quarantine,Komatsu PC40MRX,,,
mdl_komatsu_pc40r,br_komatsu,PC40R,PC40R,,,,,,,,,,,,supplier_fitment,quarantine,Komatsu PC40R,,,
mdl_komatsu_pc40r_7,br_komatsu,PC40R-7,PC40R-7,,,,,,,,,,,,supplier_fitment,quarantine,Komatsu PC40R-7,,,
mdl_komatsu_pc40r_8,br_komatsu,PC40R-8,PC40R-8,,,,,,,,,,,,supplier_fitment,quarantine,Komatsu PC40R-8,,,
mdl_komatsu_pc45,br_komatsu,PC45,PC45,,,,,,,,,,,,supplier_fitment|supplier_products,quarantine,Komatsu PC45,,,
mdl_komatsu_pc45_1,br_komatsu,PC45-1,PC45-1,,,,,,,,,,,,supplier_fitment|supplier_products,quarantine,Komatsu PC45-1,,,
mdl_komatsu_pc45_1e,br_komatsu,PC45-1E,PC45-1E,,,,,,,,,,,,supplier_fitment,quarantine,Komatsu PC45-1E,,,
mdl_komatsu_pc45_7,br_komatsu,PC45-7,PC45-7,,,,,,,,,,,,supplier_fitment,quarantine,Komatsu PC45-7,,,
mdl_komatsu_pc45avancer,br_komatsu,PC45AVANCER,PC45AVANCER,,,,,,,,,,,,supplier_fitment,quarantine,Komatsu PC45AVANCER,,,
mdl_komatsu_pc45mr,br_komatsu,PC45MR,PC45MR,Mini Excavator,Excavator Pin-On,ts_400x725kx72,,10494,,,,,,Needs Review,airtable|fitment_json|shopify_meta,active_v1,Komatsu PC45MR,komatsu-pc-45mr,/pages/equipment-model/komatsu-pc-45mr,track_finder_v1
mdl_komatsu_pc45mr1,br_komatsu,PC45MR1,PC45MR1,Mini Excavator,Excavator Pin-On,ts_400x725kx72,,,,,,,,Verified,airtable|fitment_json|shopify_meta,active_v1,Komatsu PC45MR1,komatsu-pc-45mr-1,/pages/equipment-model/komatsu-pc-45mr-1,track_finder_v1
mdl_komatsu_pc45mr2,br_komatsu,PC45MR2,PC45MR2,Mini Excavator,Excavator Pin-On,ts_400x725kx74,,,,,,,,Verified,airtable|fitment_json|shopify_meta,active_v1,Komatsu PC45MR2,komatsu-pc-45mr-2,/pages/equipment-model/komatsu-pc-45mr-2,track_finder_v1
mdl_komatsu_pc45mr3,br_komatsu,PC45MR3,PC45MR3,Mini Excavator,Excavator Pin-On,ts_400x725kx74,,10494,,,,,,Needs Review,airtable|fitment_json|shopify_meta,active_v1,Komatsu PC45MR3,komatsu-pc45mr-3,/pages/equipment-model/komatsu-pc45mr-3,track_finder_v1
mdl_komatsu_pc45mr5,br_komatsu,PC45MR5,PC45MR5,Mini Excavator,Excavator Pin-On,ts_400x725kx74,,,,,,,,Needs Review,airtable|fitment_json|shopify_meta,active_v1,Komatsu PC45MR5,komatsu-pc45mr-5,/pages/equipment-model/komatsu-pc45mr-5,track_finder_v1
mdl_komatsu_pc45mr_1,br_komatsu,PC45MR-1,PC45MR-1,,,,,,,,,,,,supplier_fitment,reference,Komatsu PC45MR-1,,,
mdl_komatsu_pc45mr_3,br_komatsu,PC45MR-3,PC45MR-3,,,,,,,,,,,,supplier_fitment|supplier_products,reference,Komatsu PC45MR-3,,,
mdl_komatsu_pc45mr_5,br_komatsu,PC45MR-5,PC45MR-5,,,,,,,,,,,,supplier_fitment,reference,Komatsu PC45MR-5,,,
mdl_komatsu_pc45mrx,br_komatsu,PC45MRX,PC45MRX,,,,,,,,,,,,supplier_fitment,quarantine,Komatsu PC45MRX,,,
mdl_komatsu_pc45r,br_komatsu,PC45R,PC45R,,,,,,,,,,,,supplier_fitment,quarantine,Komatsu PC45R,,,
mdl_komatsu_pc45r_8,br_komatsu,PC45R-8,PC45R-8,,,,,,,,,,,,supplier_fitment,quarantine,Komatsu PC45R-8,,,
mdl_komatsu_pc45r_8avance,br_komatsu,PC45R-8AVANCE,PC45R-8AVANCE,,,,,,,,,,,,supplier_fitment,quarantine,Komatsu PC45R-8AVANCE,,,
mdl_komatsu_pc50,br_komatsu,PC50,PC50,,,,,,,,,,,,supplier_fitment,quarantine,Komatsu PC50,,,
mdl_komatsu_pc50_1,br_komatsu,PC50-1,PC50-1,,,,,,,,,,,,supplier_fitment|supplier_products,quarantine,Komatsu PC50-1,,,
mdl_komatsu_pc50_2,br_komatsu,PC50-2,PC50-2,,,,,,,,,,,,supplier_fitment,quarantine,Komatsu PC50-2,,,
mdl_komatsu_pc50_2avancer,br_komatsu,PC50-2AVANCER,PC50-2AVANCER,,,,,,,,,,,,supplier_fitment,quarantine,Komatsu PC50-2AVANCER,,,
mdl_komatsu_pc50_3,br_komatsu,PC50-3,PC50-3,,,,,,,,,,,,supplier_fitment,quarantine,Komatsu PC50-3,,,
mdl_komatsu_pc50fr2,br_komatsu,PC50FR2,PC50FR2,Mini Excavator,Excavator Pin-On,ts_400x725kx74,,,,,,,,Needs Review,airtable|fitment_json|shopify_meta,active_v1,Komatsu PC50FR2,komatsu-pc50fr-2,/pages/equipment-model/komatsu-pc50fr-2,track_finder_v1
mdl_komatsu_pc50fr_1,br_komatsu,PC50FR-1,PC50FR-1,,,,,,,,,,,,supplier_fitment,quarantine,Komatsu PC50FR-1,,,
mdl_komatsu_pc50fr_2,br_komatsu,PC50FR-2,PC50FR-2,,,,,,,,,,,,supplier_fitment,reference,Komatsu PC50FR-2,,,
mdl_komatsu_pc50m2,br_komatsu,PC50M2,PC50M2,Mini Excavator,Excavator Pin-On,ts_400x725kx72,,,,,,,,Verified,airtable|fitment_json|shopify_meta,active_v1,Komatsu PC50M2,komatsu-pc-50m-2,/pages/equipment-model/komatsu-pc-50m-2,track_finder_v1
mdl_komatsu_pc50m_2,br_komatsu,PC50M-2,PC50M-2,,,,,,,,,,,,supplier_fitment,reference,Komatsu PC50M-2,,,
mdl_komatsu_pc50mr,br_komatsu,PC50MR,PC50MR,Mini Excavator,Excavator Pin-On,ts_400x725kx72,39,11110,,,,,,Needs Review,airtable|fitment_json|shopify_meta|supplier_fitment,active_v1,Komatsu PC50MR,komatsu-pc-50mr,/pages/equipment-model/komatsu-pc-50mr,track_finder_v1
mdl_komatsu_pc50mr2,br_komatsu,PC50MR2,PC50MR2,Mini Excavator,Excavator Pin-On,ts_400x725kx74,39,11110,,,,,,Needs Review,airtable|fitment_json|shopify_meta,active_v1,Komatsu PC50MR2,komatsu-pc50mr-2,/pages/equipment-model/komatsu-pc50mr-2,track_finder_v1
mdl_komatsu_pc50mr_1,br_komatsu,PC50MR-1,PC50MR-1,,,,,,,,,,,,supplier_fitment|supplier_products,quarantine,Komatsu PC50MR-1,,,
mdl_komatsu_pc50mr_2,br_komatsu,PC50MR-2,PC50MR-2,,,,,,,,,,,,supplier_fitment,reference,Komatsu PC50MR-2,,,
mdl_komatsu_pc50uu,br_komatsu,PC50UU,PC50UU,,,,,,,,,,,,supplier_fitment|supplier_products,quarantine,Komatsu PC50UU,,,
mdl_komatsu_pc50uu1,br_komatsu,PC50UU1,PC50UU1,Mini Excavator,Excavator Pin-On,ts_400x725kx72,,,,,,,,Verified,airtable|fitment_json|shopify_meta,active_v1,Komatsu PC50UU1,komatsu-pc-50uu-1,/pages/equipment-model/komatsu-pc-50uu-1,track_finder_v1
mdl_komatsu_pc50uu_1,br_komatsu,PC50UU-1,PC50UU-1,,,,,,,,,,,,supplier_fitment|supplier_products,reference,Komatsu PC50UU-1,,,
mdl_komatsu_pc50uu_2,br_komatsu,PC50UU-2,PC50UU-2,,,,,,,,,,,,supplier_fitment,quarantine,Komatsu PC50UU-2,,,
mdl_komatsu_pc50uu_2e,br_komatsu,PC50UU-2E,PC50UU-2E,,,,,,,,,,,,supplier_fitment,quarantine,Komatsu PC50UU-2E,,,
mdl_komatsu_pc50uum_2,br_komatsu,PC50UUM-2,PC50UUM-2,,,,,,,,,,,,supplier_fitment,quarantine,Komatsu PC50UUM-2,,,
mdl_komatsu_pc55mr,br_komatsu,PC55MR,PC55MR,Mini Excavator,Excavator Pin-On,,42,12000,18.5,,3626,Zero,,Needs Review,airtable|fitment_json|shopify_meta,review,Komatsu PC55MR,,,
mdl_komatsu_pc55mr2,br_komatsu,PC55MR2,PC55MR2,Mini Excavator,Excavator Pin-On,ts_400x725kx74,,,,,,,,Needs Review,airtable|fitment_json,active_v1,Komatsu PC55MR2,komatsu-pc55mr-2,/pages/equipment-model/komatsu-pc55mr-2,track_finder_v1
mdl_komatsu_pc55mr3,br_komatsu,PC55MR3,PC55MR3,Mini Excavator,Excavator Pin-On,ts_400x725kx74,,11375,,,,,,Needs Review,airtable|fitment_json|shopify_meta,active_v1,Komatsu PC55MR3,komatsu-pc55mr-3,/pages/equipment-model/komatsu-pc55mr-3,track_finder_v1
mdl_komatsu_pc55mr4,br_komatsu,PC55MR4,PC55MR4,Mini Excavator,Excavator Pin-On,ts_400x725kx74,,,,,,,,Needs Review,airtable|fitment_json,active_v1,Komatsu PC55MR4,komatsu-pc55mr-4,/pages/equipment-model/komatsu-pc55mr-4,track_finder_v1
mdl_komatsu_pc55mr5,br_komatsu,PC55MR5,PC55MR5,Mini Excavator,Excavator Pin-On,ts_400x725kx74,,,,,,,,Needs Review,airtable|fitment_json|shopify_meta,active_v1,Komatsu PC55MR5,komatsu-pc55mr-5,/pages/equipment-model/komatsu-pc55mr-5,track_finder_v1
mdl_komatsu_pc55mr_3,br_komatsu,PC55MR-3,PC55MR-3,,,,,,,,,,,,supplier_fitment|supplier_products,reference,Komatsu PC55MR-3,,,
mdl_komatsu_pc55mr_5,br_komatsu,PC55MR-5,PC55MR-5,,,,,,,,,,,,supplier_fitment,reference,Komatsu PC55MR-5,,,
mdl_komatsu_pc58,br_komatsu,PC58,PC58,,,,,,,,,,,,supplier_fitment,quarantine,Komatsu PC58,,,
mdl_komatsu_pc58sf_1,br_komatsu,PC58SF-1,PC58SF-1,,,,,,,,,,,,supplier_fitment,quarantine,Komatsu PC58SF-1,,,
mdl_komatsu_pc58uu3,br_komatsu,PC58UU3,PC58UU3,Mini Excavator,Excavator Pin-On,ts_400x725kx72,40,11670,,,,,,Verified,airtable|fitment_json|shopify_meta,active_v1,Komatsu PC58UU3,komatsu-pc-58uu-3,/pages/equipment-model/komatsu-pc-58uu-3,track_finder_v1
mdl_komatsu_pc58uu_3,br_komatsu,PC58UU-3,PC58UU-3,,,,,,,,,,,,supplier_fitment,reference,Komatsu PC58UU-3,,,
mdl_komatsu_pc58uu_x,br_komatsu,PC58UU-X,PC58UU-X,,,,,,,,,,,,supplier_fitment,reference,Komatsu PC58UU-X,,,
mdl_komatsu_pc58uux,br_komatsu,PC58UUX,PC58UUX,Mini Excavator,Excavator Pin-On,ts_400x725kx72,,,,,,,,Verified,airtable|fitment_json|shopify_meta,active_v1,Komatsu PC58UUX,komatsu-pc-58uu-x,/pages/equipment-model/komatsu-pc-58uu-x,track_finder_v1
mdl_komatsu_pc60,br_komatsu,PC60,PC60,Mini Excavator,Excavator Pin-On,ts_400x725kx74,385,275974,216.7,,,,,Verified,airtable|fitment_json|shopify_meta,active_v1,Komatsu PC60,komatsu-pc-60,/pages/equipment-model/komatsu-pc-60,track_finder_v1
mdl_komatsu_pc605,br_komatsu,PC605,PC605,Mini Excavator,Excavator Pin-On,ts_400x725kx74,,,,,,,,Verified,airtable|fitment_json|shopify_meta,active_v1,Komatsu PC605,komatsu-pc-60-5,/pages/equipment-model/komatsu-pc-60-5,track_finder_v1
mdl_komatsu_pc60_5,br_komatsu,PC60-5,PC60-5,,,,,,,,,,,,supplier_fitment,reference,Komatsu PC60-5,,,
mdl_komatsu_pc60_6,br_komatsu,PC60-6,PC60-6,,,,,,,,,,,,supplier_fitment|supplier_products,quarantine,Komatsu PC60-6,,,
mdl_komatsu_pc60_7,br_komatsu,PC60-7,PC60-7,,,,,,,,,,,,supplier_fitment|supplier_products,quarantine,Komatsu PC60-7,,,
mdl_komatsu_pc60mr,br_komatsu,PC60MR,PC60MR,Mini Excavator,Excavator Pin-On,ts_450x71x82,,,,,,,,Needs Review,airtable|shopify_meta,review,Komatsu PC60MR,,,
mdl_komatsu_pc70_6,br_komatsu,PC70-6,PC70-6,,,,,,,,,,,,supplier_fitment,quarantine,Komatsu PC70-6,,,
mdl_komatsu_pc70_7,br_komatsu,PC70-7,PC70-7,,,,,,,,,,,,supplier_fitment|supplier_products,quarantine,Komatsu PC70-7,,,
mdl_komatsu_pc70fr_1,br_komatsu,PC70FR-1,PC70FR-1,,,,,,,,,,,,supplier_fitment,quarantine,Komatsu PC70FR-1,,,
mdl_komatsu_pc75,br_komatsu,PC75,PC75,,,,,,,,,,,,supplier_fitment,quarantine,Komatsu PC75,,,
mdl_komatsu_pc75_1,br_komatsu,PC75-1,PC75-1,,,,,,,,,,,,supplier_fitment,quarantine,Komatsu PC75-1,,,
mdl_komatsu_pc75_2,br_komatsu,PC75-2,PC75-2,,,,,,,,,,,,supplier_fitment,quarantine,Komatsu PC75-2,,,
mdl_komatsu_pc75_6,br_komatsu,PC75-6,PC75-6,,,,,,,,,,,,supplier_fitment,quarantine,Komatsu PC75-6,,,
mdl_komatsu_pc75r,br_komatsu,PC75R,PC75R,,,,,,,,,,,,supplier_fitment,quarantine,Komatsu PC75R,,,
mdl_komatsu_pc75r_2,br_komatsu,PC75R-2,PC75R-2,,,,,,,,,,,,supplier_fitment|supplier_products,quarantine,Komatsu PC75R-2,,,
mdl_komatsu_pc75r_8,br_komatsu,PC75R-8,PC75R-8,,,,,,,,,,,,supplier_fitment,quarantine,Komatsu PC75R-8,,,
mdl_komatsu_pc75uu,br_komatsu,PC75UU,PC75UU,,,,,,,,,,,,supplier_fitment,quarantine,Komatsu PC75UU,,,
mdl_komatsu_pc75uu_1,br_komatsu,PC75UU-1,PC75UU-1,,,,,,,,,,,,supplier_fitment,quarantine,Komatsu PC75UU-1,,,
mdl_komatsu_pc75uu_2,br_komatsu,PC75UU-2,PC75UU-2,,,,,,,,,,,,supplier_fitment,quarantine,Komatsu PC75UU-2,,,
mdl_komatsu_pc75uu_3,br_komatsu,PC75UU-3,PC75UU-3,,,,,,,,,,,,supplier_fitment|supplier_products,quarantine,Komatsu PC75UU-3,,,
mdl_komatsu_pc78,br_komatsu,PC78,PC78,Mini Excavator,Excavator Pin-On,ts_450x71x82,56,17800,24.6,,4000,Conventional,,Needs Review,airtable|shopify_meta,review,Komatsu PC78,,,
mdl_komatsu_pc78mr6,br_komatsu,PC78MR6,PC78MR6,Mini Excavator,,ts_450x835kx74,,,,,,,,,fitment_json,active_v1,Komatsu PC78MR6,komatsu-pc-78mr-6,/pages/equipment-model/komatsu-pc-78mr-6,track_finder_v1
mdl_komatsu_pc78mr_6,br_komatsu,PC78MR-6,PC78MR-6,,,ts_450x81nx76,,,,,,,,,shopify_meta|supplier_fitment,reference,Komatsu PC78MR-6,,,
mdl_komatsu_pc78n,br_komatsu,PC78N,PC78N,Mini Excavator,,ts_450x835kx74,,,,,,,,,fitment_json|shopify_meta,active_v1,Komatsu PC78N,komatsu-pc-78n,/pages/equipment-model/komatsu-pc-78n,track_finder_v1
mdl_komatsu_pc78us,br_komatsu,PC78US,PC78US,,,,,,,,,,,,supplier_fitment,quarantine,Komatsu PC78US,,,
mdl_komatsu_pc78us5,br_komatsu,PC78US5,PC78US5,,,,,,,,,,,,supplier_fitment,quarantine,Komatsu PC78US5,,,
mdl_komatsu_pc78us_10,br_komatsu,PC78US-10,PC78US-10,,,,,,,,,,,,supplier_fitment,quarantine,Komatsu PC78US-10,,,
mdl_komatsu_pc78us_11,br_komatsu,PC78US-11,PC78US-11,,,,,,,,,,,,supplier_fitment,quarantine,Komatsu PC78US-11,,,
mdl_komatsu_pc78us_8,br_komatsu,PC78US-8,PC78US-8,,,,,,,,,,,,supplier_fitment,quarantine,Komatsu PC78US-8,,,
mdl_komatsu_pc78uslc_6,br_komatsu,PC78USLC-6,PC78USLC-6,,,,,,,,,,,,supplier_fitment,quarantine,Komatsu PC78USLC-6,,,
mdl_komatsu_pc78uu_7,br_komatsu,PC78UU-7,PC78UU-7,,,,,,,,,,,,supplier_fitment,quarantine,Komatsu PC78UU-7,,,
mdl_komatsu_pc80mr,br_komatsu,PC80MR,PC80MR,Mini Excavator,,ts_450x835kx74,,,,,,,,,fitment_json|shopify_meta|supplier_fitment,active_v1,Komatsu PC80MR,komatsu-pc-80mr,/pages/equipment-model/komatsu-pc-80mr,track_finder_v1
mdl_komatsu_pc88_series,br_komatsu,PC88-SERIES,PC88-SERIES,,,,,,,,,,,,size_index,quarantine,Komatsu PC88-SERIES,,,
mdl_komatsu_pc88mr,br_komatsu,PC88MR,PC88MR,Mini Excavator,,ts_450x835kx74,,,,,,,,,fitment_json|shopify_meta,active_v1,Komatsu PC88MR,komatsu-pc-88mr,/pages/equipment-model/komatsu-pc-88mr,track_finder_v1
mdl_komatsu_pc88mr10,br_komatsu,PC88MR10,PC88MR10,Mini Excavator,,ts_450x835kx74,,,,,,,,,fitment_json,active_v1,Komatsu PC88MR10,komatsu-pc-88mr-10,/pages/equipment-model/komatsu-pc-88mr-10,track_finder_v1
mdl_komatsu_pc88mr6,br_komatsu,PC88MR6,PC88MR6,Mini Excavator,,ts_450x835kx74,,,,,,,,,fitment_json,active_v1,Komatsu PC88MR6,komatsu-pc-88mr-6,/pages/equipment-model/komatsu-pc-88mr-6,track_finder_v1
mdl_komatsu_pc88mr8,br_komatsu,PC88MR8,PC88MR8,Mini Excavator,,ts_450x835kx74,,,,,,,,,fitment_json,active_v1,Komatsu PC88MR8,komatsu-pc-88mr-8,/pages/equipment-model/komatsu-pc-88mr-8,track_finder_v1
mdl_komatsu_pc88mr_10,br_komatsu,PC88MR-10,PC88MR-10,,,,,,,,,,,,shopify_meta,reference,Komatsu PC88MR-10,,,
mdl_komatsu_pc88mr_6,br_komatsu,PC88MR-6,PC88MR-6,,,ts_450x81nx76,,,,,,,,,shopify_meta|supplier_fitment,reference,Komatsu PC88MR-6,,,
mdl_komatsu_pc88mr_8,br_komatsu,PC88MR-8,PC88MR-8,,,,,,,,,,,,shopify_meta,reference,Komatsu PC88MR-8,,,
mdl_komatsu_pc88mr_8_duplicate,br_komatsu,PC88MR-8 DUPLICATE,PC88MR-8 DUPLICATE,,,,,,,,,,,,supplier_fitment,quarantine,Komatsu PC88MR-8 DUPLICATE,,,
mdl_komatsu_pc_30_mr_2,br_komatsu,PC-30-MR-2,PC-30-MR-2,,,ts_300x525x86,,,,,,,,,size_index,reference,Komatsu PC-30-MR-2,,,
mdl_komatsu_pc_30_mr_5,br_komatsu,PC-30-MR-5,PC-30-MR-5,Mini Excavator,,ts_300x525x86,,,,,,,,,size_index,active_v1,Komatsu PC-30-MR-5,komatsu-pc30mr-5,/pages/equipment-model/komatsu-pc30mr-5,track_finder_v1
mdl_komatsu_pc_30_mr_option_1,br_komatsu,PC-30-MR-OPTION-1,PC-30-MR-OPTION-1,,,ts_300x525x86,,,,,,,,,size_index,review,Komatsu PC-30-MR-OPTION-1,,,
mdl_komatsu_pc_30_mr_option_2,br_komatsu,PC-30-MR-OPTION-2,PC-30-MR-OPTION-2,,,ts_300x525x86,,,,,,,,,size_index,review,Komatsu PC-30-MR-OPTION-2,,,
mdl_komatsu_pc_30_mrx_option_2,br_komatsu,PC-30-MRX-OPTION-2,PC-30-MRX-OPTION-2,,,ts_300x525x86,,,,,,,,,size_index,review,Komatsu PC-30-MRX-OPTION-2,,,
mdl_komatsu_pc_30mr_3,br_komatsu,PC-30MR-3,PC-30MR-3,,,ts_300x525x86,,,,,,,,,size_index,reference,Komatsu PC-30MR-3,,,
mdl_komatsu_pc_35_mr_2,br_komatsu,PC-35-MR-2,PC-35-MR-2,,,ts_300x525x86,,,,,,,,,size_index,reference,Komatsu PC-35-MR-2,,,
mdl_komatsu_pc_35_mr_3,br_komatsu,PC-35-MR-3,PC-35-MR-3,,,ts_300x525x86,,,,,,,,,size_index,reference,Komatsu PC-35-MR-3,,,
mdl_komatsu_pc_35_mr_5,br_komatsu,PC-35-MR-5,PC-35-MR-5,Mini Excavator,,ts_300x525x86,,,,,,,,,size_index,active_v1,Komatsu PC-35-MR-5,komatsu-pc35mr-5,/pages/equipment-model/komatsu-pc35mr-5,track_finder_v1
mdl_komatsu_pc_35_mr_option_2,br_komatsu,PC-35-MR-OPTION-2,PC-35-MR-OPTION-2,,,,,,,,,,,,size_index,quarantine,Komatsu PC-35-MR-OPTION-2,,,
mdl_komatsu_pc_35mr_2,br_komatsu,PC-35MR-2,PC-35MR-2,,,ts_300x525x86,,,,,,,,,size_index,reference,Komatsu PC-35MR-2,,,
mdl_komatsu_pc_35mr_3,br_komatsu,PC-35MR-3,PC-35MR-3,,,ts_300x525x86,,,,,,,,,size_index,reference,Komatsu PC-35MR-3,,,
mdl_komatsu_pc_40_fr,br_komatsu,PC-40-FR,PC-40-FR,,,ts_400x755x74,,,,,,,,,size_index,review,Komatsu PC-40-FR,,,
mdl_komatsu_pc_60,br_komatsu,PC-60,PC-60,,,,,,,,,,,,size_index,reference,Komatsu PC-60,,,
mdl_komatsu_pc_60_28001,br_komatsu,PC-60-28001-,PC-60-28001-,,,,,,,,,,,,size_index,quarantine,Komatsu PC-60-28001-,,,
mdl_komatsu_pc_70,br_komatsu,PC-70,PC-70,,,,,,,,,,,,size_index,quarantine,Komatsu PC-70,,,
mdl_komatsu_pc_70_7_sn45002,br_komatsu,PC-70-7-SN45002,PC-70-7-SN45002,,,,,,,,,,,,size_index,quarantine,Komatsu PC-70-7-SN45002,,,
mdl_komatsu_pc_75,br_komatsu,PC-75,PC-75,,,,,,,,,,,,size_index,quarantine,Komatsu PC-75,,,
mdl_komatsu_pc_75_1_uu_1,br_komatsu,PC-75-1-UU-1,PC-75-1-UU-1,,,,,,,,,,,,size_index,quarantine,Komatsu PC-75-1-UU-1,,,
mdl_komatsu_pc_75_2_7928,br_komatsu,PC-75-2-7928-,PC-75-2-7928-,,,,,,,,,,,,size_index,quarantine,Komatsu PC-75-2-7928-,,,
mdl_komatsu_pc_75_2_uu_2,br_komatsu,PC-75-2-UU-2,PC-75-2-UU-2,,,,,,,,,,,,size_index,quarantine,Komatsu PC-75-2-UU-2,,,
mdl_komatsu_pc_75_2a,br_komatsu,PC-75---2A,PC-75---2A,,,,,,,,,,,,size_index,quarantine,Komatsu PC-75---2A,,,
mdl_komatsu_pc_75_6,br_komatsu,PC-75-6,PC-75-6,,,,,,,,,,,,size_index,quarantine,Komatsu PC-75-6,,,
mdl_komatsu_pc_75_r_2_option_1,br_komatsu,PC-75-R-2---OPTION-1,PC-75-R-2---OPTION-1,,,,,,,,,,,,size_index,quarantine,Komatsu PC-75-R-2---OPTION-1,,,
mdl_komatsu_pc_75_r_option_1,br_komatsu,PC-75-R---OPTION-1,PC-75-R---OPTION-1,,,,,,,,,,,,size_index,quarantine,Komatsu PC-75-R---OPTION-1,,,
mdl_komatsu_pc_75_uu,br_komatsu,PC-75-UU,PC-75-UU,,,,,,,,,,,,size_index,quarantine,Komatsu PC-75-UU,,,
mdl_komatsu_pc_75_uu_1_sn_1175,br_komatsu,PC-75-UU--1-SN-1175,PC-75-UU--1-SN-1175,,,,,,,,,,,,size_index,quarantine,Komatsu PC-75-UU--1-SN-1175,,,
mdl_komatsu_pc_75_uu_2_sn_1175_5001,br_komatsu,PC-75-UU-2-SN-1175-5001,PC-75-UU-2-SN-1175-5001,,,,,,,,,,,,size_index,quarantine,Komatsu PC-75-UU-2-SN-1175-5001,,,
mdl_komatsu_pc_75_uu_2_sn_5001_7927,br_komatsu,PC-75-UU-2-SN-5001--7927,PC-75-UU-2-SN-5001--7927,,,,,,,,,,,,size_index,quarantine,Komatsu PC-75-UU-2-SN-5001--7927,,,
mdl_komatsu_pc_78_mr_6,br_komatsu,PC-78-MR-6,PC-78-MR-6,,,,,,,,,,,,size_index,reference,Komatsu PC-78-MR-6,,,
mdl_komatsu_pc_78_us_6,br_komatsu,PC-78-US-6,PC-78-US-6,,,,,,,,,,,,size_index,quarantine,Komatsu PC-78-US-6,,,
mdl_komatsu_pc_78mr_6,br_komatsu,PC-78MR-6,PC-78MR-6,,,,,,,,,,,,size_index,reference,Komatsu PC-78MR-6,,,
mdl_komatsu_pc_78n,br_komatsu,PC-78N,PC-78N,,,,,,,,,,,,size_index,reference,Komatsu PC-78N,,,
mdl_komatsu_pc_80mr,br_komatsu,PC-80MR,PC-80MR,,,,,,,,,,,,size_index,reference,Komatsu PC-80MR,,,
mdl_komatsu_pc_88mr,br_komatsu,PC-88MR,PC-88MR,,,,,,,,,,,,size_index,reference,Komatsu PC-88MR,,,
mdl_komatsu_pc_88mr_10,br_komatsu,PC-88MR-10,PC-88MR-10,,,,,,,,,,,,size_index,reference,Komatsu PC-88MR-10,,,
mdl_komatsu_pc_88mr_6,br_komatsu,PC-88MR-6,PC-88MR-6,,,,,,,,,,,,size_index,reference,Komatsu PC-88MR-6,,,
mdl_komatsu_pc_88mr_8,br_komatsu,PC-88MR-8,PC-88MR-8,,,,,,,,,,,,size_index,reference,Komatsu PC-88MR-8,,,
mdl_komatsu_schaeff,br_komatsu,SCHAEFF,SCHAEFF,,,,,,,,,,,,supplier_fitment,quarantine,Komatsu SCHAEFF,,,
mdl_komatsu_sk04,br_komatsu,SK04,SK04,,,,,,,,,,,,supplier_fitment|supplier_products,quarantine,Komatsu SK04,,,
mdl_komatsu_sk05,br_komatsu,SK05,SK05,,,,,,,,,,,,supplier_fitment,quarantine,Komatsu SK05,,,
mdl_komatsu_sk05j_2,br_komatsu,SK05J-2,SK05J-2,,,,,,,,,,,,supplier_fitment,quarantine,Komatsu SK05J-2,,,
mdl_komatsu_sk07,br_komatsu,SK07,SK07,,,,,,,,,,,,supplier_fitment|supplier_products,quarantine,Komatsu SK07,,,
mdl_komatsu_sk07j_2,br_komatsu,SK07J-2,SK07J-2,,,,,,,,,,,,supplier_fitment,quarantine,Komatsu SK07J-2,,,
mdl_komatsu_sk09,br_komatsu,SK09,SK09,,,,,,,,,,,,supplier_fitment|supplier_products,quarantine,Komatsu SK09,,,
mdl_komatsu_sk09j_2,br_komatsu,SK09J-2,SK09J-2,,,,,,,,,,,,supplier_fitment|supplier_products,quarantine,Komatsu SK09J-2,,,
mdl_komatsu_sk1020_5,br_komatsu,SK1020-5,SK1020-5,,,,,,,,,,,,supplier_fitment|supplier_products,quarantine,Komatsu SK1020-5,,,
mdl_komatsu_sk1020_5turbo,br_komatsu,SK1020-5TURBO,SK1020-5TURBO,,,,,,,,,,,,supplier_fitment,quarantine,Komatsu SK1020-5TURBO,,,
mdl_komatsu_sk1026,br_komatsu,SK1026,SK1026,,,,,,,,,,,,supplier_fitment,quarantine,Komatsu SK1026,,,
mdl_komatsu_sk1026_5turbo,br_komatsu,SK1026-5TURBO,SK1026-5TURBO,,,,,,,,,,,,supplier_fitment,quarantine,Komatsu SK1026-5TURBO,,,
mdl_komatsu_sk510_5,br_komatsu,SK510-5,SK510-5,,,,,,,,,,,,supplier_fitment,quarantine,Komatsu SK510-5,,,
mdl_komatsu_sk714_5,br_komatsu,SK714-5,SK714-5,,,,,,,,,,,,supplier_fitment|supplier_products,quarantine,Komatsu SK714-5,,,
mdl_komatsu_sk815,br_komatsu,SK815,SK815,,,,,,,,,,,,supplier_fitment,quarantine,Komatsu SK815,,,
mdl_komatsu_sk815_5,br_komatsu,SK815-5,SK815-5,,,,,,,,,,,,supplier_fitment,quarantine,Komatsu SK815-5,,,
mdl_komatsu_sk815_5turbo,br_komatsu,SK815-5TURBO,SK815-5TURBO,,,,,,,,,,,,supplier_fitment,quarantine,Komatsu SK815-5TURBO,,,
mdl_komatsu_sk818_5,br_komatsu,SK818-5,SK818-5,,,,,,,,,,,,supplier_fitment,quarantine,Komatsu SK818-5,,,
mdl_komatsu_sk820,br_komatsu,SK820,SK820,,,,,,,,,,,,supplier_fitment,quarantine,Komatsu SK820,,,
mdl_komatsu_sk820_5,br_komatsu,SK820-5,SK820-5,,,,,,,,,,,,supplier_fitment,quarantine,Komatsu SK820-5,,,
mdl_kubota_160,br_kubota,160,160,,,,,,,,,,,,supplier_fitment,quarantine,Kubota 160,,,
mdl_kubota_23rtk,br_kubota,23RTK,23RTK,,,,,,,,,,,,supplier_fitment,quarantine,Kubota 23RTK,,,
mdl_kubota_80x3,br_kubota,80X3,80X3,,,,,,,,,,,,supplier_fitment,quarantine,Kubota 80X3,,,
mdl_kubota_80x3_spin_ace,br_kubota,80X3 SPIN ACE,80X3 SPIN ACE,,,,,,,,,,,,supplier_fitment,quarantine,Kubota 80X3 SPIN ACE,,,
mdl_kubota_barreto,br_kubota,BARRETO,BARRETO,,,,,,,,,,,,supplier_fitment,quarantine,Kubota BARRETO,,,
mdl_kubota_brokk,br_kubota,BROKK,BROKK,,,,,,,,,,,,supplier_fitment,quarantine,Kubota BROKK,,,
mdl_kubota_canycom_chikusui,br_kubota,CANYCOM CHIKUSUI,CANYCOM CHIKUSUI,,,,,,,,,,,,supplier_fitment,quarantine,Kubota CANYCOM CHIKUSUI,,,
mdl_kubota_d902,br_kubota,D902,D902,,,,,,,,,,,,supplier_fitment|supplier_products,quarantine,Kubota D902,,,
mdl_kubota_fh007,br_kubota,FH007,FH007,,,,,,,,,,,,supplier_fitment|supplier_products,quarantine,Kubota FH007,,,
mdl_kubota_h10,br_kubota,H10,H10,,,,,,,,,,,,supplier_fitment,quarantine,Kubota H10,,,
mdl_kubota_h100,br_kubota,H100,H100,,,,,,,,,,,,supplier_fitment,quarantine,Kubota H100,,,
mdl_kubota_h3,br_kubota,H3,H3,,,,,,,,,,,,supplier_fitment,quarantine,Kubota H3,,,
mdl_kubota_h5,br_kubota,H5,H5,,,,,,,,,,,,supplier_fitment,quarantine,Kubota H5,,,
mdl_kubota_hg,br_kubota,HG,HG,,,,,,,,,,,,supplier_fitment|supplier_products,quarantine,Kubota HG,,,
mdl_kubota_hr02,br_kubota,HR02,HR02,,,,,,,,,,,,supplier_fitment,quarantine,Kubota HR02,,,
mdl_kubota_hr05,br_kubota,HR05,HR05,,,,,,,,,,,,supplier_fitment,quarantine,Kubota HR05,,,
mdl_kubota_hr10,br_kubota,HR10,HR10,,,,,,,,,,,,supplier_fitment,quarantine,Kubota HR10,,,
mdl_kubota_hr3,br_kubota,HR3,HR3,,,,,,,,,,,,supplier_fitment,quarantine,Kubota HR3,,,
mdl_kubota_hr31,br_kubota,HR31,HR31,,,,,,,,,,,,supplier_fitment,quarantine,Kubota HR31,,,
mdl_kubota_hr4,br_kubota,HR4,HR4,,,,,,,,,,,,supplier_fitment,quarantine,Kubota HR4,,,
mdl_kubota_hr5,br_kubota,HR5,HR5,,,,,,,,,,,,supplier_fitment,quarantine,Kubota HR5,,,
mdl_kubota_hr8_old,br_kubota,HR8 OLD,HR8 OLD,,,,,,,,,,,,supplier_fitment,quarantine,Kubota HR8 OLD,,,
mdl_kubota_k007,br_kubota,K007,K007,,,,,,,,,,,,supplier_fitment,quarantine,Kubota K007,,,
mdl_kubota_k008,br_kubota,K008,K008,Compact Track Loader,Universal Quick-Attach,ts_180x72x37,7,2200,5.6,,,,,Verified,airtable|fitment_json|shopify_meta|supplier_fitment,active_v1,Kubota K008,kubota-k-008,/pages/equipment-model/kubota-k-008,track_finder_v1
mdl_kubota_k008_2,br_kubota,K008-2,K008-2,Compact Track Loader,Universal Quick-Attach,ts_180x72x37,,,,,,,,Verified,airtable|fitment_json|shopify_meta|supplier_fitment|supplier_products,active_v1,Kubota K008,kubota-k-008-2,/pages/equipment-model/kubota-k-008-2,track_finder_v1
mdl_kubota_k008_3,br_kubota,K008-3,K008-3,Compact Track Loader,Universal Quick-Attach,ts_180x72x37,7,2200,5.6,,,,,Verified,airtable|fitment_json|shopify_meta|supplier_fitment|supplier_products,active_v1,Kubota K008,kubota-k-008-3,/pages/equipment-model/kubota-k-008-3,track_finder_v1
mdl_kubota_k008_3g,br_kubota,K008-3G,K008-3G,,,,,,,,,,,,supplier_fitment,quarantine,Kubota K008,,,
mdl_kubota_k008_5,br_kubota,K008-5,K008-5,Mini Excavator,Excavator Pin-On,ts_180x72x37,,,,,,,,Needs Review,airtable|shopify_meta|supplier_fitment,review,Kubota K008,,,
mdl_kubota_k008dh,br_kubota,K008DH,K008DH,Compact Track Loader,Universal Quick-Attach,ts_180x72x37,,,,,,,,Verified,airtable|fitment_json|shopify_meta|supplier_fitment,active_v1,Kubota K008,kubota-k-008dh,/pages/equipment-model/kubota-k-008dh,track_finder_v1
mdl_kubota_k013,br_kubota,K013,K013,,,,,,,,,,,,supplier_fitment|supplier_products,quarantine,Kubota K013,,,
mdl_kubota_k015,br_kubota,K015,K015,,,,,,,,,,,,supplier_fitment,quarantine,Kubota K015,,,
mdl_kubota_k020,br_kubota,K020,K020,,,,,,,,,,,,supplier_fitment|supplier_products,quarantine,Kubota K020,,,
mdl_kubota_k022,br_kubota,K022,K022,,,,,,,,,,,,supplier_fitment,quarantine,Kubota K022,,,
mdl_kubota_k025,br_kubota,K025,K025,,,,,,,,,,,,supplier_fitment,quarantine,Kubota K025,,,
mdl_kubota_k028,br_kubota,K028,K028,Mini Excavator,Excavator Pin-On,ts_300x525nx80,,,,,,,,Verified,airtable|fitment_json|shopify_meta|supplier_fitment|supplier_products,active_v1,Kubota K028,kubota-k-028,/pages/equipment-model/kubota-k-028,track_finder_v1
mdl_kubota_k030,br_kubota,K030,K030,Mini Excavator,Excavator Pin-On,ts_300x525nx80,,,,,,,,Verified,airtable|fitment_json|shopify_meta|supplier_fitment,active_v1,Kubota K030,kubota-k-030,/pages/equipment-model/kubota-k-030,track_finder_v1
mdl_kubota_k030_3,br_kubota,K030-3,K030-3,Mini Excavator,Excavator Pin-On,ts_300x525nx80,,,,,,,,Verified,airtable|fitment_json|shopify_meta|supplier_fitment|supplier_products,active_v1,Kubota K030-3,kubota-k-030-3,/pages/equipment-model/kubota-k-030-3,track_finder_v1
mdl_kubota_k035,br_kubota,K035,K035,Mini Excavator,Excavator Pin-On,ts_300x525nx84,,,,,,,,Verified,airtable|fitment_json|shopify_meta|supplier_fitment|supplier_products,active_v1,Kubota K035,kubota-k-035,/pages/equipment-model/kubota-k-035,track_finder_v1
mdl_kubota_k035_3,br_kubota,K035-3,K035-3,Mini Excavator,Excavator Pin-On,ts_300x525nx84,,,,,,,,Verified,airtable|fitment_json|shopify_meta|supplier_fitment|supplier_products,active_v1,Kubota K035-3,kubota-k-035-3,/pages/equipment-model/kubota-k-035-3,track_finder_v1
mdl_kubota_k038,br_kubota,K038,K038,Mini Excavator,Excavator Pin-On,ts_300x525nx84,,,,,,,,Verified,airtable|fitment_json|shopify_meta,active_v1,Kubota K038,kubota-k-038,/pages/equipment-model/kubota-k-038,track_finder_v1
mdl_kubota_k040,br_kubota,K040,K040,Mini Excavator,Excavator Pin-On,ts_400x725kx72,,,,,,,,Verified,airtable|fitment_json|shopify_meta|supplier_fitment|supplier_products,active_v1,Kubota K040,kubota-k-040,/pages/equipment-model/kubota-k-040,track_finder_v1
mdl_kubota_k045,br_kubota,K045,K045,Mini Excavator,Excavator Pin-On,ts_400x725kx72,,,,,,,,Verified,airtable|fitment_json|shopify_meta|supplier_fitment,active_v1,Kubota K045,kubota-k-045,/pages/equipment-model/kubota-k-045,track_finder_v1
mdl_kubota_k151,br_kubota,K151,K151,,,,,,,,,,,,supplier_fitment,quarantine,Kubota K151,,,
mdl_kubota_k50sr,br_kubota,K50SR,K50SR,,,,,,,,,,,,supplier_fitment,quarantine,Kubota K50SR,,,
mdl_kubota_k_008,br_kubota,K-008,K-008,,,ts_180x72x37,,,,,,,,,size_index,reference,Kubota K008,,,
mdl_kubota_k_008_2,br_kubota,K-008-2,K-008-2,,,ts_180x72x37,,,,,,,,,size_index,reference,Kubota K008,,,
mdl_kubota_k_008_3,br_kubota,K-008-3,K-008-3,,,ts_180x72x37,,,,,,,,,size_index,reference,Kubota K008,,,
mdl_kubota_k_008dh,br_kubota,K-008DH,K-008DH,,,ts_180x72x37,,,,,,,,,size_index,reference,Kubota K008,,,
mdl_kubota_kc140,br_kubota,KC140,KC140,,,,,,,,,,,,supplier_fitment|supplier_products,quarantine,Kubota KC140,,,
mdl_kubota_kh005,br_kubota,KH005,KH005,,,,,,,,,,,,supplier_fitment|supplier_products,quarantine,Kubota KH005,,,
mdl_kubota_kh007,br_kubota,KH007,KH007,,,,,,,,,,,,supplier_fitment,quarantine,Kubota KH007,,,
mdl_kubota_kh008,br_kubota,KH008,KH008,,,,,,,,,,,,supplier_fitment,quarantine,Kubota KH008,,,
mdl_kubota_kh012,br_kubota,KH012,KH012,,,,,,,,,,,,supplier_fitment,quarantine,Kubota KH012,,,
mdl_kubota_kh012g,br_kubota,KH012G,KH012G,,,,,,,,,,,,supplier_fitment,quarantine,Kubota KH012G,,,
mdl_kubota_kh012hg,br_kubota,KH012HG,KH012HG,,,,,,,,,,,,supplier_fitment,quarantine,Kubota KH012HG,,,
mdl_kubota_kh014,br_kubota,KH014,KH014,,,,,,,,,,,,supplier_fitment,quarantine,Kubota KH014,,,
mdl_kubota_kh014g,br_kubota,KH014G,KH014G,,,,,,,,,,,,supplier_fitment,quarantine,Kubota KH014G,,,
mdl_kubota_kh014hg,br_kubota,KH014HG,KH014HG,,,,,,,,,,,,supplier_fitment,quarantine,Kubota KH014HG,,,
mdl_kubota_kh02,br_kubota,KH02,KH02,,,,,,,,,,,,supplier_fitment|supplier_products,quarantine,Kubota KH02,,,
mdl_kubota_kh021,br_kubota,KH021,KH021,,,,,,,,,,,,supplier_fitment,quarantine,Kubota KH021,,,
mdl_kubota_kh021hg,br_kubota,KH021HG,KH021HG,,,,,,,,,,,,supplier_fitment,quarantine,Kubota KH021HG,,,
mdl_kubota_kh024,br_kubota,KH024,KH024,,,,,,,,,,,,supplier_fitment,quarantine,Kubota KH024,,,
mdl_kubota_kh027,br_kubota,KH027,KH027,,,,,,,,,,,,supplier_fitment,quarantine,Kubota KH027,,,
mdl_kubota_kh027g,br_kubota,KH027G,KH027G,,,,,,,,,,,,supplier_fitment,quarantine,Kubota KH027G,,,
mdl_kubota_kh02hg,br_kubota,KH02HG,KH02HG,,,,,,,,,,,,supplier_fitment,quarantine,Kubota KH02HG,,,
mdl_kubota_kh030,br_kubota,KH030,KH030,,,,,,,,,,,,supplier_fitment,quarantine,Kubota KH030,,,
mdl_kubota_kh030g,br_kubota,KH030G,KH030G,,,,,,,,,,,,supplier_fitment,quarantine,Kubota KH030G,,,
mdl_kubota_kh030hg,br_kubota,KH030HG,KH030HG,,,,,,,,,,,,supplier_fitment,quarantine,Kubota KH030HG,,,
mdl_kubota_kh033,br_kubota,KH033,KH033,,,,,,,,,,,,supplier_fitment,quarantine,Kubota KH033,,,
mdl_kubota_kh033hg,br_kubota,KH033HG,KH033HG,,,,,,,,,,,,supplier_fitment,quarantine,Kubota KH033HG,,,
mdl_kubota_kh040,br_kubota,KH040,KH040,Mini Excavator,,ts_400x725wx76,,,,,,,,,fitment_json|size_index|supplier_fitment,active_v1,Kubota KH040,kubota-kh040,/pages/equipment-model/kubota-kh040,track_finder_v1
mdl_kubota_kh041,br_kubota,KH041,KH041,,,,,,,,,,,,supplier_fitment,quarantine,Kubota KH041,,,
mdl_kubota_kh045,br_kubota,KH045,KH045,,,,,,,,,,,,supplier_fitment,quarantine,Kubota KH045,,,
mdl_kubota_kh05,br_kubota,KH05,KH05,,,,,,,,,,,,supplier_fitment,quarantine,Kubota KH05,,,
mdl_kubota_kh055,br_kubota,KH055,KH055,Mini Excavator,,ts_400x725wx76,,,,,,,,,fitment_json|size_index|supplier_fitment,active_v1,Kubota KH055,kubota-kh055,/pages/equipment-model/kubota-kh055,track_finder_v1
mdl_kubota_kh055n,br_kubota,KH055N,KH055N,,,,,,,,,,,,supplier_fitment|supplier_products,quarantine,Kubota KH055,,,
mdl_kubota_kh060,br_kubota,KH060,KH060,,,,,,,,,,,,supplier_fitment,quarantine,Kubota KH060,,,
mdl_kubota_kh07,br_kubota,KH07,KH07,,,,,,,,,,,,supplier_fitment,quarantine,Kubota KH07,,,
mdl_kubota_kh101,br_kubota,KH101,KH101,,,,,,,,,,,,supplier_fitment,quarantine,Kubota KH101,,,
mdl_kubota_kh12,br_kubota,KH12,KH12,,,,,,,,,,,,supplier_fitment,quarantine,Kubota KH12,,,
mdl_kubota_kh120,br_kubota,KH120,KH120,,,,,,,,,,,,supplier_fitment,quarantine,Kubota KH120,,,
mdl_kubota_kh130,br_kubota,KH130,KH130,,,,,,,,,,,,supplier_fitment,quarantine,Kubota KH130,,,
mdl_kubota_kh14,br_kubota,KH14,KH14,,,,,,,,,,,,supplier_fitment,quarantine,Kubota KH14,,,
mdl_kubota_kh14g,br_kubota,KH14G,KH14G,,,,,,,,,,,,supplier_fitment,quarantine,Kubota KH14G,,,
mdl_kubota_kh14hg,br_kubota,KH14HG,KH14HG,,,,,,,,,,,,supplier_fitment,quarantine,Kubota KH14HG,,,
mdl_kubota_kh151,br_kubota,KH151,KH151,,,,,,,,,,,,supplier_fitment,quarantine,Kubota KH151,,,
mdl_kubota_kh191,br_kubota,KH191,KH191,,,,,,,,,,,,supplier_fitment,quarantine,Kubota KH191,,,
mdl_kubota_kh21,br_kubota,KH21,KH21,,,,,,,,,,,,supplier_fitment,quarantine,Kubota KH21,,,
mdl_kubota_kh24,br_kubota,KH24,KH24,,,,,,,,,,,,supplier_fitment,quarantine,Kubota KH24,,,
mdl_kubota_kh24hg,br_kubota,KH24HG,KH24HG,,,,,,,,,,,,supplier_fitment,quarantine,Kubota KH24HG,,,
mdl_kubota_kh26hg,br_kubota,KH26HG,KH26HG,,,,,,,,,,,,supplier_fitment,quarantine,Kubota KH26HG,,,
mdl_kubota_kh26sr,br_kubota,KH26SR,KH26SR,,,,,,,,,,,,supplier_fitment|supplier_products,quarantine,Kubota KH26SR,,,
mdl_kubota_kh28,br_kubota,KH28,KH28,,,,,,,,,,,,supplier_fitment|supplier_products,quarantine,Kubota KH28,,,
mdl_kubota_kh30sr,br_kubota,KH30SR,KH30SR,,,,,,,,,,,,supplier_fitment,quarantine,Kubota KH30SR,,,
mdl_kubota_kh30srg,br_kubota,KH30SRG,KH30SRG,,,,,,,,,,,,supplier_fitment,quarantine,Kubota KH30SRG,,,
mdl_kubota_kh31,br_kubota,KH31,KH31,,,,,,,,,,,,supplier_fitment,quarantine,Kubota KH31,,,
mdl_kubota_kh35,br_kubota,KH35,KH35,,,,,,,,,,,,supplier_fitment,quarantine,Kubota KH35,,,
mdl_kubota_kh36,br_kubota,KH36,KH36,,,,,,,,,,,,supplier_fitment,quarantine,Kubota KH36,,,
mdl_kubota_kh37,br_kubota,KH37,KH37,,,,,,,,,,,,supplier_fitment,quarantine,Kubota KH37,,,
mdl_kubota_kh38,br_kubota,KH38,KH38,,,,,,,,,,,,supplier_fitment,quarantine,Kubota KH38,,,
mdl_kubota_kh41,br_kubota,KH41,KH41,,,,,,,,,,,,supplier_fitment,quarantine,Kubota KH41,,,
mdl_kubota_kh41r,br_kubota,KH41R,KH41R,,,,,,,,,,,,supplier_fitment,quarantine,Kubota KH41R,,,
mdl_kubota_kh5,br_kubota,KH5,KH5,,,,,,,,,,,,supplier_fitment,quarantine,Kubota KH5,,,
mdl_kubota_kh50,br_kubota,KH50,KH50,,,,,,,,,,,,supplier_fitment,quarantine,Kubota KH50,,,
mdl_kubota_kh50sr,br_kubota,KH50SR,KH50SR,,,,,,,,,,,,supplier_fitment,quarantine,Kubota KH50SR,,,
mdl_kubota_kh51,br_kubota,KH51,KH51,,,,,,,,,,,,supplier_fitment,quarantine,Kubota KH51,,,
mdl_kubota_kh51sr,br_kubota,KH51SR,KH51SR,,,,,,,,,,,,supplier_fitment,quarantine,Kubota KH51SR,,,
mdl_kubota_kh52,br_kubota,KH52,KH52,,,,,,,,,,,,supplier_fitment,quarantine,Kubota KH52,,,
mdl_kubota_kh52sr,br_kubota,KH52SR,KH52SR,,,,,,,,,,,,supplier_fitment,quarantine,Kubota KH52SR,,,
mdl_kubota_kh55,br_kubota,KH55,KH55,,,,,,,,,,,,supplier_fitment,quarantine,Kubota KH55,,,
mdl_kubota_kh55g,br_kubota,KH55G,KH55G,,,,,,,,,,,,supplier_fitment,quarantine,Kubota KH55G,,,
mdl_kubota_kh55r,br_kubota,KH55R,KH55R,,,,,,,,,,,,supplier_fitment,quarantine,Kubota KH55R,,,
mdl_kubota_kh55s,br_kubota,KH55S,KH55S,,,,,,,,,,,,supplier_fitment,quarantine,Kubota KH55S,,,
mdl_kubota_kh55x,br_kubota,KH55X,KH55X,,,,,,,,,,,,supplier_fitment,quarantine,Kubota KH55X,,,
mdl_kubota_kh60,br_kubota,KH60,KH60,,,,,,,,,,,,supplier_fitment,quarantine,Kubota KH60,,,
mdl_kubota_kh65,br_kubota,KH65,KH65,,,,,,,,,,,,supplier_fitment,quarantine,Kubota KH65,,,
mdl_kubota_kh66,br_kubota,KH66,KH66,,,,,,,,,,,,supplier_fitment,quarantine,Kubota KH66,,,
mdl_kubota_kh70,br_kubota,KH70,KH70,,,,,,,,,,,,supplier_fitment,quarantine,Kubota KH70,,,
mdl_kubota_kh71,br_kubota,KH71,KH71,,,,,,,,,,,,supplier_fitment,quarantine,Kubota KH71,,,
mdl_kubota_kh90,br_kubota,KH90,KH90,Mini Excavator,Excavator Pin-On,ts_300x525nx84,,,,,,,,Verified,airtable|fitment_json|shopify_meta|supplier_fitment,active_v1,Kubota KH90,kubota-kh-90,/pages/equipment-model/kubota-kh-90,track_finder_v1
mdl_kubota_kh91,br_kubota,KH91,KH91,Mini Excavator,Excavator Pin-On,ts_300x525nx80,,,,,,,,Verified,airtable|fitment_json|shopify_meta|supplier_fitment,active_v1,Kubota KH91,kubota-kh-91,/pages/equipment-model/kubota-kh-91,track_finder_v1
mdl_kubota_kh_055,br_kubota,KH-055,KH-055,,,,,,,,,,,,size_index,reference,Kubota KH055,,,
mdl_kubota_kh_055n,br_kubota,KH-055N,KH-055N,,,,,,,,,,,,size_index,quarantine,Kubota KH055,,,
mdl_kubota_kn36,br_kubota,KN36,KN36,,,,,,,,,,,,supplier_fitment,quarantine,Kubota KN36,,,
mdl_kubota_kn51,br_kubota,KN51,KN51,,,,,,,,,,,,supplier_fitment,quarantine,Kubota KN51,,,
mdl_kubota_kx007,br_kubota,KX007,KX007,,,,,,,,,,,,supplier_fitment,quarantine,Kubota KX007,,,
mdl_kubota_kx008,br_kubota,KX008,KX008,Mini Excavator,Excavator Pin-On,ts_180x72x37,10,1940,2.4,,2300,Zero,,Needs Review,airtable|shopify_meta|supplier_fitment,review,Kubota KX008,,,
mdl_kubota_kx012,br_kubota,KX012,KX012,,,,,,,,,,,,supplier_fitment,quarantine,Kubota KX012,,,
mdl_kubota_kx014,br_kubota,KX014,KX014,,,,,,,,,,,,supplier_fitment,quarantine,Kubota KX014,,,
mdl_kubota_kx016_4,br_kubota,KX016-4,KX016-4,,,,,,,,,,,,supplier_fitment,quarantine,Kubota KX016-4,,,
mdl_kubota_kx018_4,br_kubota,KX018-4,KX018-4,Mini Excavator,Excavator Pin-On,ts_230x48x70,17,3967,3.8,,,,,Needs Review,airtable|shopify_meta|size_index|supplier_fitment|supplier_products,active_v1,Kubota KX018,kubota-kx018-4,/pages/equipment-model/kubota-kx018-4,track_finder_v1
mdl_kubota_kx019_4,br_kubota,KX019-4,KX019-4,,,,,,,,,,,,supplier_fitment,quarantine,Kubota KX019-4,,,
mdl_kubota_kx021,br_kubota,KX021,KX021,,,,,,,,,,,,supplier_fitment,quarantine,Kubota KX021,,,
mdl_kubota_kx021ur,br_kubota,KX021UR,KX021UR,,,,,,,,,,,,supplier_fitment,quarantine,Kubota KX021UR,,,
mdl_kubota_kx024,br_kubota,KX024,KX024,,,,,,,,,,,,supplier_fitment,quarantine,Kubota KX024,,,
mdl_kubota_kx026,br_kubota,KX026,KX026,,,,,,,,,,,,supplier_fitment,quarantine,Kubota KX026,,,
mdl_kubota_kx027,br_kubota,KX027,KX027,Mini Excavator,Excavator Pin-On,ts_300x525nx76,,,,,,,,Verified,airtable|fitment_json|shopify_meta|supplier_fitment,active_v1,Kubota KX027,kubota-kx-027,/pages/equipment-model/kubota-kx-027,track_finder_v1
mdl_kubota_kx030,br_kubota,KX030,KX030,,,,,,,,,,,,supplier_fitment,quarantine,Kubota KX030,,,
mdl_kubota_kx030_3,br_kubota,KX030-3,KX030-3,,,,,,,,,,,,supplier_fitment,quarantine,Kubota KX030-3,,,
mdl_kubota_kx030_4,br_kubota,KX030-4,KX030-4,Mini Excavator,Excavator Pin-On,ts_300x525nx80,,,,,,,,Needs Review,airtable|fitment_json|shopify_meta|supplier_fitment,active_v1,Kubota KX030-4,kubota-kx030-4,/pages/equipment-model/kubota-kx030-4,track_finder_v1
mdl_kubota_kx033,br_kubota,KX033,KX033,,,,,,,,,,,,supplier_fitment,quarantine,Kubota KX033,,,
mdl_kubota_kx033_4,br_kubota,KX033-4,KX033-4,Mini Excavator,Excavator Pin-On,ts_300x525nx84,24,7616,16.2,,,,,Needs Review,airtable|fitment_json|shopify_meta|supplier_fitment,active_v1,Kubota KX033,kubota-kx033-4,/pages/equipment-model/kubota-kx033-4,track_finder_v1
mdl_kubota_kx035,br_kubota,KX035,KX035,Mini Excavator,Excavator Pin-On,ts_300x525nx84,,,,,,,,Needs Review,airtable|fitment_json|shopify_meta|supplier_fitment|supplier_products,active_v1,Kubota KX035,kubota-kx035,/pages/equipment-model/kubota-kx035,track_finder_v1
mdl_kubota_kx035_3,br_kubota,KX035-3,KX035-3,,,,,,,,,,,,supplier_fitment,quarantine,Kubota KX035-3,,,
mdl_kubota_kx040,br_kubota,KX040,KX040,Mini Excavator,,ts_350x545x86,,,,,,,,,supplier_fitment,active_v1,Kubota KX040,kubota-kx040,/pages/equipment-model/kubota-kx040,track_finder_v1
mdl_kubota_kx040_4,br_kubota,KX040-4,KX040-4,Mini Excavator,Excavator Pin-On,ts_350x545x86,36,9460,15.1,,3626,Conventional,,Needs Review,airtable|fitment_json|shopify_meta|size_index|supplier_fitment|supplier_products,active_v1,Kubota KX040,kubota-kx040-4,/pages/equipment-model/kubota-kx040-4,track_finder_v1
mdl_kubota_kx040_5,br_kubota,KX040-5,KX040-5,,,,,,,,,,,,fitment_json|shopify_meta,reference,Kubota KX040,,,
mdl_kubota_kx040h,br_kubota,KX040H,KX040H,,,,,,,,,,,,supplier_fitment,quarantine,Kubota KX040,,,
mdl_kubota_kx041,br_kubota,KX041,KX041,Mini Excavator,Excavator Pin-On,ts_300x525nx78,,,,,,,,Needs Review,airtable|fitment_json|shopify_meta|supplier_fitment,active_v1,Kubota KX041,kubota-kx041,/pages/equipment-model/kubota-kx041,track_finder_v1
mdl_kubota_kx045,br_kubota,KX045,KX045,Mini Excavator,Excavator Pin-On,ts_400x725kx72,,,,,,,,Verified,airtable|fitment_json|shopify_meta|supplier_fitment,active_v1,Kubota KX045,kubota-kx-045,/pages/equipment-model/kubota-kx-045,track_finder_v1
mdl_kubota_kx057,br_kubota,KX057,KX057,,,,,,,,,,,,supplier_fitment,quarantine,Kubota KX057,,,
mdl_kubota_kx057_4,br_kubota,KX057-4,KX057-4,Mini Excavator,Excavator Pin-On,ts_400x725kx74,47,12500,17.6,,3626,Zero,,Needs Review,airtable|fitment_json|shopify_meta|supplier_fitment|supplier_products,active_v1,Kubota KX057,kubota-kx057-4,/pages/equipment-model/kubota-kx057-4,track_finder_v1
mdl_kubota_kx057_5,br_kubota,KX057-5,KX057-5,Mini Excavator,Excavator Pin-On,ts_400x725kx74,,12500,,,,,,Needs Review,airtable|fitment_json|shopify_meta|supplier_fitment,active_v1,Kubota KX057,kubota-kx057-5,/pages/equipment-model/kubota-kx057-5,track_finder_v1
mdl_kubota_kx071_3,br_kubota,KX071-3,KX071-3,Mini Excavator,Excavator Pin-On,,,,,,,,,Needs Review,airtable,review,Kubota KX071-3,,,
mdl_kubota_kx080,br_kubota,KX080,KX080,Mini Excavator,,ts_450x81nx76,,,,,,,,,fitment_json|supplier_fitment,active_v1,Kubota KX080,kubota-kx080,/pages/equipment-model/kubota-kx080,track_finder_v1
mdl_kubota_kx080_3,br_kubota,KX080-3,KX080-3,Mini Excavator,Excavator Pin-On,ts_450x81nx76,64,18364,38.1,,4061,,,Needs Review,airtable|shopify_meta|supplier_fitment|supplier_products,active_v1,Kubota KX080-3,kubota-kx080-3,/pages/equipment-model/kubota-kx080-3,track_finder_v1
mdl_kubota_kx080_4,br_kubota,KX080-4,KX080-4,Mini Excavator,Excavator Pin-On,ts_450x81nx76,66,18900,26.4,40.0,4000,Conventional,,Needs Review,airtable|shopify_meta|supplier_fitment|supplier_products,active_v1,Kubota KX080-4,kubota-kx080-4,/pages/equipment-model/kubota-kx080-4,track_finder_v1
mdl_kubota_kx080_4s,br_kubota,KX080-4S,KX080-4S,Mini Excavator,,ts_450x81nx76,,,,,,,,,supplier_fitment|supplier_products,active_v1,Kubota KX080-4S,kubota-kx080-4s,/pages/equipment-model/kubota-kx080-4s,track_finder_v1
mdl_kubota_kx080_4s2,br_kubota,KX080-4S2,KX080-4S2,,,,,,,,,,,,supplier_fitment,quarantine,Kubota KX080-4S2,,,
mdl_kubota_kx080_5,br_kubota,KX080-5,KX080-5,Mini Excavator,Excavator Pin-On,ts_450x71x82,,,,,,,,Needs Review,airtable|shopify_meta,review,Kubota KX080-5,,,
mdl_kubota_kx100_5,br_kubota,KX100-5,KX100-5,,,,,,,,,,,,supplier_fitment|supplier_products,quarantine,Kubota KX100-5,,,
mdl_kubota_kx101,br_kubota,KX101,KX101,Mini Excavator,Excavator Pin-On,ts_300x525nx84,,,,,,,,Verified,airtable|fitment_json|shopify_meta|supplier_fitment|supplier_products,active_v1,Kubota KX101,kubota-kx-101,/pages/equipment-model/kubota-kx-101,track_finder_v1
mdl_kubota_kx101_3,br_kubota,KX101-3,KX101-3,Mini Excavator,Excavator Pin-On,ts_300x525nx84,,,,,,,,Verified,airtable|fitment_json|shopify_meta|supplier_fitment,active_v1,Kubota KX101-3,kubota-kx-101-3,/pages/equipment-model/kubota-kx-101-3,track_finder_v1
mdl_kubota_kx120_5,br_kubota,KX120-5,KX120-5,,,,,,,,,,,,supplier_fitment|supplier_products,quarantine,Kubota KX120-5,,,
mdl_kubota_kx121_2,br_kubota,KX121-2,KX121-2,Mini Excavator,,ts_350x545x86,,,,,,,,,fitment_json|shopify_meta|supplier_fitment,active_v1,Kubota KX121,kubota-kx121-2,/pages/equipment-model/kubota-kx121-2,track_finder_v1
mdl_kubota_kx121_2s,br_kubota,KX121-2S,KX121-2S,Mini Excavator,,ts_350x545x86,,,,,,,,,fitment_json|shopify_meta|supplier_fitment|supplier_products,active_v1,Kubota KX121,kubota-kx-121-2s,/pages/equipment-model/kubota-kx-121-2s,track_finder_v1
mdl_kubota_kx121_3,br_kubota,KX121-3,KX121-3,Mini Excavator,Excavator Pin-On,ts_350x545x86,42,9063,25.0,,,,,Needs Review,airtable|fitment_json|shopify_meta|supplier_fitment,active_v1,Kubota KX121,kubota-kx121-3,/pages/equipment-model/kubota-kx121-3,track_finder_v1
mdl_kubota_kx121_3s,br_kubota,KX121-3S,KX121-3S,,,,,,,,,,,,supplier_fitment|supplier_products,quarantine,Kubota KX121,,,
mdl_kubota_kx121_3ss,br_kubota,KX121-3SS,KX121-3SS,,,,,,,,,,,,supplier_fitment,quarantine,Kubota KX121,,,
mdl_kubota_kx121_3st,br_kubota,KX121-3ST,KX121-3ST,,,,,,,,,,,,supplier_fitment,quarantine,Kubota KX121,,,
mdl_kubota_kx151,br_kubota,KX151,KX151,,,,,,,,,,,,supplier_fitment,quarantine,Kubota KX151,,,
mdl_kubota_kx161_2,br_kubota,KX161-2,KX161-2,Mini Excavator,Excavator Pin-On,ts_400x725kx72,,,,,,,,Needs Review,airtable|fitment_json|shopify_meta|supplier_fitment|supplier_products,active_v1,Kubota KX161-2,kubota-kx161-2,/pages/equipment-model/kubota-kx161-2,track_finder_v1
mdl_kubota_kx161_2s,br_kubota,KX161-2S,KX161-2S,Mini Excavator,Excavator Pin-On,ts_400x725kx72,,,,,,,,Verified,airtable|fitment_json|shopify_meta|supplier_fitment,active_v1,Kubota KX161-2S,kubota-kx-161-2s,/pages/equipment-model/kubota-kx-161-2s,track_finder_v1
mdl_kubota_kx161_2sr,br_kubota,KX161-2SR,KX161-2SR,,,,,,,,,,,,supplier_fitment,quarantine,Kubota KX161-2SR,,,
mdl_kubota_kx161_3,br_kubota,KX161-3,KX161-3,Mini Excavator,Excavator Pin-On,ts_400x725kx74,47,11532,31.4,,,,,Needs Review,airtable|fitment_json|shopify_meta|supplier_fitment,active_v1,Kubota KX161-3,kubota-kx161-3,/pages/equipment-model/kubota-kx161-3,track_finder_v1
mdl_kubota_kx161_3s,br_kubota,KX161-3S,KX161-3S,,,ts_400x725kx74,,,,,,,,,shopify_meta|supplier_fitment,review,Kubota KX161-3S,,,
mdl_kubota_kx191,br_kubota,KX191,KX191,,,,,,,,,,,,supplier_fitment,quarantine,Kubota KX191,,,
mdl_kubota_kx21,br_kubota,KX21,KX21,,,,,,,,,,,Needs Review,airtable|supplier_fitment|supplier_products,quarantine,Kubota KX21,,,
mdl_kubota_kx251,br_kubota,KX251,KX251,,,,,,,,,,,,supplier_fitment|supplier_products,quarantine,Kubota KX251,,,
mdl_kubota_kx28,br_kubota,KX28,KX28,,,,,,,,,,,,supplier_fitment,quarantine,Kubota KX28,,,
mdl_kubota_kx36,br_kubota,KX36,KX36,,,,,,,,,,,,supplier_fitment,quarantine,Kubota KX36,,,
mdl_kubota_kx36_2,br_kubota,KX36-2,KX36-2,,,,,,,,,,,,supplier_fitment,quarantine,Kubota KX36-2,,,
mdl_kubota_kx36_3,br_kubota,KX36-3,KX36-3,,,,,,,,,,,,supplier_fitment,quarantine,Kubota KX36-3,,,
mdl_kubota_kx41,br_kubota,KX41,KX41,,,,,,,,,,,,supplier_fitment,quarantine,Kubota KX41,,,
mdl_kubota_kx41_2,br_kubota,KX41-2,KX41-2,,,,,,,,,,,,supplier_fitment,quarantine,Kubota KX41-2,,,
mdl_kubota_kx41_2s,br_kubota,KX41-2S,KX41-2S,,,,,,,,,,,,supplier_fitment,quarantine,Kubota KX41-2S,,,
mdl_kubota_kx41_2sc,br_kubota,KX41-2SC,KX41-2SC,,,ts_230x48x70,,,,,,,,,size_index|supplier_fitment,review,Kubota KX41-2SC,,,
mdl_kubota_kx41_2sv,br_kubota,KX41-2SV,KX41-2SV,,,,,,,,,,,,supplier_fitment,quarantine,Kubota KX41-2SV,,,
mdl_kubota_kx41_2v,br_kubota,KX41-2V,KX41-2V,,,ts_230x48x70,,,,,,,,,size_index|supplier_fitment,review,Kubota KX41-2V,,,
mdl_kubota_kx41_2vc,br_kubota,KX41-2VC,KX41-2VC,,,,,,,,,,,,supplier_fitment|supplier_products,quarantine,Kubota KX41-2VC,,,
mdl_kubota_kx41_3,br_kubota,KX41-3,KX41-3,Mini Excavator,Excavator Pin-On,ts_230x48x70,17,3693,,,,,,Needs Review,airtable|shopify_meta|size_index|supplier_fitment,active_v1,Kubota KX41-3,kubota-kx41-3,/pages/equipment-model/kubota-kx41-3,track_finder_v1
mdl_kubota_kx41_3s,br_kubota,KX41-3S,KX41-3S,,,,,,,,,,,,supplier_fitment|supplier_products,quarantine,Kubota KX41-3S,,,
mdl_kubota_kx41_3sgl,br_kubota,KX41-3SGL,KX41-3SGL,,,,,,,,,,,,supplier_fitment,quarantine,Kubota KX41-3SGL,,,
mdl_kubota_kx41_3v,br_kubota,KX41-3V,KX41-3V,Mini Excavator,,ts_230x48x70,,,,,,,,,size_index|supplier_fitment|supplier_products,active_v1,Kubota KX41-3V,kubota-kx41-3v,/pages/equipment-model/kubota-kx41-3v,track_finder_v1
mdl_kubota_kx41l,br_kubota,KX41L,KX41L,,,,,,,,,,,,supplier_fitment,quarantine,Kubota KX41L,,,
mdl_kubota_kx51,br_kubota,KX51,KX51,,,,,,,,,,,,supplier_fitment,quarantine,Kubota KX51,,,
mdl_kubota_kx60,br_kubota,KX60,KX60,,,,,,,,,,,,supplier_fitment,quarantine,Kubota KX60,,,
mdl_kubota_kx60_2,br_kubota,KX60-2,KX60-2,,,,,,,,,,,,supplier_fitment,quarantine,Kubota KX60-2,,,
mdl_kubota_kx60_3,br_kubota,KX60-3,KX60-3,,,,,,,,,,,,supplier_fitment,quarantine,Kubota KX60-3,,,
mdl_kubota_kx60_5,br_kubota,KX60.5,KX60.5,,,,,,,,,,,,supplier_fitment|supplier_products,quarantine,Kubota KX60.5,,,
mdl_kubota_kx61,br_kubota,KX61,KX61,,,,,,,,,,,,supplier_fitment,quarantine,Kubota KX61,,,
mdl_kubota_kx61_2,br_kubota,KX61-2,KX61-2,Mini Excavator,Excavator Pin-On,ts_300x525nx76,,,,,,,,Verified,airtable|fitment_json|shopify_meta|supplier_fitment,active_v1,Kubota KX61-2,kubota-kx-61-2,/pages/equipment-model/kubota-kx-61-2,track_finder_v1
mdl_kubota_kx61_2s,br_kubota,KX61-2S,KX61-2S,Mini Excavator,Excavator Pin-On,ts_300x525nx76,,,,,,,,Verified,airtable|fitment_json|shopify_meta,active_v1,Kubota KX61-2S,kubota-kx-61-2s,/pages/equipment-model/kubota-kx-61-2s,track_finder_v1
mdl_kubota_kx61_3,br_kubota,KX61-3,KX61-3,Mini Excavator,Excavator Pin-On,ts_300x525nx76,,,,,,,,Verified,airtable|fitment_json|shopify_meta|supplier_fitment,active_v1,Kubota KX61-3,kubota-kx-61-3,/pages/equipment-model/kubota-kx-61-3,track_finder_v1
mdl_kubota_kx71,br_kubota,KX71,KX71,Mini Excavator,Excavator Pin-On,ts_300x525nx80,24,6547,8.6,,,,,Needs Review,airtable|fitment_json|shopify_meta|supplier_fitment,active_v1,Kubota KX71,kubota-kx71,/pages/equipment-model/kubota-kx71,track_finder_v1
mdl_kubota_kx71_2,br_kubota,KX71-2,KX71-2,Mini Excavator,Excavator Pin-On,ts_300x525nx80,,,,,,,,Verified,airtable|fitment_json|shopify_meta|supplier_fitment,active_v1,Kubota KX71-2,kubota-kx-71-2,/pages/equipment-model/kubota-kx-71-2,track_finder_v1
mdl_kubota_kx71_3,br_kubota,KX71-3,KX71-3,Mini Excavator,Excavator Pin-On,ts_300x525nx80,24,6547,8.6,,,,,Needs Review,airtable|fitment_json|shopify_meta|supplier_fitment,active_v1,Kubota KX71-3,kubota-kx71-3,/pages/equipment-model/kubota-kx71-3,track_finder_v1
mdl_kubota_kx71_3s,br_kubota,KX71-3S,KX71-3S,Mini Excavator,Excavator Pin-On,ts_300x525nx80,,,,,,,,Needs Review,airtable|fitment_json|shopify_meta|supplier_fitment,active_v1,Kubota KX71-3S,kubota-kx71-3s,/pages/equipment-model/kubota-kx71-3s,track_finder_v1
mdl_kubota_kx75ur,br_kubota,KX75UR,KX75UR,,,,,,,,,,,,supplier_fitment|supplier_products,quarantine,Kubota KX75UR,,,
mdl_kubota_kx75ur_3,br_kubota,KX75UR.3,KX75UR.3,,,,,,,,,,,,supplier_fitment,quarantine,Kubota KX75UR.3,,,
mdl_kubota_kx75ur_5,br_kubota,KX75UR.5,KX75UR.5,,,,,,,,,,,,supplier_fitment|supplier_products,quarantine,Kubota KX75UR.5,,,
mdl_kubota_kx90,br_kubota,KX90,KX90,,,,,,,,,,,,supplier_fitment,quarantine,Kubota KX90,,,
mdl_kubota_kx91,br_kubota,KX91,KX91,Mini Excavator,Excavator Pin-On,ts_300x525nx80,28,7110,27.3,,,,,Needs Review,airtable|fitment_json|shopify_meta,active_v1,Kubota KX91,kubota-kx91,/pages/equipment-model/kubota-kx91,track_finder_v1
mdl_kubota_kx91_2,br_kubota,KX91-2,KX91-2,Mini Excavator,Excavator Pin-On,ts_300x525nx80,,,,,,,,Needs Review,airtable|fitment_json|shopify_meta|supplier_fitment,active_v1,Kubota KX91-2,kubota-kx91-2,/pages/equipment-model/kubota-kx91-2,track_finder_v1
mdl_kubota_kx91_2s,br_kubota,KX91-2S,KX91-2S,Mini Excavator,Excavator Pin-On,ts_300x525nx80,,,,,,,,Verified,airtable|fitment_json|shopify_meta|supplier_fitment,active_v1,Kubota KX91-2S,kubota-kx-91-2s,/pages/equipment-model/kubota-kx-91-2s,track_finder_v1
mdl_kubota_kx91_3,br_kubota,KX91-3,KX91-3,Mini Excavator,Excavator Pin-On,ts_300x525nx80,28,7110,27.3,,,,,Needs Review,airtable|fitment_json|shopify_meta|supplier_fitment,active_v1,Kubota KX91-3,kubota-kx91-3,/pages/equipment-model/kubota-kx91-3,track_finder_v1
mdl_kubota_kx91_3s2,br_kubota,KX91-3S2,KX91-3S2,,,,,,,,,,,,supplier_fitment,quarantine,Kubota KX91-3S2,,,
mdl_kubota_kx_040_4,br_kubota,KX-040-4,KX-040-4,,,ts_350x545x86,,,,,,,,,size_index,reference,Kubota KX040,,,
mdl_kubota_kx_040_5,br_kubota,KX-040-5,KX-040-5,Mini Excavator,,ts_350x545x86,,,,,,,,,size_index,active_v1,Kubota KX040,kubota-kx040-5,/pages/equipment-model/kubota-kx040-5,track_finder_v1
mdl_kubota_kx_080_3,br_kubota,KX-080-3,KX-080-3,,,ts_450x815x76,,,,,,,,,size_index,review,Kubota KX-080-3,,,
mdl_kubota_kx_080_4,br_kubota,KX-080-4,KX-080-4,,,ts_450x815x76,,,,,,,,,size_index,review,Kubota KX-080-4,,,
mdl_kubota_kx_121_2,br_kubota,KX-121-2,KX-121-2,,,ts_350x545x86,,,,,,,,,size_index,reference,Kubota KX121,,,
mdl_kubota_kx_121_2s,br_kubota,KX-121-2S,KX-121-2S,,,ts_350x545x86,,,,,,,,,size_index,reference,Kubota KX121,,,
mdl_kubota_kx_121_3,br_kubota,KX-121-3,KX-121-3,,,ts_350x545x86,,,,,,,,,size_index,reference,Kubota KX121,,,
mdl_kubota_kxb300,br_kubota,KXB300,KXB300,,,,,,,,,,,,supplier_fitment,quarantine,Kubota KXB300,,,
mdl_kubota_link_belt,br_kubota,LINK-BELT,LINK-BELT,,,,,,,,,,,,supplier_fitment,quarantine,Kubota LINK-BELT,,,
mdl_kubota_ls500fxj,br_kubota,LS500FXJ,LS500FXJ,,,,,,,,,,,,supplier_fitment,quarantine,Kubota LS500FXJ,,,
mdl_kubota_ls600fxj,br_kubota,LS600FXJ,LS600FXJ,,,,,,,,,,,,supplier_fitment,quarantine,Kubota LS600FXJ,,,
mdl_kubota_ls600fxj3,br_kubota,LS600FXJ3,LS600FXJ3,,,,,,,,,,,,supplier_fitment,quarantine,Kubota LS600FXJ3,,,
mdl_kubota_ls600pxj3,br_kubota,LS600PXJ3,LS600PXJ3,,,,,,,,,,,,supplier_fitment,quarantine,Kubota LS600PXJ3,,,
mdl_kubota_mitsubishi,br_kubota,MITSUBISHI,MITSUBISHI,,,,,,,,,,,,supplier_fitment,quarantine,Kubota MITSUBISHI,,,
mdl_kubota_mm30,br_kubota,MM30,MM30,,,,,,,,,,,,supplier_fitment,quarantine,Kubota MM30,,,
mdl_kubota_mm35,br_kubota,MM35,MM35,,,,,,,,,,,,supplier_fitment,quarantine,Kubota MM35,,,
mdl_kubota_mm40,br_kubota,MM40,MM40,,,,,,,,,,,,supplier_fitment,quarantine,Kubota MM40,,,
mdl_kubota_mm40sr,br_kubota,MM40SR,MM40SR,,,,,,,,,,,,supplier_fitment,quarantine,Kubota MM40SR,,,
mdl_kubota_mm45b,br_kubota,MM45B,MM45B,,,,,,,,,,,,supplier_fitment,quarantine,Kubota MM45B,,,
mdl_kubota_mm55sr,br_kubota,MM55SR,MM55SR,,,,,,,,,,,,supplier_fitment,quarantine,Kubota MM55SR,,,
mdl_kubota_mm55sr_2,br_kubota,MM55SR-2,MM55SR-2,,,,,,,,,,,,supplier_fitment,quarantine,Kubota MM55SR-2,,,
mdl_kubota_mxr35r,br_kubota,MXR35R,MXR35R,,,,,,,,,,,,supplier_fitment,quarantine,Kubota MXR35R,,,
mdl_kubota_n08,br_kubota,N08,N08,,,,,,,,,,,,supplier_fitment,quarantine,Kubota N08,,,
mdl_kubota_n0803lr,br_kubota,N0803LR,N0803LR,,,,,,,,,,,,supplier_fitment,quarantine,Kubota N0803LR,,,
mdl_kubota_n080_2lr,br_kubota,N080-2LR,N080-2LR,,,,,,,,,,,,supplier_fitment,quarantine,Kubota N080-2LR,,,
mdl_kubota_n08_2,br_kubota,N08-2,N08-2,,,,,,,,,,,,supplier_fitment,quarantine,Kubota N08-2,,,
mdl_kubota_n120,br_kubota,N120,N120,,,,,,,,,,,,supplier_fitment,quarantine,Kubota N120,,,
mdl_kubota_n120r,br_kubota,N120R,N120R,,,,,,,,,,,,supplier_fitment,quarantine,Kubota N120R,,,
mdl_kubota_n150,br_kubota,N150,N150,,,,,,,,,,,,supplier_fitment,quarantine,Kubota N150,,,
mdl_kubota_n150r,br_kubota,N150R,N150R,,,,,,,,,,,,supplier_fitment,quarantine,Kubota N150R,,,
mdl_kubota_n20,br_kubota,N20,N20,,,,,,,,,,,,supplier_fitment,quarantine,Kubota N20,,,
mdl_kubota_n220,br_kubota,N220,N220,,,,,,,,,,,,supplier_fitment,quarantine,Kubota N220,,,
mdl_kubota_n220r,br_kubota,N220R,N220R,,,,,,,,,,,,supplier_fitment,quarantine,Kubota N220R,,,
mdl_kubota_n250,br_kubota,N250,N250,,,,,,,,,,,,supplier_fitment,quarantine,Kubota N250,,,
mdl_kubota_n250r,br_kubota,N250R,N250R,,,,,,,,,,,,supplier_fitment,quarantine,Kubota N250R,,,
mdl_kubota_n260,br_kubota,N260,N260,,,,,,,,,,,,supplier_fitment,quarantine,Kubota N260,,,
mdl_kubota_n300,br_kubota,N300,N300,,,,,,,,,,,,supplier_fitment,quarantine,Kubota N300,,,
mdl_kubota_n300r,br_kubota,N300R,N300R,,,,,,,,,,,,supplier_fitment,quarantine,Kubota N300R,,,
mdl_kubota_n320,br_kubota,N320,N320,,,,,,,,,,,,supplier_fitment,quarantine,Kubota N320,,,
mdl_kubota_n350,br_kubota,N350,N350,,,,,,,,,,,,supplier_fitment,quarantine,Kubota N350,,,
mdl_kubota_n350r,br_kubota,N350R,N350R,,,,,,,,,,,,supplier_fitment,quarantine,Kubota N350R,,,
mdl_kubota_n80,br_kubota,N80,N80,,,,,,,,,,,,supplier_fitment,quarantine,Kubota N80,,,
mdl_kubota_n80_2,br_kubota,N80-2,N80-2,,,,,,,,,,,,supplier_fitment,quarantine,Kubota N80-2,,,
mdl_kubota_n80_2r,br_kubota,N80-2R,N80-2R,,,,,,,,,,,,supplier_fitment,quarantine,Kubota N80-2R,,,
mdl_kubota_nagano,br_kubota,NAGANO,NAGANO,,,,,,,,,,,,supplier_fitment,quarantine,Kubota NAGANO,,,
mdl_kubota_nissan,br_kubota,NISSAN,NISSAN,,,,,,,,,,,,supplier_fitment,quarantine,Kubota NISSAN,,,
mdl_kubota_ns08_2,br_kubota,NS08-2,NS08-2,,,,,,,,,,,,supplier_fitment,quarantine,Kubota NS08-2,,,
mdl_kubota_ns35_2,br_kubota,NS35-2,NS35-2,,,,,,,,,,,,supplier_fitment,quarantine,Kubota NS35-2,,,
mdl_kubota_ns35_2b,br_kubota,NS35-2B,NS35-2B,,,,,,,,,,,,supplier_fitment,quarantine,Kubota NS35-2B,,,
mdl_kubota_ns45,br_kubota,NS45,NS45,,,,,,,,,,,,supplier_fitment,quarantine,Kubota NS45,,,
mdl_kubota_ns45_2,br_kubota,NS45-2,NS45-2,,,,,,,,,,,,supplier_fitment,quarantine,Kubota NS45-2,,,
mdl_kubota_raymar,br_kubota,RAYMAR,RAYMAR,,,,,,,,,,,,supplier_fitment,quarantine,Kubota RAYMAR,,,
mdl_kubota_rx141,br_kubota,RX141,RX141,Mini Excavator,,ts_230x48x70,,,,,,,,,size_index|supplier_fitment,active_v1,Kubota RX141,kubota-rx141,/pages/equipment-model/kubota-rx141,track_finder_v1
mdl_kubota_rx201,br_kubota,RX201,RX201,,,,,,,,,,,,supplier_fitment,quarantine,Kubota RX201,,,
mdl_kubota_rx301,br_kubota,RX301,RX301,,,,,,,,,,,,supplier_fitment,quarantine,Kubota RX301,,,
mdl_kubota_rx301ur,br_kubota,RX301UR,RX301UR,,,,,,,,,,,,supplier_fitment,quarantine,Kubota RX301UR,,,
mdl_kubota_rx302,br_kubota,RX302,RX302,,,,,,,,,,,,supplier_fitment,quarantine,Kubota RX302,,,
mdl_kubota_rx303,br_kubota,RX303,RX303,,,,,,,,,,,,supplier_fitment,quarantine,Kubota RX303,,,
mdl_kubota_rx501,br_kubota,RX501,RX501,,,,,,,,,,,,supplier_fitment,quarantine,Kubota RX501,,,
mdl_kubota_rx502,br_kubota,RX502,RX502,,,,,,,,,,,,supplier_fitment,quarantine,Kubota RX502,,,
mdl_kubota_rx502va,br_kubota,RX502VA,RX502VA,,,,,,,,,,,,supplier_fitment|supplier_products,quarantine,Kubota RX502VA,,,
mdl_kubota_rx_501_option_3,br_kubota,RX-501-OPTION-3,RX-501-OPTION-3,,,,,,,,,,,,size_index,quarantine,Kubota RX-501-OPTION-3,,,
mdl_kubota_s50f2,br_kubota,S50F2,S50F2,,,,,,,,,,,,supplier_fitment,quarantine,Kubota S50F2,,,
mdl_kubota_s50k,br_kubota,S50K,S50K,,,,,,,,,,,,supplier_fitment,quarantine,Kubota S50K,,,
mdl_kubota_s60f2,br_kubota,S60F2,S60F2,,,,,,,,,,,,supplier_fitment,quarantine,Kubota S60F2,,,
mdl_kubota_s_b08,br_kubota,S B08,S B08,,,,,,,,,,,,supplier_fitment,quarantine,Kubota S B08,,,
mdl_kubota_s_b115,br_kubota,S B115,S B115,,,,,,,,,,,,supplier_fitment,quarantine,Kubota S B115,,,
mdl_kubota_s_b12,br_kubota,S B12,S B12,,,,,,,,,,,,supplier_fitment,quarantine,Kubota S B12,,,
mdl_kubota_s_b12r,br_kubota,S B12R,S B12R,,,,,,,,,,,,supplier_fitment,quarantine,Kubota S B12R,,,
mdl_kubota_s_b15,br_kubota,S B15,S B15,,,,,,,,,,,,supplier_fitment,quarantine,Kubota S B15,,,
mdl_kubota_s_b15_2,br_kubota,S B15-2,S B15-2,,,,,,,,,,,,supplier_fitment,quarantine,Kubota S B15-2,,,
mdl_kubota_s_b15r,br_kubota,S B15R,S B15R,,,,,,,,,,,,supplier_fitment,quarantine,Kubota S B15R,,,
mdl_kubota_s_b15rc,br_kubota,S B15RC,S B15RC,,,,,,,,,,,,supplier_fitment,quarantine,Kubota S B15RC,,,
mdl_kubota_s_b15s,br_kubota,S B15S,S B15S,,,,,,,,,,,,supplier_fitment,quarantine,Kubota S B15S,,,
mdl_kubota_s_b15sr,br_kubota,S B15SR,S B15SR,,,,,,,,,,,,supplier_fitment,quarantine,Kubota S B15SR,,,
mdl_kubota_s_b20,br_kubota,S B20,S B20,,,,,,,,,,,,supplier_fitment,quarantine,Kubota S B20,,,
mdl_kubota_s_b20_5,br_kubota,S B20-5,S B20-5,,,,,,,,,,,,supplier_fitment,quarantine,Kubota S B20-5,,,
mdl_kubota_s_b20r,br_kubota,S B20R,S B20R,,,,,,,,,,,,supplier_fitment,quarantine,Kubota S B20R,,,
mdl_kubota_s_b20s,br_kubota,S B20S,S B20S,,,,,,,,,,,,supplier_fitment,quarantine,Kubota S B20S,,,
mdl_kubota_s_b20sr,br_kubota,S B20SR,S B20SR,,,,,,,,,,,,supplier_fitment,quarantine,Kubota S B20SR,,,
mdl_kubota_s_b220,br_kubota,S B220,S B220,,,,,,,,,,,,supplier_fitment,quarantine,Kubota S B220,,,
mdl_kubota_s_b45,br_kubota,S B45,S B45,,,,,,,,,,,,supplier_fitment,quarantine,Kubota S B45,,,
mdl_kubota_sc75,br_kubota,SC75,SC75,,,,,,,,,,,,supplier_fitment,quarantine,Kubota SC75,,,
mdl_kubota_schaeff,br_kubota,SCHAEFF,SCHAEFF,,,,,,,,,,,,supplier_fitment,quarantine,Kubota SCHAEFF,,,
mdl_kubota_scl1000,br_kubota,SCL1000,SCL1000,Compact Track Loader,Universal Quick-Attach,ts_230x72x43,,,,,,,,Needs Review,airtable|shopify_meta|supplier_fitment,active_v1,Kubota SCL1000,kubota-scl1000,/pages/equipment-model/kubota-scl1000,track_finder_v1
mdl_kubota_sh60,br_kubota,SH60,SH60,,,,,,,,,,,,supplier_fitment,quarantine,Kubota SH60,,,
mdl_kubota_ssv65,br_kubota,SSV65,SSV65,,,,,,,,,,,,supplier_fitment|supplier_products,quarantine,Kubota SSV65,,,
mdl_kubota_ssv75,br_kubota,SSV75,SSV75,,,,,,,,,,,,supplier_fitment|supplier_products,quarantine,Kubota SSV75,,,
mdl_kubota_sumitomo,br_kubota,SUMITOMO,SUMITOMO,,,,,,,,,,,,supplier_fitment,quarantine,Kubota SUMITOMO,,,
mdl_kubota_svl65,br_kubota,SVL65,SVL65,Skid Steer,,ts_400x86x52,,,,,,,,Verified,airtable|fitment_json|shopify_meta|size_index,active_v1,Kubota SVL65,kubota-svl65,/pages/equipment-model/kubota-svl65,track_finder_v1
mdl_kubota_svl65_2,br_kubota,SVL65-2,SVL65-2,Skid Steer,Universal Skid Steer,ts_320x86x52,68,7200,18.0,26.0,2900,Vertical,,Verified,airtable|fitment_json|shopify_meta|size_index|supplier_fitment|supplier_products,active_v1,Kubota SVL65-2,kubota-svl65-2,/pages/equipment-model/kubota-svl65-2,track_finder_v1
mdl_kubota_svl75,br_kubota,SVL75,SVL75,Skid Steer,,ts_400x86x52,,9358,17.4,,,,,Verified,airtable|fitment_json|shopify_meta|size_index|supplier_fitment,active_v1,Kubota SVL75,kubota-svl75,/pages/equipment-model/kubota-svl75,track_finder_v1
mdl_kubota_svl75_2,br_kubota,SVL75-2,SVL75-2,Skid Steer,Universal Skid Steer,ts_320x86x52,74,8600,21.0,28.0,3100,Vertical,,Verified,airtable|fitment_json|shopify_meta|size_index|supplier_fitment|supplier_products,active_v1,Kubota SVL75,kubota-svl75-2,/pages/equipment-model/kubota-svl75-2,track_finder_v1
mdl_kubota_svl75_2c,br_kubota,SVL75-2C,SVL75-2C,,,ts_400x86x52,,,,,,,,,size_index,review,Kubota SVL75,,,
mdl_kubota_svl75_2w,br_kubota,SVL75-2W,SVL75-2W,,,,,,,,,,,,supplier_fitment,quarantine,Kubota SVL75,,,
mdl_kubota_svl75_3,br_kubota,SVL75-3,SVL75-3,Skid Steer,Universal Quick-Attach,ts_320x86x52,74,9000,22.0,30.0,3200,Vertical,,Verified,airtable|fitment_json|shopify_meta|size_index|supplier_fitment|supplier_products,active_v1,Kubota SVL75,kubota-svl75-3,/pages/equipment-model/kubota-svl75-3,track_finder_v1
mdl_kubota_svl75c,br_kubota,SVL75C,SVL75C,Skid Steer,Universal Quick-Attach,ts_320x86x52,,,,,,,,Needs Review,airtable|fitment_json,active_v1,Kubota SVL75,kubota-svl75c,/pages/equipment-model/kubota-svl75c,track_finder_v1
mdl_kubota_svl90,br_kubota,SVL90,SVL90,Compact Track Loader,Universal Skid Steer,ts_400x86x52,,9200,,,,,,Verified,airtable|fitment_json|shopify_meta|size_index|supplier_fitment,reference,Kubota SVL90,,,
mdl_kubota_svl90_2,br_kubota,SVL90-2,SVL90-2,Skid Steer,Universal Quick-Attach,ts_450x86bx58,,,,,,,,Verified,airtable|fitment_json|shopify_meta|supplier_fitment|supplier_products,active_v1,Kubota SVL90,kubota-svl90-2,/pages/equipment-model/kubota-svl90-2,track_finder_v1
mdl_kubota_svl95,br_kubota,SVL95,SVL95,,,,,,,,,,,,supplier_fitment,quarantine,Kubota SVL95,,,
mdl_kubota_svl95_2,br_kubota,SVL95-2,SVL95-2,Skid Steer,Universal Skid Steer,ts_450x86bx58,96,10800,24.0,34.0,3500,Vertical,,Verified,airtable|fitment_json|shopify_meta|supplier_fitment,active_v1,Kubota SVL95-2,kubota-svl95-2,/pages/equipment-model/kubota-svl95-2,track_finder_v1
mdl_kubota_svl95_2s,br_kubota,SVL95-2S,SVL95-2S,Skid Steer,,ts_450x86bx58,96,11574,40.0,,,,,Needs Review,airtable|shopify_meta|supplier_fitment,active_v1,Kubota SVL95-2S,kubota-svl95-2s,/pages/equipment-model/kubota-svl95-2s,track_finder_v1
mdl_kubota_svl97_2,br_kubota,SVL97-2,SVL97-2,Skid Steer,Universal Skid Steer,ts_450x86bx58,96,11700,24.0,34.0,3500,Vertical,,Verified,airtable|fitment_json|shopify_meta|supplier_fitment,active_v1,Kubota SVL97,kubota-svl97-2,/pages/equipment-model/kubota-svl97-2,track_finder_v1
mdl_kubota_svl97_3,br_kubota,SVL97-3,SVL97-3,Skid Steer,Universal Quick-Attach,ts_450x86bx58,96,11400,25.0,36.0,3500,Vertical,,Verified,airtable|fitment_json|shopify_meta,active_v1,Kubota SVL97,kubota-svl97-3,/pages/equipment-model/kubota-svl97-3,track_finder_v1
mdl_kubota_trk120,br_kubota,TRK120,TRK120,,,,,,,,,,,,supplier_fitment,quarantine,Kubota TRK120,,,
mdl_kubota_u008,br_kubota,U008,U008,,,,,,,,,,,,supplier_fitment,quarantine,Kubota U008,,,
mdl_kubota_u10_5,br_kubota,U10-5,U10-5,Mini Excavator,Excavator Pin-On,ts_180x72x37,,,,,,,,Needs Review,airtable,review,Kubota U10-5,,,
mdl_kubota_u15,br_kubota,U15,U15,Mini Excavator,,ts_230x48x70,,,,,,,,,size_index|supplier_fitment,active_v1,Kubota U15,kubota-u15,/pages/equipment-model/kubota-u15,track_finder_v1
mdl_kubota_u15_3,br_kubota,U15-3,U15-3,,,,,,,,,,,,supplier_fitment,quarantine,Kubota U15-3,,,
mdl_kubota_u17,br_kubota,U17,U17,Mini Excavator,Excavator Pin-On,ts_230x48x70,17,3703,3.5,,,,,Needs Review,airtable|shopify_meta|size_index|supplier_fitment,active_v1,Kubota U17,kubota-u17,/pages/equipment-model/kubota-u17,track_finder_v1
mdl_kubota_u17_3,br_kubota,U17-3,U17-3,Mini Excavator,Excavator Pin-On,ts_230x48x70,14,3880,4.2,,2560,Zero,,Needs Review,airtable|shopify_meta|supplier_fitment,active_v1,Kubota U17-3,kubota-u-17-3,/pages/equipment-model/kubota-u-17-3,track_finder_v1
mdl_kubota_u20_3,br_kubota,U20-3,U20-3,,,,,,,,,,,,supplier_fitment,quarantine,Kubota U20-3,,,
mdl_kubota_u25,br_kubota,U25,U25,Mini Excavator,Excavator Pin-On,ts_300x525nx80,20,5625,20.3,,,,,Needs Review,airtable|fitment_json|shopify_meta|supplier_fitment,active_v1,Kubota U25,kubota-u25,/pages/equipment-model/kubota-u25,track_finder_v1
mdl_kubota_u25_3,br_kubota,U25-3,U25-3,Mini Excavator,Excavator Pin-On,ts_300x525nx80,20,5625,20.3,,,,,Verified,airtable|fitment_json|shopify_meta|supplier_fitment|supplier_products,active_v1,Kubota U25-3,kubota-u-25-3,/pages/equipment-model/kubota-u-25-3,track_finder_v1
mdl_kubota_u25_3g,br_kubota,U25-3G,U25-3G,,,,,,,,,,,,supplier_fitment,quarantine,Kubota U25-3G,,,
mdl_kubota_u25s,br_kubota,U25S,U25S,,,,,,,,,,,,supplier_fitment,quarantine,Kubota U25S,,,
mdl_kubota_u27_4,br_kubota,U27-4,U27-4,Mini Excavator,Excavator Pin-On,ts_300x525nx80,21,5820,7.1,,3046,Zero,,Needs Review,airtable|fitment_json|shopify_meta|supplier_fitment,active_v1,Kubota U27-4,kubota-u27-4,/pages/equipment-model/kubota-u27-4,track_finder_v1
mdl_kubota_u30,br_kubota,U30,U30,Mini Excavator,Excavator Pin-On,ts_300x525nx84,,,,,,,,Verified,airtable|fitment_json|shopify_meta|supplier_fitment,active_v1,Kubota U30,kubota-u-30,/pages/equipment-model/kubota-u-30,track_finder_v1
mdl_kubota_u30_1,br_kubota,U30-1,U30-1,Mini Excavator,Excavator Pin-On,ts_300x525nx84,,,,,,,,Verified,airtable|fitment_json|shopify_meta|supplier_fitment,active_v1,Kubota U30-1,kubota-u-30-1,/pages/equipment-model/kubota-u-30-1,track_finder_v1
mdl_kubota_u30_2,br_kubota,U30-2,U30-2,Mini Excavator,Excavator Pin-On,ts_300x525nx84,,,,,,,,Verified,airtable|fitment_json|shopify_meta|supplier_fitment,active_v1,Kubota U30-2,kubota-u-30-2,/pages/equipment-model/kubota-u-30-2,track_finder_v1
mdl_kubota_u30_3,br_kubota,U30-3,U30-3,Mini Excavator,Excavator Pin-On,ts_300x525nx84,,,,,,,,Verified,airtable|fitment_json|shopify_meta|supplier_fitment|supplier_products,active_v1,Kubota U30-3,kubota-u-30-3,/pages/equipment-model/kubota-u-30-3,track_finder_v1
mdl_kubota_u30hg,br_kubota,U30HG,U30HG,,,,,,,,,,,,supplier_fitment,quarantine,Kubota U30HG,,,
mdl_kubota_u35,br_kubota,U35,U35,Mini Excavator,Excavator Pin-On,ts_300x525nx84,28,8234,20.6,,,,,Needs Review,airtable|fitment_json|shopify_meta|supplier_fitment|supplier_products,active_v1,Kubota U35,kubota-u35,/pages/equipment-model/kubota-u35,track_finder_v1
mdl_kubota_u35_3,br_kubota,U35-3,U35-3,Mini Excavator,Excavator Pin-On,ts_300x525nx84,28,8234,20.6,,,,,Verified,airtable|fitment_json|shopify_meta|supplier_fitment|supplier_products,active_v1,Kubota U35-3,kubota-u-35-3,/pages/equipment-model/kubota-u-35-3,track_finder_v1
mdl_kubota_u35_3s,br_kubota,U35-3S,U35-3S,,,,,,,,,,,,supplier_fitment,quarantine,Kubota U35-3S,,,
mdl_kubota_u35_4,br_kubota,U35-4,U35-4,Mini Excavator,Excavator Pin-On,ts_300x525nx84,24,7870,10.3,,3336,Zero,,Needs Review,airtable|fitment_json|shopify_meta|supplier_fitment,active_v1,Kubota U35-4,kubota-u-35-4,/pages/equipment-model/kubota-u-35-4,track_finder_v1
mdl_kubota_u35s,br_kubota,U35S,U35S,Mini Excavator,Excavator Pin-On,ts_300x525nx84,28,8234,20.6,,,,,Verified,airtable|fitment_json|shopify_meta,active_v1,Kubota U35S,kubota-u-35s,/pages/equipment-model/kubota-u-35s,track_finder_v1
mdl_kubota_u45,br_kubota,U45,U45,Mini Excavator,Excavator Pin-On,ts_400x725kx72,42,11850,32.1,,,,,Verified,airtable|fitment_json|shopify_meta|supplier_fitment,active_v1,Kubota U45,kubota-u-45,/pages/equipment-model/kubota-u-45,track_finder_v1
mdl_kubota_u45_3,br_kubota,U45-3,U45-3,Mini Excavator,Excavator Pin-On,ts_400x725kx74,,,,,,,,Verified,airtable|fitment_json|shopify_meta|supplier_fitment,active_v1,Kubota U45-3,kubota-u-45-3,/pages/equipment-model/kubota-u-45-3,track_finder_v1
mdl_kubota_u45_3ss,br_kubota,U45-3SS,U45-3SS,,,,,,,,,,,,supplier_fitment,quarantine,Kubota U45-3SS,,,
mdl_kubota_u45g,br_kubota,U45G,U45G,,,,,,,,,,,,supplier_fitment,quarantine,Kubota U45G,,,
mdl_kubota_u45s,br_kubota,U45S,U45S,Mini Excavator,Excavator Pin-On,ts_400x725kx74,,,,,,,,Needs Review,airtable|fitment_json|shopify_meta|supplier_fitment,active_v1,Kubota U45S,kubota-u45s,/pages/equipment-model/kubota-u45s,track_finder_v1
mdl_kubota_u45st,br_kubota,U45ST,U45ST,Mini Excavator,Excavator Pin-On,ts_400x725kx74,,,,,,,,Needs Review,airtable|fitment_json,active_v1,Kubota U45ST,kubota-u45st,/pages/equipment-model/kubota-u45st,track_finder_v1
mdl_kubota_u48_4,br_kubota,U48-4,U48-4,Mini Excavator,Excavator Pin-On,ts_400x725kx74,,,,,,,,Verified,airtable|fitment_json|shopify_meta|supplier_fitment,active_v1,Kubota U48-4,kubota-u-48-4,/pages/equipment-model/kubota-u-48-4,track_finder_v1
mdl_kubota_u48_5,br_kubota,U48-5,U48-5,Mini Excavator,Excavator Pin-On,ts_400x725kx74,,,,,,,,Needs Review,airtable|fitment_json|shopify_meta|supplier_fitment,active_v1,Kubota U48-5,kubota-u48-5,/pages/equipment-model/kubota-u48-5,track_finder_v1
mdl_kubota_u50_3,br_kubota,U50-3,U50-3,,,,,,,,,,,,supplier_fitment,quarantine,Kubota U50-3,,,
mdl_kubota_u55,br_kubota,U55,U55,Mini Excavator,Excavator Pin-On,ts_400x725kx74,49,,11.9,,,,,Needs Review,airtable|fitment_json|shopify_meta|supplier_fitment,active_v1,Kubota U55,kubota-u55,/pages/equipment-model/kubota-u55,track_finder_v1
mdl_kubota_u55_3,br_kubota,U55-3,U55-3,,,,,,,,,,,,supplier_fitment,quarantine,Kubota U55-3,,,
mdl_kubota_u55_4,br_kubota,U55-4,U55-4,Mini Excavator,Excavator Pin-On,ts_400x725kx74,49,,11.9,,,,,Needs Review,airtable|fitment_json|shopify_meta|supplier_fitment,active_v1,Kubota U55-4,kubota-u55-4,/pages/equipment-model/kubota-u55-4,track_finder_v1
mdl_kubota_u55_4s,br_kubota,U55-4S,U55-4S,,,,,,,,,,,,supplier_fitment,quarantine,Kubota U55-4S,,,
mdl_kubota_u55_5,br_kubota,U55-5,U55-5,Mini Excavator,Excavator Pin-On,,,,,,,,,Needs Review,airtable|shopify_meta|supplier_fitment,review,Kubota U55-5,,,
mdl_kubota_u_15,br_kubota,U-15,U-15,,,ts_230x48x70,,,,,,,,,shopify_meta|size_index,review,Kubota U-15,,,
mdl_kubota_u_15_3,br_kubota,U-15-3,U-15-3,Mini Excavator,,ts_230x48x70,,,,,,,,,shopify_meta|size_index,active_v1,Kubota U-15-3,kubota-u-15-3,/pages/equipment-model/kubota-u-15-3,track_finder_v1
mdl_kubota_u_17,br_kubota,U-17,U-17,,,ts_230x48x70,,,,,,,,,size_index,review,Kubota U-17,,,
mdl_kubota_u_17_3,br_kubota,U-17-3,U-17-3,,,ts_230x48x70,,,,,,,,,size_index,review,Kubota U-17-3,,,
mdl_kubota_ux30,br_kubota,UX30,UX30,,,,,,,,,,,,supplier_fitment,quarantine,Kubota UX30,,,
mdl_kubota_x1,br_kubota,X1,X1,,,,,,,,,,,,supplier_fitment,quarantine,Kubota X1,,,
mdl_manitou_1050rt,br_manitou,1050RT,1050RT,Compact Track Loader,Universal Quick-Attach,ts_320x86x52,,,,,,,,Needs Review,airtable,review,Manitou 1050RT,,,
mdl_manitou_1350r,br_manitou,1350R,1350R,,,,,,,,,,,,supplier_fitment,quarantine,Manitou 1350R,,,
mdl_manitou_1650r,br_manitou,1650R,1650R,,,,,,,,,,,,supplier_fitment,quarantine,Manitou 1650R,,,
mdl_manitou_1650rt,br_manitou,1650RT,1650RT,Compact Track Loader,Universal Quick-Attach,,,,,,,,,Needs Review,airtable|shopify_meta,review,Manitou 1650RT,,,
mdl_manitou_1850rt,br_manitou,1850RT,1850RT,,,,,,,,,,,,supplier_fitment,quarantine,Manitou 1850RT,,,
mdl_manitou_2100rt,br_manitou,2100RT,2100RT,,,,,,,,,,,,supplier_fitment,quarantine,Manitou 2100RT,,,
mdl_manitou_2150rt,br_manitou,2150RT,2150RT,Compact Track Loader,Universal Quick-Attach,,,,,,,,,Needs Review,airtable|shopify_meta|supplier_fitment,review,Manitou 2150RT,,,
mdl_manitou_2200r,br_manitou,2200R,2200R,,,,,,,,,,,,supplier_fitment,quarantine,Manitou 2200R,,,
mdl_manitou_2550rt,br_manitou,2550RT,2550RT,,,,,,,,,,,,supplier_fitment,quarantine,Manitou 2550RT,,,
mdl_manitou_2600rt,br_manitou,2600RT,2600RT,Compact Track Loader,Universal Quick-Attach,ts_400x86x52,,,,,,,,Needs Review,airtable,review,Manitou 2600RT,,,
mdl_manitou_2700v,br_manitou,2700V,2700V,,,,,,,,,,,,supplier_fitment,quarantine,Manitou 2700V,,,
mdl_manitou_3200vt,br_manitou,3200VT,3200VT,Skid Steer,Universal Quick-Attach,ts_450x86bx58,,,,,,,,Needs Review,airtable|fitment_json|shopify_meta|supplier_fitment,active_v1,Manitou 3200VT,manitou-3200vt,/pages/equipment-model/manitou-3200vt,track_finder_v1
mdl_manitou_3300v,br_manitou,3300V,3300V,,,,,,,,,,,,supplier_fitment,quarantine,Manitou 3300V,,,
mdl_manitou_4266,br_manitou,4266,4266,,,,,,,,,,,,supplier_fitment,quarantine,Manitou 4266,,,
mdl_manitou_6042,br_manitou,6042,6042,,,,,,,,,,,,supplier_fitment,quarantine,Manitou 6042,,,
mdl_manitou_8042,br_manitou,8042,8042,,,,,,,,,,,,supplier_fitment,quarantine,Manitou 8042,,,
mdl_manitou_mvt1230l,br_manitou,MVT1230L,MVT1230L,,,,,,,,,,,,supplier_fitment,quarantine,Manitou MVT1230L,,,
mdl_manitou_mx65,br_manitou,MX65,MX65,Skid Steer,,ts_320x86bx50,,,,,,,,,fitment_json|shopify_meta|size_index,active_v1,Manitou MX65,manitou-mx65,/pages/equipment-model/manitou-mx65,track_finder_v1
mdl_manitou_mx_65,br_manitou,MX 65,MX 65,,,,,,,,,,,,size_index,reference,Manitou MX 65,,,
mdl_manitou_skytrak,br_manitou,SKYTRAK,SKYTRAK,,,,,,,,,,,,supplier_fitment,quarantine,Manitou SKYTRAK,,,
mdl_more_10042,br_more,10042,10042,,,,,,,,,,,,supplier_fitment,quarantine,More 10042,,,
mdl_more_10054,br_more,10054,10054,,,,,,,,,,,,supplier_fitment,quarantine,More 10054,,,
mdl_more_1044c_54,br_more,1044C-54,1044C-54,,,,,,,,,,,,supplier_fitment,quarantine,More 1044C-54,,,
mdl_more_23rtk,br_more,23RTK,23RTK,,,,,,,,,,,,supplier_fitment,quarantine,More 23RTK,,,
mdl_more_642,br_more,642,642,,,,,,,,,,,,supplier_fitment,quarantine,More 642,,,
mdl_more_644b_42,br_more,644B-42,644B-42,,,,,,,,,,,,supplier_fitment,quarantine,More 644B-42,,,
mdl_more_644c_42,br_more,644C-42,644C-42,,,,,,,,,,,,supplier_fitment,quarantine,More 644C-42,,,
mdl_more_6k_37,br_more,6K-37,6K-37,,,,,,,,,,,,supplier_fitment,quarantine,More 6K-37,,,
mdl_more_8042,br_more,8042,8042,,,,,,,,,,,,supplier_fitment,quarantine,More 8042,,,
mdl_more_844,br_more,844,844,,,,,,,,,,,,supplier_fitment,quarantine,More 844,,,
mdl_more_844b,br_more,844B,844B,,,,,,,,,,,,supplier_fitment,quarantine,More 844B,,,
mdl_more_844c_42,br_more,844C-42,844C-42,,,,,,,,,,,,supplier_fitment,quarantine,More 844C-42,,,
mdl_more_844g_42,br_more,844G-42,844G-42,,,,,,,,,,,,supplier_fitment,quarantine,More 844G-42,,,
mdl_more_880rtb,br_more,880RTB,880RTB,,,,,,,,,,,,supplier_fitment,quarantine,More 880RTB,,,
mdl_more_8t50,br_more,8T50,8T50,,,,,,,,,,,,supplier_fitment,quarantine,More 8T50,,,
mdl_more_944e_42,br_more,944E-42,944E-42,,,,,,,,,,,,supplier_fitment,quarantine,More 944E-42,,,
mdl_more_barreto,br_more,BARRETO,BARRETO,,,,,,,,,,,,supplier_fitment,quarantine,More BARRETO,,,
mdl_more_barreto_23rtk,br_more,BARRETO 23RTK,BARRETO 23RTK,,,,,,,,,,,,supplier_products,quarantine,More BARRETO 23RTK,,,
mdl_more_blaw_knox,br_more,BLAW-KNOX,BLAW-KNOX,,,,,,,,,,,,supplier_fitment,quarantine,More BLAW-KNOX,,,
mdl_more_bomag,br_more,BOMAG,BOMAG,,,,,,,,,,,,supplier_fitment,quarantine,More BOMAG,,,
mdl_more_bomag_cr820t,br_more,BOMAG CR820T,BOMAG CR820T,,,,,,,,,,,,supplier_products,quarantine,More BOMAG CR820T,,,
mdl_more_canycom,br_more,CANYCOM,CANYCOM,,,,,,,,,,,,supplier_fitment,quarantine,More CANYCOM,,,
mdl_more_canycom_sc30,br_more,CANYCOM SC30,CANYCOM SC30,,,,,,,,,,,,supplier_products,quarantine,More CANYCOM SC30,,,
mdl_more_case_tl100,br_more,CASE TL100,CASE TL100,,,,,,,,,,,,supplier_products,quarantine,More CASE TL100,,,
mdl_more_cedar_rapids,br_more,CEDAR RAPIDS,CEDAR RAPIDS,,,,,,,,,,,,supplier_fitment,quarantine,More CEDAR RAPIDS,,,
mdl_more_cr361,br_more,CR361,CR361,,,,,,,,,,,,supplier_fitment,quarantine,More CR361,,,
mdl_more_cr820t,br_more,CR820T,CR820T,,,,,,,,,,,,supplier_fitment,quarantine,More CR820T,,,
mdl_more_genie,br_more,GENIE,GENIE,,,,,,,,,,,,supplier_fitment,quarantine,More GENIE,,,
mdl_more_gradall,br_more,GRADALL,GRADALL,,,,,,,,,,,,supplier_fitment,quarantine,More GRADALL,,,
mdl_more_gth844d,br_more,GTH844D,GTH844D,,,,,,,,,,,,supplier_fitment,quarantine,More GTH844D,,,
mdl_more_gth_1056,br_more,GTH-1056,GTH-1056,,,,,,,,,,,,supplier_fitment,quarantine,More GTH-1056,,,
mdl_more_gth_644,br_more,GTH-644,GTH-644,,,,,,,,,,,,supplier_fitment,quarantine,More GTH-644,,,
mdl_more_gth_842,br_more,GTH-842,GTH-842,,,,,,,,,,,,supplier_fitment,quarantine,More GTH-842,,,
mdl_more_gth_844,br_more,GTH-844,GTH-844,,,,,,,,,,,,supplier_fitment,quarantine,More GTH-844,,,
mdl_more_ihi_80vx,br_more,IHI 80VX,IHI 80VX,,,,,,,,,,,,supplier_products,quarantine,More IHI 80VX,,,
mdl_more_ingersoll_rand,br_more,INGERSOLL RAND,INGERSOLL RAND,,,,,,,,,,,,supplier_fitment,quarantine,More INGERSOLL RAND,,,
mdl_more_ingersoll_rand_pf4410,br_more,INGERSOLL RAND PF4410,INGERSOLL RAND PF4410,,,,,,,,,,,,supplier_products,quarantine,More INGERSOLL RAND PF4410,,,
mdl_more_ingersoll_rand_pf5510,br_more,INGERSOLL RAND PF5510,INGERSOLL RAND PF5510,,,,,,,,,,,,supplier_products,quarantine,More INGERSOLL RAND PF5510,,,
mdl_more_jlg,br_more,JLG,JLG,,,,,,,,,,,,supplier_fitment,quarantine,More JLG,,,
mdl_more_kubota_scl1000,br_more,KUBOTA SCL1000,KUBOTA SCL1000,,,,,,,,,,,,supplier_products,quarantine,More KUBOTA SCL1000,,,
mdl_more_link_belt_80x3,br_more,LINK-BELT 80X3,LINK-BELT 80X3,,,,,,,,,,,,supplier_products,quarantine,More LINK-BELT 80X3,,,
mdl_more_lull,br_more,LULL,LULL,,,,,,,,,,,,supplier_fitment,quarantine,More LULL,,,
mdl_more_manitou_1650r,br_more,MANITOU 1650R,MANITOU 1650R,,,,,,,,,,,,supplier_products,quarantine,More MANITOU 1650R,,,
mdl_more_manitou_1850rt,br_more,MANITOU 1850RT,MANITOU 1850RT,,,,,,,,,,,,supplier_products,quarantine,More MANITOU 1850RT,,,
mdl_more_manitou_2100rt,br_more,MANITOU 2100RT,MANITOU 2100RT,,,,,,,,,,,,supplier_products,quarantine,More MANITOU 2100RT,,,
mdl_more_manitou_2150rt,br_more,MANITOU 2150RT,MANITOU 2150RT,,,,,,,,,,,,supplier_products,quarantine,More MANITOU 2150RT,,,
mdl_more_manitou_mvt1230l,br_more,MANITOU MVT1230L,MANITOU MVT1230L,,,,,,,,,,,,supplier_products,quarantine,More MANITOU MVT1230L,,,
mdl_more_morooka_mst1500vd,br_more,MOROOKA MST1500VD,MOROOKA MST1500VD,,,,,,,,,,,,supplier_products,quarantine,More MOROOKA MST1500VD,,,
mdl_more_morooka_mst2200vd,br_more,MOROOKA MST2200VD,MOROOKA MST2200VD,,,,,,,,,,,,supplier_products,quarantine,More MOROOKA MST2200VD,,,
mdl_more_mustang_2550rt,br_more,MUSTANG 2550RT,MUSTANG 2550RT,,,,,,,,,,,,supplier_products,quarantine,More MUSTANG 2550RT,,,
mdl_more_mustang_2700v,br_more,MUSTANG 2700V,MUSTANG 2700V,,,,,,,,,,,,supplier_products,quarantine,More MUSTANG 2700V,,,
mdl_more_pf4410,br_more,PF4410,PF4410,,,,,,,,,,,,supplier_fitment,quarantine,More PF4410,,,
mdl_more_pf5510,br_more,PF5510,PF5510,,,,,,,,,,,,supplier_fitment,quarantine,More PF5510,,,
mdl_more_pf_4410,br_more,PF-4410,PF-4410,,,,,,,,,,,,supplier_fitment,quarantine,More PF-4410,,,
mdl_more_roadtec,br_more,ROADTEC,ROADTEC,,,,,,,,,,,,supplier_fitment,quarantine,More ROADTEC,,,
mdl_more_roadtec_rp195,br_more,ROADTEC RP195,ROADTEC RP195,,,,,,,,,,,,supplier_products,quarantine,More ROADTEC RP195,,,
mdl_more_rp155,br_more,RP155,RP155,,,,,,,,,,,,supplier_fitment,quarantine,More RP155,,,
mdl_more_rp175,br_more,RP175,RP175,,,,,,,,,,,,supplier_fitment,quarantine,More RP175,,,
mdl_more_rp195,br_more,RP195,RP195,,,,,,,,,,,,supplier_fitment,quarantine,More RP195,,,
mdl_more_rp195e,br_more,RP195E,RP195E,,,,,,,,,,,,supplier_fitment,quarantine,More RP195E,,,
mdl_more_sany_sy16c,br_more,SANY SY16C,SANY SY16C,,,,,,,,,,,,supplier_products,quarantine,More SANY SY16C,,,
mdl_more_sany_sy26u,br_more,SANY SY26U,SANY SY26U,,,,,,,,,,,,supplier_products,quarantine,More SANY SY26U,,,
mdl_more_sany_sy35u,br_more,SANY SY35U,SANY SY35U,,,,,,,,,,,,supplier_products,quarantine,More SANY SY35U,,,
mdl_more_sany_sy50u,br_more,SANY SY50U,SANY SY50U,,,,,,,,,,,,supplier_products,quarantine,More SANY SY50U,,,
mdl_more_sany_sy60c,br_more,SANY SY60C,SANY SY60C,,,,,,,,,,,,supplier_products,quarantine,More SANY SY60C,,,
mdl_more_sany_sy75c,br_more,SANY SY75C,SANY SY75C,,,,,,,,,,,,supplier_products,quarantine,More SANY SY75C,,,
mdl_more_sany_sy80u,br_more,SANY SY80U,SANY SY80U,,,,,,,,,,,,supplier_products,quarantine,More SANY SY80U,,,
mdl_more_sc30,br_more,SC30,SC30,,,,,,,,,,,,supplier_fitment,quarantine,More SC30,,,
mdl_more_sc45,br_more,SC45,SC45,,,,,,,,,,,,supplier_fitment,quarantine,More SC45,,,
mdl_more_skyjack_sj519th,br_more,SKYJACK SJ519TH,SKYJACK SJ519TH,,,,,,,,,,,,supplier_products,quarantine,More SKYJACK SJ519TH,,,
mdl_more_skytrak,br_more,SKYTRAK,SKYTRAK,,,,,,,,,,,,supplier_fitment,quarantine,More SKYTRAK,,,
mdl_more_skytrak_4266,br_more,SKYTRAK 4266,SKYTRAK 4266,,,,,,,,,,,,supplier_products,quarantine,More SKYTRAK 4266,,,
mdl_more_skytrak_6036,br_more,SKYTRAK 6036,SKYTRAK 6036,,,,,,,,,,,,supplier_products,quarantine,More SKYTRAK 6036,,,
mdl_more_super_1700_3i,br_more,SUPER 1700-3I,SUPER 1700-3I,,,,,,,,,,,,supplier_fitment,quarantine,More SUPER 1700-3I,,,
mdl_more_terex_pt_100,br_more,TEREX PT-100,TEREX PT-100,,,,,,,,,,,,supplier_products,quarantine,More TEREX PT-100,,,
mdl_more_terex_pt_110f,br_more,TEREX PT-110F,TEREX PT-110F,,,,,,,,,,,,supplier_products,quarantine,More TEREX PT-110F,,,
mdl_more_terex_pt_50,br_more,TEREX PT-50,TEREX PT-50,,,,,,,,,,,,supplier_products,quarantine,More TEREX PT-50,,,
mdl_more_terex_pt_80,br_more,TEREX PT-80,TEREX PT-80,,,,,,,,,,,,supplier_products,quarantine,More TEREX PT-80,,,
mdl_more_toro_dingo_tx1000,br_more,TORO DINGO TX1000,TORO DINGO TX1000,,,,,,,,,,,,supplier_products,quarantine,More TORO DINGO TX1000,,,
mdl_more_toro_dingo_tx1000w,br_more,TORO DINGO TX1000W,TORO DINGO TX1000W,,,,,,,,,,,,supplier_products,quarantine,More TORO DINGO TX1000W,,,
mdl_more_toro_dingo_tx427w,br_more,TORO DINGO TX427W,TORO DINGO TX427W,,,,,,,,,,,,supplier_products,quarantine,More TORO DINGO TX427W,,,
mdl_more_toro_dingo_tx525n,br_more,TORO DINGO TX525N,TORO DINGO TX525N,,,,,,,,,,,,supplier_products,quarantine,More TORO DINGO TX525N,,,
mdl_more_toro_dingo_txl2000,br_more,TORO DINGO TXL2000,TORO DINGO TXL2000,,,,,,,,,,,,supplier_products,quarantine,More TORO DINGO TXL2000,,,
mdl_more_toro_tx1300,br_more,TORO TX1300,TORO TX1300,,,,,,,,,,,,supplier_products,quarantine,More TORO TX1300,,,
mdl_more_toyota_4sdk10,br_more,TOYOTA 4SDK10,TOYOTA 4SDK10,,,,,,,,,,,,supplier_products,quarantine,More TOYOTA 4SDK10,,,
mdl_more_toyota_4sdk8_h,br_more,TOYOTA 4SDK8-H,TOYOTA 4SDK8-H,,,,,,,,,,,,supplier_products,quarantine,More TOYOTA 4SDK8-H,,,
mdl_more_vision_5100_2,br_more,VISION 5100-2,VISION 5100-2,,,,,,,,,,,,supplier_fitment,quarantine,More VISION 5100-2,,,
mdl_more_vogele,br_more,VOGELE,VOGELE,,,,,,,,,,,,supplier_fitment,quarantine,More VOGELE,,,
mdl_more_wacker_dt10,br_more,WACKER DT10,WACKER DT10,,,,,,,,,,,,supplier_products,quarantine,More WACKER DT10,,,
mdl_more_wacker_sm100,br_more,WACKER SM100,WACKER SM100,,,,,,,,,,,,supplier_products,quarantine,More WACKER SM100,,,
mdl_more_xtreme_xr1245,br_more,XTREME XR1245,XTREME XR1245,,,,,,,,,,,,supplier_products,quarantine,More XTREME XR1245,,,
mdl_mustang_1050r,br_mustang,1050R,1050R,,,,,,,,,,,,supplier_fitment,quarantine,Mustang 1050R,,,
mdl_mustang_1350r,br_mustang,1350R,1350R,Mini Excavator,,ts_320x84bx46,,,,,,,,,size_index|supplier_fitment,active_v1,Mustang 1350R,mustang-1350r,/pages/equipment-model/mustang-1350r,track_finder_v1
mdl_mustang_1500r,br_mustang,1500R,1500R,,,,,,,,,,,,supplier_fitment,quarantine,Mustang 1500R,,,
mdl_mustang_1650_rt,br_mustang,1650 RT,1650 RT,,,,,,,,,,,,size_index,reference,Mustang 1650 RT,,,
mdl_mustang_1650r,br_mustang,1650R,1650R,,,,,,,,,,,,supplier_fitment,quarantine,Mustang 1650R,,,
mdl_mustang_1650rt,br_mustang,1650RT,1650RT,Skid Steer,,ts_320x86bx49,,,,,,,,Verified,airtable|fitment_json|shopify_meta|size_index|supplier_fitment,active_v1,Mustang 1650RT,mustang-1650-rt,/pages/equipment-model/mustang-1650-rt,track_finder_v1
mdl_mustang_1650rt_please_confirm_width,br_mustang,1650RT PLEASE CONFIRM WIDTH,1650RT PLEASE CONFIRM WIDTH,,,,,,,,,,,,size_index,quarantine,Mustang 1650RT PLEASE CONFIRM WIDTH,,,
mdl_mustang_1750_rt,br_mustang,1750 RT,1750 RT,Skid Steer,,ts_320x86bx54,,,,,,,,,shopify_meta,active_v1,Mustang 1750 RT,mustang-1750-rt,/pages/equipment-model/mustang-1750-rt,track_finder_v1
mdl_mustang_1750rt,br_mustang,1750RT,1750RT,,,,,,,,,,,,fitment_json|supplier_fitment,reference,Mustang 1750RT,,,
mdl_mustang_1750rt_2,br_mustang,1750RT-2,1750RT-2,,,,,,,,,,,,supplier_fitment,quarantine,Mustang 1750RT-2,,,
mdl_mustang_1850rt,br_mustang,1850RT,1850RT,,,,,,,,,,,,supplier_fitment,quarantine,Mustang 1850RT,,,
mdl_mustang_1900r,br_mustang,1900R,1900R,,,,,,,,,,,,supplier_fitment,quarantine,Mustang 1900R,,,
mdl_mustang_2022,br_mustang,2022,2022,,,,,,,,,,,,supplier_fitment,quarantine,Mustang 2022,,,
mdl_mustang_2026,br_mustang,2026,2026,,,,,,,,,,,,supplier_fitment,quarantine,Mustang 2026,,,
mdl_mustang_2032,br_mustang,2032,2032,,,,,,,,,,,,supplier_fitment,quarantine,Mustang 2032,,,
mdl_mustang_2041,br_mustang,2041,2041,,,,,,,,,,,,supplier_fitment,quarantine,Mustang 2041,,,
mdl_mustang_2042,br_mustang,2042,2042,,,,,,,,,,,,supplier_fitment,quarantine,Mustang 2042,,,
mdl_mustang_2044,br_mustang,2044,2044,,,,,,,,,,,,supplier_fitment,quarantine,Mustang 2044,,,
mdl_mustang_2050,br_mustang,2050,2050,,,,,,,,,,,,supplier_fitment,quarantine,Mustang 2050,,,
mdl_mustang_2050hiflow,br_mustang,2050HIFLOW,2050HIFLOW,,,,,,,,,,,,supplier_fitment,quarantine,Mustang 2050HIFLOW,,,
mdl_mustang_2054,br_mustang,2054,2054,,,,,,,,,,,,supplier_fitment,quarantine,Mustang 2054,,,
mdl_mustang_2056,br_mustang,2056,2056,,,,,,,,,,,,supplier_fitment,quarantine,Mustang 2056,,,
mdl_mustang_2060,br_mustang,2060,2060,,,,,,,,,,,,supplier_fitment,quarantine,Mustang 2060,,,
mdl_mustang_2060hiflow,br_mustang,2060HIFLOW,2060HIFLOW,,,,,,,,,,,,supplier_fitment,quarantine,Mustang 2060HIFLOW,,,
mdl_mustang_2064,br_mustang,2064,2064,,,,,,,,,,,,supplier_fitment,quarantine,Mustang 2064,,,
mdl_mustang_2066,br_mustang,2066,2066,,,,,,,,,,,,supplier_fitment,quarantine,Mustang 2066,,,
mdl_mustang_2070,br_mustang,2070,2070,,,,,,,,,,,,supplier_fitment,quarantine,Mustang 2070,,,
mdl_mustang_2070hiflow,br_mustang,2070HIFLOW,2070HIFLOW,,,,,,,,,,,,supplier_fitment,quarantine,Mustang 2070HIFLOW,,,
mdl_mustang_2074,br_mustang,2074,2074,,,,,,,,,,,,supplier_fitment,quarantine,Mustang 2074,,,
mdl_mustang_2076,br_mustang,2076,2076,,,,,,,,,,,,supplier_fitment,quarantine,Mustang 2076,,,
mdl_mustang_2086,br_mustang,2086,2086,,,,,,,,,,,,supplier_fitment,quarantine,Mustang 2086,,,
mdl_mustang_2095,br_mustang,2095,2095,,,,,,,,,,,,supplier_fitment,quarantine,Mustang 2095,,,
mdl_mustang_2099,br_mustang,2099,2099,,,,,,,,,,,,supplier_fitment,quarantine,Mustang 2099,,,
mdl_mustang_2100rt,br_mustang,2100RT,2100RT,Skid Steer,Universal Quick-Attach,ts_450x86bx56,,,,,,,,Verified,airtable|fitment_json|shopify_meta|supplier_fitment,active_v1,Mustang 2100RT,mustang-2100rt,/pages/equipment-model/mustang-2100rt,track_finder_v1
mdl_mustang_2100rt_2,br_mustang,2100RT-2,2100RT-2,,,,,,,,,,,,supplier_fitment,quarantine,Mustang 2100RT-2,,,
mdl_mustang_2105,br_mustang,2105,2105,,,,,,,,,,,,supplier_fitment,quarantine,Mustang 2105,,,
mdl_mustang_2109,br_mustang,2109,2109,,,,,,,,,,,,supplier_fitment,quarantine,Mustang 2109,,,
mdl_mustang_2150rt,br_mustang,2150RT,2150RT,Skid Steer,,ts_450x86bx56,,,,,,,,Verified,airtable|fitment_json|shopify_meta|supplier_fitment,active_v1,Mustang 2150RT,mustang-2150rt,/pages/equipment-model/mustang-2150rt,track_finder_v1
mdl_mustang_2150rt_duplicate,br_mustang,2150RT DUPLICATE,2150RT DUPLICATE,,,,,,,,,,,,supplier_fitment,quarantine,Mustang 2150RT DUPLICATE,,,
mdl_mustang_2200r,br_mustang,2200R,2200R,,,,,,,,,,,,supplier_fitment,quarantine,Mustang 2200R,,,
mdl_mustang_2300d,br_mustang,2300D,2300D,,,,,,,,,,,,supplier_fitment,quarantine,Mustang 2300D,,,
mdl_mustang_2300dx,br_mustang,2300DX,2300DX,,,,,,,,,,,,supplier_fitment,quarantine,Mustang 2300DX,,,
mdl_mustang_2500rt,br_mustang,2500RT,2500RT,Skid Steer,Universal Quick-Attach,ts_450x86bx58,,,,,,,,Verified,airtable|fitment_json|shopify_meta|supplier_fitment,active_v1,Mustang 2500RT,mustang-2500rt,/pages/equipment-model/mustang-2500rt,track_finder_v1
mdl_mustang_2550rt,br_mustang,2550RT,2550RT,,,,,,,,,,,,supplier_fitment,quarantine,Mustang 2550RT,,,
mdl_mustang_2600r,br_mustang,2600R,2600R,,,,,,,,,,,,supplier_fitment,quarantine,Mustang 2600R,,,
mdl_mustang_2700v,br_mustang,2700V,2700V,,,,,,,,,,,,supplier_fitment,quarantine,Mustang 2700V,,,
mdl_mustang_3200vt,br_mustang,3200VT,3200VT,,,,,,,,,,,,supplier_fitment,quarantine,Mustang 3200VT,,,
mdl_mustang_3300v,br_mustang,3300V,3300V,,,,,,,,,,,,supplier_fitment,quarantine,Mustang 3300V,,,
mdl_mustang_345,br_mustang,345,345,,,,,,,,,,,,supplier_fitment,quarantine,Mustang 345,,,
mdl_mustang_350z_nxt2,br_mustang,350Z NXT2,350Z NXT2,,,,,,,,,,,,supplier_fitment,quarantine,Mustang 350Z NXT2,,,
mdl_mustang_4000v,br_mustang,4000V,4000V,,,,,,,,,,,,supplier_fitment,quarantine,Mustang 4000V,,,
mdl_mustang_4200v,br_mustang,4200V,4200V,,,,,,,,,,,,supplier_fitment,quarantine,Mustang 4200V,,,
mdl_mustang_440,br_mustang,440,440,,,,,,,,,,,,supplier_fitment,quarantine,Mustang 440,,,
mdl_mustang_450z,br_mustang,450Z,450Z,,,,,,,,,,,,supplier_fitment,quarantine,Mustang 450Z,,,
mdl_mustang_450z_nxt2_us_market,br_mustang,450Z-NXT2-US-MARKET,450Z-NXT2-US-MARKET,,,ts_400x755x74,,,,,,,,,size_index,review,Mustang 450Z-NXT2-US-MARKET,,,
mdl_mustang_5003zt,br_mustang,5003ZT,5003ZT,,,,,,,,,,,,supplier_fitment,quarantine,Mustang 5003ZT,,,
mdl_mustang_550z,br_mustang,550Z,550Z,,,,,,,,,,,,supplier_fitment,quarantine,Mustang 550Z,,,
mdl_mustang_7503zt,br_mustang,7503ZT,7503ZT,,,,,,,,,,,,supplier_fitment,quarantine,Mustang 7503ZT,,,
mdl_mustang_800z,br_mustang,800Z,800Z,,,,,,,,,,,,size_index,quarantine,Mustang 800Z,,,
mdl_mustang_920,br_mustang,920,920,,,,,,,,,,,,supplier_fitment,quarantine,Mustang 920,,,
mdl_mustang_930a,br_mustang,930A,930A,,,,,,,,,,,,supplier_fitment,quarantine,Mustang 930A,,,
mdl_mustang_940,br_mustang,940,940,,,,,,,,,,,,supplier_fitment,quarantine,Mustang 940,,,
mdl_mustang_960,br_mustang,960,960,,,,,,,,,,,,supplier_fitment,quarantine,Mustang 960,,,
mdl_mustang_case_17rtnmaxi,br_mustang,CASE 17RTNMAXI,CASE 17RTNMAXI,,,ts_230x48x60,,,,,,,,,shopify_meta,review,Mustang CASE 17RTNMAXI,,,
mdl_mustang_case_cx14,br_mustang,CASE CX14,CASE CX14,,,ts_230x48x70,,,,,,,,,shopify_meta,review,Mustang CASE CX14,,,
mdl_mustang_case_cx15stc,br_mustang,CASE CX15STC,CASE CX15STC,,,ts_230x48x70,,,,,,,,,shopify_meta,review,Mustang CASE CX15STC,,,
mdl_mustang_hr32,br_mustang,HR32,HR32,,,,,,,,,,,,supplier_fitment,quarantine,Mustang HR32,,,
mdl_mustang_hr32ci,br_mustang,HR32CI,HR32CI,,,,,,,,,,,,supplier_fitment,quarantine,Mustang HR32CI,,,
mdl_mustang_ls1000fxj2,br_mustang,LS1000FXJ2,LS1000FXJ2,,,,,,,,,,,,supplier_fitment,quarantine,Mustang LS1000FXJ2,,,
mdl_mustang_ls1000fxj3,br_mustang,LS1000FXJ3,LS1000FXJ3,,,,,,,,,,,,supplier_fitment,quarantine,Mustang LS1000FXJ3,,,
mdl_mustang_me1503,br_mustang,ME1503,ME1503,,,,,,,,,,,,supplier_fitment,quarantine,Mustang ME1503,,,
mdl_mustang_me1902,br_mustang,ME1902,ME1902,,,,,,,,,,,,supplier_fitment,quarantine,Mustang ME1902,,,
mdl_mustang_me2202,br_mustang,ME2202,ME2202,,,,,,,,,,,,supplier_fitment,quarantine,Mustang ME2202,,,
mdl_mustang_me2503,br_mustang,ME2503,ME2503,,,,,,,,,,,,supplier_fitment,quarantine,Mustang ME2503,,,
mdl_mustang_me2702,br_mustang,ME2702,ME2702,,,,,,,,,,,,supplier_fitment,quarantine,Mustang ME2702,,,
mdl_mustang_me2902,br_mustang,ME2902,ME2902,,,,,,,,,,,,supplier_fitment,quarantine,Mustang ME2902,,,
mdl_mustang_me3003,br_mustang,ME3003,ME3003,,,,,,,,,,,,supplier_fitment,quarantine,Mustang ME3003,,,
mdl_mustang_me3402,br_mustang,ME3402,ME3402,,,,,,,,,,,,supplier_fitment,quarantine,Mustang ME3402,,,
mdl_mustang_me3503,br_mustang,ME3503,ME3503,,,,,,,,,,,,supplier_fitment,quarantine,Mustang ME3503,,,
mdl_mustang_me3602,br_mustang,ME3602,ME3602,,,,,,,,,,,,supplier_fitment,quarantine,Mustang ME3602,,,
mdl_mustang_me3703,br_mustang,ME3703,ME3703,,,,,,,,,,,,supplier_fitment,quarantine,Mustang ME3703,,,
mdl_mustang_me5002,br_mustang,ME5002,ME5002,Mini Excavator,Excavator Pin-On,ts_400x725kx74,,,,,,,,Needs Review,airtable|fitment_json|shopify_meta|supplier_fitment,active_v1,Mustang ME5002,mustang-me5002,/pages/equipment-model/mustang-me5002,track_finder_v1
mdl_mustang_me6002,br_mustang,ME6002,ME6002,Mini Excavator,Excavator Pin-On,ts_400x725kx74,,,,,,,,Needs Review,airtable|fitment_json|shopify_meta|supplier_fitment,active_v1,Mustang ME6002,mustang-me6002,/pages/equipment-model/mustang-me6002,track_finder_v1
mdl_mustang_me6003,br_mustang,ME6003,ME6003,Mini Excavator,Excavator Pin-On,ts_400x725kx74,,,,,,,,Needs Review,airtable|fitment_json|shopify_meta|supplier_fitment,active_v1,Mustang ME6003,mustang-me6003,/pages/equipment-model/mustang-me6003,track_finder_v1
mdl_mustang_me6502,br_mustang,ME6502,ME6502,Mini Excavator,Excavator Pin-On,ts_400x725kx74,,,,,,,,Needs Review,airtable|fitment_json|shopify_meta|supplier_fitment,active_v1,Mustang ME6502,mustang-me6502,/pages/equipment-model/mustang-me6502,track_finder_v1
mdl_mustang_me8002,br_mustang,ME8002,ME8002,,,,,,,,,,,,supplier_fitment,quarantine,Mustang ME8002,,,
mdl_mustang_me8003,br_mustang,ME8003,ME8003,,,,,,,,,,,,supplier_fitment,quarantine,Mustang ME8003,,,
mdl_mustang_me_450z_nxt_us_market,br_mustang,ME-450Z-NXT-US-MARKET,ME-450Z-NXT-US-MARKET,,,ts_400x755x74,,,,,,,,,size_index,review,Mustang ME-450Z-NXT-US-MARKET,,,
mdl_mustang_mtl16,br_mustang,MTL16,MTL16,Skid Steer,,ts_320x86x52,65,7498,18.0,,2987,,,Verified,airtable|fitment_json|shopify_meta|supplier_fitment,active_v1,Mustang MTL16,mustang-mtl16,/pages/equipment-model/mustang-mtl16,track_finder_v1
mdl_mustang_mtl20,br_mustang,MTL20,MTL20,Skid Steer,,ts_450x100x48,80,9590,19.9,,2987,,,Verified,airtable|fitment_json|shopify_meta|size_index|supplier_fitment,active_v1,Mustang MTL20,mustang-mtl20,/pages/equipment-model/mustang-mtl20,track_finder_v1
mdl_mustang_mtl25,br_mustang,MTL25,MTL25,Skid Steer,,ts_450x100x50,96,10692,23.6,,2987,,,Verified,airtable|fitment_json|shopify_meta|size_index|supplier_fitment,active_v1,Mustang MTL25,mustang-mtl25,/pages/equipment-model/mustang-mtl25,track_finder_v1
mdl_mustang_mtl312,br_mustang,MTL312,MTL312,,,,,,,,,,,,supplier_fitment,quarantine,Mustang MTL312,,,
mdl_mustang_mtl316,br_mustang,MTL316,MTL316,Skid Steer,,ts_320x86x52,,,,,,,,Verified,airtable|fitment_json|shopify_meta|supplier_fitment,active_v1,Mustang MTL316,mustang-mtl316,/pages/equipment-model/mustang-mtl316,track_finder_v1
mdl_mustang_mtl320,br_mustang,MTL320,MTL320,Skid Steer,,ts_450x100x48,,,,,,,,Verified,airtable|fitment_json|shopify_meta|size_index|supplier_fitment,active_v1,Mustang MTL320,mustang-mtl320,/pages/equipment-model/mustang-mtl320,track_finder_v1
mdl_mustang_mtl325,br_mustang,MTL325,MTL325,Skid Steer,,ts_450x100x50,,,,,,,,Verified,airtable|fitment_json|shopify_meta|size_index|supplier_fitment,active_v1,Mustang MTL325,mustang-mtl325,/pages/equipment-model/mustang-mtl325,track_finder_v1
mdl_mustang_mtl_20,br_mustang,MTL 20,MTL 20,,,ts_450x100x48,,,,,,,,,size_index,reference,Mustang MTL 20,,,
mdl_mustang_mtl_25,br_mustang,MTL 25,MTL 25,,,ts_450x100x50,,,,,,,,,size_index,reference,Mustang MTL 25,,,
mdl_mustang_mtl_320,br_mustang,MTL 320,MTL 320,,,ts_450x100x48,,,,,,,,,size_index,reference,Mustang MTL 320,,,
mdl_mustang_mtl_325,br_mustang,MTL 325,MTL 325,,,ts_450x100x50,,,,,,,,,size_index,reference,Mustang MTL 325,,,
mdl_mustang_n260_2,br_mustang,N260-2,N260-2,,,,,,,,,,,,supplier_fitment,quarantine,Mustang N260-2,,,
mdl_mustang_nagano,br_mustang,NAGANO,NAGANO,,,,,,,,,,,,supplier_fitment,quarantine,Mustang NAGANO,,,
mdl_mustang_nb30,br_mustang,NB30,NB30,,,,,,,,,,,,supplier_fitment,quarantine,Mustang NB30,,,
mdl_mustang_nissan,br_mustang,NISSAN,NISSAN,,,,,,,,,,,,supplier_fitment,quarantine,Mustang NISSAN,,,
mdl_mustang_ns25,br_mustang,NS25,NS25,,,,,,,,,,,,supplier_fitment,quarantine,Mustang NS25,,,
mdl_mustang_ns30,br_mustang,NS30,NS30,,,,,,,,,,,,supplier_fitment,quarantine,Mustang NS30,,,
mdl_mustang_ns35,br_mustang,NS35,NS35,,,,,,,,,,,,supplier_fitment,quarantine,Mustang NS35,,,
mdl_mustang_ns35_2,br_mustang,NS35-2,NS35-2,,,,,,,,,,,,supplier_fitment,quarantine,Mustang NS35-2,,,
mdl_mustang_ns35_2a,br_mustang,NS35-2A,NS35-2A,,,,,,,,,,,,supplier_fitment,quarantine,Mustang NS35-2A,,,
mdl_mustang_ns35_2b,br_mustang,NS35-2B,NS35-2B,,,,,,,,,,,,supplier_fitment,quarantine,Mustang NS35-2B,,,
mdl_mustang_ns45,br_mustang,NS45,NS45,,,,,,,,,,,,supplier_fitment,quarantine,Mustang NS45,,,
mdl_mustang_ns45_2,br_mustang,NS45-2,NS45-2,,,,,,,,,,,,supplier_fitment,quarantine,Mustang NS45-2,,,
mdl_mustang_ns75_2,br_mustang,NS75-2,NS75-2,,,,,,,,,,,,supplier_fitment,quarantine,Mustang NS75-2,,,
mdl_mustang_rt2100,br_mustang,RT2100,RT2100,Skid Steer,,ts_450x86bx56,,,,,,,,Needs Review,airtable|shopify_meta,active_v1,Mustang RT2100,mustang-rt2100,/pages/equipment-model/mustang-rt2100,track_finder_v1
mdl_mustang_rt2500,br_mustang,RT2500,RT2500,Skid Steer,,ts_450x86bx58,,,,,,,,Needs Review,airtable|shopify_meta,active_v1,Mustang RT2500,mustang-rt2500,/pages/equipment-model/mustang-rt2500,track_finder_v1
mdl_mustang_s100,br_mustang,S100,S100,,,,,,,,,,,,supplier_fitment,quarantine,Mustang S100,,,
mdl_mustang_s100f2,br_mustang,S100F2,S100F2,,,,,,,,,,,,supplier_fitment,quarantine,Mustang S100F2,,,
mdl_mustang_s100fj3,br_mustang,S100FJ3,S100FJ3,,,,,,,,,,,,supplier_fitment,quarantine,Mustang S100FJ3,,,
mdl_mustang_s_b25_1,br_mustang,S B25-1,S B25-1,,,,,,,,,,,,supplier_fitment,quarantine,Mustang S B25-1,,,
mdl_mustang_s_b25_2,br_mustang,S B25-2,S B25-2,,,,,,,,,,,,supplier_fitment,quarantine,Mustang S B25-2,,,
mdl_mustang_scat_trak,br_mustang,SCAT TRAK,SCAT TRAK,,,,,,,,,,,,supplier_fitment,quarantine,Mustang SCAT TRAK,,,
mdl_mustang_schaeff,br_mustang,SCHAEFF,SCHAEFF,,,,,,,,,,,,supplier_fitment,quarantine,Mustang SCHAEFF,,,
mdl_mustang_sh30jx,br_mustang,SH30JX,SH30JX,,,,,,,,,,,,supplier_fitment,quarantine,Mustang SH30JX,,,
mdl_mustang_sh30jx2,br_mustang,SH30JX2,SH30JX2,,,,,,,,,,,,supplier_fitment,quarantine,Mustang SH30JX2,,,
mdl_mustang_sh32j,br_mustang,SH32J,SH32J,,,,,,,,,,,,supplier_fitment,quarantine,Mustang SH32J,,,
mdl_mustang_sh40uj2,br_mustang,SH40UJ2,SH40UJ2,,,,,,,,,,,,supplier_fitment,quarantine,Mustang SH40UJ2,,,
mdl_mustang_sumitomo,br_mustang,SUMITOMO,SUMITOMO,,,,,,,,,,,,supplier_fitment,quarantine,Mustang SUMITOMO,,,
mdl_mustang_vts,br_mustang,VTS,VTS,,,,,,,,,,,,supplier_fitment,quarantine,Mustang VTS,,,
mdl_mustang_vts54,br_mustang,VTS54,VTS54,,,,,,,,,,,,supplier_fitment,quarantine,Mustang VTS54,,,
mdl_mustang_vts58,br_mustang,VTS58,VTS58,,,,,,,,,,,,supplier_fitment,quarantine,Mustang VTS58,,,
mdl_new_holland_1300c,br_new_holland,1300C,1300C,,,,,,,,,,,,supplier_fitment,quarantine,New Holland 1300C,,,
mdl_new_holland_1300d,br_new_holland,1300D,1300D,,,,,,,,,,,,supplier_fitment,quarantine,New Holland 1300D,,,
mdl_new_holland_1500d,br_new_holland,1500D,1500D,,,,,,,,,,,,supplier_fitment,quarantine,New Holland 1500D,,,
mdl_new_holland_1500d_duplicate,br_new_holland,1500D DUPLICATE,1500D DUPLICATE,,,,,,,,,,,,supplier_fitment,quarantine,New Holland 1500D DUPLICATE,,,
mdl_new_holland_1500dx,br_new_holland,1500DX,1500DX,,,,,,,,,,,,supplier_fitment,quarantine,New Holland 1500DX,,,
mdl_new_holland_1700c,br_new_holland,1700C,1700C,,,,,,,,,,,,supplier_fitment,quarantine,New Holland 1700C,,,
mdl_new_holland_1750d,br_new_holland,1750D,1750D,,,,,,,,,,,,supplier_fitment,quarantine,New Holland 1750D,,,
mdl_new_holland_2000d,br_new_holland,2000D,2000D,,,,,,,,,,,,supplier_fitment,quarantine,New Holland 2000D,,,
mdl_new_holland_2000dx,br_new_holland,2000DX,2000DX,,,,,,,,,,,,supplier_fitment,quarantine,New Holland 2000DX,,,
mdl_new_holland_2300d,br_new_holland,2300D,2300D,,,,,,,,,,,,supplier_fitment,quarantine,New Holland 2300D,,,
mdl_new_holland_2300dx,br_new_holland,2300DX,2300DX,,,,,,,,,,,,supplier_fitment,quarantine,New Holland 2300DX,,,
mdl_new_holland_33c,br_new_holland,33C,33C,,,ts_300x525x86,,,,,,,,,size_index,review,New Holland 33C,,,
mdl_new_holland_545,br_new_holland,545,545,,,,,,,,,,,,supplier_fitment,quarantine,New Holland 545,,,
mdl_new_holland_555e,br_new_holland,555E,555E,,,,,,,,,,,,supplier_fitment|supplier_products,quarantine,New Holland 555E,,,
mdl_new_holland_c175,br_new_holland,C175,C175,Skid Steer,Universal Quick-Attach,ts_320x86bx50,60,7535,17.2,,2600,,,Verified,airtable|fitment_json|size_index|supplier_fitment|supplier_products,active_v1,New Holland C175,new-holland-c175,/pages/equipment-model/new-holland-c175,track_finder_v1
mdl_new_holland_c180,br_new_holland,C180,C180,Skid Steer,,ts_320x86x52,,,,,,,,Needs Review,airtable|shopify_meta|supplier_fitment,active_v1,New Holland C180,new-holland-c180,/pages/equipment-model/new-holland-c180,track_finder_v1
mdl_new_holland_c185,br_new_holland,C185,C185,Skid Steer,Universal Quick-Attach,ts_450x86bx55,78,9153,19.3,,3050,,,Verified,airtable|fitment_json|supplier_fitment|supplier_products,active_v1,New Holland C185,new-holland-c185,/pages/equipment-model/new-holland-c185,track_finder_v1
mdl_new_holland_c190,br_new_holland,C190,C190,Skid Steer,Universal Quick-Attach,ts_450x86bx55,80,9810,21.9,,3050,,,Verified,airtable|fitment_json|supplier_fitment,active_v1,New Holland C190,new-holland-c190,/pages/equipment-model/new-holland-c190,track_finder_v1
mdl_new_holland_c195,br_new_holland,C195,C195,,,,,,,,,,,,supplier_fitment|supplier_products,quarantine,New Holland C195,,,
mdl_new_holland_c227,br_new_holland,C227,C227,Skid Steer,,ts_320x86bx50,,8267,24.2,324.0,3046,,,Verified,airtable|fitment_json|size_index|supplier_fitment,active_v1,New Holland C227,new-holland-c227,/pages/equipment-model/new-holland-c227,track_finder_v1
mdl_new_holland_c232,br_new_holland,C232,C232,Skid Steer,Universal Quick-Attach,ts_450x86bx55,,9634,24.2,37.6,3046,,,Verified,airtable|fitment_json|supplier_fitment,active_v1,New Holland C232,new-holland-c232,/pages/equipment-model/new-holland-c232,track_finder_v1
mdl_new_holland_c233,br_new_holland,C233,C233,Compact Track Loader,Universal Quick-Attach,ts_320x86x52,,,,,,,,Needs Review,airtable,review,New Holland C233,,,
mdl_new_holland_c234,br_new_holland,C234,C234,Skid Steer,Universal Quick-Attach,ts_450x86bx55,,10000,24.2,37.6,3046,,,Verified,airtable|fitment_json|shopify_meta|supplier_fitment,active_v1,New Holland C234,new-holland-c234,/pages/equipment-model/new-holland-c234,track_finder_v1
mdl_new_holland_c237,br_new_holland,C237,C237,Skid Steer,Universal Quick-Attach,ts_450x86bx55,,9149,24.2,37.6,3046,,,Verified,airtable|fitment_json|shopify_meta|supplier_fitment,active_v1,New Holland C237,new-holland-c237,/pages/equipment-model/new-holland-c237,track_finder_v1
mdl_new_holland_c238,br_new_holland,C238,C238,Skid Steer,Universal Quick-Attach,ts_450x86bx55,,10099,24.2,37.6,3046,,,Verified,airtable|fitment_json|supplier_fitment,active_v1,New Holland C238,new-holland-c238,/pages/equipment-model/new-holland-c238,track_finder_v1
mdl_new_holland_c245,br_new_holland,C245,C245,Skid Steer,Universal Quick-Attach,ts_450x86bx55,,,,,,,,Verified,airtable|fitment_json|shopify_meta|supplier_fitment,active_v1,New Holland C245,new-holland-c245,/pages/equipment-model/new-holland-c245,track_finder_v1
mdl_new_holland_c314,br_new_holland,C314,C314,Mini Excavator,Universal Quick-Attach,ts_180x72kx45,,,,,,,,Needs Review,airtable|fitment_json|shopify_meta|size_index|supplier_fitment,active_v1,New Holland C314,new-holland-c314,/pages/equipment-model/new-holland-c314,track_finder_v1
mdl_new_holland_c327,br_new_holland,C327,C327,Skid Steer,Universal Quick-Attach,ts_320x86bx50,,,,,,,,Needs Review,airtable|shopify_meta|supplier_fitment,active_v1,New Holland C327,new-holland-c327,/pages/equipment-model/new-holland-c327,track_finder_v1
mdl_new_holland_c330,br_new_holland,C330,C330,Skid Steer,Universal Quick-Attach,ts_450x86bx55,,,,,,,,Verified,airtable|fitment_json|shopify_meta,active_v1,New Holland C330,new-holland-c330,/pages/equipment-model/new-holland-c330,track_finder_v1
mdl_new_holland_c332,br_new_holland,C332,C332,Skid Steer,Universal Quick-Attach,ts_450x86bx55,,,,,,,,Verified,airtable|fitment_json|shopify_meta|supplier_fitment,active_v1,New Holland C332,new-holland-c332,/pages/equipment-model/new-holland-c332,track_finder_v1
mdl_new_holland_c334,br_new_holland,C334,C334,Skid Steer,Universal Quick-Attach,ts_450x86bx55,,,,,,,,Verified,airtable|fitment_json|shopify_meta|supplier_fitment,active_v1,New Holland C334,new-holland-c334,/pages/equipment-model/new-holland-c334,track_finder_v1
mdl_new_holland_c337,br_new_holland,C337,C337,Skid Steer,Universal Quick-Attach,ts_450x86bx55,,,,,,,,Verified,airtable|fitment_json|shopify_meta|supplier_fitment,active_v1,New Holland C337,new-holland-c337,/pages/equipment-model/new-holland-c337,track_finder_v1
mdl_new_holland_c345,br_new_holland,C345,C345,Skid Steer,Universal Quick-Attach,ts_450x86bx55,,,,,,,,Verified,airtable|fitment_json|shopify_meta|supplier_fitment,active_v1,New Holland C345,new-holland-c345,/pages/equipment-model/new-holland-c345,track_finder_v1
mdl_new_holland_c362,br_new_holland,C362,C362,Skid Steer,Universal Quick-Attach,ts_450x86bx63,,,,,,,,Verified,airtable|fitment_json|shopify_meta|size_index|supplier_fitment|supplier_products,active_v1,New Holland C362,new-holland-c362,/pages/equipment-model/new-holland-c362,track_finder_v1
mdl_new_holland_e10sr,br_new_holland,E10SR,E10SR,,,ts_180x72x40,,,,,,,,,fitment_json|shopify_meta|size_index,reference,New Holland E10SR,,,
mdl_new_holland_e115,br_new_holland,E115,E115,,,,,,,,,,,,supplier_fitment|supplier_products,quarantine,New Holland E115,,,
mdl_new_holland_e16,br_new_holland,E16,E16,Mini Excavator,,ts_230x48x70,,,,,,,,,shopify_meta|size_index|supplier_fitment|supplier_products,active_v1,New Holland E16,new-holland-e16,/pages/equipment-model/new-holland-e16,track_finder_v1
mdl_new_holland_e17,br_new_holland,E17,E17,Mini Excavator,,ts_230x48x70,,,,,,,,,shopify_meta|size_index|supplier_fitment,active_v1,New Holland E17,new-holland-e17,/pages/equipment-model/new-holland-e17,track_finder_v1
mdl_new_holland_e17c,br_new_holland,E17C,E17C,Mini Excavator,,ts_230x48x70,,,,,,,,,shopify_meta|size_index|supplier_fitment,active_v1,New Holland E17C,new-holland-e17c,/pages/equipment-model/new-holland-e17c,track_finder_v1
mdl_new_holland_e18,br_new_holland,E18,E18,Mini Excavator,,ts_230x48x70,,,,,,,,,shopify_meta|size_index|supplier_fitment,active_v1,New Holland E18,new-holland-e18,/pages/equipment-model/new-holland-e18,track_finder_v1
mdl_new_holland_e18c,br_new_holland,E18C,E18C,Mini Excavator,Excavator Pin-On,ts_230x48x70,15,3792,8.0,,2987,,,Verified,airtable|shopify_meta|size_index,active_v1,New Holland E18C,new-holland-e18c,/pages/equipment-model/new-holland-e18c,track_finder_v1
mdl_new_holland_e18sr,br_new_holland,E18SR,E18SR,Mini Excavator,,ts_230x48x70,,,,,,,,,shopify_meta|size_index|supplier_fitment,active_v1,New Holland E18SR,new-holland-e18sr,/pages/equipment-model/new-holland-e18sr,track_finder_v1
mdl_new_holland_e202sr,br_new_holland,E202SR,E202SR,,,ts_300x525nx76,,,,,,,,,fitment_json,reference,New Holland E202SR,,,
mdl_new_holland_e20_2sr,br_new_holland,E20 2SR,E20 2SR,Mini Excavator,Excavator Pin-On,ts_300x525nx76,23,4916,13.8,,3335,,,Verified,airtable|shopify_meta|supplier_fitment,active_v1,New Holland E20 2SR,new-holland-e20-2sr,/pages/equipment-model/new-holland-e20-2sr,track_finder_v1
mdl_new_holland_e20sr,br_new_holland,E20SR,E20SR,Mini Excavator,Excavator Pin-On,ts_300x525nx76,14,4453,10.6,,3335,,,Verified,airtable|fitment_json|shopify_meta|supplier_fitment|supplier_products,active_v1,New Holland E20SR,new-holland-e20sr,/pages/equipment-model/new-holland-e20sr,track_finder_v1
mdl_new_holland_e222sr,br_new_holland,E222SR,E222SR,,,ts_300x525nx76,,,,,,,,,fitment_json,reference,New Holland E222SR,,,
mdl_new_holland_e22_2sr,br_new_holland,E22 2SR,E22 2SR,Mini Excavator,Excavator Pin-On,ts_300x525nx76,23,5621,13.8,,3335,,,Verified,airtable|shopify_meta|supplier_fitment,active_v1,New Holland E22 2SR,new-holland-e22-2sr,/pages/equipment-model/new-holland-e22-2sr,track_finder_v1
mdl_new_holland_e25sr,br_new_holland,E25SR,E25SR,Mini Excavator,Excavator Pin-On,ts_300x525nx76,17,5842,12.7,,3277,,,Verified,airtable|fitment_json|shopify_meta|supplier_fitment|supplier_products,active_v1,New Holland E25SR,new-holland-e25sr,/pages/equipment-model/new-holland-e25sr,track_finder_v1
mdl_new_holland_e26bsr,br_new_holland,E26BSR,E26BSR,Mini Excavator,Excavator Pin-On,ts_300x525nx76,,,,,,,,Verified,airtable|fitment_json|shopify_meta,active_v1,New Holland E26BSR,new-holland-e26bsr,/pages/equipment-model/new-holland-e26bsr,track_finder_v1
mdl_new_holland_e26c,br_new_holland,E26C,E26C,Mini Excavator,Excavator Pin-On,ts_300x525nx74,,5522,,,,,,Needs Review,airtable|shopify_meta|supplier_fitment,active_v1,New Holland E26C,new-holland-e26c,/pages/equipment-model/new-holland-e26c,track_finder_v1
mdl_new_holland_e27,br_new_holland,E27,E27,Mini Excavator,Excavator Pin-On,ts_300x525nx80,21,5557,10.8,,3336,,,Needs Review,airtable|fitment_json|shopify_meta,active_v1,New Holland E27,new-holland-e27,/pages/equipment-model/new-holland-e27,track_finder_v1
mdl_new_holland_e272sr,br_new_holland,E272SR,E272SR,,,ts_300x525nx80,,,,,,,,,fitment_json,reference,New Holland E272SR,,,
mdl_new_holland_e27_2sr,br_new_holland,E27 2SR,E27 2SR,Mini Excavator,Excavator Pin-On,ts_300x525nx80,23,6084,13.8,,3335,,,Verified,airtable|shopify_meta|supplier_fitment,active_v1,New Holland E27 2SR,new-holland-e27-2sr,/pages/equipment-model/new-holland-e27-2sr,track_finder_v1
mdl_new_holland_e29bsr,br_new_holland,E29BSR,E29BSR,Mini Excavator,Excavator Pin-On,ts_300x525nx80,,,,,,,,Verified,airtable|fitment_json|shopify_meta,active_v1,New Holland E29BSR,new-holland-e-29-b-sr,/pages/equipment-model/new-holland-e-29-b-sr,track_finder_v1
mdl_new_holland_e30_2sr,br_new_holland,E30.2SR,E30.2SR,,,,,,,,,,,,supplier_fitment,quarantine,New Holland E30.2SR,,,
mdl_new_holland_e30b,br_new_holland,E30B,E30B,,,,,,,,,,,,supplier_fitment|supplier_products,quarantine,New Holland E30B,,,
mdl_new_holland_e30c,br_new_holland,E30C,E30C,Mini Excavator,Excavator Pin-On,ts_300x525nx80,,6305,,,,,,Needs Review,airtable|fitment_json|shopify_meta|supplier_fitment,active_v1,New Holland E30C,new-holland-e30c,/pages/equipment-model/new-holland-e30c,track_finder_v1
mdl_new_holland_e30sr,br_new_holland,E30SR,E30SR,,,,,,,,,,,,supplier_fitment|supplier_products,quarantine,New Holland E30SR,,,
mdl_new_holland_e33c,br_new_holland,E33C,E33C,Mini Excavator,,ts_300x525x86,,,,,,,,,fitment_json|supplier_fitment|supplier_products,active_v1,New Holland E33C,new-holland-e33c,/pages/equipment-model/new-holland-e33c,track_finder_v1
mdl_new_holland_e35,br_new_holland,E35,E35,Mini Excavator,,ts_300x525kx88,,,,,,,,,fitment_json|size_index,active_v1,New Holland E35,new-holland-e35,/pages/equipment-model/new-holland-e35,track_finder_v1
mdl_new_holland_e352c,br_new_holland,E352C,E352C,Mini Excavator,,ts_300x525kx88,,,,,,,,,fitment_json,active_v1,New Holland E352C,new-holland-e-35-2c,/pages/equipment-model/new-holland-e-35-2c,track_finder_v1
mdl_new_holland_e352sr,br_new_holland,E352SR,E352SR,,,,,,,,,,,,fitment_json,reference,New Holland E352SR,,,
mdl_new_holland_e35_2sr,br_new_holland,E35.2SR,E35.2SR,,,,,,,,,,,,supplier_fitment,reference,New Holland E35.2SR,,,
mdl_new_holland_e35b,br_new_holland,E35B,E35B,,,,,,,,,,,,size_index|supplier_fitment,quarantine,New Holland E35B,,,
mdl_new_holland_e35bsr,br_new_holland,E35BSR,E35BSR,,,,,,,,,,,,size_index,quarantine,New Holland E35BSR,,,
mdl_new_holland_e35c,br_new_holland,E35C,E35C,Mini Excavator,Excavator Pin-On,,28,7960,15.5,,3336,,,Needs Review,airtable|shopify_meta,review,New Holland E35C,,,
mdl_new_holland_e35sr,br_new_holland,E35SR,E35SR,,,,,,,,,,,,fitment_json|supplier_fitment|supplier_products,reference,New Holland E35SR,,,
mdl_new_holland_e35sr_px13,br_new_holland,E35SR-PX13,E35SR-PX13,,,,,,,,,,,,size_index,quarantine,New Holland E35SR-PX13,,,
mdl_new_holland_e35sr_px14,br_new_holland,E35SR-PX14,E35SR-PX14,,,,,,,,,,,,size_index,quarantine,New Holland E35SR-PX14,,,
mdl_new_holland_e37c,br_new_holland,E37C,E37C,Mini Excavator,,ts_300x525x86,,,,,,,,,fitment_json|size_index|supplier_fitment,active_v1,New Holland E37C,new-holland-e37c,/pages/equipment-model/new-holland-e37c,track_finder_v1
mdl_new_holland_e402sr,br_new_holland,E402SR,E402SR,,,ts_400x725nx72,,,,,,,,,fitment_json,reference,New Holland E402SR,,,
mdl_new_holland_e40_2sr,br_new_holland,E40 2SR,E40 2SR,Mini Excavator,Excavator Pin-On,ts_400x725kx72,43,9788,30.2,,3335,,,Verified,airtable|shopify_meta|supplier_fitment,active_v1,New Holland E40 2SR,new-holland-e-40-2sr,/pages/equipment-model/new-holland-e-40-2sr,track_finder_v1
mdl_new_holland_e40sr,br_new_holland,E40SR,E40SR,Mini Excavator,Excavator Pin-On,ts_400x725kx72,30,9303,22.2,,3277,,,Verified,airtable|fitment_json|shopify_meta|supplier_fitment|supplier_products,active_v1,New Holland E40SR,new-holland-e-40sr,/pages/equipment-model/new-holland-e-40sr,track_finder_v1
mdl_new_holland_e452sr,br_new_holland,E452SR,E452SR,,,ts_400x725nx72,,,,,,,,,fitment_json,reference,New Holland E452SR,,,
mdl_new_holland_e455r,br_new_holland,E455R,E455R,Mini Excavator,Excavator Pin-On,ts_400x725kx74,,,,,,,,Needs Review,airtable|fitment_json,active_v1,New Holland E455R,new-holland-e455r,/pages/equipment-model/new-holland-e455r,track_finder_v1
mdl_new_holland_e45_2sr,br_new_holland,E45 2SR,E45 2SR,Mini Excavator,Excavator Pin-On,ts_400x725kx72,,,,,,,,Verified,airtable|shopify_meta|supplier_fitment,active_v1,New Holland E45 2SR,new-holland-e-45-2sr,/pages/equipment-model/new-holland-e-45-2sr,track_finder_v1
mdl_new_holland_e45sr,br_new_holland,E45SR,E45SR,Mini Excavator,Excavator Pin-On,ts_400x725kx72,36,10582,27.5,,3277,,,Verified,airtable|fitment_json|shopify_meta|supplier_fitment,active_v1,New Holland E45SR,new-holland-e-45sr,/pages/equipment-model/new-holland-e-45sr,track_finder_v1
mdl_new_holland_e50,br_new_holland,E50,E50,Mini Excavator,Excavator Pin-On,ts_400x725kx74,40,10275,15.1,,3336,,,Needs Review,airtable|fitment_json|shopify_meta,active_v1,New Holland E50,new-holland-e50,/pages/equipment-model/new-holland-e50,track_finder_v1
mdl_new_holland_e502sr,br_new_holland,E502SR,E502SR,,,ts_400x725nx72,,,,,,,,,fitment_json,reference,New Holland E502SR,,,
mdl_new_holland_e50_2sr,br_new_holland,E50 2SR,E50 2SR,Mini Excavator,Excavator Pin-On,ts_400x725kx72,43,10736,30.2,,3335,,,Verified,airtable|shopify_meta|supplier_fitment,active_v1,New Holland E50 2SR,new-holland-e-50-2sr,/pages/equipment-model/new-holland-e-50-2sr,track_finder_v1
mdl_new_holland_e50b,br_new_holland,E50B,E50B,Mini Excavator,Excavator Pin-On,ts_400x725kx72,40,10383,34.4,,3335,,,Verified,airtable|fitment_json|shopify_meta|supplier_fitment|supplier_products,active_v1,New Holland E50B,new-holland-e-50b,/pages/equipment-model/new-holland-e-50b,track_finder_v1
mdl_new_holland_e50c,br_new_holland,E50C,E50C,Mini Excavator,Excavator Pin-On,,,,,,,,,Needs Review,airtable,review,New Holland E50C,,,
mdl_new_holland_e50sr,br_new_holland,E50SR,E50SR,Mini Excavator,Excavator Pin-On,ts_400x725kx74,,,,,,,,Needs Review,airtable|fitment_json|shopify_meta|supplier_fitment,active_v1,New Holland E50SR,new-holland-e50sr,/pages/equipment-model/new-holland-e50sr,track_finder_v1
mdl_new_holland_e55bx,br_new_holland,E55BX,E55BX,Mini Excavator,Excavator Pin-On,ts_400x725kx74,,,,,,,,Needs Review,airtable|fitment_json|shopify_meta|supplier_fitment|supplier_products,active_v1,New Holland E55BX,new-holland-e55bx,/pages/equipment-model/new-holland-e55bx,track_finder_v1
mdl_new_holland_e55c,br_new_holland,E55C,E55C,Mini Excavator,Excavator Pin-On,,,,,,,,,Needs Review,airtable,review,New Holland E55C,,,
mdl_new_holland_e57c,br_new_holland,E57C,E57C,Mini Excavator,Excavator Pin-On,ts_400x725kx74,,,,,,,,Needs Review,airtable|fitment_json|shopify_meta|supplier_fitment,active_v1,New Holland E57C,new-holland-e57c,/pages/equipment-model/new-holland-e57c,track_finder_v1
mdl_new_holland_e60c,br_new_holland,E60C,E60C,Mini Excavator,Excavator Pin-On,,,,,,,,,Needs Review,airtable|shopify_meta|supplier_fitment,review,New Holland E60C,,,
mdl_new_holland_e70bsr,br_new_holland,E70BSR,E70BSR,,,,,,,,,,,,fitment_json|supplier_fitment,reference,New Holland E70BSR,,,
mdl_new_holland_e70sr,br_new_holland,E70SR,E70SR,,,,,,,,,,,,fitment_json|supplier_fitment,reference,New Holland E70SR,,,
mdl_new_holland_e75c,br_new_holland,E75C,E75C,Mini Excavator,Excavator Pin-On,ts_450x71x82,,,,,,,,Needs Review,airtable|shopify_meta,review,New Holland E75C,,,
mdl_new_holland_e75sr,br_new_holland,E75SR,E75SR,,,ts_450x81wx76,,,,,,,,,fitment_json,reference,New Holland E75SR,,,
mdl_new_holland_e80,br_new_holland,E80,E80,,,,,,,,,,,,fitment_json|supplier_fitment|supplier_products,reference,New Holland E80,,,
mdl_new_holland_e80bmsr,br_new_holland,E80BMSR,E80BMSR,,,,,,,,,,,,fitment_json|supplier_fitment,reference,New Holland E80BMSR,,,
mdl_new_holland_e80cs,br_new_holland,E80CS,E80CS,,,,,,,,,,,,fitment_json|supplier_fitment,reference,New Holland E80CS,,,
mdl_new_holland_e80msr,br_new_holland,E80MSR,E80MSR,,,,,,,,,,,,fitment_json|supplier_fitment,reference,New Holland E80MSR,,,
mdl_new_holland_e9sr,br_new_holland,E9SR,E9SR,,,,,,,,,,,,supplier_fitment|supplier_products,quarantine,New Holland E9SR,,,
mdl_new_holland_e_352c,br_new_holland,E-352C,E-352C,,,,,,,,,,,,size_index,reference,New Holland E-352C,,,
mdl_new_holland_e_352sr,br_new_holland,E-352SR,E-352SR,,,,,,,,,,,,size_index,reference,New Holland E-352SR,,,
mdl_new_holland_e_35_2c,br_new_holland,E 35.2C,E 35.2C,,,,,,,,,,,,shopify_meta,reference,New Holland E 35.2C,,,
mdl_new_holland_e_35_2sr,br_new_holland,E 35.2SR,E 35.2SR,Mini Excavator,,ts_300x525kx88,,,,,,,,,shopify_meta,active_v1,New Holland E 35.2SR,new-holland-e-35-2sr,/pages/equipment-model/new-holland-e-35-2sr,track_finder_v1
mdl_new_holland_e_35sr,br_new_holland,E 35SR,E 35SR,Mini Excavator,,ts_300x525kx88,,,,,,,,,shopify_meta|size_index,active_v1,New Holland E 35SR,new-holland-e35sr,/pages/equipment-model/new-holland-e35sr,track_finder_v1
mdl_new_holland_e_70bsr,br_new_holland,E-70BSR,E-70BSR,Mini Excavator,,ts_450x815x76,,,,,,,,,size_index,active_v1,New Holland E-70BSR,new-holland-e-70bsr,/pages/equipment-model/new-holland-e-70bsr,track_finder_v1
mdl_new_holland_e_70sr,br_new_holland,E-70SR,E-70SR,Mini Excavator,,ts_450x815x76,,,,,,,,,size_index,active_v1,New Holland E-70SR,new-holland-e-70sr,/pages/equipment-model/new-holland-e-70sr,track_finder_v1
mdl_new_holland_e_80,br_new_holland,E-80,E-80,Mini Excavator,,ts_450x815x76,,,,,,,,,size_index,active_v1,New Holland E-80,new-holland-e-80,/pages/equipment-model/new-holland-e-80,track_finder_v1
mdl_new_holland_e_80bmsr,br_new_holland,E-80BMSR,E-80BMSR,Mini Excavator,,ts_450x815x76,,,,,,,,,size_index,active_v1,New Holland E-80BMSR,new-holland-e-80bmsr,/pages/equipment-model/new-holland-e-80bmsr,track_finder_v1
mdl_new_holland_e_80cs,br_new_holland,E-80CS,E-80CS,Mini Excavator,,ts_450x815x76,,,,,,,,,size_index,active_v1,New Holland E-80CS,new-holland-e-80cs,/pages/equipment-model/new-holland-e-80cs,track_finder_v1
mdl_new_holland_e_80msr,br_new_holland,E-80MSR,E-80MSR,Mini Excavator,,ts_450x815x76,,,,,,,,,size_index,active_v1,New Holland E-80MSR,new-holland-e-80msr,/pages/equipment-model/new-holland-e-80msr,track_finder_v1
mdl_new_holland_ec25,br_new_holland,EC25,EC25,Mini Excavator,,ts_300x525nx74,,,,,,,,,fitment_json|shopify_meta,active_v1,New Holland EC25,new-holland-ec25,/pages/equipment-model/new-holland-ec25,track_finder_v1
mdl_new_holland_ec25sr,br_new_holland,EC25SR,EC25SR,Mini Excavator,,ts_300x525nx74,,,,,,,,,fitment_json|supplier_fitment,active_v1,New Holland EC25SR,new-holland-ec-25sr,/pages/equipment-model/new-holland-ec-25sr,track_finder_v1
mdl_new_holland_ec35,br_new_holland,EC35,EC35,Mini Excavator,Excavator Pin-On,ts_300x525nx80,249,77382,150.6,,4641,,,Verified,airtable|fitment_json|shopify_meta,active_v1,New Holland EC35,new-holland-ec35,/pages/equipment-model/new-holland-ec35,track_finder_v1
mdl_new_holland_ec35sr,br_new_holland,EC35SR,EC35SR,Mini Excavator,Excavator Pin-On,ts_300x525nx80,,,,,,,,Verified,airtable|fitment_json|shopify_meta|supplier_fitment,active_v1,New Holland EC35SR,new-holland-ec-35sr,/pages/equipment-model/new-holland-ec-35sr,track_finder_v1
mdl_new_holland_ec45,br_new_holland,EC45,EC45,Mini Excavator,Excavator Pin-On,ts_400x725kx72,303,109300,,,,,,Verified,airtable|fitment_json|shopify_meta|supplier_fitment|supplier_products,active_v1,New Holland EC45,new-holland-ec45,/pages/equipment-model/new-holland-ec45,track_finder_v1
mdl_new_holland_ec45sr,br_new_holland,EC45SR,EC45SR,Mini Excavator,Excavator Pin-On,ts_400x725kx72,,,,,,,,Verified,airtable|fitment_json|shopify_meta|supplier_fitment|supplier_products,active_v1,New Holland EC45SR,new-holland-ec-45sr,/pages/equipment-model/new-holland-ec-45sr,track_finder_v1
mdl_new_holland_ec60,br_new_holland,EC60,EC60,Mini Excavator,,ts_400x725wx76,,,,,,,,,fitment_json|shopify_meta|size_index|supplier_fitment|supplier_products,active_v1,New Holland EC60,new-holland-ec60,/pages/equipment-model/new-holland-ec60,track_finder_v1
mdl_new_holland_ec_25sr,br_new_holland,EC 25SR,EC 25SR,,,ts_300x525nx76,,,,,,,,,shopify_meta,reference,New Holland EC 25SR,,,
mdl_new_holland_ec_60,br_new_holland,EC-60,EC-60,,,,,,,,,,,,size_index,reference,New Holland EC-60,,,
mdl_new_holland_eh15b,br_new_holland,EH15B,EH15B,Mini Excavator,,ts_230x48x70,,,,,,,,,size_index|supplier_fitment,active_v1,New Holland EH15B,new-holland-eh-15b,/pages/equipment-model/new-holland-eh-15b,track_finder_v1
mdl_new_holland_eh16,br_new_holland,EH16,EH16,Mini Excavator,,ts_230x48x70,,,,,,,,,shopify_meta|size_index|supplier_fitment,active_v1,New Holland EH16,new-holland-eh16,/pages/equipment-model/new-holland-eh16,track_finder_v1
mdl_new_holland_eh18,br_new_holland,EH18,EH18,Mini Excavator,,ts_230x48x70,,,,,,,,,shopify_meta|size_index|supplier_fitment,active_v1,New Holland EH18,new-holland-eh18,/pages/equipment-model/new-holland-eh18,track_finder_v1
mdl_new_holland_eh25,br_new_holland,EH25,EH25,Mini Excavator,,ts_300x525nx74,,,,,,,,,fitment_json|shopify_meta|supplier_fitment|supplier_products,active_v1,New Holland EH25,new-holland-eh25,/pages/equipment-model/new-holland-eh25,track_finder_v1
mdl_new_holland_eh27b,br_new_holland,EH27B,EH27B,Mini Excavator,Excavator Pin-On,ts_300x525nx80,21,5557,20.8,,3336,,,Verified,airtable|fitment_json|shopify_meta|supplier_fitment|supplier_products,active_v1,New Holland EH27B,new-holland-eh-27b,/pages/equipment-model/new-holland-eh-27b,track_finder_v1
mdl_new_holland_eh30_b,br_new_holland,EH30.B,EH30.B,Mini Excavator,,ts_300x525wx82,,,,,,,,,supplier_fitment,active_v1,New Holland EH30.B,new-holland-eh-30b,/pages/equipment-model/new-holland-eh-30b,track_finder_v1
mdl_new_holland_eh30b,br_new_holland,EH30B,EH30B,,,,,,,,,,,,fitment_json,reference,New Holland EH30B,,,
mdl_new_holland_eh35,br_new_holland,EH35,EH35,Mini Excavator,,ts_300x525kx88,,,,,,,,,fitment_json|shopify_meta|size_index|supplier_fitment|supplier_products,active_v1,New Holland EH35,new-holland-eh35,/pages/equipment-model/new-holland-eh35,track_finder_v1
mdl_new_holland_eh35b,br_new_holland,EH35B,EH35B,,,,,,,,,,,,fitment_json|supplier_fitment|supplier_products,reference,New Holland EH35B,,,
mdl_new_holland_eh35sr,br_new_holland,EH35SR,EH35SR,,,,,,,,,,,,supplier_fitment,quarantine,New Holland EH35SR,,,
mdl_new_holland_eh45,br_new_holland,EH45,EH45,Mini Excavator,Excavator Pin-On,ts_400x725kx74,,,,,,,,Verified,airtable|fitment_json|shopify_meta|supplier_fitment|supplier_products,active_v1,New Holland EH45,new-holland-eh45,/pages/equipment-model/new-holland-eh45,track_finder_v1
mdl_new_holland_eh50b,br_new_holland,EH50B,EH50B,Mini Excavator,Excavator Pin-On,ts_400x725kx72,40,10273,11.2,,3336,,,Verified,airtable|fitment_json|shopify_meta|supplier_fitment,active_v1,New Holland EH50B,new-holland-eh-50b,/pages/equipment-model/new-holland-eh-50b,track_finder_v1
mdl_new_holland_eh80,br_new_holland,EH80,EH80,,,,,,,,,,,,supplier_fitment,quarantine,New Holland EH80,,,
mdl_new_holland_eh_15b,br_new_holland,EH 15B,EH 15B,,,ts_230x48x70,,,,,,,,,shopify_meta|size_index,review,New Holland EH 15B,,,
mdl_new_holland_eh_30b,br_new_holland,EH 30B,EH 30B,,,,,,,,,,,,shopify_meta,reference,New Holland EH 30B,,,
mdl_new_holland_eh_35,br_new_holland,EH-35,EH-35,,,ts_350x525x90,,,,,,,,,size_index,reference,New Holland EH-35,,,
mdl_new_holland_eh_35_b,br_new_holland,EH-35-B,EH-35-B,,,,,,,,,,,,size_index,reference,New Holland EH-35-B,,,
mdl_new_holland_eh_35b,br_new_holland,EH 35B,EH 35B,Mini Excavator,,ts_300x525kx88,,,,,,,,,shopify_meta|size_index,active_v1,New Holland EH 35B,new-holland-eh-35b,/pages/equipment-model/new-holland-eh-35b,track_finder_v1
mdl_new_holland_h27,br_new_holland,H27,H27,,,,,,,,,,,,supplier_fitment,quarantine,New Holland H27,,,
mdl_new_holland_hr16,br_new_holland,HR16,HR16,,,,,,,,,,,,supplier_fitment,quarantine,New Holland HR16,,,
mdl_new_holland_hr24,br_new_holland,HR24,HR24,,,,,,,,,,,,supplier_fitment,quarantine,New Holland HR24,,,
mdl_new_holland_hr27,br_new_holland,HR27,HR27,,,,,,,,,,,,supplier_fitment,quarantine,New Holland HR27,,,
mdl_new_holland_hr3_7,br_new_holland,HR3.7,HR3.7,,,,,,,,,,,,supplier_fitment,quarantine,New Holland HR3.7,,,
mdl_new_holland_hr42,br_new_holland,HR42,HR42,,,,,,,,,,,,supplier_fitment,quarantine,New Holland HR42,,,
mdl_new_holland_hr4_a,br_new_holland,HR4-A,HR4-A,,,,,,,,,,,,supplier_fitment,quarantine,New Holland HR4-A,,,
mdl_new_holland_l150,br_new_holland,L150,L150,,,,,,,,,,,,supplier_fitment,quarantine,New Holland L150,,,
mdl_new_holland_l160,br_new_holland,L160,L160,,,,,,,,,,,,supplier_fitment,quarantine,New Holland L160,,,
mdl_new_holland_l170,br_new_holland,L170,L170,,,,,,,,,,,,supplier_fitment,quarantine,New Holland L170,,,
mdl_new_holland_l175,br_new_holland,L175,L175,,,,,,,,,,,,supplier_fitment,quarantine,New Holland L175,,,
mdl_new_holland_l180,br_new_holland,L180,L180,,,,,,,,,,,,supplier_fitment,quarantine,New Holland L180,,,
mdl_new_holland_l185,br_new_holland,L185,L185,,,,,,,,,,,,supplier_fitment|supplier_products,quarantine,New Holland L185,,,
mdl_new_holland_l190,br_new_holland,L190,L190,,,,,,,,,,,,supplier_fitment,quarantine,New Holland L190,,,
mdl_new_holland_l213,br_new_holland,L213,L213,,,,,,,,,,,,supplier_fitment|supplier_products,quarantine,New Holland L213,,,
mdl_new_holland_l215,br_new_holland,L215,L215,,,,,,,,,,,,supplier_fitment,quarantine,New Holland L215,,,
mdl_new_holland_l216,br_new_holland,L216,L216,,,,,,,,,,,,supplier_fitment,quarantine,New Holland L216,,,
mdl_new_holland_l218,br_new_holland,L218,L218,,,,,,,,,,,,supplier_fitment,quarantine,New Holland L218,,,
mdl_new_holland_l220,br_new_holland,L220,L220,,,,,,,,,,,,supplier_fitment|supplier_products,quarantine,New Holland L220,,,
mdl_new_holland_l221,br_new_holland,L221,L221,,,,,,,,,,,,supplier_fitment,quarantine,New Holland L221,,,
mdl_new_holland_l223,br_new_holland,L223,L223,,,,,,,,,,,,supplier_fitment,quarantine,New Holland L223,,,
mdl_new_holland_l225,br_new_holland,L225,L225,,,,,,,,,,,,supplier_fitment,quarantine,New Holland L225,,,
mdl_new_holland_l228,br_new_holland,L228,L228,,,,,,,,,,,,supplier_fitment,quarantine,New Holland L228,,,
mdl_new_holland_l230,br_new_holland,L230,L230,,,,,,,,,,,,supplier_fitment,quarantine,New Holland L230,,,
mdl_new_holland_l234,br_new_holland,L234,L234,,,,,,,,,,,,supplier_fitment,quarantine,New Holland L234,,,
mdl_new_holland_l316,br_new_holland,L316,L316,,,,,,,,,,,,supplier_fitment|supplier_products,quarantine,New Holland L316,,,
mdl_new_holland_l318,br_new_holland,L318,L318,,,,,,,,,,,,supplier_fitment,quarantine,New Holland L318,,,
mdl_new_holland_l320,br_new_holland,L320,L320,,,,,,,,,,,,supplier_fitment,quarantine,New Holland L320,,,
mdl_new_holland_l321,br_new_holland,L321,L321,,,,,,,,,,,,supplier_fitment,quarantine,New Holland L321,,,
mdl_new_holland_l325,br_new_holland,L325,L325,,,,,,,,,,,,supplier_fitment,quarantine,New Holland L325,,,
mdl_new_holland_l328,br_new_holland,L328,L328,,,,,,,,,,,,supplier_fitment|supplier_products,quarantine,New Holland L328,,,
mdl_new_holland_l334,br_new_holland,L334,L334,,,,,,,,,,,,supplier_fitment,quarantine,New Holland L334,,,
mdl_new_holland_l465,br_new_holland,L465,L465,,,,,,,,,,,,supplier_fitment|supplier_products,quarantine,New Holland L465,,,
mdl_new_holland_l553,br_new_holland,L553,L553,,,,,,,,,,,,supplier_fitment,quarantine,New Holland L553,,,
mdl_new_holland_l555,br_new_holland,L555,L555,,,,,,,,,,,,supplier_fitment,quarantine,New Holland L555,,,
mdl_new_holland_l585,br_new_holland,L585,L585,,,,,,,,,,,,supplier_fitment,quarantine,New Holland L585,,,
mdl_new_holland_l775,br_new_holland,L775,L775,,,,,,,,,,,,supplier_fitment,quarantine,New Holland L775,,,
mdl_new_holland_l781,br_new_holland,L781,L781,,,,,,,,,,,,supplier_fitment,quarantine,New Holland L781,,,
mdl_new_holland_l783,br_new_holland,L783,L783,,,,,,,,,,,,supplier_fitment,quarantine,New Holland L783,,,
mdl_new_holland_l785,br_new_holland,L785,L785,,,,,,,,,,,,supplier_fitment,quarantine,New Holland L785,,,
mdl_new_holland_l865,br_new_holland,L865,L865,,,,,,,,,,,,supplier_fitment,quarantine,New Holland L865,,,
mdl_new_holland_l885,br_new_holland,L885,L885,,,,,,,,,,,,supplier_fitment,quarantine,New Holland L885,,,
mdl_new_holland_lb75b,br_new_holland,LB75B,LB75B,,,,,,,,,,,,supplier_fitment,quarantine,New Holland LB75B,,,
mdl_new_holland_ls120,br_new_holland,LS120,LS120,,,,,,,,,,,,supplier_fitment,quarantine,New Holland LS120,,,
mdl_new_holland_ls1200fxj2,br_new_holland,LS1200FXJ2,LS1200FXJ2,,,,,,,,,,,,supplier_fitment,quarantine,New Holland LS1200FXJ2,,,
mdl_new_holland_ls1200fxj3,br_new_holland,LS1200FXJ3,LS1200FXJ3,,,,,,,,,,,,supplier_fitment,quarantine,New Holland LS1200FXJ3,,,
mdl_new_holland_ls125,br_new_holland,LS125,LS125,,,,,,,,,,,,supplier_fitment,quarantine,New Holland LS125,,,
mdl_new_holland_ls1300fxj3,br_new_holland,LS1300FXJ3,LS1300FXJ3,,,,,,,,,,,,supplier_fitment,quarantine,New Holland LS1300FXJ3,,,
mdl_new_holland_ls140,br_new_holland,LS140,LS140,,,,,,,,,,,,supplier_fitment|supplier_products,quarantine,New Holland LS140,,,
mdl_new_holland_ls150,br_new_holland,LS150,LS150,,,,,,,,,,,,supplier_fitment|supplier_products,quarantine,New Holland LS150,,,
mdl_new_holland_ls160,br_new_holland,LS160,LS160,,,,,,,,,,,,supplier_fitment|supplier_products,quarantine,New Holland LS160,,,
mdl_new_holland_ls170,br_new_holland,LS170,LS170,,,,,,,,,,,,supplier_fitment|supplier_products,quarantine,New Holland LS170,,,
mdl_new_holland_ls180,br_new_holland,LS180,LS180,,,,,,,,,,,,supplier_fitment|supplier_products,quarantine,New Holland LS180,,,
mdl_new_holland_ls185b,br_new_holland,LS185B,LS185B,,,,,,,,,,,,supplier_fitment,quarantine,New Holland LS185B,,,
mdl_new_holland_ls190,br_new_holland,LS190,LS190,,,,,,,,,,,,supplier_fitment,quarantine,New Holland LS190,,,
mdl_new_holland_lt175b,br_new_holland,LT175B,LT175B,Skid Steer,,ts_320x86bx50,,,,,,,,Verified,airtable|fitment_json|supplier_fitment,active_v1,New Holland LT175B,new-holland-lt175b,/pages/equipment-model/new-holland-lt175b,track_finder_v1
mdl_new_holland_lt185,br_new_holland,LT185,LT185,Skid Steer,,ts_450x86bx55,78,9280,19.3,,3000,,,Needs Review,airtable|shopify_meta,active_v1,New Holland LT185,new-holland-lt185,/pages/equipment-model/new-holland-lt185,track_finder_v1
mdl_new_holland_lt185b,br_new_holland,LT185B,LT185B,Skid Steer,,ts_450x86bx55,78,9280,19.3,,3000,,,Verified,airtable|fitment_json|size_index|supplier_fitment,active_v1,New Holland LT185B,new-holland-lt185b,/pages/equipment-model/new-holland-lt185b,track_finder_v1
mdl_new_holland_lt190,br_new_holland,LT190,LT190,Skid Steer,,ts_450x86bx55,81,9295,21.9,,3000,,,Needs Review,airtable|shopify_meta,active_v1,New Holland LT190,new-holland-lt190,/pages/equipment-model/new-holland-lt190,track_finder_v1
mdl_new_holland_lt190b,br_new_holland,LT190B,LT190B,Skid Steer,,ts_450x86bx55,81,9295,21.9,,3000,,,Verified,airtable|fitment_json|supplier_fitment,active_v1,New Holland LT190B,new-holland-lt190b,/pages/equipment-model/new-holland-lt190b,track_finder_v1
mdl_new_holland_lx465,br_new_holland,LX465,LX465,,,,,,,,,,,,supplier_fitment,quarantine,New Holland LX465,,,
mdl_new_holland_lx485,br_new_holland,LX485,LX485,,,,,,,,,,,,supplier_fitment,quarantine,New Holland LX485,,,
mdl_new_holland_lx565,br_new_holland,LX565,LX565,,,,,,,,,,,,supplier_fitment,quarantine,New Holland LX565,,,
mdl_new_holland_lx585,br_new_holland,LX585,LX585,,,,,,,,,,,,supplier_fitment,quarantine,New Holland LX585,,,
mdl_new_holland_lx665,br_new_holland,LX665,LX665,,,,,,,,,,,,supplier_fitment|supplier_products,quarantine,New Holland LX665,,,
mdl_new_holland_lx685,br_new_holland,LX685,LX685,,,,,,,,,,,,supplier_fitment,quarantine,New Holland LX685,,,
mdl_new_holland_lx865,br_new_holland,LX865,LX865,,,,,,,,,,,,supplier_fitment,quarantine,New Holland LX865,,,
mdl_new_holland_lx885,br_new_holland,LX885,LX885,,,,,,,,,,,,supplier_fitment,quarantine,New Holland LX885,,,
mdl_new_holland_lx985,br_new_holland,LX985,LX985,,,,,,,,,,,,supplier_fitment,quarantine,New Holland LX985,,,
mdl_new_holland_n20,br_new_holland,N20,N20,,,,,,,,,,,,supplier_fitment,quarantine,New Holland N20,,,
mdl_new_holland_n220,br_new_holland,N220,N220,,,,,,,,,,,,supplier_fitment,quarantine,New Holland N220,,,
mdl_new_holland_n220_2,br_new_holland,N220-2,N220-2,,,,,,,,,,,,supplier_fitment,quarantine,New Holland N220-2,,,
mdl_new_holland_n220r,br_new_holland,N220R,N220R,,,,,,,,,,,,supplier_fitment,quarantine,New Holland N220R,,,
mdl_new_holland_n230_2,br_new_holland,N230-2,N230-2,,,,,,,,,,,,supplier_fitment,quarantine,New Holland N230-2,,,
mdl_new_holland_n230_2r,br_new_holland,N230-2R,N230-2R,,,,,,,,,,,,supplier_fitment,quarantine,New Holland N230-2R,,,
mdl_new_holland_n250,br_new_holland,N250,N250,,,,,,,,,,,,supplier_fitment,quarantine,New Holland N250,,,
mdl_new_holland_n250_2,br_new_holland,N250-2,N250-2,,,,,,,,,,,,supplier_fitment,quarantine,New Holland N250-2,,,
mdl_new_holland_n250r,br_new_holland,N250R,N250R,,,,,,,,,,,,supplier_fitment,quarantine,New Holland N250R,,,
mdl_new_holland_n260,br_new_holland,N260,N260,,,,,,,,,,,,supplier_fitment,quarantine,New Holland N260,,,
mdl_new_holland_n260_2,br_new_holland,N260-2,N260-2,,,,,,,,,,,,supplier_fitment,quarantine,New Holland N260-2,,,
mdl_new_holland_n260_2r,br_new_holland,N260-2R,N260-2R,,,,,,,,,,,,supplier_fitment,quarantine,New Holland N260-2R,,,
mdl_new_holland_n300,br_new_holland,N300,N300,,,,,,,,,,,,supplier_fitment,quarantine,New Holland N300,,,
mdl_new_holland_n300_2,br_new_holland,N300-2,N300-2,,,,,,,,,,,,supplier_fitment,quarantine,New Holland N300-2,,,
mdl_new_holland_n300_2r,br_new_holland,N300-2R,N300-2R,,,,,,,,,,,,supplier_fitment,quarantine,New Holland N300-2R,,,
mdl_new_holland_n300r,br_new_holland,N300R,N300R,,,,,,,,,,,,supplier_fitment,quarantine,New Holland N300R,,,
mdl_new_holland_n320,br_new_holland,N320,N320,,,,,,,,,,,,supplier_fitment,quarantine,New Holland N320,,,
mdl_new_holland_n35,br_new_holland,N35,N35,,,,,,,,,,,,supplier_fitment,quarantine,New Holland N35,,,
mdl_new_holland_n350,br_new_holland,N350,N350,,,,,,,,,,,,supplier_fitment,quarantine,New Holland N350,,,
mdl_new_holland_n350_2,br_new_holland,N350-2,N350-2,,,,,,,,,,,,supplier_fitment,quarantine,New Holland N350-2,,,
mdl_new_holland_n350_2r,br_new_holland,N350-2R,N350-2R,,,,,,,,,,,,supplier_fitment,quarantine,New Holland N350-2R,,,
mdl_new_holland_n350r,br_new_holland,N350R,N350R,,,,,,,,,,,,supplier_fitment,quarantine,New Holland N350R,,,
mdl_new_holland_n400_2,br_new_holland,N400-2,N400-2,,,,,,,,,,,,supplier_fitment,quarantine,New Holland N400-2,,,
mdl_new_holland_n450,br_new_holland,N450,N450,,,,,,,,,,,,supplier_fitment,quarantine,New Holland N450,,,
mdl_new_holland_n450_2,br_new_holland,N450-2,N450-2,,,,,,,,,,,,supplier_fitment,quarantine,New Holland N450-2,,,
mdl_new_holland_n450_2r,br_new_holland,N450-2R,N450-2R,,,,,,,,,,,,supplier_fitment,quarantine,New Holland N450-2R,,,
mdl_new_holland_n450r,br_new_holland,N450R,N450R,,,,,,,,,,,,supplier_fitment,quarantine,New Holland N450R,,,
mdl_new_holland_n550_2,br_new_holland,N550-2,N550-2,,,,,,,,,,,,supplier_fitment,quarantine,New Holland N550-2,,,
mdl_new_holland_nissan,br_new_holland,NISSAN,NISSAN,,,,,,,,,,,,supplier_fitment,quarantine,New Holland NISSAN,,,
mdl_new_holland_s120,br_new_holland,S120,S120,,,,,,,,,,,,supplier_fitment,quarantine,New Holland S120,,,
mdl_new_holland_s120f2,br_new_holland,S120F2,S120F2,,,,,,,,,,,,supplier_fitment,quarantine,New Holland S120F2,,,
mdl_new_holland_s130f2,br_new_holland,S130F2,S130F2,,,,,,,,,,,,supplier_fitment,quarantine,New Holland S130F2,,,
mdl_new_holland_s_b115,br_new_holland,S B115,S B115,,,,,,,,,,,,supplier_fitment,quarantine,New Holland S B115,,,
mdl_new_holland_s_b12,br_new_holland,S B12,S B12,,,,,,,,,,,,supplier_fitment,quarantine,New Holland S B12,,,
mdl_new_holland_s_b12r,br_new_holland,S B12R,S B12R,,,,,,,,,,,,supplier_fitment,quarantine,New Holland S B12R,,,
mdl_new_holland_s_b15,br_new_holland,S B15,S B15,,,,,,,,,,,,supplier_fitment,quarantine,New Holland S B15,,,
mdl_new_holland_s_b15_2,br_new_holland,S B15-2,S B15-2,,,,,,,,,,,,supplier_fitment,quarantine,New Holland S B15-2,,,
mdl_new_holland_s_b15r,br_new_holland,S B15R,S B15R,,,,,,,,,,,,supplier_fitment,quarantine,New Holland S B15R,,,
mdl_new_holland_s_b15rc,br_new_holland,S B15RC,S B15RC,,,,,,,,,,,,supplier_fitment,quarantine,New Holland S B15RC,,,
mdl_new_holland_s_b15s,br_new_holland,S B15S,S B15S,,,,,,,,,,,,supplier_fitment,quarantine,New Holland S B15S,,,
mdl_new_holland_s_b15sr,br_new_holland,S B15SR,S B15SR,,,,,,,,,,,,supplier_fitment,quarantine,New Holland S B15SR,,,
mdl_new_holland_s_b20,br_new_holland,S B20,S B20,,,,,,,,,,,,supplier_fitment,quarantine,New Holland S B20,,,
mdl_new_holland_s_b20_5,br_new_holland,S B20-5,S B20-5,,,,,,,,,,,,supplier_fitment,quarantine,New Holland S B20-5,,,
mdl_new_holland_s_b20r,br_new_holland,S B20R,S B20R,,,,,,,,,,,,supplier_fitment,quarantine,New Holland S B20R,,,
mdl_new_holland_s_b20s,br_new_holland,S B20S,S B20S,,,,,,,,,,,,supplier_fitment,quarantine,New Holland S B20S,,,
mdl_new_holland_s_b20sr,br_new_holland,S B20SR,S B20SR,,,,,,,,,,,,supplier_fitment,quarantine,New Holland S B20SR,,,
mdl_new_holland_s_b220,br_new_holland,S B220,S B220,,,,,,,,,,,,supplier_fitment,quarantine,New Holland S B220,,,
mdl_new_holland_s_b225,br_new_holland,S B225,S B225,,,,,,,,,,,,supplier_fitment,quarantine,New Holland S B225,,,
mdl_new_holland_s_b25,br_new_holland,S B25,S B25,,,,,,,,,,,,supplier_fitment,quarantine,New Holland S B25,,,
mdl_new_holland_s_b25_1,br_new_holland,S B25-1,S B25-1,,,,,,,,,,,,supplier_fitment,quarantine,New Holland S B25-1,,,
mdl_new_holland_s_b25_2,br_new_holland,S B25-2,S B25-2,,,,,,,,,,,,supplier_fitment,quarantine,New Holland S B25-2,,,
mdl_new_holland_s_b30,br_new_holland,S B30,S B30,,,,,,,,,,,,supplier_fitment,quarantine,New Holland S B30,,,
mdl_new_holland_s_b300,br_new_holland,S B300,S B300,,,,,,,,,,,,supplier_fitment,quarantine,New Holland S B300,,,
mdl_new_holland_s_b300_2,br_new_holland,S B300-2,S B300-2,,,,,,,,,,,,supplier_fitment,quarantine,New Holland S B300-2,,,
mdl_new_holland_s_b30r,br_new_holland,S B30R,S B30R,,,,,,,,,,,,supplier_fitment,quarantine,New Holland S B30R,,,
mdl_new_holland_s_b30s,br_new_holland,S B30S,S B30S,,,,,,,,,,,,supplier_fitment,quarantine,New Holland S B30S,,,
mdl_new_holland_s_b330,br_new_holland,S B330,S B330,,,,,,,,,,,,supplier_fitment,quarantine,New Holland S B330,,,
mdl_new_holland_s_b45,br_new_holland,S B45,S B45,,,,,,,,,,,,supplier_fitment,quarantine,New Holland S B45,,,
mdl_new_holland_s_b480,br_new_holland,S B480,S B480,,,,,,,,,,,,supplier_fitment,quarantine,New Holland S B480,,,
mdl_new_holland_s_b500,br_new_holland,S B500,S B500,,,,,,,,,,,,supplier_fitment,quarantine,New Holland S B500,,,
mdl_new_holland_s_b550,br_new_holland,S B550,S B550,,,,,,,,,,,,supplier_fitment,quarantine,New Holland S B550,,,
mdl_new_holland_s_b580,br_new_holland,S B580,S B580,,,,,,,,,,,,supplier_fitment,quarantine,New Holland S B580,,,
mdl_new_holland_sb800,br_new_holland,SB800,SB800,,,,,,,,,,,,supplier_fitment,quarantine,New Holland SB800,,,
mdl_new_holland_scat_trak,br_new_holland,SCAT TRAK,SCAT TRAK,,,,,,,,,,,,supplier_fitment,quarantine,New Holland SCAT TRAK,,,
mdl_new_holland_schaeff,br_new_holland,SCHAEFF,SCHAEFF,,,,,,,,,,,,supplier_fitment,quarantine,New Holland SCHAEFF,,,
mdl_new_holland_sh35jx,br_new_holland,SH35JX,SH35JX,,,,,,,,,,,,supplier_fitment,quarantine,New Holland SH35JX,,,
mdl_new_holland_sh35jx2,br_new_holland,SH35JX2,SH35JX2,,,,,,,,,,,,supplier_fitment,quarantine,New Holland SH35JX2,,,
mdl_new_holland_sh35uj,br_new_holland,SH35UJ,SH35UJ,,,,,,,,,,,,supplier_fitment,quarantine,New Holland SH35UJ,,,
mdl_new_holland_sh38uj,br_new_holland,SH38UJ,SH38UJ,,,,,,,,,,,,supplier_fitment,quarantine,New Holland SH38UJ,,,
mdl_new_holland_sh38uj2,br_new_holland,SH38UJ2,SH38UJ2,,,,,,,,,,,,supplier_fitment,quarantine,New Holland SH38UJ2,,,
mdl_new_holland_sh40jx,br_new_holland,SH40JX,SH40JX,,,,,,,,,,,,supplier_fitment,quarantine,New Holland SH40JX,,,
mdl_new_holland_sh40jx2,br_new_holland,SH40JX2,SH40JX2,,,,,,,,,,,,supplier_fitment,quarantine,New Holland SH40JX2,,,
mdl_new_holland_sh55j,br_new_holland,SH55J,SH55J,,,,,,,,,,,,supplier_fitment,quarantine,New Holland SH55J,,,
mdl_new_holland_sh55u_2,br_new_holland,SH55U-2,SH55U-2,,,,,,,,,,,,supplier_fitment,quarantine,New Holland SH55U-2,,,
mdl_new_holland_sh55uj,br_new_holland,SH55UJ,SH55UJ,,,,,,,,,,,,supplier_fitment,quarantine,New Holland SH55UJ,,,
mdl_new_holland_sj519th,br_new_holland,SJ519TH,SJ519TH,,,,,,,,,,,,supplier_fitment,quarantine,New Holland SJ519TH,,,
mdl_new_holland_sj8831,br_new_holland,SJ8831,SJ8831,,,,,,,,,,,,supplier_fitment,quarantine,New Holland SJ8831,,,
mdl_new_holland_sj8841,br_new_holland,SJ8841,SJ8841,,,,,,,,,,,,supplier_fitment,quarantine,New Holland SJ8841,,,
mdl_new_holland_skyjack,br_new_holland,SKYJACK,SKYJACK,,,,,,,,,,,,supplier_fitment,quarantine,New Holland SKYJACK,,,
mdl_new_holland_sumitomo,br_new_holland,SUMITOMO,SUMITOMO,,,,,,,,,,,,supplier_fitment,quarantine,New Holland SUMITOMO,,,
mdl_new_holland_vts,br_new_holland,VTS,VTS,,,,,,,,,,,,supplier_fitment,quarantine,New Holland VTS,,,
mdl_new_holland_vts50,br_new_holland,VTS50,VTS50,,,,,,,,,,,,supplier_fitment,quarantine,New Holland VTS50,,,
mdl_new_holland_vts63,br_new_holland,VTS63,VTS63,,,,,,,,,,,,supplier_fitment,quarantine,New Holland VTS63,,,
mdl_new_holland_x1,br_new_holland,X1,X1,,,,,,,,,,,,supplier_fitment,quarantine,New Holland X1,,,
mdl_sany_545,br_sany,545,545,,,,,,,,,,,,supplier_fitment,quarantine,Sany 545,,,
mdl_sany_hr16,br_sany,HR16,HR16,,,,,,,,,,,,supplier_fitment,quarantine,Sany HR16,,,
mdl_sany_hr8_new,br_sany,HR8 NEW,HR8 NEW,,,,,,,,,,,,supplier_fitment,quarantine,Sany HR8 NEW,,,
mdl_sany_ls1200fxj2,br_sany,LS1200FXJ2,LS1200FXJ2,,,,,,,,,,,,supplier_fitment,quarantine,Sany LS1200FXJ2,,,
mdl_sany_ls1200fxj3,br_sany,LS1200FXJ3,LS1200FXJ3,,,,,,,,,,,,supplier_fitment,quarantine,Sany LS1200FXJ3,,,
mdl_sany_ls1300fxj3,br_sany,LS1300FXJ3,LS1300FXJ3,,,,,,,,,,,,supplier_fitment,quarantine,Sany LS1300FXJ3,,,
mdl_sany_s120,br_sany,S120,S120,,,,,,,,,,,,supplier_fitment,quarantine,Sany S120,,,
mdl_sany_s120f2,br_sany,S120F2,S120F2,,,,,,,,,,,,supplier_fitment,quarantine,Sany S120F2,,,
mdl_sany_s130f2,br_sany,S130F2,S130F2,,,,,,,,,,,,supplier_fitment,quarantine,Sany S130F2,,,
mdl_sany_scat_trak,br_sany,SCAT TRAK,SCAT TRAK,,,,,,,,,,,,supplier_fitment,quarantine,Sany SCAT TRAK,,,
mdl_sany_schaeff,br_sany,SCHAEFF,SCHAEFF,,,,,,,,,,,,supplier_fitment,quarantine,Sany SCHAEFF,,,
mdl_sany_sh40jx,br_sany,SH40JX,SH40JX,,,,,,,,,,,,supplier_fitment,quarantine,Sany SH40JX,,,
mdl_sany_sh40jx2,br_sany,SH40JX2,SH40JX2,,,,,,,,,,,,supplier_fitment,quarantine,Sany SH40JX2,,,
mdl_sany_sh55j,br_sany,SH55J,SH55J,,,,,,,,,,,,supplier_fitment,quarantine,Sany SH55J,,,
mdl_sany_sh55u_2,br_sany,SH55U-2,SH55U-2,,,,,,,,,,,,supplier_fitment,quarantine,Sany SH55U-2,,,
mdl_sany_sh55uj,br_sany,SH55UJ,SH55UJ,,,,,,,,,,,,supplier_fitment,quarantine,Sany SH55UJ,,,
mdl_sany_stl35v,br_sany,STL35V,STL35V,Compact Track Loader,Universal Quick-Attach,,,,,,,,,Needs Review,airtable|shopify_meta,review,Sany STL35V,,,
mdl_sany_sumitomo,br_sany,SUMITOMO,SUMITOMO,,,,,,,,,,,,supplier_fitment,quarantine,Sany SUMITOMO,,,
mdl_sany_sy16c,br_sany,SY16C,SY16C,Mini Excavator,Excavator Pin-On,ts_230x48x70,13,3500,3.7,,2560,Zero,,Verified,airtable|shopify_meta|size_index|supplier_fitment,reference,Sany SY16C,,,
mdl_sany_sy18c,br_sany,SY18C,SY18C,Mini Excavator,,ts_230x48x70,,,,,,,,,shopify_meta|size_index,active_v1,Sany SY18C,sany-sy18c,/pages/equipment-model/sany-sy18c,track_finder_v1
mdl_sany_sy26c,br_sany,SY26C,SY26C,Mini Excavator,Excavator Pin-On,ts_300x525nx80,,,,,,,,Needs Review,airtable|fitment_json|shopify_meta,active_v1,Sany SY26C,sany-sy26c,/pages/equipment-model/sany-sy26c,track_finder_v1
mdl_sany_sy26u,br_sany,SY26U,SY26U,Mini Excavator,Excavator Pin-On,ts_300x525nx80,21,5800,7.1,,3046,Zero,,Verified,airtable|shopify_meta|supplier_fitment,active_v1,Sany SY26U,sany-sy26u,/pages/equipment-model/sany-sy26u,track_finder_v1
mdl_sany_sy35c,br_sany,SY35C,SY35C,Mini Excavator,,ts_300x525kx88,,,,,,,,,fitment_json,active_v1,Sany SY35C,sany-sy35c,/pages/equipment-model/sany-sy35c,track_finder_v1
mdl_sany_sy35u,br_sany,SY35U,SY35U,Mini Excavator,Excavator Pin-On,ts_300x525kx88,24,7800,10.3,,3336,Zero,,Verified,airtable|fitment_json|shopify_meta|size_index|supplier_fitment,active_v1,Sany SY35U,sany-sy35u,/pages/equipment-model/sany-sy35u,track_finder_v1
mdl_sany_sy50u,br_sany,SY50U,SY50U,Mini Excavator,Excavator Pin-On,ts_400x725kx74,36,11000,16.4,,3626,Zero,,Verified,airtable|fitment_json|shopify_meta|supplier_fitment,active_v1,Sany SY50U,sany-sy50u,/pages/equipment-model/sany-sy50u,track_finder_v1
mdl_sany_sy55u,br_sany,SY55U,SY55U,Mini Excavator,Excavator Pin-On,,42,12200,18.5,,3626,Zero,,Needs Review,airtable,review,Sany SY55U,,,
mdl_sany_sy60c,br_sany,SY60C,SY60C,Mini Excavator,,ts_400x725wx76,,,,,,,,,fitment_json|shopify_meta|size_index|supplier_fitment,active_v1,Sany SY60C,sany-sy60c,/pages/equipment-model/sany-sy60c,track_finder_v1
mdl_sany_sy75c,br_sany,SY75C,SY75C,Mini Excavator,Excavator Pin-On,ts_450x815x76,56,17500,24.6,,4000,Conventional,,Verified,airtable|fitment_json|shopify_meta|size_index|supplier_fitment,active_v1,Sany SY75C,sany-sy75c,/pages/equipment-model/sany-sy75c,track_finder_v1
mdl_sany_sy80u,br_sany,SY80U,SY80U,Mini Excavator,,ts_450x81nx78,,,,,,,,,fitment_json|shopify_meta|supplier_fitment,active_v1,Sany SY80U,sany-sy80u,/pages/equipment-model/sany-sy80u,track_finder_v1
mdl_sany_sy_35u,br_sany,SY-35U,SY-35U,,,,,,,,,,,,size_index,reference,Sany SY-35U,,,
mdl_takeuchi_tb007,br_takeuchi,TB007,TB007,,,,,,,,,,,,supplier_fitment,quarantine,Takeuchi TB007,,,
mdl_takeuchi_tb008,br_takeuchi,TB008,TB008,,,,,,,,,,,Needs Review,airtable|supplier_fitment,quarantine,Takeuchi TB008,,,
mdl_takeuchi_tb014,br_takeuchi,TB014,TB014,,,ts_230x96x31,,,,,,,,,size_index|supplier_fitment,review,Takeuchi TB014,,,
mdl_takeuchi_tb015,br_takeuchi,TB015,TB015,,,ts_230x96x31,,,,,,,,,size_index|supplier_fitment|supplier_products,review,Takeuchi TB015,,,
mdl_takeuchi_tb016,br_takeuchi,TB016,TB016,,,,,,,,,,,,supplier_fitment|supplier_products,quarantine,Takeuchi TB016,,,
mdl_takeuchi_tb020,br_takeuchi,TB020,TB020,Mini Excavator,Excavator Pin-On,ts_300x525nx76,,,,,,,,Needs Review,airtable,active_v1,Takeuchi TB020,takeuchi-tb020,/pages/equipment-model/takeuchi-tb020,track_finder_v1
mdl_takeuchi_tb025,br_takeuchi,TB025,TB025,Mini Excavator,Excavator Pin-On,ts_300x525nx78,26,5958,12.6,,2845,,,Needs Review,airtable|fitment_json|shopify_meta|supplier_fitment|supplier_products,active_v1,Takeuchi TB025,takeuchi-tb025,/pages/equipment-model/takeuchi-tb025,track_finder_v1
mdl_takeuchi_tb030,br_takeuchi,TB030,TB030,,,,,,,,,,,,supplier_fitment,quarantine,Takeuchi TB030,,,
mdl_takeuchi_tb030ur,br_takeuchi,TB030UR,TB030UR,,,,,,,,,,,,supplier_fitment,quarantine,Takeuchi TB030UR,,,
mdl_takeuchi_tb035,br_takeuchi,TB035,TB035,Mini Excavator,,ts_350x525x86,,,,,,,,,fitment_json|shopify_meta|size_index|supplier_fitment|supplier_products,active_v1,Takeuchi TB035,takeuchi-tb035,/pages/equipment-model/takeuchi-tb035,track_finder_v1
mdl_takeuchi_tb045,br_takeuchi,TB045,TB045,Mini Excavator,Excavator Pin-On,ts_400x725kx74,43,10092,29.6,,2845,,,Verified,airtable|fitment_json|shopify_meta|supplier_fitment|supplier_products,active_v1,Takeuchi TB045,takeuchi-tb045,/pages/equipment-model/takeuchi-tb045,track_finder_v1
mdl_takeuchi_tb053fr,br_takeuchi,TB053FR,TB053FR,Mini Excavator,Excavator Pin-On,ts_400x725kx74,,,,,,,,Needs Review,airtable|fitment_json,active_v1,Takeuchi TB053FR,takeuchi-tb053fr,/pages/equipment-model/takeuchi-tb053fr,track_finder_v1
mdl_takeuchi_tb07,br_takeuchi,TB07,TB07,Mini Excavator,Excavator Pin-On,ts_180x72x37,56,16050,36.0,,3982,,,Verified,airtable|fitment_json|shopify_meta|size_index|supplier_fitment|supplier_products,active_v1,Takeuchi TB07,takeuchi-tb07,/pages/equipment-model/takeuchi-tb07,track_finder_v1
mdl_takeuchi_tb070,br_takeuchi,TB070,TB070,Mini Excavator,,ts_450x81nx76,,,,,,,,,fitment_json|supplier_fitment|supplier_products,active_v1,Takeuchi TB070,takeuchi-tb-070,/pages/equipment-model/takeuchi-tb-070,track_finder_v1
mdl_takeuchi_tb08,br_takeuchi,TB08,TB08,,,,,,,,,,,Needs Review,airtable|supplier_fitment|supplier_products,quarantine,Takeuchi TB08,,,
mdl_takeuchi_tb105,br_takeuchi,TB105,TB105,Mini Excavator,Excavator Pin-On,ts_230x72x43,,,,,,,,Needs Review,airtable|shopify_meta|supplier_fitment,review,Takeuchi TB105,,,
mdl_takeuchi_tb106,br_takeuchi,TB106,TB106,Mini Excavator,Excavator Pin-On,ts_230x72x43,,,,,,,,Needs Review,airtable|shopify_meta|supplier_fitment,review,Takeuchi TB106,,,
mdl_takeuchi_tb108,br_takeuchi,TB108,TB108,Compact Track Loader,Universal Quick-Attach,ts_180x72x37,9,2033,5.6,,2288,,,Needs Review,airtable|fitment_json|shopify_meta|supplier_fitment,active_v1,Takeuchi TB108,takeuchi-tb-108,/pages/equipment-model/takeuchi-tb-108,track_finder_v1
mdl_takeuchi_tb1135,br_takeuchi,TB1135,TB1135,,,,,,,,,,,,supplier_fitment|supplier_products,quarantine,Takeuchi TB1135,,,
mdl_takeuchi_tb1140,br_takeuchi,TB1140,TB1140,,,,,,,,,,,,supplier_fitment,quarantine,Takeuchi TB1140,,,
mdl_takeuchi_tb1150,br_takeuchi,TB1150,TB1150,,,,,,,,,,,,supplier_fitment,quarantine,Takeuchi TB1150,,,
mdl_takeuchi_tb12,br_takeuchi,TB12,TB12,Mini Excavator,Excavator Pin-On,ts_230x72x43,22,6165,15.4,,2987,,,Needs Review,airtable|shopify_meta|supplier_fitment|supplier_products,review,Takeuchi TB12,,,
mdl_takeuchi_tb120,br_takeuchi,TB120,TB120,Mini Excavator,Excavator Pin-On,ts_230x72x43,,,,,,,,Needs Review,airtable|shopify_meta|supplier_fitment,review,Takeuchi TB120,,,
mdl_takeuchi_tb1200,br_takeuchi,TB1200,TB1200,,,,,,,,,,,,supplier_fitment,quarantine,Takeuchi TB1200,,,
mdl_takeuchi_tb120r,br_takeuchi,TB120R,TB120R,Mini Excavator,Excavator Pin-On,ts_230x72x43,,,,,,,,Needs Review,airtable|shopify_meta|supplier_fitment,review,Takeuchi TB120R,,,
mdl_takeuchi_tb125,br_takeuchi,TB125,TB125,Mini Excavator,Excavator Pin-On,ts_300x525nx78,22,6165,15.4,,2987,,,Verified,airtable|fitment_json|shopify_meta|supplier_fitment,active_v1,Takeuchi TB125,takeuchi-tb125,/pages/equipment-model/takeuchi-tb125,track_finder_v1
mdl_takeuchi_tb128fr,br_takeuchi,TB128FR,TB128FR,,,,,,,,,,,,supplier_fitment,quarantine,Takeuchi TB128FR,,,
mdl_takeuchi_tb135,br_takeuchi,TB135,TB135,Mini Excavator,Excavator Pin-On,ts_350x525x86,27,7831,19.8,,3000,,,Needs Review,airtable|fitment_json|shopify_meta|size_index|supplier_fitment,active_v1,Takeuchi TB135,takeuchi-tb135,/pages/equipment-model/takeuchi-tb135,track_finder_v1
mdl_takeuchi_tb135fr,br_takeuchi,TB135FR,TB135FR,,,ts_350x525x86,,,,,,,,,size_index,review,Takeuchi TB135FR,,,
mdl_takeuchi_tb138,br_takeuchi,TB138,TB138,Mini Excavator,,ts_350x525x86,,,,,,,,,fitment_json|size_index,active_v1,Takeuchi TB138,takeuchi-tb138,/pages/equipment-model/takeuchi-tb138,track_finder_v1
mdl_takeuchi_tb138fr,br_takeuchi,TB138FR,TB138FR,Mini Excavator,,ts_350x525x86,,,,,,,,,fitment_json|shopify_meta|size_index|supplier_fitment,active_v1,Takeuchi TB138FR,takeuchi-tb138fr,/pages/equipment-model/takeuchi-tb138fr,track_finder_v1
mdl_takeuchi_tb14,br_takeuchi,TB14,TB14,Mini Excavator,Excavator Pin-On,ts_230x72x43,37,10761,29.6,,3000,,,Needs Review,airtable|shopify_meta|supplier_fitment,review,Takeuchi TB14,,,
mdl_takeuchi_tb145,br_takeuchi,TB145,TB145,Mini Excavator,Excavator Pin-On,ts_400x725kx74,37,10761,29.6,,3000,,,Needs Review,airtable|fitment_json|shopify_meta|supplier_fitment,active_v1,Takeuchi TB145,takeuchi-tb145,/pages/equipment-model/takeuchi-tb145,track_finder_v1
mdl_takeuchi_tb15,br_takeuchi,TB15,TB15,Mini Excavator,Excavator Pin-On,ts_230x72x43,38,12450,29.6,,3000,,,Needs Review,airtable|shopify_meta|supplier_fitment|supplier_products,review,Takeuchi TB15,,,
mdl_takeuchi_tb153fr,br_takeuchi,TB153FR,TB153FR,Mini Excavator,Excavator Pin-On,ts_400x725kx74,38,12450,29.6,,3000,,,Needs Review,airtable|fitment_json|shopify_meta|supplier_fitment,active_v1,Takeuchi TB153FR,takeuchi-tb153fr,/pages/equipment-model/takeuchi-tb153fr,track_finder_v1
mdl_takeuchi_tb15f,br_takeuchi,TB15F,TB15F,Mini Excavator,,ts_230x48x70,,,,,,,,,shopify_meta|size_index|supplier_fitment|supplier_products,active_v1,Takeuchi TB15F,takeuchi-tb-15f,/pages/equipment-model/takeuchi-tb-15f,track_finder_v1
mdl_takeuchi_tb15fr,br_takeuchi,TB15FR,TB15FR,Mini Excavator,,ts_230x48x70,,,,,,,,,shopify_meta|size_index|supplier_fitment,active_v1,Takeuchi TB15FR,takeuchi-tb15fr,/pages/equipment-model/takeuchi-tb15fr,track_finder_v1
mdl_takeuchi_tb16,br_takeuchi,TB16,TB16,Mini Excavator,Excavator Pin-On,ts_230x72x43,,,,,,,,Needs Review,airtable|shopify_meta|supplier_fitment,review,Takeuchi TB16,,,
mdl_takeuchi_tb175,br_takeuchi,TB175,TB175,Mini Excavator,,ts_450x81nx76,,,,,,,,,fitment_json|shopify_meta|supplier_fitment|supplier_products,active_v1,Takeuchi TB175,takeuchi-tb175,/pages/equipment-model/takeuchi-tb175,track_finder_v1
mdl_takeuchi_tb177,br_takeuchi,TB177,TB177,Mini Excavator,Excavator Pin-On,ts_450x71x82,,,,,,,,Needs Review,airtable|shopify_meta,review,Takeuchi TB177,,,
mdl_takeuchi_tb180fr,br_takeuchi,TB180FR,TB180FR,Mini Excavator,Excavator Pin-On,ts_450x81nx76,60,18370,34.8,,3989,,,Needs Review,airtable|fitment_json|shopify_meta|supplier_fitment|supplier_products,active_v1,Takeuchi TB180FR,takeuchi-tb180fr,/pages/equipment-model/takeuchi-tb180fr,track_finder_v1
mdl_takeuchi_tb20e,br_takeuchi,TB20E,TB20E,Mini Excavator,Excavator Pin-On,ts_230x96x31,,,,,,,,Needs Review,airtable|shopify_meta,review,Takeuchi TB20E,,,
mdl_takeuchi_tb210r,br_takeuchi,TB210R,TB210R,Mini Excavator,Excavator Pin-On,ts_180x72x37,,,,,,,,Needs Review,airtable|shopify_meta|supplier_fitment|supplier_products,review,Takeuchi TB210R,,,
mdl_takeuchi_tb2150,br_takeuchi,TB2150,TB2150,,,,,,,,,,,,supplier_fitment|supplier_products,quarantine,Takeuchi TB2150,,,
mdl_takeuchi_tb215r,br_takeuchi,TB215R,TB215R,Mini Excavator,Excavator Pin-On,ts_230x96x31,,,,,,,,Needs Review,airtable|shopify_meta,review,Takeuchi TB215R,,,
mdl_takeuchi_tb216,br_takeuchi,TB216,TB216,Mini Excavator,Excavator Pin-On,,13,3748,4.5,,2560,Zero,,Needs Review,airtable|shopify_meta|supplier_fitment,review,Takeuchi TB216,,,
mdl_takeuchi_tb216h,br_takeuchi,TB216H,TB216H,,,,,,,,,,,,supplier_fitment|supplier_products,quarantine,Takeuchi TB216H,,,
mdl_takeuchi_tb217r,br_takeuchi,TB217R,TB217R,Mini Excavator,Excavator Pin-On,ts_230x96x31,,,,,,,,Needs Review,airtable|shopify_meta,review,Takeuchi TB217R,,,
mdl_takeuchi_tb219,br_takeuchi,TB219,TB219,Mini Excavator,Excavator Pin-On,ts_230x96x31,15,4111,13.6,,3132,,,Needs Review,airtable|shopify_meta,review,Takeuchi TB219,,,
mdl_takeuchi_tb225,br_takeuchi,TB225,TB225,Mini Excavator,Excavator Pin-On,ts_300x525nx78,,,,,,,,Verified,airtable|fitment_json|shopify_meta|supplier_fitment|supplier_products,active_v1,Takeuchi TB225,takeuchi-tb225,/pages/equipment-model/takeuchi-tb225,track_finder_v1
mdl_takeuchi_tb228,br_takeuchi,TB228,TB228,Mini Excavator,Excavator Pin-On,ts_300x525nx78,23,6195,23.8,,3045,,,Needs Review,airtable|fitment_json|shopify_meta|supplier_fitment|supplier_products,active_v1,Takeuchi TB228,takeuchi-tb228,/pages/equipment-model/takeuchi-tb228,track_finder_v1
mdl_takeuchi_tb230,br_takeuchi,TB230,TB230,Mini Excavator,Excavator Pin-On,ts_300x525nx78,21,6800,8.5,,3046,Zero,,Verified,airtable|fitment_json|shopify_meta|supplier_fitment,active_v1,Takeuchi TB230,takeuchi-tb230,/pages/equipment-model/takeuchi-tb230,track_finder_v1
mdl_takeuchi_tb235,br_takeuchi,TB235,TB235,Mini Excavator,Excavator Pin-On,ts_350x525x86,24,7900,10.3,,3336,Zero,,Needs Review,airtable|fitment_json|shopify_meta|size_index|supplier_fitment,active_v1,Takeuchi TB235,takeuchi-tb235,/pages/equipment-model/takeuchi-tb235,track_finder_v1
mdl_takeuchi_tb235_2,br_takeuchi,TB235-2,TB235-2,Mini Excavator,,ts_350x525x86,,,,,,,,,fitment_json|supplier_fitment|supplier_products,active_v1,Takeuchi TB235-2,takeuchi-tb235-2,/pages/equipment-model/takeuchi-tb235-2,track_finder_v1
mdl_takeuchi_tb235cr,br_takeuchi,TB235CR,TB235CR,,,,,,,,,,,,supplier_fitment,quarantine,Takeuchi TB235CR,,,
mdl_takeuchi_tb240,br_takeuchi,TB240,TB240,Mini Excavator,Excavator Pin-On,ts_350x525x86,,9500,,,,,,Needs Review,airtable|fitment_json|shopify_meta|size_index|supplier_fitment,active_v1,Takeuchi TB240,takeuchi-tb240,/pages/equipment-model/takeuchi-tb240,track_finder_v1
mdl_takeuchi_tb245,br_takeuchi,TB245,TB245,Mini Excavator,Excavator Pin-On,ts_400x725kx74,,,,,,,,Needs Review,airtable|fitment_json,active_v1,Takeuchi TB245,takeuchi-tb245,/pages/equipment-model/takeuchi-tb245,track_finder_v1
mdl_takeuchi_tb249,br_takeuchi,TB249,TB249,Mini Excavator,Excavator Pin-On,ts_400x725kx74,,,,,,,,Verified,airtable|fitment_json|shopify_meta,active_v1,Takeuchi TB249,takeuchi-tb-249,/pages/equipment-model/takeuchi-tb-249,track_finder_v1
mdl_takeuchi_tb25,br_takeuchi,TB25,TB25,,,,,,,,,,,,supplier_fitment|supplier_products,quarantine,Takeuchi TB25,,,
mdl_takeuchi_tb250,br_takeuchi,TB250,TB250,Mini Excavator,Excavator Pin-On,ts_400x725kx74,38,10780,38.6,,3045,,,Needs Review,airtable|fitment_json|shopify_meta|supplier_fitment,active_v1,Takeuchi TB250,takeuchi-tb250,/pages/equipment-model/takeuchi-tb250,track_finder_v1
mdl_takeuchi_tb250_2,br_takeuchi,TB250-2,TB250-2,Mini Excavator,Excavator Pin-On,ts_400x725kx74,36,11600,16.4,,3626,Zero,,Needs Review,airtable|fitment_json|shopify_meta|supplier_fitment,active_v1,Takeuchi TB250-2,takeuchi-tb250-2,/pages/equipment-model/takeuchi-tb250-2,track_finder_v1
mdl_takeuchi_tb250r,br_takeuchi,TB250R,TB250R,,,,,,,,,,,,supplier_fitment|supplier_products,quarantine,Takeuchi TB250R,,,
mdl_takeuchi_tb257fr,br_takeuchi,TB257FR,TB257FR,Mini Excavator,Excavator Pin-On,ts_400x725kx74,,,,,,,,Needs Review,airtable|fitment_json|shopify_meta|supplier_fitment|supplier_products,active_v1,Takeuchi TB257FR,takeuchi-tb257fr,/pages/equipment-model/takeuchi-tb257fr,track_finder_v1
mdl_takeuchi_tb25fr,br_takeuchi,TB25FR,TB25FR,,,,,,,,,,,,supplier_fitment|supplier_products,quarantine,Takeuchi TB25FR,,,
mdl_takeuchi_tb260,br_takeuchi,TB260,TB260,Mini Excavator,Excavator Pin-On,ts_400x725wx76,47,13200,20.1,,3626,Zero,,Needs Review,airtable|fitment_json|shopify_meta|size_index|supplier_fitment|supplier_products,active_v1,Takeuchi TB260,takeuchi-tb260,/pages/equipment-model/takeuchi-tb260,track_finder_v1
mdl_takeuchi_tb260r,br_takeuchi,TB260R,TB260R,Mini Excavator,Excavator Pin-On,ts_400x725kx74,,,,,,,,Needs Review,airtable|fitment_json,active_v1,Takeuchi TB260R,takeuchi-tb260r,/pages/equipment-model/takeuchi-tb260r,track_finder_v1
mdl_takeuchi_tb280fr,br_takeuchi,TB280FR,TB280FR,Mini Excavator,Excavator Pin-On,ts_450x81nx76,,,,,,,,Needs Review,airtable|fitment_json|shopify_meta|supplier_fitment,active_v1,Takeuchi TB280FR,takeuchi-tb280fr,/pages/equipment-model/takeuchi-tb280fr,track_finder_v1
mdl_takeuchi_tb285,br_takeuchi,TB285,TB285,Mini Excavator,Excavator Pin-On,ts_450x81nx76,,,,,,,,Needs Review,airtable|fitment_json|shopify_meta|supplier_fitment,active_v1,Takeuchi TB285,takeuchi-tb285,/pages/equipment-model/takeuchi-tb285,track_finder_v1
mdl_takeuchi_tb28fr,br_takeuchi,TB28FR,TB28FR,,,,,,,,,,,,supplier_fitment|supplier_products,quarantine,Takeuchi TB28FR,,,
mdl_takeuchi_tb290,br_takeuchi,TB290,TB290,Mini Excavator,Excavator Pin-On,ts_450x81nx76,66,19800,27.3,40.0,4061,Zero,,Needs Review,airtable|fitment_json|shopify_meta|supplier_fitment|supplier_products,active_v1,Takeuchi TB290,takeuchi-tb290,/pages/equipment-model/takeuchi-tb290,track_finder_v1
mdl_takeuchi_tb300r,br_takeuchi,TB300R,TB300R,,,,,,,,,,,,supplier_fitment,quarantine,Takeuchi TB300R,,,
mdl_takeuchi_tb30ur,br_takeuchi,TB30UR,TB30UR,,,,,,,,,,,,supplier_fitment,quarantine,Takeuchi TB30UR,,,
mdl_takeuchi_tb320,br_takeuchi,TB320,TB320,Mini Excavator,Excavator Pin-On,,,,,,,,,Needs Review,airtable|shopify_meta,review,Takeuchi TB320,,,
mdl_takeuchi_tb335,br_takeuchi,TB335,TB335,Mini Excavator,Excavator Pin-On,,,,,,,,,Needs Review,airtable,review,Takeuchi TB335,,,
mdl_takeuchi_tb335r,br_takeuchi,TB335R,TB335R,,,,,,,,,,,,supplier_fitment|supplier_products,quarantine,Takeuchi TB335R,,,
mdl_takeuchi_tb350r,br_takeuchi,TB350R,TB350R,,,,,,,,,,,,supplier_fitment,quarantine,Takeuchi TB350R,,,
mdl_takeuchi_tb370,br_takeuchi,TB370,TB370,Mini Excavator,Excavator Pin-On,ts_400x725kx74,,,,,,,,Needs Review,airtable|fitment_json|shopify_meta|supplier_fitment|supplier_products,active_v1,Takeuchi TB370,takeuchi-tb370,/pages/equipment-model/takeuchi-tb370,track_finder_v1
mdl_takeuchi_tb38fr,br_takeuchi,TB38FR,TB38FR,Mini Excavator,,ts_350x525x86,,,,,,,,,fitment_json|size_index|supplier_fitment|supplier_products,active_v1,Takeuchi TB38FR,takeuchi-tb38fr,/pages/equipment-model/takeuchi-tb38fr,track_finder_v1
mdl_takeuchi_tb45,br_takeuchi,TB45,TB45,Mini Excavator,Excavator Pin-On,ts_350x545x86,,,,,,,,Needs Review,airtable|shopify_meta,review,Takeuchi TB45,,,
mdl_takeuchi_tb53fr,br_takeuchi,TB53FR,TB53FR,Mini Excavator,Excavator Pin-On,ts_400x725kx74,37,12430,29.6,,3000,,,Needs Review,airtable|fitment_json|shopify_meta|supplier_fitment,active_v1,Takeuchi TB53FR,takeuchi-tb-53fr,/pages/equipment-model/takeuchi-tb-53fr,track_finder_v1
mdl_takeuchi_tb55r,br_takeuchi,TB55R,TB55R,,,,,,,,,,,,supplier_fitment|supplier_products,quarantine,Takeuchi TB55R,,,
mdl_takeuchi_tb55ur,br_takeuchi,TB55UR,TB55UR,,,,,,,,,,,,supplier_fitment|supplier_products,quarantine,Takeuchi TB55UR,,,
mdl_takeuchi_tb650,br_takeuchi,TB650,TB650,Mini Excavator,Excavator Pin-On,ts_230x72x43,,,,,,,,Needs Review,airtable|shopify_meta|supplier_fitment,review,Takeuchi TB650,,,
mdl_takeuchi_tb650s,br_takeuchi,TB650S,TB650S,Mini Excavator,Excavator Pin-On,ts_230x72x43,,,,,,,,Needs Review,airtable|shopify_meta|supplier_fitment,review,Takeuchi TB650S,,,
mdl_takeuchi_tb75fr,br_takeuchi,TB75FR,TB75FR,,,,,,,,,,,,supplier_fitment|supplier_products,quarantine,Takeuchi TB75FR,,,
mdl_takeuchi_tb80fr,br_takeuchi,TB80FR,TB80FR,Mini Excavator,,ts_450x81nx76,,,,,,,,,fitment_json|shopify_meta|supplier_fitment|supplier_products,active_v1,Takeuchi TB80FR,takeuchi-tb80fr,/pages/equipment-model/takeuchi-tb80fr,track_finder_v1
mdl_takeuchi_tb980,br_takeuchi,TB980,TB980,,,,,,,,,,,,supplier_fitment,quarantine,Takeuchi TB980,,,
mdl_takeuchi_tb_035,br_takeuchi,TB-035,TB-035,,,ts_350x525x86,,,,,,,,,size_index,reference,Takeuchi TB-035,,,
mdl_takeuchi_tb_135,br_takeuchi,TB-135,TB-135,,,ts_350x525x86,,,,,,,,,size_index,reference,Takeuchi TB-135,,,
mdl_takeuchi_tb_138,br_takeuchi,TB-138,TB-138,,,ts_350x525x86,,,,,,,,,size_index,reference,Takeuchi TB-138,,,
mdl_takeuchi_tb_138_fr,br_takeuchi,TB-138-FR,TB-138-FR,,,ts_350x525x86,,,,,,,,,size_index,reference,Takeuchi TB-138-FR,,,
mdl_takeuchi_tb_138fr,br_takeuchi,TB-138FR,TB-138FR,,,ts_350x525x86,,,,,,,,,size_index,reference,Takeuchi TB-138FR,,,
mdl_takeuchi_tb_15f,br_takeuchi,TB-15F,TB-15F,,,ts_230x48x70,,,,,,,,,size_index,review,Takeuchi TB-15F,,,
mdl_takeuchi_tb_15fr,br_takeuchi,TB-15FR,TB-15FR,,,ts_230x48x70,,,,,,,,,size_index,review,Takeuchi TB-15FR,,,
mdl_takeuchi_tb_235,br_takeuchi,TB-235,TB-235,,,ts_350x525x86,,,,,,,,,size_index,reference,Takeuchi TB-235,,,
mdl_takeuchi_tb_240,br_takeuchi,TB-240,TB-240,,,ts_350x525x86,,,,,,,,,size_index,reference,Takeuchi TB-240,,,
mdl_takeuchi_tb_260,br_takeuchi,TB-260,TB-260,,,,,,,,,,,,size_index,reference,Takeuchi TB-260,,,
mdl_takeuchi_tl10,br_takeuchi,TL10,TL10,Skid Steer,,ts_450x100x48,,,,,,,,Verified,airtable|fitment_json|shopify_meta|size_index|supplier_fitment|supplier_products,active_v1,Takeuchi TL10,takeuchi-tl10,/pages/equipment-model/takeuchi-tl10,track_finder_v1
mdl_takeuchi_tl10v2,br_takeuchi,TL10V2,TL10V2,Skid Steer,Universal Skid Steer,ts_320x86x52,85,10100,23.0,34.0,3481,Vertical,,Verified,airtable|fitment_json|shopify_meta|supplier_fitment|supplier_products,active_v1,Takeuchi TL10V2,takeuchi-tl10v2,/pages/equipment-model/takeuchi-tl10v2,track_finder_v1
mdl_takeuchi_tl11r3,br_takeuchi,TL11R3,TL11R3,Compact Track Loader,Universal Quick-Attach,,,,,,,,,Needs Review,airtable,review,Takeuchi TL11R3,,,
mdl_takeuchi_tl12,br_takeuchi,TL12,TL12,Skid Steer,,ts_450x100x50,52,5952,15.1,,3000,,,Verified,airtable|fitment_json|shopify_meta|size_index|supplier_fitment,active_v1,Takeuchi TL12,takeuchi-tl12,/pages/equipment-model/takeuchi-tl12,track_finder_v1
mdl_takeuchi_tl120,br_takeuchi,TL120,TL120,,,,,,,,,,,,supplier_fitment|supplier_products,quarantine,Takeuchi TL120,,,
mdl_takeuchi_tl126,br_takeuchi,TL126,TL126,,,,,,,,,,,,size_index|supplier_fitment|supplier_products,quarantine,Takeuchi TL126,,,
mdl_takeuchi_tl12r2,br_takeuchi,TL12R2,TL12R2,Skid Steer,Universal Skid Steer,ts_450x86bx60,111,12600,23.0,40.0,3481,Radial,,Verified,airtable|fitment_json|shopify_meta|size_index|supplier_fitment|supplier_products,active_v1,Takeuchi TL12R2,takeuchi-tl12r2,/pages/equipment-model/takeuchi-tl12r2,track_finder_v1
mdl_takeuchi_tl12v2,br_takeuchi,TL12V2,TL12V2,Skid Steer,Universal Quick-Attach,ts_450x100x50,,,,,,,,Verified,airtable|fitment_json|shopify_meta|size_index|supplier_fitment|supplier_products,active_v1,Takeuchi TL12V2,takeuchi-tl12v2,/pages/equipment-model/takeuchi-tl12v2,track_finder_v1
mdl_takeuchi_tl130,br_takeuchi,TL130,TL130,Skid Steer,Universal Quick-Attach,ts_320x86x52,67,7497,18.0,,2986,,,Verified,airtable|fitment_json|shopify_meta|supplier_fitment|supplier_products,active_v1,Takeuchi TL130,takeuchi-tl130,/pages/equipment-model/takeuchi-tl130,track_finder_v1
mdl_takeuchi_tl140,br_takeuchi,TL140,TL140,Skid Steer,Universal Quick-Attach,ts_450x100x48,81,9590,19.8,,2988,,,Verified,airtable|fitment_json|shopify_meta|size_index|supplier_fitment|supplier_products,active_v1,Takeuchi TL140,takeuchi-tl140,/pages/equipment-model/takeuchi-tl140,track_finder_v1
mdl_takeuchi_tl150,br_takeuchi,TL150,TL150,Skid Steer,Universal Quick-Attach,ts_450x100x50,97,10902,23.4,,2986,,,Verified,airtable|fitment_json|shopify_meta|size_index|supplier_fitment|supplier_products,active_v1,Takeuchi TL150,takeuchi-tl150,/pages/equipment-model/takeuchi-tl150,track_finder_v1
mdl_takeuchi_tl220,br_takeuchi,TL220,TL220,Compact Track Loader,Universal Quick-Attach,ts_320x86x52,53,14330,15.1,,3000,,,Needs Review,airtable|shopify_meta|supplier_fitment,review,Takeuchi TL220,,,
mdl_takeuchi_tl230,br_takeuchi,TL230,TL230,Skid Steer,Universal Quick-Attach,ts_320x86x52,67,8179,,,,,,Needs Review,airtable|fitment_json|shopify_meta|supplier_fitment,active_v1,Takeuchi TL230,takeuchi-tl230,/pages/equipment-model/takeuchi-tl230,track_finder_v1
mdl_takeuchi_tl230_2,br_takeuchi,TL230-2,TL230-2,Skid Steer,,ts_320x86x52,67,8179,,,,,,Verified,airtable|fitment_json|shopify_meta|supplier_fitment,active_v1,Takeuchi TL230-2,takeuchi-tl230-2,/pages/equipment-model/takeuchi-tl230-2,track_finder_v1
mdl_takeuchi_tl240,br_takeuchi,TL240,TL240,Skid Steer,Universal Quick-Attach,ts_450x100x48,86,10364,20.1,,3000,,,Verified,airtable|fitment_json|shopify_meta|size_index|supplier_fitment,active_v1,Takeuchi TL240,takeuchi-tl240,/pages/equipment-model/takeuchi-tl240,track_finder_v1
mdl_takeuchi_tl250,br_takeuchi,TL250,TL250,Skid Steer,Universal Quick-Attach,ts_450x100x50,98,11905,23.5,,3000,,,Verified,airtable|fitment_json|shopify_meta|size_index|supplier_fitment,active_v1,Takeuchi TL250,takeuchi-tl250,/pages/equipment-model/takeuchi-tl250,track_finder_v1
mdl_takeuchi_tl26,br_takeuchi,TL26,TL26,Skid Steer,,ts_320x86x48,,,,,,,,,fitment_json|shopify_meta|size_index|supplier_fitment,active_v1,Takeuchi TL26,takeuchi-tl26,/pages/equipment-model/takeuchi-tl26,track_finder_v1
mdl_takeuchi_tl26_2,br_takeuchi,TL26-2,TL26-2,,,,,,,,,,,,size_index|supplier_fitment|supplier_products,quarantine,Takeuchi TL26-2,,,
mdl_takeuchi_tl6r,br_takeuchi,TL6R,TL6R,Skid Steer,Universal Quick-Attach,ts_320x86bx50,56,6600,15.0,,2900,Radial,,Verified,airtable|fitment_json|shopify_meta|supplier_fitment|supplier_products,active_v1,Takeuchi TL6R,takeuchi-tl6r,/pages/equipment-model/takeuchi-tl6r,track_finder_v1
mdl_takeuchi_tl8,br_takeuchi,TL8,TL8,Skid Steer,,ts_320x86x52,,,,,,,,Verified,airtable|fitment_json|shopify_meta|supplier_fitment|supplier_products,active_v1,Takeuchi TL8,takeuchi-tl8,/pages/equipment-model/takeuchi-tl8,track_finder_v1
mdl_takeuchi_tl8r2,br_takeuchi,TL8R2,TL8R2,Skid Steer,Universal Skid Steer,ts_320x86x52,74,8000,19.0,34.0,3045,Radial,,Verified,airtable|fitment_json|shopify_meta|supplier_fitment|supplier_products,active_v1,Takeuchi TL8R2,takeuchi-tl8r2,/pages/equipment-model/takeuchi-tl8r2,track_finder_v1
mdl_takeuchi_tl_10,br_takeuchi,TL 10,TL 10,,,ts_450x100x48,,,,,,,,,size_index,reference,Takeuchi TL 10,,,
mdl_takeuchi_tl_10v2_option_2,br_takeuchi,TL 10V2 OPTION 2,TL 10V2 OPTION 2,,,ts_400x86x52,,,,,,,,,size_index,review,Takeuchi TL 10V2 OPTION 2,,,
mdl_takeuchi_tl_12,br_takeuchi,TL 12,TL 12,,,ts_450x100x50,,,,,,,,,size_index,reference,Takeuchi TL 12,,,
mdl_takeuchi_tl_126,br_takeuchi,TL-126,TL-126,,,,,,,,,,,,size_index,quarantine,Takeuchi TL-126,,,
mdl_takeuchi_tl_12r2,br_takeuchi,TL 12R2,TL 12R2,,,,,,,,,,,,size_index,reference,Takeuchi TL 12R2,,,
mdl_takeuchi_tl_12v2_option_sn_412000006_412000578,br_takeuchi,TL 12V2 OPTION SN 412000006- 412000578,TL 12V2 OPTION SN 412000006- 412000578,,,,,,,,,,,,size_index,quarantine,Takeuchi TL 12V2 OPTION SN 412000006- 412000578,,,
mdl_takeuchi_tl_12v2_option_sn_412000579,br_takeuchi,TL 12V2 OPTION SN 412000579,TL 12V2 OPTION SN 412000579,,,,,,,,,,,,size_index,quarantine,Takeuchi TL 12V2 OPTION SN 412000579,,,
mdl_takeuchi_tl_140,br_takeuchi,TL 140,TL 140,,,ts_450x100x48,,,,,,,,,size_index,reference,Takeuchi TL 140,,,
mdl_takeuchi_tl_150,br_takeuchi,TL 150,TL 150,,,ts_450x100x50,,,,,,,,,size_index,reference,Takeuchi TL 150,,,
mdl_takeuchi_tl_226,br_takeuchi,TL-226,TL-226,,,,,,,,,,,,size_index,quarantine,Takeuchi TL-226,,,
mdl_takeuchi_tl_240,br_takeuchi,TL 240,TL 240,,,ts_450x100x48,,,,,,,,,size_index,reference,Takeuchi TL 240,,,
mdl_takeuchi_tl_250,br_takeuchi,TL 250,TL 250,,,ts_450x100x50,,,,,,,,,size_index,reference,Takeuchi TL 250,,,
mdl_takeuchi_tl_26,br_takeuchi,TL-26,TL-26,,,,,,,,,,,,size_index,reference,Takeuchi TL-26,,,
mdl_takeuchi_ts50r,br_takeuchi,TS50R,TS50R,,,,,,,,,,,,supplier_fitment|supplier_products,quarantine,Takeuchi TS50R,,,
mdl_takeuchi_ts60r,br_takeuchi,TS60R,TS60R,,,,,,,,,,,,supplier_fitment,quarantine,Takeuchi TS60R,,,
mdl_takeuchi_ts60v,br_takeuchi,TS60V,TS60V,,,,,,,,,,,,supplier_fitment,quarantine,Takeuchi TS60V,,,
mdl_takeuchi_ts70v,br_takeuchi,TS70V,TS70V,,,,,,,,,,,,supplier_fitment|supplier_products,quarantine,Takeuchi TS70V,,,
mdl_takeuchi_ts80v2,br_takeuchi,TS80V2,TS80V2,,,,,,,,,,,,supplier_fitment|supplier_products,quarantine,Takeuchi TS80V2,,,
mdl_takeuchi_vts,br_takeuchi,VTS,VTS,,,,,,,,,,,,supplier_fitment,quarantine,Takeuchi VTS,,,
mdl_takeuchi_vts52,br_takeuchi,VTS52,VTS52,,,,,,,,,,,,supplier_fitment,quarantine,Takeuchi VTS52,,,
mdl_takeuchi_vts60,br_takeuchi,VTS60,VTS60,,,,,,,,,,,,supplier_fitment,quarantine,Takeuchi VTS60,,,
mdl_terex_1056c,br_terex,1056C,1056C,,,,,,,,,,,,supplier_fitment,quarantine,Terex 1056C,,,
mdl_terex_636c,br_terex,636C,636C,,,,,,,,,,,,supplier_fitment,quarantine,Terex 636C,,,
mdl_terex_am35r,br_terex,AM35R,AM35R,,,,,,,,,,,,supplier_fitment,quarantine,Terex AM35R,,,
mdl_terex_am37r,br_terex,AM37R,AM37R,Mini Excavator,,ts_300x525x86,,,,,,,,,supplier_fitment,active_v1,Terex AM37R,terex-am37r,/pages/equipment-model/terex-am37r,track_finder_v1
mdl_terex_ar35,br_terex,AR35,AR35,,,,,,,,,,,,supplier_fitment,quarantine,Terex AR35,,,
mdl_terex_gth1050t,br_terex,GTH1050T,GTH1050T,,,,,,,,,,,,supplier_fitment,quarantine,Terex GTH1050T,,,
mdl_terex_gth2506,br_terex,GTH2506,GTH2506,,,,,,,,,,,,supplier_fitment,quarantine,Terex GTH2506,,,
mdl_terex_gth5519,br_terex,GTH5519,GTH5519,,,,,,,,,,,,supplier_fitment,quarantine,Terex GTH5519,,,
mdl_terex_gth636,br_terex,GTH636,GTH636,,,,,,,,,,,,supplier_fitment,quarantine,Terex GTH636,,,
mdl_terex_gth844,br_terex,GTH844,GTH844,,,,,,,,,,,,supplier_fitment,quarantine,Terex GTH844,,,
mdl_terex_hr12,br_terex,HR12,HR12,,,,,,,,,,,,size_index,quarantine,Terex HR12,,,
mdl_terex_hr13,br_terex,HR13,HR13,,,,,,,,,,,,size_index,quarantine,Terex HR13,,,
mdl_terex_hr18,br_terex,HR18,HR18,Mini Excavator,Excavator Pin-On,ts_400x725kx72,,,,,,,,Needs Review,airtable|fitment_json,active_v1,Terex HR18,terex-hr18,/pages/equipment-model/terex-hr18,track_finder_v1
mdl_terex_hr42,br_terex,HR42,HR42,,,,,,,,,,,,supplier_fitment,quarantine,Terex HR42,,,
mdl_terex_hr_12,br_terex,HR-12,HR-12,,,ts_230x96x31,,,,,,,,,size_index,review,Terex HR-12,,,
mdl_terex_hr_20,br_terex,HR-20,HR-20,,,,,,,,,,,,size_index,quarantine,Terex HR-20,,,
mdl_terex_hr_37,br_terex,HR-37,HR-37,,,,,,,,,,,,size_index,quarantine,Terex HR-37,,,
mdl_terex_pt100,br_terex,PT100,PT100,,,,,,,,,,,,fitment_json,reference,Terex PT100,,,
mdl_terex_pt100f,br_terex,PT100F,PT100F,Multi-Terrain Loader,,,,,,,,,,,fitment_json|shopify_meta,active_v1,Terex PT100F,terex-pt100f,/pages/equipment-model/terex-pt100f,track_finder_v1
mdl_terex_pt100g,br_terex,PT100G,PT100G,Multi-Terrain Loader,,,,,,,,,,,fitment_json|shopify_meta,active_v1,Terex PT100G,terex-pt100g,/pages/equipment-model/terex-pt100g,track_finder_v1
mdl_terex_pt110,br_terex,PT110,PT110,Multi-Terrain Loader,Universal Quick-Attach,ts_457x1016x51,,,,,,,,Verified,airtable|fitment_json|shopify_meta|supplier_fitment,active_v1,Terex PT110,terex-pt110,/pages/equipment-model/terex-pt110,track_finder_v1
mdl_terex_pt110forestry,br_terex,PT110FORESTRY,PT110FORESTRY,Multi-Terrain Loader,,,,,,,,,,,fitment_json,active_v1,Terex PT110FORESTRY,terex-pt-110-forestry,/pages/equipment-model/terex-pt-110-forestry,track_finder_v1
mdl_terex_pt50,br_terex,PT50,PT50,,,,,,,,,,,,fitment_json,reference,Terex PT50,,,
mdl_terex_pt60,br_terex,PT60,PT60,,,,,,,,,,,,fitment_json,reference,Terex PT60,,,
mdl_terex_pt70,br_terex,PT70,PT70,,,,,,,,,,,,fitment_json|shopify_meta,reference,Terex PT70,,,
mdl_terex_pt75,br_terex,PT75,PT75,Multi-Terrain Loader,,,,,,,,,,,fitment_json,active_v1,Terex PT75,terex-pt-75,/pages/equipment-model/terex-pt-75,track_finder_v1
mdl_terex_pt80,br_terex,PT80,PT80,,,,,,,,,,,,fitment_json,reference,Terex PT80,,,
mdl_terex_pt_100,br_terex,PT-100,PT-100,Multi-Terrain Loader,Universal Quick-Attach,ts_457x1016x51,,,,,,,,Verified,airtable|shopify_meta|supplier_fitment,active_v1,Terex PT-100,terex-pt-100,/pages/equipment-model/terex-pt-100,track_finder_v1
mdl_terex_pt_110f,br_terex,PT-110F,PT-110F,Multi-Terrain Loader,,,,,,,,,,,supplier_fitment,active_v1,Terex PT-110F,terex-pt-110f,/pages/equipment-model/terex-pt-110f,track_finder_v1
mdl_terex_pt_30,br_terex,PT-30,PT-30,Multi-Terrain Loader,Universal Quick-Attach,,,,,,,,,Verified,airtable|shopify_meta,active_v1,Terex PT-30,terex-pt30,/pages/equipment-model/terex-pt30,track_finder_v1
mdl_terex_pt_50,br_terex,PT-50,PT-50,Multi-Terrain Loader,Universal Quick-Attach,,,,,,,,,Verified,airtable|shopify_meta|supplier_fitment,active_v1,Terex PT-50,terex-pt-50,/pages/equipment-model/terex-pt-50,track_finder_v1
mdl_terex_pt_60,br_terex,PT-60,PT-60,Multi-Terrain Loader,Universal Quick-Attach,,,,,,,,,Verified,airtable|shopify_meta|supplier_fitment,active_v1,Terex PT-60,terex-pt-60,/pages/equipment-model/terex-pt-60,track_finder_v1
mdl_terex_pt_75,br_terex,PT-75,PT-75,,,,,,,,,,,,supplier_fitment,reference,Terex PT-75,,,
mdl_terex_pt_80,br_terex,PT-80,PT-80,Compact Track Loader,Universal Quick-Attach,ts_457x1016x51,,,,,,,,Verified,airtable|shopify_meta|supplier_fitment,reference,Terex PT-80,,,
mdl_terex_r160t,br_terex,R160T,R160T,,,,,,,,,,,,fitment_json|shopify_meta,reference,Terex R160T,,,
mdl_terex_r190t,br_terex,R190T,R190T,Multi-Terrain Loader,Universal Quick-Attach,,,,,,,,,Verified,airtable|fitment_json|shopify_meta|supplier_fitment,active_v1,Terex R190T,terex-r190t,/pages/equipment-model/terex-r190t,track_finder_v1
mdl_terex_r200s,br_terex,R200S,R200S,,,,,,,,,,,,supplier_fitment,quarantine,Terex R200S,,,
mdl_terex_r265t,br_terex,R265T,R265T,Multi-Terrain Loader,Universal Quick-Attach,ts_457x1016x51,,,,,,,,Verified,airtable|fitment_json|shopify_meta|supplier_fitment,active_v1,Terex R265T,terex-r265t,/pages/equipment-model/terex-r265t,track_finder_v1
mdl_terex_r350t,br_terex,R350T,R350T,Multi-Terrain Loader,,,,,,,,,,,supplier_fitment,active_v1,Terex R350T,terex-r350t,/pages/equipment-model/terex-r350t,track_finder_v1
mdl_terex_sr_80,br_terex,SR-80,SR-80,Multi-Terrain Loader,,,,,,,,,,,supplier_fitment,active_v1,Terex SR-80,terex-sr-80,/pages/equipment-model/terex-sr-80,track_finder_v1
mdl_terex_ss842,br_terex,SS842,SS842,,,,,,,,,,,,supplier_fitment,quarantine,Terex SS842,,,
mdl_terex_st50,br_terex,ST50,ST50,Skid Steer,,ts_450x86bx56,,,,,,,,Needs Review,airtable|shopify_meta,active_v1,Terex ST50,terex-st50,/pages/equipment-model/terex-st50,track_finder_v1
mdl_terex_tc125,br_terex,TC125,TC125,,,,,,,,,,,,supplier_fitment,quarantine,Terex TC125,,,
mdl_terex_tc16,br_terex,TC16,TC16,,,,,,,,,,,,size_index,quarantine,Terex TC16,,,
mdl_terex_tc20,br_terex,TC20,TC20,Mini Excavator,Excavator Pin-On,ts_300x525nx76,,,,,,,,Needs Review,airtable|shopify_meta|size_index,active_v1,Terex TC20,terex-tc20,/pages/equipment-model/terex-tc20,track_finder_v1
mdl_terex_tc25,br_terex,TC25,TC25,,,,,,,,,,,,supplier_fitment,quarantine,Terex TC25,,,
mdl_terex_tc29,br_terex,TC29,TC29,,,,,,,,,,,,supplier_fitment,quarantine,Terex TC29,,,
mdl_terex_tc35,br_terex,TC35,TC35,,,,,,,,,,,,supplier_fitment,quarantine,Terex TC35,,,
mdl_terex_tc35_2,br_terex,TC35-2,TC35-2,Mini Excavator,,ts_300x525x86,,,,,,,,,supplier_fitment,active_v1,Terex TC35-2,terex-tc35-2,/pages/equipment-model/terex-tc35-2,track_finder_v1
mdl_terex_tc37,br_terex,TC37,TC37,,,,,,,,,,,,supplier_fitment,quarantine,Terex TC37,,,
mdl_terex_tc48,br_terex,TC48,TC48,,,,,,,,,,,,supplier_fitment,quarantine,Terex TC48,,,
mdl_terex_tc50,br_terex,TC50,TC50,,,,,,,,,,,,supplier_fitment,quarantine,Terex TC50,,,
mdl_terex_tc60,br_terex,TC60,TC60,Mini Excavator,,ts_400x725wx76,,,,,,,,,fitment_json|supplier_fitment,active_v1,Terex TC60,terex-tc60,/pages/equipment-model/terex-tc60,track_finder_v1
mdl_terex_tc75,br_terex,TC75,TC75,,,,,,,,,,,,supplier_fitment,quarantine,Terex TC75,,,
mdl_terex_tc_37,br_terex,TC-37,TC-37,Mini Excavator,,ts_300x525x86,,,,,,,,,size_index,active_v1,Terex TC-37,terex-tc37,/pages/equipment-model/terex-tc37,track_finder_v1
mdl_terex_tc_60,br_terex,TC-60,TC-60,,,,,,,,,,,,size_index,reference,Terex TC-60,,,
mdl_terex_th1006,br_terex,TH1006,TH1006,,,,,,,,,,,,supplier_fitment,quarantine,Terex TH1006,,,
mdl_terex_th1056c,br_terex,TH1056C,TH1056C,,,,,,,,,,,,supplier_fitment,quarantine,Terex TH1056C,,,
mdl_terex_th636,br_terex,TH636,TH636,,,,,,,,,,,,supplier_fitment,quarantine,Terex TH636,,,
mdl_terex_th636c,br_terex,TH636C,TH636C,,,,,,,,,,,,supplier_fitment,quarantine,Terex TH636C,,,
mdl_terex_th644,br_terex,TH644,TH644,,,,,,,,,,,,supplier_fitment,quarantine,Terex TH644,,,
mdl_terex_th644c,br_terex,TH644C,TH644C,,,,,,,,,,,,supplier_fitment,quarantine,Terex TH644C,,,
mdl_terex_th842c,br_terex,TH842C,TH842C,,,,,,,,,,,,supplier_fitment,quarantine,Terex TH842C,,,
mdl_terex_th844c,br_terex,TH844C,TH844C,,,,,,,,,,,,supplier_fitment,quarantine,Terex TH844C,,,
mdl_terex_tl_37,br_terex,TL-37,TL-37,,,,,,,,,,,,size_index,quarantine,Terex TL-37,,,
mdl_terex_tsr70,br_terex,TSR70,TSR70,,,,,,,,,,,,supplier_fitment,quarantine,Terex TSR70,,,
mdl_terex_tsr80,br_terex,TSR80,TSR80,,,,,,,,,,,,supplier_fitment,quarantine,Terex TSR80,,,
mdl_terex_tsr_50,br_terex,TSR-50,TSR-50,,,,,,,,,,,,supplier_fitment,quarantine,Terex TSR-50,,,
mdl_terex_tsr_60,br_terex,TSR-60,TSR-60,,,,,,,,,,,,supplier_fitment,quarantine,Terex TSR-60,,,
mdl_terex_tsv_50,br_terex,TSV-50,TSV-50,,,,,,,,,,,,supplier_fitment,quarantine,Terex TSV-50,,,
mdl_terex_tsv_60,br_terex,TSV-60,TSV-60,,,,,,,,,,,,supplier_fitment,quarantine,Terex TSV-60,,,
mdl_terex_tsv_70,br_terex,TSV-70,TSV-70,,,,,,,,,,,,supplier_fitment,quarantine,Terex TSV-70,,,
mdl_terex_tsv_90,br_terex,TSV-90,TSV-90,,,,,,,,,,,,supplier_fitment,quarantine,Terex TSV-90,,,
mdl_terex_v230s,br_terex,V230S,V230S,,,,,,,,,,,,supplier_fitment,quarantine,Terex V230S,,,
mdl_terex_xr1045,br_terex,XR1045,XR1045,,,,,,,,,,,,supplier_fitment,quarantine,Terex XR1045,,,
mdl_terex_xtreme,br_terex,XTREME,XTREME,,,,,,,,,,,,supplier_fitment,quarantine,Terex XTREME,,,
mdl_thomas_2200,br_thomas,2200,2200,,,,,,,,,,,,supplier_fitment,quarantine,Thomas 2200,,,
mdl_thomas_250,br_thomas,250,250,,,,,,,,,,,,supplier_fitment,quarantine,Thomas 250,,,
mdl_thomas_25g,br_thomas,25G,25G,,,,,,,,,,,Needs Review,airtable|supplier_fitment,quarantine,Thomas 25G,,,
mdl_thomas_25gt,br_thomas,25GT,25GT,,,,,,,,,,,Needs Review,airtable|supplier_fitment,quarantine,Thomas 25GT,,,
mdl_thomas_320,br_thomas,320,320,,,,,,,,,,,,supplier_fitment,quarantine,Thomas 320,,,
mdl_thomas_35dt,br_thomas,35DT,35DT,,,,,,,,,,,Needs Review,airtable|supplier_fitment,quarantine,Thomas 35DT,,,
mdl_thomas_4sdk10,br_thomas,4SDK10,4SDK10,,,,,,,,,,,,supplier_fitment,quarantine,Thomas 4SDK10,,,
mdl_thomas_4sdk8,br_thomas,4SDK8,4SDK8,,,,,,,,,,,,supplier_fitment,quarantine,Thomas 4SDK8,,,
mdl_thomas_4sdk8_h,br_thomas,4SDK8-H,4SDK8-H,,,,,,,,,,,,supplier_fitment,quarantine,Thomas 4SDK8-H,,,
mdl_thomas_ms25g,br_thomas,MS25G,MS25G,,,,,,,,,,,Needs Review,airtable|supplier_fitment,quarantine,Thomas MS25G,,,
mdl_thomas_t105,br_thomas,T105,T105,,,,,,,,,,,,supplier_fitment,quarantine,Thomas T105,,,
mdl_thomas_t115,br_thomas,T115,T115,,,,,,,,,,,,supplier_fitment,quarantine,Thomas T115,,,
mdl_thomas_t133s,br_thomas,T133S,T133S,,,,,,,,,,,,supplier_fitment,quarantine,Thomas T133S,,,
mdl_thomas_t135,br_thomas,T135,T135,,,,,,,,,,,,supplier_fitment,quarantine,Thomas T135,,,
mdl_thomas_t135s,br_thomas,T135S,T135S,,,,,,,,,,,,supplier_fitment,quarantine,Thomas T135S,,,
mdl_thomas_t137,br_thomas,T137,T137,,,,,,,,,,,,supplier_fitment,quarantine,Thomas T137,,,
mdl_thomas_t153,br_thomas,T153,T153,,,,,,,,,,,,supplier_fitment,quarantine,Thomas T153,,,
mdl_thomas_t173hls,br_thomas,T173HLS,T173HLS,,,,,,,,,,,,supplier_fitment,quarantine,Thomas T173HLS,,,
mdl_thomas_t175,br_thomas,T175,T175,,,,,,,,,,,,supplier_fitment,quarantine,Thomas T175,,,
mdl_thomas_t175turbo,br_thomas,T175TURBO,T175TURBO,,,,,,,,,,,,supplier_fitment,quarantine,Thomas T175TURBO,,,
mdl_thomas_t183hd,br_thomas,T183HD,T183HD,,,,,,,,,,,,supplier_fitment,quarantine,Thomas T183HD,,,
mdl_thomas_t203hd,br_thomas,T203HD,T203HD,,,,,,,,,,,,supplier_fitment,quarantine,Thomas T203HD,,,
mdl_thomas_t205,br_thomas,T205,T205,,,,,,,,,,,,supplier_fitment,quarantine,Thomas T205,,,
mdl_thomas_t220,br_thomas,T220,T220,,,,,,,,,,,,supplier_fitment,quarantine,Thomas T220,,,
mdl_thomas_t225,br_thomas,T225,T225,,,,,,,,,,,,supplier_fitment,quarantine,Thomas T225,,,
mdl_thomas_t233hd,br_thomas,T233HD,T233HD,,,,,,,,,,,,supplier_fitment,quarantine,Thomas T233HD,,,
mdl_thomas_t243,br_thomas,T243,T243,,,,,,,,,,,,supplier_fitment,quarantine,Thomas T243,,,
mdl_thomas_t245hdk,br_thomas,T245HDK,T245HDK,,,,,,,,,,,,supplier_fitment,quarantine,Thomas T245HDK,,,
mdl_thomas_t245hds,br_thomas,T245HDS,T245HDS,,,,,,,,,,,,supplier_fitment,quarantine,Thomas T245HDS,,,
mdl_thomas_t245turbo,br_thomas,T245TURBO,T245TURBO,,,,,,,,,,,,supplier_fitment,quarantine,Thomas T245TURBO,,,
mdl_thomas_t255,br_thomas,T255,T255,,,,,,,,,,,,supplier_fitment,quarantine,Thomas T255,,,
mdl_thomas_t35dt,br_thomas,T35DT,T35DT,,,,,,,,,,,Needs Review,airtable|supplier_fitment,quarantine,Thomas T35DT,,,
mdl_thomas_t83s,br_thomas,T83S,T83S,,,,,,,,,,,,supplier_fitment,quarantine,Thomas T83S,,,
mdl_thomas_t_15s,br_thomas,T-15S,T-15S,,,,,,,,,,,,supplier_fitment,quarantine,Thomas T-15S,,,
mdl_thomas_t_15v,br_thomas,T-15V,T-15V,,,,,,,,,,,,supplier_fitment,quarantine,Thomas T-15V,,,
mdl_thomas_t_25s,br_thomas,T-25S,T-25S,,,,,,,,,,,,supplier_fitment,quarantine,Thomas T-25S,,,
mdl_thomas_t_35s,br_thomas,T-35S,T-35S,,,,,,,,,,,,supplier_fitment,quarantine,Thomas T-35S,,,
mdl_thomas_t_45s,br_thomas,T-45S,T-45S,,,,,,,,,,,,supplier_fitment,quarantine,Thomas T-45S,,,
mdl_thomas_toyota,br_thomas,TOYOTA,TOYOTA,,,,,,,,,,,,supplier_fitment,quarantine,Thomas TOYOTA,,,
mdl_toro_dingo_tx1000,br_toro,DINGO TX1000,DINGO TX1000,,,,,,,,,,,Needs Review,airtable|supplier_fitment,quarantine,Toro DINGO TX1000,,,
mdl_toro_dingo_tx1000w,br_toro,DINGO TX1000W,DINGO TX1000W,,,,,,,,,,,Needs Review,airtable|supplier_fitment,quarantine,Toro DINGO TX1000W,,,
mdl_toro_dingo_tx413,br_toro,DINGO TX413,DINGO TX413,,,,,,,,,,,Needs Review,airtable|supplier_fitment,quarantine,Toro DINGO TX413,,,
mdl_toro_dingo_tx425,br_toro,DINGO TX425,DINGO TX425,,,,,,,,,,,Needs Review,airtable|supplier_fitment,quarantine,Toro DINGO TX425,,,
mdl_toro_dingo_tx427,br_toro,DINGO TX427,DINGO TX427,,,,,,,,,,,Needs Review,airtable|supplier_fitment,quarantine,Toro DINGO TX427,,,
mdl_toro_dingo_tx427n,br_toro,DINGO TX427N,DINGO TX427N,,,,,,,,,,,,supplier_fitment,quarantine,Toro DINGO TX427N,,,
mdl_toro_dingo_tx427w,br_toro,DINGO TX427W,DINGO TX427W,,,,,,,,,,,Needs Review,airtable|supplier_fitment,quarantine,Toro DINGO TX427W,,,
mdl_toro_dingo_tx520,br_toro,DINGO TX520,DINGO TX520,,,,,,,,,,,Needs Review,airtable|supplier_fitment,quarantine,Toro DINGO TX520,,,
mdl_toro_dingo_tx525,br_toro,DINGO TX525,DINGO TX525,,,,,,,,,,,Needs Review,airtable|supplier_fitment,quarantine,Toro DINGO TX525,,,
mdl_toro_dingo_tx525n,br_toro,DINGO TX525N,DINGO TX525N,,,,,,,,,,,,supplier_fitment,quarantine,Toro DINGO TX525N,,,
mdl_toro_dingo_tx525w,br_toro,DINGO TX525W,DINGO TX525W,,,,,,,,,,,Needs Review,airtable|supplier_fitment,quarantine,Toro DINGO TX525W,,,
mdl_toro_dingo_txl2000,br_toro,DINGO TXL2000,DINGO TXL2000,,,,,,,,,,,,shopify_meta|supplier_fitment,quarantine,Toro DINGO TXL2000,,,
mdl_toro_tx1000metalcore,br_toro,TX1000METALCORE,TX1000METALCORE,,,,,,,,,,,,fitment_json,reference,Toro TX1000METALCORE,,,
mdl_toro_tx1300,br_toro,TX1300,TX1300,,,,,,,,,,,,supplier_fitment,quarantine,Toro TX1300,,,
mdl_toro_tx420,br_toro,TX420,TX420,Stand-On Skid Steer,Universal Quick-Attach,,,,,,,,,Needs Review,airtable|shopify_meta|supplier_fitment,review,Toro TX420,,,
mdl_toro_tx_1000,br_toro,TX 1000,TX 1000,Stand-On Skid Steer,Universal Quick-Attach,ts_250x72x45,,,,,,,,Needs Review,airtable|shopify_meta,review,Toro TX 1000,,,
mdl_toro_tx_425,br_toro,TX 425,TX 425,Stand-On Skid Steer,Universal Quick-Attach,,,,,,,,,Needs Review,airtable|shopify_meta,review,Toro TX 425,,,
mdl_toro_tx_427,br_toro,TX 427,TX 427,Stand-On Skid Steer,Universal Quick-Attach,,,,,,,,,Needs Review,airtable|shopify_meta,review,Toro TX 427,,,
mdl_vermeer_1_2ton,br_vermeer,1.2TON,1.2TON,,,,,,,,,,,,supplier_fitment,quarantine,Vermeer 1.2TON,,,
mdl_vermeer_20x22,br_vermeer,20X22,20X22,Compact Track Loader,Universal Quick-Attach,ts_230x72x39,,,,,,,,Needs Review,airtable|fitment_json|shopify_meta,active_v1,Vermeer 20X22,vermeer-20x22,/pages/equipment-model/vermeer-20x22,track_finder_v1
mdl_vermeer_bc1400tx,br_vermeer,BC1400TX,BC1400TX,,,,,,,,,,,,supplier_fitment,quarantine,Vermeer BC1400TX,,,
mdl_vermeer_bc_1400,br_vermeer,BC-1400,BC-1400,,,,,,,,,,,,size_index,quarantine,Vermeer BC-1400,,,
mdl_vermeer_ctx100,br_vermeer,CTX100,CTX100,Compact Track Loader,Universal Quick-Attach,ts_230x72kx45,,,,,,,,Verified,airtable|fitment_json|shopify_meta|size_index|supplier_fitment,active_v1,Vermeer CTX100,vermeer-ctx100,/pages/equipment-model/vermeer-ctx100,track_finder_v1
mdl_vermeer_ctx160,br_vermeer,CTX160,CTX160,Compact Track Loader,Universal Quick-Attach,ts_230x72kx45,,,,,,,,Verified,airtable|fitment_json|shopify_meta|size_index|supplier_fitment,active_v1,Vermeer CTX160,vermeer-ctx160,/pages/equipment-model/vermeer-ctx160,track_finder_v1
mdl_vermeer_cx224,br_vermeer,CX224,CX224,,,,,,,,,,,,supplier_fitment,quarantine,Vermeer CX224,,,
mdl_vermeer_cx229,br_vermeer,CX229,CX229,,,,,,,,,,,,supplier_fitment,quarantine,Vermeer CX229,,,
mdl_vermeer_cx234,br_vermeer,CX234,CX234,,,,,,,,,,,,supplier_fitment,quarantine,Vermeer CX234,,,
mdl_vermeer_cx254,br_vermeer,CX254,CX254,,,,,,,,,,,,supplier_fitment,quarantine,Vermeer CX254,,,
mdl_vermeer_d16x20_series_2_navigator,br_vermeer,D16X20 SERIES 2 NAVIGATOR,D16X20 SERIES 2 NAVIGATOR,,,,,,,,,,,,supplier_fitment,quarantine,Vermeer D16X20 SERIES 2 NAVIGATOR,,,
mdl_vermeer_d20x22,br_vermeer,D20X22,D20X22,Mini Excavator,Excavator Pin-On,ts_300x525nx84,,,,,,,,Needs Review,airtable|fitment_json|shopify_meta,active_v1,Vermeer D20X22,vermeer-d20x22,/pages/equipment-model/vermeer-d20x22,track_finder_v1
mdl_vermeer_d20x22_series2,br_vermeer,D20X22 SERIES2,D20X22 SERIES2,,,,,,,,,,,,supplier_fitment,quarantine,Vermeer D20X22 SERIES2,,,
mdl_vermeer_d23x30,br_vermeer,D23X30,D23X30,,,,,,,,,,,,supplier_fitment,quarantine,Vermeer D23X30,,,
mdl_vermeer_d9x13,br_vermeer,D9X13,D9X13,,,,,,,,,,,,supplier_fitment,quarantine,Vermeer D9X13,,,
mdl_vermeer_rtx450,br_vermeer,RTX450,RTX450,Multi-Terrain Loader,Universal Quick-Attach,ts_381x1005x42,,,,,,,,Needs Review,airtable|fitment_json|shopify_meta|supplier_fitment,active_v1,Vermeer RTX450,vermeer-rtx450,/pages/equipment-model/vermeer-rtx450,track_finder_v1
mdl_vermeer_s400tx,br_vermeer,S400TX,S400TX,Compact Track Loader,Universal Quick-Attach,ts_180x72x39,,,,,,,,Verified,airtable|fitment_json|shopify_meta|size_index|supplier_fitment,active_v1,Vermeer S400TX,vermeer-s400tx,/pages/equipment-model/vermeer-s400tx,track_finder_v1
mdl_vermeer_s450tx,br_vermeer,S450TX,S450TX,Stand-On Skid Steer,Universal Quick-Attach,ts_180x72x37,,,,,,,,Needs Review,airtable,review,Vermeer S450TX,,,
mdl_vermeer_s600tx,br_vermeer,S600TX,S600TX,Compact Track Loader,Universal Quick-Attach,ts_180x72x39,,,,,,,,Verified,airtable|fitment_json|shopify_meta|size_index|supplier_fitment,active_v1,Vermeer S600TX,vermeer-s600tx,/pages/equipment-model/vermeer-s600tx,track_finder_v1
mdl_vermeer_s725tx,br_vermeer,S725TX,S725TX,Compact Track Loader,Universal Quick-Attach,ts_180x72kx45,,,,,,,,Verified,airtable|fitment_json|shopify_meta|size_index|supplier_fitment,active_v1,Vermeer S725TX,vermeer-s725tx,/pages/equipment-model/vermeer-s725tx,track_finder_v1
mdl_vermeer_s800tx,br_vermeer,S800TX,S800TX,Compact Track Loader,Universal Quick-Attach,ts_230x72kx45,,,,,,,,Verified,airtable|fitment_json|shopify_meta|size_index|supplier_fitment,active_v1,Vermeer S800TX,vermeer-s800tx,/pages/equipment-model/vermeer-s800tx,track_finder_v1
mdl_vermeer_s925tx,br_vermeer,S925TX,S925TX,Compact Track Loader,Universal Quick-Attach,ts_230x72kx45,,,,,,,,Verified,airtable|fitment_json|shopify_meta|size_index|supplier_fitment,active_v1,Vermeer S925TX,vermeer-s925tx,/pages/equipment-model/vermeer-s925tx,track_finder_v1
mdl_vermeer_sc725tx,br_vermeer,SC725TX,SC725TX,,,,,,,,,,,Needs Review,airtable|supplier_fitment,quarantine,Vermeer SC725TX,,,
mdl_volvo,br_volvo,...,...,,,,,,,,,,,,supplier_fitment,quarantine,Volvo ...,,,
mdl_volvo_ec14,br_volvo,EC14,EC14,Mini Excavator,Excavator Pin-On,ts_230x72x43,18,3373,8.5,,2320,,,Needs Review,airtable|shopify_meta|supplier_fitment,review,Volvo EC14,,,
mdl_volvo_ec15,br_volvo,EC15,EC15,Mini Excavator,,,,,,,,,,,size_index,active_v1,Volvo EC15,volvo-ec15,/pages/equipment-model/volvo-ec15,track_finder_v1
mdl_volvo_ec15b,br_volvo,EC15B,EC15B,Mini Excavator,,,,,,,,,,,size_index,active_v1,Volvo EC15B,volvo-ec15b,/pages/equipment-model/volvo-ec15b,track_finder_v1
mdl_volvo_ec15bxr,br_volvo,EC15BXR,EC15BXR,Mini Excavator,Excavator Pin-On,ts_230x72x43,19,3261,8.5,,2465,,,Needs Review,airtable|shopify_meta|supplier_fitment,review,Volvo EC15BXR,,,
mdl_volvo_ec15c,br_volvo,EC15C,EC15C,Mini Excavator,Excavator Pin-On,,18,3450,8.5,,2465,,,Needs Review,airtable,review,Volvo EC15C,,,
mdl_volvo_ec15r,br_volvo,EC15R,EC15R,Mini Excavator,Excavator Pin-On,ts_230x72x43,18,3450,8.5,,2465,,,Needs Review,airtable|shopify_meta|supplier_fitment,review,Volvo EC15R,,,
mdl_volvo_ec15rb,br_volvo,EC15RB,EC15RB,Mini Excavator,Excavator Pin-On,ts_230x72x43,18,3450,8.5,,2465,,,Needs Review,airtable|shopify_meta|supplier_fitment,review,Volvo EC15RB,,,
mdl_volvo_ec15xr,br_volvo,EC15XR,EC15XR,Mini Excavator,,,,,,,,,,,size_index,active_v1,Volvo EC15XR,volvo-ec15xr,/pages/equipment-model/volvo-ec15xr,track_finder_v1
mdl_volvo_ec18c,br_volvo,EC18C,EC18C,Mini Excavator,Excavator Pin-On,ts_230x48x62,,,,,,,,Needs Review,airtable,review,Volvo EC18C,,,
mdl_volvo_ec20,br_volvo,EC20,EC20,Mini Excavator,,ts_230x48x72,,,,,,,,,supplier_fitment,active_v1,Volvo EC20,volvo-ec20,/pages/equipment-model/volvo-ec20,track_finder_v1
mdl_volvo_ec20b,br_volvo,EC20B,EC20B,Mini Excavator,Excavator Pin-On,ts_300x525nx76,18,3924,11.4,,3045,,,Needs Review,airtable|shopify_meta|supplier_fitment,active_v1,Volvo EC20B,volvo-ec20b,/pages/equipment-model/volvo-ec20b,track_finder_v1
mdl_volvo_ec20bxt,br_volvo,EC20BXT,EC20BXT,,,,,,,,,,,,supplier_fitment,quarantine,Volvo EC20BXT,,,
mdl_volvo_ec20bxtv,br_volvo,EC20BXTV,EC20BXTV,,,,,,,,,,,,fitment_json|supplier_fitment,reference,Volvo EC20BXTV,,,
mdl_volvo_ec20c,br_volvo,EC20C,EC20C,,,,,,,,,,,,fitment_json|shopify_meta,reference,Volvo EC20C,,,
mdl_volvo_ec20d,br_volvo,EC20D,EC20D,Mini Excavator,Excavator Pin-On,ts_230x48x72,15,5737,,,,,,Needs Review,airtable|fitment_json|shopify_meta,active_v1,Volvo EC20D,volvo-ec-20d,/pages/equipment-model/volvo-ec-20d,track_finder_v1
mdl_volvo_ec20e,br_volvo,EC20E,EC20E,Mini Excavator,Excavator Pin-On,ts_300x525nx76,18,3924,11.4,,3045,,,Needs Review,airtable,active_v1,Volvo EC20E,volvo-ec20e,/pages/equipment-model/volvo-ec20e,track_finder_v1
mdl_volvo_ec20t,br_volvo,EC20T,EC20T,Mini Excavator,,ts_230x48x72,,,,,,,,,fitment_json|shopify_meta|supplier_fitment,active_v1,Volvo EC20T,volvo-ec-20t,/pages/equipment-model/volvo-ec-20t,track_finder_v1
mdl_volvo_ec20tb,br_volvo,EC20TB,EC20TB,Mini Excavator,,ts_230x48x72,,,,,,,,,fitment_json|shopify_meta|supplier_fitment,active_v1,Volvo EC20TB,volvo-ec-20tb,/pages/equipment-model/volvo-ec-20tb,track_finder_v1
mdl_volvo_ec20v,br_volvo,EC20V,EC20V,Mini Excavator,,ts_230x48x72,,,,,,,,,fitment_json|shopify_meta|supplier_fitment,active_v1,Volvo EC20V,volvo-ec-20v,/pages/equipment-model/volvo-ec-20v,track_finder_v1
mdl_volvo_ec20vb,br_volvo,EC20VB,EC20VB,Mini Excavator,,ts_230x48x72,,,,,,,,,fitment_json|shopify_meta|supplier_fitment,active_v1,Volvo EC20VB,volvo-ec-20vb,/pages/equipment-model/volvo-ec-20vb,track_finder_v1
mdl_volvo_ec20xt,br_volvo,EC20XT,EC20XT,Mini Excavator,,ts_230x48x72,,,,,,,,,fitment_json|shopify_meta|supplier_fitment,active_v1,Volvo EC20XT,volvo-ec-20xt,/pages/equipment-model/volvo-ec-20xt,track_finder_v1
mdl_volvo_ec20xtv,br_volvo,EC20XTV,EC20XTV,Mini Excavator,,ts_230x48x72,,,,,,,,,fitment_json|shopify_meta|supplier_fitment,active_v1,Volvo EC20XTV,volvo-ec-20xtv,/pages/equipment-model/volvo-ec-20xtv,track_finder_v1
mdl_volvo_ec25,br_volvo,EC25,EC25,Mini Excavator,Excavator Pin-On,ts_300x525nx78,26,6152,16.4,,3335,,,Needs Review,airtable|fitment_json|shopify_meta|supplier_fitment,active_v1,Volvo EC25,volvo-ec25,/pages/equipment-model/volvo-ec25,track_finder_v1
mdl_volvo_ec25_281,br_volvo,EC25-281,EC25-281,,,,,,,,,,,,supplier_fitment,quarantine,Volvo EC25-281,,,
mdl_volvo_ec25x,br_volvo,EC25X,EC25X,Mini Excavator,Excavator Pin-On,ts_300x525nx78,26,6152,16.4,,3335,,,Verified,airtable|fitment_json|shopify_meta|supplier_fitment,active_v1,Volvo EC25X,volvo-ec-25x,/pages/equipment-model/volvo-ec-25x,track_finder_v1
mdl_volvo_ec25xt,br_volvo,EC25XT,EC25XT,Mini Excavator,Excavator Pin-On,ts_300x525nx78,26,6152,16.4,,3335,,,Verified,airtable|fitment_json|shopify_meta|supplier_fitment,active_v1,Volvo EC25XT,volvo-ec-25xt,/pages/equipment-model/volvo-ec-25xt,track_finder_v1
mdl_volvo_ec27c,br_volvo,EC27C,EC27C,Mini Excavator,Excavator Pin-On,ts_300x525nx78,,,,,,,,Needs Review,airtable|fitment_json|shopify_meta|supplier_fitment,active_v1,Volvo EC27C,volvo-ec27c,/pages/equipment-model/volvo-ec27c,track_finder_v1
mdl_volvo_ec27d,br_volvo,EC27D,EC27D,Mini Excavator,Excavator Pin-On,ts_300x525nx78,15,6019,,,,,,Needs Review,airtable|fitment_json|shopify_meta|supplier_fitment,active_v1,Volvo EC27D,volvo-ec27d,/pages/equipment-model/volvo-ec27d,track_finder_v1
mdl_volvo_ec30,br_volvo,EC30,EC30,Mini Excavator,Excavator Pin-On,ts_300x525nx78,26,6813,16.4,,3625,,,Needs Review,airtable|fitment_json|shopify_meta|supplier_fitment,active_v1,Volvo EC30,volvo-ec30,/pages/equipment-model/volvo-ec30,track_finder_v1
mdl_volvo_ec30b,br_volvo,EC30B,EC30B,Mini Excavator,Excavator Pin-On,ts_300x525nx78,26,6813,16.4,,3625,,,Verified,airtable|fitment_json|shopify_meta|supplier_fitment,active_v1,Volvo EC30B,volvo-ec-30b,/pages/equipment-model/volvo-ec-30b,track_finder_v1
mdl_volvo_ec30x,br_volvo,EC30X,EC30X,Mini Excavator,Excavator Pin-On,ts_300x525nx78,26,6813,16.4,,3625,,,Verified,airtable|fitment_json|shopify_meta|supplier_fitment,active_v1,Volvo EC30X,volvo-ec-30x,/pages/equipment-model/volvo-ec-30x,track_finder_v1
mdl_volvo_ec35,br_volvo,EC35,EC35,Mini Excavator,Excavator Pin-On,ts_300x525nx84,37,7544,4.7,,3335,,,Verified,airtable|fitment_json|shopify_meta|supplier_fitment,active_v1,Volvo EC35,volvo-ec-35,/pages/equipment-model/volvo-ec-35,track_finder_v1
mdl_volvo_ec35c,br_volvo,EC35C,EC35C,Mini Excavator,Excavator Pin-On,ts_300x525nx84,36,7572,26.5,,3481,,,Needs Review,airtable|fitment_json|shopify_meta|supplier_fitment,active_v1,Volvo EC35C,volvo-ec35c,/pages/equipment-model/volvo-ec35c,track_finder_v1
mdl_volvo_ec35d,br_volvo,EC35D,EC35D,Mini Excavator,Excavator Pin-On,ts_300x525nx84,24,9833,,,,,,Needs Review,airtable|fitment_json|shopify_meta|supplier_fitment,active_v1,Volvo EC35D,volvo-ec35d,/pages/equipment-model/volvo-ec35d,track_finder_v1
mdl_volvo_ec50,br_volvo,EC50,EC50,,,,,,,,,,,,supplier_fitment,quarantine,Volvo EC50,,,
mdl_volvo_ec55,br_volvo,EC55,EC55,Mini Excavator,Excavator Pin-On,ts_400x725kx74,53,10824,29.1,,3045,,,Needs Review,airtable|fitment_json|shopify_meta|supplier_fitment,active_v1,Volvo EC55,volvo-ec55,/pages/equipment-model/volvo-ec55,track_finder_v1
mdl_volvo_ec55b,br_volvo,EC55B,EC55B,Mini Excavator,Excavator Pin-On,ts_400x725kx74,52,11464,27.8,,3045,,,Needs Review,airtable|fitment_json|shopify_meta|supplier_fitment,active_v1,Volvo EC55B,volvo-ec55b,/pages/equipment-model/volvo-ec55b,track_finder_v1
mdl_volvo_ec55c,br_volvo,EC55C,EC55C,Mini Excavator,Excavator Pin-On,ts_400x725kx74,47,11000,30.6,,3133,,,Needs Review,airtable|fitment_json|shopify_meta|supplier_fitment,active_v1,Volvo EC55C,volvo-ec55c,/pages/equipment-model/volvo-ec55c,track_finder_v1
mdl_volvo_ec55d,br_volvo,EC55D,EC55D,Mini Excavator,Excavator Pin-On,ts_400x725kx74,,,,,,,,Needs Review,airtable|fitment_json,active_v1,Volvo EC55D,volvo-ec55d,/pages/equipment-model/volvo-ec55d,track_finder_v1
mdl_volvo_ec60c,br_volvo,EC60C,EC60C,Mini Excavator,Excavator Pin-On,,,,,,,,,Needs Review,airtable,review,Volvo EC60C,,,
mdl_volvo_ec60e,br_volvo,EC60E,EC60E,,,,,,,,,,,,supplier_fitment,quarantine,Volvo EC60E,,,
mdl_volvo_ec75c,br_volvo,EC75C,EC75C,Mini Excavator,Excavator Pin-On,ts_450x71x82,,,,,,,,Needs Review,airtable|shopify_meta,review,Volvo EC75C,,,
mdl_volvo_ec_20b_xtv,br_volvo,EC 20B XTV,EC 20B XTV,Mini Excavator,,ts_230x48x72,,,,,,,,,shopify_meta|size_index,active_v1,Volvo EC 20B XTV,volvo-ec-20b-xtv,/pages/equipment-model/volvo-ec-20b-xtv,track_finder_v1
mdl_volvo_ec_20c,br_volvo,EC-20C,EC-20C,Mini Excavator,,ts_230x48x72,,,,,,,,,size_index,active_v1,Volvo EC-20C,volvo-ec-20c,/pages/equipment-model/volvo-ec-20c,track_finder_v1
mdl_volvo_ec_20d,br_volvo,EC-20D,EC-20D,,,ts_230x48x72,,,,,,,,,size_index,reference,Volvo EC-20D,,,
mdl_volvo_ec_20t,br_volvo,EC-20T,EC-20T,,,ts_230x48x72,,,,,,,,,size_index,reference,Volvo EC-20T,,,
mdl_volvo_ec_20tb,br_volvo,EC-20TB,EC-20TB,,,ts_230x48x72,,,,,,,,,size_index,reference,Volvo EC-20TB,,,
mdl_volvo_ec_20v,br_volvo,EC-20V,EC-20V,,,ts_230x48x72,,,,,,,,,size_index,reference,Volvo EC-20V,,,
mdl_volvo_ec_20vb,br_volvo,EC-20VB,EC-20VB,,,ts_230x48x72,,,,,,,,,size_index,reference,Volvo EC-20VB,,,
mdl_volvo_ec_20xt,br_volvo,EC-20XT,EC-20XT,,,ts_230x48x72,,,,,,,,,size_index,reference,Volvo EC-20XT,,,
mdl_volvo_ec_20xtv,br_volvo,EC-20XTV,EC-20XTV,,,ts_230x48x72,,,,,,,,,size_index,reference,Volvo EC-20XTV,,,
mdl_volvo_ecr25d,br_volvo,ECR25D,ECR25D,Mini Excavator,Excavator Pin-On,ts_300x525nx78,21,5600,7.1,,3046,Zero,,Needs Review,airtable|fitment_json|shopify_meta,active_v1,Volvo ECR25D,volvo-ecr25d,/pages/equipment-model/volvo-ecr25d,track_finder_v1
mdl_volvo_ecr28,br_volvo,ECR28,ECR28,Mini Excavator,Excavator Pin-On,ts_300x525nx78,19,6012,17.0,,3046,,,Needs Review,airtable|fitment_json|shopify_meta|supplier_fitment,active_v1,Volvo ECR28,volvo-ecr28,/pages/equipment-model/volvo-ecr28,track_finder_v1
mdl_volvo_ecr35d,br_volvo,ECR35D,ECR35D,,,,,,,,,,,,supplier_fitment,quarantine,Volvo ECR35D,,,
mdl_volvo_ecr38,br_volvo,ECR38,ECR38,Mini Excavator,Excavator Pin-On,ts_300x525nx84,27,7355,24.9,,3483,,,Needs Review,airtable|fitment_json|shopify_meta|supplier_fitment,active_v1,Volvo ECR38,volvo-ecr38,/pages/equipment-model/volvo-ecr38,track_finder_v1
mdl_volvo_ecr40,br_volvo,ECR40,ECR40,Mini Excavator,Excavator Pin-On,ts_300x525nx84,24,9833,,,,,,Needs Review,airtable|fitment_json,active_v1,Volvo ECR40,volvo-ecr40,/pages/equipment-model/volvo-ecr40,track_finder_v1
mdl_volvo_ecr40d,br_volvo,ECR40D,ECR40D,Mini Excavator,Excavator Pin-On,,36,9800,15.1,,3626,Zero,,Needs Review,airtable|shopify_meta|supplier_fitment,review,Volvo ECR40D,,,
mdl_volvo_ecr48,br_volvo,ECR48,ECR48,Mini Excavator,Excavator Pin-On,ts_400x725kx72,,,,,,,,Needs Review,airtable|fitment_json,active_v1,Volvo ECR48,volvo-ecr48,/pages/equipment-model/volvo-ecr48,track_finder_v1
mdl_volvo_ecr48c,br_volvo,ECR48C,ECR48C,Mini Excavator,Excavator Pin-On,ts_400x725kx72,,,,,,,,Needs Review,airtable|fitment_json|shopify_meta|supplier_fitment,active_v1,Volvo ECR48C,volvo-ecr48c,/pages/equipment-model/volvo-ecr48c,track_finder_v1
mdl_volvo_ecr50,br_volvo,ECR50,ECR50,Mini Excavator,Excavator Pin-On,ts_400x725kx74,,,,,,,,Needs Review,airtable|fitment_json,active_v1,Volvo ECR50,volvo-ecr50,/pages/equipment-model/volvo-ecr50,track_finder_v1
mdl_volvo_ecr50d,br_volvo,ECR50D,ECR50D,Mini Excavator,Excavator Pin-On,ts_400x725kx74,,,,,,,,Verified,airtable|fitment_json|shopify_meta,active_v1,Volvo ECR50D,volvo-ecr-50d,/pages/equipment-model/volvo-ecr-50d,track_finder_v1
mdl_volvo_ecr50f,br_volvo,ECR50F,ECR50F,,,,,,,,,,,,supplier_fitment,quarantine,Volvo ECR50F,,,
mdl_volvo_ecr55d,br_volvo,ECR55D,ECR55D,Mini Excavator,,ts_400x725wx76,,,,,,,,,fitment_json,active_v1,Volvo ECR55D,volvo-ecr55d,/pages/equipment-model/volvo-ecr55d,track_finder_v1
mdl_volvo_ecr58,br_volvo,ECR58,ECR58,Mini Excavator,Excavator Pin-On,ts_400x725kx74,49,15440,,,,,,Needs Review,airtable|fitment_json|shopify_meta|supplier_fitment,active_v1,Volvo ECR58,volvo-ecr58,/pages/equipment-model/volvo-ecr58,track_finder_v1
mdl_volvo_ecr58d,br_volvo,ECR58D,ECR58D,Mini Excavator,Excavator Pin-On,ts_400x725kx74,47,13000,20.1,,3626,Zero,,Needs Review,airtable|fitment_json|shopify_meta|supplier_fitment,active_v1,Volvo ECR58D,volvo-ecr58d,/pages/equipment-model/volvo-ecr58d,track_finder_v1
mdl_volvo_ecr58f,br_volvo,ECR58F,ECR58F,,,,,,,,,,,,supplier_fitment,quarantine,Volvo ECR58F,,,
mdl_volvo_ecr88,br_volvo,ECR88,ECR88,Mini Excavator,,ts_450x81nx76,,,,,,,,,fitment_json|shopify_meta|supplier_fitment,active_v1,Volvo ECR88,volvo-ecr88,/pages/equipment-model/volvo-ecr88,track_finder_v1
mdl_volvo_ecr88d,br_volvo,ECR88D,ECR88D,Mini Excavator,Excavator Pin-On,ts_450x81nx76,66,19500,27.3,40.0,4061,Zero,,Needs Review,airtable|fitment_json|shopify_meta,active_v1,Volvo ECR88D,volvo-ecr88d,/pages/equipment-model/volvo-ecr88d,track_finder_v1
mdl_volvo_mc110,br_volvo,MC110,MC110,,,,,,,,,,,,supplier_fitment,quarantine,Volvo MC110,,,
mdl_volvo_mc115b,br_volvo,MC115B,MC115B,,,,,,,,,,,,supplier_fitment,quarantine,Volvo MC115B,,,
mdl_volvo_mc135c,br_volvo,MC135C,MC135C,,,,,,,,,,,,supplier_fitment,quarantine,Volvo MC135C,,,
mdl_volvo_mc60,br_volvo,MC60,MC60,,,,,,,,,,,,supplier_fitment,quarantine,Volvo MC60,,,
mdl_volvo_mc70,br_volvo,MC70,MC70,,,,,,,,,,,,supplier_fitment,quarantine,Volvo MC70,,,
mdl_volvo_mc80,br_volvo,MC80,MC80,,,,,,,,,,,,supplier_fitment,quarantine,Volvo MC80,,,
mdl_volvo_mc85c,br_volvo,MC85C,MC85C,,,,,,,,,,,,supplier_fitment,quarantine,Volvo MC85C,,,
mdl_volvo_mc90,br_volvo,MC90,MC90,,,,,,,,,,,,supplier_fitment,quarantine,Volvo MC90,,,
mdl_volvo_mct110c,br_volvo,MCT110C,MCT110C,Skid Steer,,ts_450x86bx56,72,,,33.1,3335,,,Verified,airtable|fitment_json|shopify_meta|supplier_fitment,active_v1,Volvo MCT110C,volvo-mct110c,/pages/equipment-model/volvo-mct110c,track_finder_v1
mdl_volvo_mct125c,br_volvo,MCT125C,MCT125C,Skid Steer,Universal Quick-Attach,ts_450x86bx56,72,,,33.1,3335,,,Verified,airtable|fitment_json|shopify_meta|supplier_fitment,active_v1,Volvo MCT125C,volvo-mct125c,/pages/equipment-model/volvo-mct125c,track_finder_v1
mdl_volvo_mct135c,br_volvo,MCT135C,MCT135C,Skid Steer,Universal Quick-Attach,ts_450x86bx56,72,,,33.1,3335,,,Verified,airtable|fitment_json|shopify_meta|supplier_fitment,active_v1,Volvo MCT135C,volvo-mct135c,/pages/equipment-model/volvo-mct135c,track_finder_v1
mdl_volvo_mct135d,br_volvo,MCT135D,MCT135D,,,,,,,,,,,,supplier_fitment,quarantine,Volvo MCT135D,,,
mdl_volvo_mct145,br_volvo,MCT145,MCT145,Skid Steer,,ts_450x86bx56,,,,,,,,Needs Review,airtable|shopify_meta,active_v1,Volvo MCT145,volvo-mct145,/pages/equipment-model/volvo-mct145,track_finder_v1
mdl_volvo_mct145c,br_volvo,MCT145C,MCT145C,Skid Steer,Universal Quick-Attach,ts_450x86bx56,,,,,,,,Verified,airtable|fitment_json|shopify_meta|supplier_fitment,active_v1,Volvo MCT145C,volvo-mct145c,/pages/equipment-model/volvo-mct145c,track_finder_v1
mdl_volvo_mct85c,br_volvo,MCT85C,MCT85C,Skid Steer,,ts_320x86bx50,45,,,26.5,230,,,Verified,airtable|fitment_json|shopify_meta|size_index|supplier_fitment,active_v1,Volvo MCT85C,volvo-mct85c,/pages/equipment-model/volvo-mct85c,track_finder_v1
mdl_volvo_pf4410,br_volvo,PF4410,PF4410,,,,,,,,,,,,supplier_fitment,quarantine,Volvo PF4410,,,
mdl_volvo_pf5510,br_volvo,PF5510,PF5510,,,,,,,,,,,,supplier_fitment,quarantine,Volvo PF5510,,,
mdl_volvo_vts,br_volvo,VTS,VTS,,,,,,,,,,,,supplier_fitment,quarantine,Volvo VTS,,,
mdl_volvo_vts50,br_volvo,VTS50,VTS50,,,,,,,,,,,,supplier_fitment,quarantine,Volvo VTS50,,,
mdl_wacker_neuson_11002hv,br_wacker_neuson,11002HV,11002HV,,,,,,,,,,,,supplier_fitment,quarantine,Wacker Neuson 11002HV,,,
mdl_wacker_neuson_11002rd,br_wacker_neuson,11002RD,11002RD,,,,,,,,,,,,supplier_fitment,quarantine,Wacker Neuson 11002RD,,,
mdl_wacker_neuson_1101cp,br_wacker_neuson,1101CP,1101CP,Skid Steer,,ts_450x86bx56,,,,,,,,Verified,airtable|fitment_json|shopify_meta,active_v1,Wacker Neuson 1101CP,wacker-neuson-1101cp,/pages/equipment-model/wacker-neuson-1101cp,track_finder_v1
mdl_wacker_neuson_12002,br_wacker_neuson,12002,12002,,,,,,,,,,,,supplier_fitment,quarantine,Wacker Neuson 12002,,,
mdl_wacker_neuson_12002rd,br_wacker_neuson,12002RD,12002RD,,,,,,,,,,,,supplier_fitment,quarantine,Wacker Neuson 12002RD,,,
mdl_wacker_neuson_12002rd_vario,br_wacker_neuson,12002RD VARIO,12002RD VARIO,,,,,,,,,,,,supplier_fitment,quarantine,Wacker Neuson 12002RD VARIO,,,
mdl_wacker_neuson_12002rdvario,br_wacker_neuson,12002RDVARIO,12002RDVARIO,,,,,,,,,,,,supplier_fitment,quarantine,Wacker Neuson 12002RDVARIO,,,
mdl_wacker_neuson_1200rd,br_wacker_neuson,1200RD,1200RD,Mini Excavator,Excavator Pin-On,ts_230x72x43,,,,,,,,Needs Review,airtable|shopify_meta|supplier_fitment,review,Wacker Neuson 1200RD,,,
mdl_wacker_neuson_1302,br_wacker_neuson,1302,1302,Mini Excavator,Excavator Pin-On,ts_230x72x43,,,,,,,,Needs Review,airtable|shopify_meta|supplier_fitment,review,Wacker Neuson 1302,,,
mdl_wacker_neuson_1302rd,br_wacker_neuson,1302RD,1302RD,Mini Excavator,Excavator Pin-On,ts_230x72x43,,,,,,,,Needs Review,airtable|shopify_meta|supplier_fitment,review,Wacker Neuson 1302RD,,,
mdl_wacker_neuson_1302rdslr,br_wacker_neuson,1302RDSLR,1302RDSLR,Mini Excavator,Excavator Pin-On,ts_230x72x43,,,,,,,,Needs Review,airtable|shopify_meta|supplier_fitment,review,Wacker Neuson 1302RDSLR,,,
mdl_wacker_neuson_1400rd,br_wacker_neuson,1400RD,1400RD,Mini Excavator,Excavator Pin-On,ts_230x72x43,,,,,,,,Needs Review,airtable|shopify_meta|supplier_fitment,review,Wacker Neuson 1400RD,,,
mdl_wacker_neuson_1402rd,br_wacker_neuson,1402RD,1402RD,,,,,,,,,,,,supplier_fitment,quarantine,Wacker Neuson 1402RD,,,
mdl_wacker_neuson_1402rdforce,br_wacker_neuson,1402RDFORCE,1402RDFORCE,,,,,,,,,,,,supplier_fitment,quarantine,Wacker Neuson 1402RDFORCE,,,
mdl_wacker_neuson_1402rdprimus,br_wacker_neuson,1402RDPRIMUS,1402RDPRIMUS,,,,,,,,,,,,supplier_fitment,quarantine,Wacker Neuson 1402RDPRIMUS,,,
mdl_wacker_neuson_1402rdslr,br_wacker_neuson,1402RDSLR,1402RDSLR,,,,,,,,,,,,supplier_fitment,quarantine,Wacker Neuson 1402RDSLR,,,
mdl_wacker_neuson_1402rdslrprimus,br_wacker_neuson,1402RDSLRPRIMUS,1402RDSLRPRIMUS,,,,,,,,,,,,supplier_fitment,quarantine,Wacker Neuson 1402RDSLRPRIMUS,,,
mdl_wacker_neuson_1403,br_wacker_neuson,1403,1403,,,,,,,,,,,,supplier_fitment,quarantine,Wacker Neuson 1403,,,
mdl_wacker_neuson_1403_2002,br_wacker_neuson,1403 2002,1403 2002,,,,,,,,,,,,supplier_fitment,quarantine,Wacker Neuson 1403 2002,,,
mdl_wacker_neuson_1403rd,br_wacker_neuson,1403RD,1403RD,,,,,,,,,,,,supplier_fitment,quarantine,Wacker Neuson 1403RD,,,
mdl_wacker_neuson_1404,br_wacker_neuson,1404,1404,,,,,,,,,,,,supplier_fitment,quarantine,Wacker Neuson 1404,,,
mdl_wacker_neuson_1500,br_wacker_neuson,1500,1500,Mini Excavator,Excavator Pin-On,ts_230x72x43,,,,,,,,Needs Review,airtable|shopify_meta|supplier_fitment,review,Wacker Neuson 1500,,,
mdl_wacker_neuson_1500rd,br_wacker_neuson,1500RD,1500RD,Mini Excavator,Excavator Pin-On,ts_230x72x43,,,,,,,,Needs Review,airtable|shopify_meta|supplier_fitment,review,Wacker Neuson 1500RD,,,
mdl_wacker_neuson_1500rdslr,br_wacker_neuson,1500RDSLR,1500RDSLR,Mini Excavator,Excavator Pin-On,ts_230x72x43,,,,,,,,Needs Review,airtable|shopify_meta|supplier_fitment,review,Wacker Neuson 1500RDSLR,,,
mdl_wacker_neuson_1501,br_wacker_neuson,1501,1501,Mini Excavator,Excavator Pin-On,ts_230x72x43,,,,,,,,Needs Review,airtable|shopify_meta|supplier_fitment,review,Wacker Neuson 1501,,,
mdl_wacker_neuson_1502,br_wacker_neuson,1502,1502,Mini Excavator,Excavator Pin-On,ts_230x72x43,,,,,,,,Needs Review,airtable|shopify_meta|supplier_fitment,review,Wacker Neuson 1502,,,
mdl_wacker_neuson_1502rd,br_wacker_neuson,1502RD,1502RD,Mini Excavator,Excavator Pin-On,ts_230x72x43,,,,,,,,Needs Review,airtable|shopify_meta|supplier_fitment,review,Wacker Neuson 1502RD,,,
mdl_wacker_neuson_1502rdforce,br_wacker_neuson,1502RDFORCE,1502RDFORCE,Mini Excavator,Excavator Pin-On,ts_230x72x43,,,,,,,,Needs Review,airtable|shopify_meta|supplier_fitment,review,Wacker Neuson 1502RDFORCE,,,
mdl_wacker_neuson_1502rdslr,br_wacker_neuson,1502RDSLR,1502RDSLR,Mini Excavator,Excavator Pin-On,ts_230x72x43,,,,,,,,Needs Review,airtable|shopify_meta|supplier_fitment,review,Wacker Neuson 1502RDSLR,,,
mdl_wacker_neuson_1503,br_wacker_neuson,1503,1503,,,,,,,,,,,,supplier_fitment,quarantine,Wacker Neuson 1503,,,
mdl_wacker_neuson_1503rd,br_wacker_neuson,1503RD,1503RD,,,,,,,,,,,,supplier_fitment,quarantine,Wacker Neuson 1503RD,,,
mdl_wacker_neuson_1600rd,br_wacker_neuson,1600RD,1600RD,,,,,,,,,,,,supplier_fitment,quarantine,Wacker Neuson 1600RD,,,
mdl_wacker_neuson_1703vds,br_wacker_neuson,1703VDS,1703VDS,,,,,,,,,,,,supplier_fitment,quarantine,Wacker Neuson 1703VDS,,,
mdl_wacker_neuson_1902rd,br_wacker_neuson,1902RD,1902RD,,,,,,,,,,,,supplier_fitment,quarantine,Wacker Neuson 1902RD,,,
mdl_wacker_neuson_1902rdforce,br_wacker_neuson,1902RDFORCE,1902RDFORCE,,,,,,,,,,,,supplier_fitment,quarantine,Wacker Neuson 1902RDFORCE,,,
mdl_wacker_neuson_1902rdslr,br_wacker_neuson,1902RDSLR,1902RDSLR,,,,,,,,,,,,supplier_fitment,quarantine,Wacker Neuson 1902RDSLR,,,
mdl_wacker_neuson_1903,br_wacker_neuson,1903,1903,,,,,,,,,,,,supplier_fitment,quarantine,Wacker Neuson 1903,,,
mdl_wacker_neuson_1903rd,br_wacker_neuson,1903RD,1903RD,,,,,,,,,,,,supplier_fitment,quarantine,Wacker Neuson 1903RD,,,
mdl_wacker_neuson_2000rd,br_wacker_neuson,2000RD,2000RD,Mini Excavator,Excavator Pin-On,ts_230x72x43,,,,,,,,Needs Review,airtable|shopify_meta|supplier_fitment,review,Wacker Neuson 2000RD,,,
mdl_wacker_neuson_2002force,br_wacker_neuson,2002FORCE,2002FORCE,Mini Excavator,Excavator Pin-On,ts_230x72x43,,,,,,,,Needs Review,airtable|shopify_meta|supplier_fitment,review,Wacker Neuson 2002FORCE,,,
mdl_wacker_neuson_2002rdv,br_wacker_neuson,2002RDV,2002RDV,Mini Excavator,Excavator Pin-On,ts_230x72x43,,,,,,,,Needs Review,airtable|shopify_meta|supplier_fitment,review,Wacker Neuson 2002RDV,,,
mdl_wacker_neuson_2100,br_wacker_neuson,2100,2100,Mini Excavator,Excavator Pin-On,ts_230x72x43,,,,,,,,Needs Review,airtable|shopify_meta|supplier_fitment,review,Wacker Neuson 2100,,,
mdl_wacker_neuson_2100rd,br_wacker_neuson,2100RD,2100RD,Mini Excavator,Excavator Pin-On,ts_230x72x43,,,,,,,,Needs Review,airtable|shopify_meta|supplier_fitment,review,Wacker Neuson 2100RD,,,
mdl_wacker_neuson_2202rd,br_wacker_neuson,2202RD,2202RD,,,,,,,,,,,,supplier_fitment,quarantine,Wacker Neuson 2202RD,,,
mdl_wacker_neuson_2202rdforce,br_wacker_neuson,2202RDFORCE,2202RDFORCE,,,,,,,,,,,,supplier_fitment,quarantine,Wacker Neuson 2202RDFORCE,,,
mdl_wacker_neuson_2300rd,br_wacker_neuson,2300RD,2300RD,Mini Excavator,Excavator Pin-On,ts_230x72x43,,,,,,,,Needs Review,airtable|shopify_meta|supplier_fitment,review,Wacker Neuson 2300RD,,,
mdl_wacker_neuson_2500,br_wacker_neuson,2500,2500,Mini Excavator,Excavator Pin-On,ts_230x72x43,,,,,,,,Needs Review,airtable|shopify_meta|supplier_fitment,review,Wacker Neuson 2500,,,
mdl_wacker_neuson_2500rd,br_wacker_neuson,2500RD,2500RD,Mini Excavator,Excavator Pin-On,ts_230x72x43,,,,,,,,Needs Review,airtable|shopify_meta|supplier_fitment,review,Wacker Neuson 2500RD,,,
mdl_wacker_neuson_2600,br_wacker_neuson,2600,2600,,,,,,,,,,,,supplier_fitment,quarantine,Wacker Neuson 2600,,,
mdl_wacker_neuson_2700,br_wacker_neuson,2700,2700,Mini Excavator,Excavator Pin-On,ts_230x72x43,,,,,,,,Needs Review,airtable|shopify_meta|supplier_fitment,review,Wacker Neuson 2700,,,
mdl_wacker_neuson_2700rd,br_wacker_neuson,2700RD,2700RD,Mini Excavator,Excavator Pin-On,ts_230x72x43,,,,,,,,Needs Review,airtable|shopify_meta|supplier_fitment,review,Wacker Neuson 2700RD,,,
mdl_wacker_neuson_2702,br_wacker_neuson,2702,2702,,,,,,,,,,,,supplier_fitment,quarantine,Wacker Neuson 2702,,,
mdl_wacker_neuson_2702rd,br_wacker_neuson,2702RD,2702RD,,,,,,,,,,,,supplier_fitment,quarantine,Wacker Neuson 2702RD,,,
mdl_wacker_neuson_2702rdforce,br_wacker_neuson,2702RDFORCE,2702RDFORCE,,,,,,,,,,,,supplier_fitment,quarantine,Wacker Neuson 2702RDFORCE,,,
mdl_wacker_neuson_2702rdscr,br_wacker_neuson,2702RDSCR,2702RDSCR,,,,,,,,,,,,supplier_fitment,quarantine,Wacker Neuson 2702RDSCR,,,
mdl_wacker_neuson_2702rdslr,br_wacker_neuson,2702RDSLR,2702RDSLR,,,,,,,,,,,,supplier_fitment,quarantine,Wacker Neuson 2702RDSLR,,,
mdl_wacker_neuson_2800rd,br_wacker_neuson,2800RD,2800RD,,,,,,,,,,,,supplier_fitment,quarantine,Wacker Neuson 2800RD,,,
mdl_wacker_neuson_28z3,br_wacker_neuson,28Z3,28Z3,,,,,,,,,,,,supplier_fitment,quarantine,Wacker Neuson 28Z3,,,
mdl_wacker_neuson_28z3rd,br_wacker_neuson,28Z3RD,28Z3RD,,,,,,,,,,,,supplier_fitment,quarantine,Wacker Neuson 28Z3RD,,,
mdl_wacker_neuson_2902,br_wacker_neuson,2902,2902,,,,,,,,,,,,supplier_fitment,quarantine,Wacker Neuson 2902,,,
mdl_wacker_neuson_2902rd,br_wacker_neuson,2902RD,2902RD,,,,,,,,,,,,supplier_fitment,quarantine,Wacker Neuson 2902RD,,,
mdl_wacker_neuson_2902rdforce,br_wacker_neuson,2902RDFORCE,2902RDFORCE,,,,,,,,,,,,supplier_fitment,quarantine,Wacker Neuson 2902RDFORCE,,,
mdl_wacker_neuson_2902rdslr,br_wacker_neuson,2902RDSLR,2902RDSLR,,,,,,,,,,,,supplier_fitment,quarantine,Wacker Neuson 2902RDSLR,,,
mdl_wacker_neuson_3000,br_wacker_neuson,3000,3000,,,,,,,,,,,,supplier_fitment,quarantine,Wacker Neuson 3000,,,
mdl_wacker_neuson_3000rd_new,br_wacker_neuson,3000RD NEW,3000RD NEW,,,,,,,,,,,,supplier_fitment,quarantine,Wacker Neuson 3000RD NEW,,,
mdl_wacker_neuson_3000rd_old,br_wacker_neuson,3000RD OLD,3000RD OLD,,,,,,,,,,,,supplier_fitment,quarantine,Wacker Neuson 3000RD OLD,,,
mdl_wacker_neuson_3000rdv,br_wacker_neuson,3000RDV,3000RDV,,,,,,,,,,,,supplier_fitment,quarantine,Wacker Neuson 3000RDV,,,
mdl_wacker_neuson_3003,br_wacker_neuson,3003,3003,,,,,,,,,,,,supplier_fitment,quarantine,Wacker Neuson 3003,,,
mdl_wacker_neuson_3003rd,br_wacker_neuson,3003RD,3003RD,,,,,,,,,,,,supplier_fitment,quarantine,Wacker Neuson 3003RD,,,
mdl_wacker_neuson_3003vario,br_wacker_neuson,3003VARIO,3003VARIO,,,,,,,,,,,,supplier_fitment,quarantine,Wacker Neuson 3003VARIO,,,
mdl_wacker_neuson_3200rd_new,br_wacker_neuson,3200RD NEW,3200RD NEW,,,,,,,,,,,,supplier_fitment,quarantine,Wacker Neuson 3200RD NEW,,,
mdl_wacker_neuson_3200rd_old,br_wacker_neuson,3200RD OLD,3200RD OLD,,,,,,,,,,,,supplier_fitment,quarantine,Wacker Neuson 3200RD OLD,,,
mdl_wacker_neuson_3402,br_wacker_neuson,3402,3402,,,,,,,,,,,,supplier_fitment,quarantine,Wacker Neuson 3402,,,
mdl_wacker_neuson_3402rd,br_wacker_neuson,3402RD,3402RD,,,,,,,,,,,,supplier_fitment,quarantine,Wacker Neuson 3402RD,,,
mdl_wacker_neuson_3402rdforce,br_wacker_neuson,3402RDFORCE,3402RDFORCE,,,,,,,,,,,,supplier_fitment,quarantine,Wacker Neuson 3402RDFORCE,,,
mdl_wacker_neuson_3402rdslr,br_wacker_neuson,3402RDSLR,3402RDSLR,,,,,,,,,,,,supplier_fitment,quarantine,Wacker Neuson 3402RDSLR,,,
mdl_wacker_neuson_3503,br_wacker_neuson,3503,3503,Mini Excavator,Excavator Pin-On,ts_300x525nx84,40,9449,30.1,,3481,,,Needs Review,airtable|fitment_json|shopify_meta|supplier_fitment,active_v1,Wacker Neuson 3503,wacker-neuson-3503,/pages/equipment-model/wacker-neuson-3503,track_finder_v1
mdl_wacker_neuson_3503rd,br_wacker_neuson,3503RD,3503RD,,,,,,,,,,,,supplier_fitment,quarantine,Wacker Neuson 3503RD,,,
mdl_wacker_neuson_3503rdvario,br_wacker_neuson,3503RDVARIO,3503RDVARIO,,,,,,,,,,,,supplier_fitment,quarantine,Wacker Neuson 3503RDVARIO,,,
mdl_wacker_neuson_3503vario,br_wacker_neuson,3503VARIO,3503VARIO,,,,,,,,,,,,supplier_fitment,quarantine,Wacker Neuson 3503VARIO,,,
mdl_wacker_neuson_3503vds,br_wacker_neuson,3503VDS,3503VDS,,,,,,,,,,,,supplier_fitment,quarantine,Wacker Neuson 3503VDS,,,
mdl_wacker_neuson_3602,br_wacker_neuson,3602,3602,,,,,,,,,,,,supplier_fitment,quarantine,Wacker Neuson 3602,,,
mdl_wacker_neuson_3602rd,br_wacker_neuson,3602RD,3602RD,,,,,,,,,,,,supplier_fitment,quarantine,Wacker Neuson 3602RD,,,
mdl_wacker_neuson_3602rdforce,br_wacker_neuson,3602RDFORCE,3602RDFORCE,,,,,,,,,,,,supplier_fitment,quarantine,Wacker Neuson 3602RDFORCE,,,
mdl_wacker_neuson_3602rdslr,br_wacker_neuson,3602RDSLR,3602RDSLR,,,,,,,,,,,,supplier_fitment,quarantine,Wacker Neuson 3602RDSLR,,,
mdl_wacker_neuson_3703,br_wacker_neuson,3703,3703,,,,,,,,,,,,supplier_fitment,quarantine,Wacker Neuson 3703,,,
mdl_wacker_neuson_3703rd,br_wacker_neuson,3703RD,3703RD,,,,,,,,,,,,supplier_fitment,quarantine,Wacker Neuson 3703RD,,,
mdl_wacker_neuson_38z3,br_wacker_neuson,38Z3,38Z3,,,,,,,,,,,,supplier_fitment,quarantine,Wacker Neuson 38Z3,,,
mdl_wacker_neuson_5000rd,br_wacker_neuson,5000RD,5000RD,,,,,,,,,,,,supplier_fitment,quarantine,Wacker Neuson 5000RD,,,
mdl_wacker_neuson_5001,br_wacker_neuson,5001,5001,,,,,,,,,,,,supplier_fitment,quarantine,Wacker Neuson 5001,,,
mdl_wacker_neuson_5001rd,br_wacker_neuson,5001RD,5001RD,,,,,,,,,,,,supplier_fitment,quarantine,Wacker Neuson 5001RD,,,
mdl_wacker_neuson_5001rdslr,br_wacker_neuson,5001RDSLR,5001RDSLR,,,,,,,,,,,,supplier_fitment,quarantine,Wacker Neuson 5001RDSLR,,,
mdl_wacker_neuson_5002,br_wacker_neuson,5002,5002,Mini Excavator,Excavator Pin-On,ts_400x725kx74,,,,,,,,Needs Review,airtable|fitment_json|shopify_meta|supplier_fitment,active_v1,Wacker Neuson 5002,wacker-neuson-5002,/pages/equipment-model/wacker-neuson-5002,track_finder_v1
mdl_wacker_neuson_5002power,br_wacker_neuson,5002POWER,5002POWER,,,,,,,,,,,,supplier_fitment,quarantine,Wacker Neuson 5002POWER,,,
mdl_wacker_neuson_5002rd,br_wacker_neuson,5002RD,5002RD,,,,,,,,,,,,supplier_fitment,quarantine,Wacker Neuson 5002RD,,,
mdl_wacker_neuson_50z3,br_wacker_neuson,50Z3,50Z3,Mini Excavator,Excavator Pin-On,ts_400x725kx74,48,,44.0,,3481,,,Needs Review,airtable|fitment_json|shopify_meta|supplier_fitment,active_v1,Wacker Neuson 50Z3,wacker-neuson-50z-3,/pages/equipment-model/wacker-neuson-50z-3,track_finder_v1
mdl_wacker_neuson_50z_3,br_wacker_neuson,50Z-3,50Z-3,,,,,,,,,,,,supplier_fitment,reference,Wacker Neuson 50Z-3,,,
mdl_wacker_neuson_50z_3rd,br_wacker_neuson,50Z-3RD,50Z-3RD,,,,,,,,,,,,supplier_fitment,quarantine,Wacker Neuson 50Z-3RD,,,
mdl_wacker_neuson_6002,br_wacker_neuson,6002,6002,,,,,,,,,,,,supplier_fitment,quarantine,Wacker Neuson 6002,,,
mdl_wacker_neuson_6002rd,br_wacker_neuson,6002RD,6002RD,,,,,,,,,,,,supplier_fitment,quarantine,Wacker Neuson 6002RD,,,
mdl_wacker_neuson_6002rdv,br_wacker_neuson,6002RDV,6002RDV,,,,,,,,,,,,supplier_fitment,quarantine,Wacker Neuson 6002RDV,,,
mdl_wacker_neuson_6003,br_wacker_neuson,6003,6003,Mini Excavator,Excavator Pin-On,ts_400x725kx74,,,,,,,,Needs Review,airtable|fitment_json|shopify_meta|supplier_fitment,active_v1,Wacker Neuson 6003,wacker-neuson-6003,/pages/equipment-model/wacker-neuson-6003,track_finder_v1
mdl_wacker_neuson_6003rd,br_wacker_neuson,6003RD,6003RD,,,,,,,,,,,,supplier_fitment,quarantine,Wacker Neuson 6003RD,,,
mdl_wacker_neuson_60z3,br_wacker_neuson,60Z3,60Z3,Mini Excavator,Excavator Pin-On,,,,,,,,,Needs Review,airtable,review,Wacker Neuson 60Z3,,,
mdl_wacker_neuson_7002rd,br_wacker_neuson,7002RD,7002RD,,,,,,,,,,,,supplier_fitment,quarantine,Wacker Neuson 7002RD,,,
mdl_wacker_neuson_70z_3rd,br_wacker_neuson,70Z-3RD,70Z-3RD,,,,,,,,,,,,supplier_fitment,quarantine,Wacker Neuson 70Z-3RD,,,
mdl_wacker_neuson_75z3,br_wacker_neuson,75Z3,75Z3,,,,,,,,,,,,supplier_fitment,quarantine,Wacker Neuson 75Z3,,,
mdl_wacker_neuson_75z_3,br_wacker_neuson,75Z-3,75Z-3,,,,,,,,,,,,supplier_fitment,quarantine,Wacker Neuson 75Z-3,,,
mdl_wacker_neuson_8002,br_wacker_neuson,8002,8002,,,,,,,,,,,,supplier_fitment,quarantine,Wacker Neuson 8002,,,
mdl_wacker_neuson_8002rd,br_wacker_neuson,8002RD,8002RD,,,,,,,,,,,,supplier_fitment,quarantine,Wacker Neuson 8002RD,,,
mdl_wacker_neuson_8002rdv,br_wacker_neuson,8002RDV,8002RDV,,,,,,,,,,,,supplier_fitment,quarantine,Wacker Neuson 8002RDV,,,
mdl_wacker_neuson_8003rd,br_wacker_neuson,8003RD,8003RD,,,,,,,,,,,,supplier_fitment,quarantine,Wacker Neuson 8003RD,,,
mdl_wacker_neuson_8003vario,br_wacker_neuson,8003VARIO,8003VARIO,,,,,,,,,,,,supplier_fitment,quarantine,Wacker Neuson 8003VARIO,,,
mdl_wacker_neuson_803rd,br_wacker_neuson,803RD,803RD,,,,,,,,,,,,supplier_fitment,quarantine,Wacker Neuson 803RD,,,
mdl_wacker_neuson_9002,br_wacker_neuson,9002,9002,,,,,,,,,,,,supplier_fitment,quarantine,Wacker Neuson 9002,,,
mdl_wacker_neuson_dt10,br_wacker_neuson,DT10,DT10,,,,,,,,,,,,supplier_fitment,quarantine,Wacker Neuson DT10,,,
mdl_wacker_neuson_dt_08,br_wacker_neuson,DT-08,DT-08,,,,,,,,,,,,supplier_fitment,quarantine,Wacker Neuson DT-08,,,
mdl_wacker_neuson_dt_12,br_wacker_neuson,DT-12,DT-12,,,,,,,,,,,,supplier_fitment,quarantine,Wacker Neuson DT-12,,,
mdl_wacker_neuson_et145,br_wacker_neuson,ET145,ET145,,,,,,,,,,,,supplier_fitment,quarantine,Wacker Neuson ET145,,,
mdl_wacker_neuson_et65,br_wacker_neuson,ET65,ET65,,,,,,,,,,,,supplier_fitment,quarantine,Wacker Neuson ET65,,,
mdl_wacker_neuson_ez17,br_wacker_neuson,EZ17,EZ17,Mini Excavator,Excavator Pin-On,ts_230x48x72,13,3700,4.2,,2560,Zero,,Needs Review,airtable|shopify_meta|supplier_fitment,active_v1,Wacker Neuson EZ17,wacker-neuson-ez17,/pages/equipment-model/wacker-neuson-ez17,track_finder_v1
mdl_wacker_neuson_ez19,br_wacker_neuson,EZ19,EZ19,Mini Excavator,Excavator Pin-On,,,,,,,,,Needs Review,airtable|shopify_meta,review,Wacker Neuson EZ19,,,
mdl_wacker_neuson_ez26,br_wacker_neuson,EZ26,EZ26,Mini Excavator,Excavator Pin-On,,,,,,,,,Needs Review,airtable|fitment_json|shopify_meta|supplier_fitment,review,Wacker Neuson EZ26,,,
mdl_wacker_neuson_ez28,br_wacker_neuson,EZ28,EZ28,,,ts_300x525wx82,,,,,,,,,fitment_json|supplier_fitment,reference,Wacker Neuson EZ28,,,
mdl_wacker_neuson_ez30,br_wacker_neuson,EZ30,EZ30,Mini Excavator,Excavator Pin-On,,,,,,,,,Needs Review,airtable,review,Wacker Neuson EZ30,,,
mdl_wacker_neuson_ez36,br_wacker_neuson,EZ36,EZ36,Mini Excavator,Excavator Pin-On,ts_300x525nx84,24,8000,10.3,,3336,Zero,,Verified,airtable|shopify_meta|supplier_fitment,reference,Wacker Neuson EZ36,,,
mdl_wacker_neuson_ez38,br_wacker_neuson,EZ38,EZ38,Mini Excavator,Excavator Pin-On,ts_300x525nx84,24,9863,30.1,,3481,,,Verified,airtable|fitment_json|shopify_meta|supplier_fitment,active_v1,Wacker Neuson EZ38,wacker-neuson-ez38,/pages/equipment-model/wacker-neuson-ez38,track_finder_v1
mdl_wacker_neuson_ez50,br_wacker_neuson,EZ50,EZ50,Mini Excavator,Excavator Pin-On,ts_400x725kx74,,,,,,,,Verified,airtable|fitment_json|shopify_meta,active_v1,Wacker Neuson EZ50,wacker-neuson-ez50,/pages/equipment-model/wacker-neuson-ez50,track_finder_v1
mdl_wacker_neuson_ez53,br_wacker_neuson,EZ53,EZ53,Mini Excavator,Excavator Pin-On,ts_400x725kx74,58,14178,41.6,,3336,,,Verified,airtable|fitment_json|shopify_meta|supplier_fitment,active_v1,Wacker Neuson EZ53,wacker-neuson-ez53,/pages/equipment-model/wacker-neuson-ez53,track_finder_v1
mdl_wacker_neuson_sm100,br_wacker_neuson,SM100,SM100,,,,,,,,,,,,supplier_fitment,quarantine,Wacker Neuson SM100,,,
mdl_wacker_neuson_st27,br_wacker_neuson,ST27,ST27,Compact Track Loader,Universal Quick-Attach,,,,,,,,,Needs Review,airtable|shopify_meta,review,Wacker Neuson ST27,,,
mdl_wacker_neuson_st28,br_wacker_neuson,ST28,ST28,Skid Steer,,ts_320x86x52,74,7829,2.9,,3500,,,Verified,airtable|fitment_json|shopify_meta|supplier_fitment,active_v1,Wacker Neuson ST28,wacker-neuson-st28,/pages/equipment-model/wacker-neuson-st28,track_finder_v1
mdl_wacker_neuson_st31,br_wacker_neuson,ST31,ST31,Skid Steer,Universal Quick-Attach,ts_320x86x52,74,8095,2.9,,3500,,,Verified,airtable|fitment_json|shopify_meta|supplier_fitment,active_v1,Wacker Neuson ST31,wacker-neuson-st31,/pages/equipment-model/wacker-neuson-st31,track_finder_v1
mdl_wacker_neuson_st35,br_wacker_neuson,ST35,ST35,Skid Steer,Universal Quick-Attach,ts_450x86bx56,74,9826,22.9,,3335,,,Needs Review,airtable|fitment_json|shopify_meta|supplier_fitment,active_v1,Wacker Neuson ST35,wacker-neuson-st35,/pages/equipment-model/wacker-neuson-st35,track_finder_v1
mdl_wacker_neuson_st40,br_wacker_neuson,ST40,ST40,Skid Steer,,ts_450x86bx58,,,,,,,,Verified,airtable|fitment_json|shopify_meta,active_v1,Wacker Neuson ST40,wacker-neuson-st40,/pages/equipment-model/wacker-neuson-st40,track_finder_v1
mdl_wacker_neuson_st45,br_wacker_neuson,ST45,ST45,Skid Steer,Universal Quick-Attach,ts_450x86bx56,74,10244,22.9,,3335,,,Needs Review,airtable|fitment_json|shopify_meta|supplier_fitment,active_v1,Wacker Neuson ST45,wacker-neuson-st45,/pages/equipment-model/wacker-neuson-st45,track_finder_v1
mdl_wacker_neuson_st50,br_wacker_neuson,ST50,ST50,Skid Steer,Universal Skid Steer,ts_450x86bx58,,11400,,,,,,Needs Review,airtable|fitment_json|shopify_meta|supplier_fitment,active_v1,Wacker Neuson ST50,wacker-neuson-st50,/pages/equipment-model/wacker-neuson-st50,track_finder_v1
mdl_wacker_neuson_st60,br_wacker_neuson,ST60,ST60,Compact Track Loader,Universal Quick-Attach,,,,,,,,,Needs Review,airtable|shopify_meta,review,Wacker Neuson ST60,,,
mdl_wacker_neuson_sw16,br_wacker_neuson,SW16,SW16,,,,,,,,,,,,supplier_fitment,quarantine,Wacker Neuson SW16,,,
mdl_wacker_neuson_sw20,br_wacker_neuson,SW20,SW20,,,,,,,,,,,,supplier_fitment,quarantine,Wacker Neuson SW20,,,
mdl_wacker_neuson_sw21,br_wacker_neuson,SW21,SW21,,,,,,,,,,,,supplier_fitment,quarantine,Wacker Neuson SW21,,,
mdl_wacker_neuson_sw24,br_wacker_neuson,SW24,SW24,,,,,,,,,,,,supplier_fitment,quarantine,Wacker Neuson SW24,,,
mdl_wacker_neuson_sw28,br_wacker_neuson,SW28,SW28,,,,,,,,,,,,supplier_fitment,quarantine,Wacker Neuson SW28,,,
mdl_wacker_neuson_sw32,br_wacker_neuson,SW32,SW32,,,,,,,,,,,,supplier_fitment,quarantine,Wacker Neuson SW32,,,
mdl_wacker_neuson_wacker_ez28,br_wacker_neuson,WACKER EZ28,WACKER EZ28,Mini Excavator,Excavator Pin-On,,,,,,,,,,shopify_meta,review,Wacker Neuson WACKER EZ28,,,
mdl_yanmar_b07,br_yanmar,B07,B07,,,,,,,,,,,,supplier_fitment,quarantine,Yanmar B07,,,
mdl_yanmar_b07_1,br_yanmar,B07-1,B07-1,,,,,,,,,,,,supplier_fitment,quarantine,Yanmar B07-1,,,
mdl_yanmar_b08,br_yanmar,B08,B08,,,,,,,,,,,,supplier_fitment,quarantine,Yanmar B08,,,
mdl_yanmar_b08_3,br_yanmar,B08-3,B08-3,,,,,,,,,,,,supplier_fitment,quarantine,Yanmar B08-3,,,
mdl_yanmar_b08_3rv,br_yanmar,B08-3RV,B08-3RV,,,,,,,,,,,,supplier_fitment,quarantine,Yanmar B08-3RV,,,
mdl_yanmar_b10,br_yanmar,B10,B10,Mini Excavator,Excavator Pin-On,ts_230x72x43,,,,,,,,Needs Review,airtable|shopify_meta|supplier_fitment,review,Yanmar B10,,,
mdl_yanmar_b10r,br_yanmar,B10R,B10R,,,,,,,,,,,Needs Review,airtable|supplier_fitment,quarantine,Yanmar B10R,,,
mdl_yanmar_b12,br_yanmar,B12,B12,Mini Excavator,Excavator Pin-On,ts_230x72x43,,,,,,,,Needs Review,airtable|shopify_meta|supplier_fitment,review,Yanmar B12,,,
mdl_yanmar_b12_1,br_yanmar,B12-1,B12-1,Mini Excavator,Excavator Pin-On,ts_230x72x43,,,,,,,,Needs Review,airtable|shopify_meta|supplier_fitment,review,Yanmar B12-1,,,
mdl_yanmar_b12_2,br_yanmar,B12-2,B12-2,Mini Excavator,Excavator Pin-On,ts_230x72x43,,,,,,,,Needs Review,airtable|shopify_meta|supplier_fitment,review,Yanmar B12-2,,,
mdl_yanmar_b12_3,br_yanmar,B12-3,B12-3,Mini Excavator,Excavator Pin-On,ts_230x72x43,,,,,,,,Needs Review,airtable|shopify_meta|supplier_fitment,review,Yanmar B12-3,,,
mdl_yanmar_b12_3pr,br_yanmar,B12-3PR,B12-3PR,Mini Excavator,Excavator Pin-On,ts_230x72x43,,,,,,,,Needs Review,airtable|shopify_meta|supplier_fitment,review,Yanmar B12-3PR,,,
mdl_yanmar_b12pr,br_yanmar,B12PR,B12PR,Mini Excavator,Excavator Pin-On,ts_230x72x43,,,,,,,,Needs Review,airtable|shopify_meta|supplier_fitment,review,Yanmar B12PR,,,
mdl_yanmar_b14,br_yanmar,B14,B14,Mini Excavator,Excavator Pin-On,ts_230x72x43,,,,,,,,Needs Review,airtable|shopify_meta|supplier_fitment,review,Yanmar B14,,,
mdl_yanmar_b14_1,br_yanmar,B14-1,B14-1,Mini Excavator,Excavator Pin-On,ts_230x72x43,,,,,,,,Needs Review,airtable|shopify_meta|supplier_fitment,review,Yanmar B14-1,,,
mdl_yanmar_b15,br_yanmar,B15,B15,Mini Excavator,Excavator Pin-On,ts_230x72x43,,,,,,,,Needs Review,airtable|shopify_meta|supplier_fitment,review,Yanmar B15,,,
mdl_yanmar_b15_3cr,br_yanmar,B15-3CR,B15-3CR,,,,,,,,,,,,supplier_fitment,quarantine,Yanmar B15-3CR,,,
mdl_yanmar_b17,br_yanmar,B17,B17,Mini Excavator,Excavator Pin-On,ts_230x72x43,,,,,,,,Needs Review,airtable|shopify_meta|supplier_fitment,review,Yanmar B17,,,
mdl_yanmar_b17_1,br_yanmar,B17-1,B17-1,Mini Excavator,Excavator Pin-On,ts_230x72x43,,,,,,,,Needs Review,airtable|shopify_meta|supplier_fitment,review,Yanmar B17-1,,,
mdl_yanmar_b17pr,br_yanmar,B17PR,B17PR,Mini Excavator,Excavator Pin-On,ts_230x72x43,,,,,,,,Needs Review,airtable|shopify_meta|supplier_fitment,review,Yanmar B17PR,,,
mdl_yanmar_b25v,br_yanmar,B25V,B25V,,,,,,,,,,,,supplier_fitment,quarantine,Yanmar B25V,,,
mdl_yanmar_b27_2b,br_yanmar,B27-2B,B27-2B,,,,,,,,,,,,supplier_fitment,quarantine,Yanmar B27-2B,,,
mdl_yanmar_b30v,br_yanmar,B30V,B30V,,,,,,,,,,,,supplier_fitment,quarantine,Yanmar B30V,,,
mdl_yanmar_b30vpr,br_yanmar,B30VPR,B30VPR,,,,,,,,,,,,supplier_fitment,quarantine,Yanmar B30VPR,,,
mdl_yanmar_b31,br_yanmar,B31,B31,,,,,,,,,,,,supplier_fitment,quarantine,Yanmar B31,,,
mdl_yanmar_b37,br_yanmar,B37,B37,,,,,,,,,,,,supplier_fitment,quarantine,Yanmar B37,,,
mdl_yanmar_b37_2b,br_yanmar,B37-2B,B37-2B,,,,,,,,,,,,supplier_fitment,quarantine,Yanmar B37-2B,,,
mdl_yanmar_b37v,br_yanmar,B37V,B37V,,,,,,,,,,,,supplier_fitment,quarantine,Yanmar B37V,,,
mdl_yanmar_b37vcr,br_yanmar,B37VCR,B37VCR,,,,,,,,,,,,supplier_fitment,quarantine,Yanmar B37VCR,,,
mdl_yanmar_b37vpr,br_yanmar,B37VPR,B37VPR,,,,,,,,,,,,supplier_fitment,quarantine,Yanmar B37VPR,,,
mdl_yanmar_b3_3,br_yanmar,B3-3,B3-3,,,,,,,,,,,,supplier_fitment,quarantine,Yanmar B3-3,,,
mdl_yanmar_b3u,br_yanmar,B3U,B3U,Mini Excavator,Excavator Pin-On,ts_300x525nx84,,,,,,,,Needs Review,airtable|fitment_json,active_v1,Yanmar B3U,yanmar-b3-u,/pages/equipment-model/yanmar-b3-u,track_finder_v1
mdl_yanmar_b5,br_yanmar,B5,B5,,,,,,,,,,,,supplier_fitment,quarantine,Yanmar B5,,,
mdl_yanmar_b50,br_yanmar,B50,B50,,,,,,,,,,,,supplier_fitment,quarantine,Yanmar B50,,,
mdl_yanmar_b50_1,br_yanmar,B50-1,B50-1,,,,,,,,,,,,supplier_fitment,quarantine,Yanmar B50-1,,,
mdl_yanmar_b50_2,br_yanmar,B50-2,B50-2,,,,,,,,,,,,supplier_fitment,quarantine,Yanmar B50-2,,,
mdl_yanmar_b50_2a,br_yanmar,B50-2A,B50-2A,,,,,,,,,,,,supplier_fitment,quarantine,Yanmar B50-2A,,,
mdl_yanmar_b50_2b,br_yanmar,B50-2B,B50-2B,,,,,,,,,,,,supplier_fitment,quarantine,Yanmar B50-2B,,,
mdl_yanmar_b50v,br_yanmar,B50V,B50V,,,,,,,,,,,,supplier_fitment,quarantine,Yanmar B50V,,,
mdl_yanmar_b5_2,br_yanmar,B5-2,B5-2,,,,,,,,,,,,supplier_fitment,quarantine,Yanmar B5-2,,,
mdl_yanmar_b6,br_yanmar,B6,B6,,,,,,,,,,,,supplier_fitment,quarantine,Yanmar B6,,,
mdl_yanmar_b6_3,br_yanmar,B6-3,B6-3,,,,,,,,,,,,supplier_fitment,quarantine,Yanmar B6-3,,,
mdl_yanmar_b6u,br_yanmar,B6U,B6U,,,,,,,,,,,,supplier_fitment,quarantine,Yanmar B6U,,,
mdl_yanmar_b7prosigma,br_yanmar,B7PROSIGMA,B7PROSIGMA,,,,,,,,,,,,supplier_fitment,quarantine,Yanmar B7PROSIGMA,,,
mdl_yanmar_b7sigma,br_yanmar,B7SIGMA,B7SIGMA,,,,,,,,,,,,supplier_fitment,quarantine,Yanmar B7SIGMA,,,
mdl_yanmar_b7u,br_yanmar,B7U,B7U,,,,,,,,,,,,supplier_fitment,quarantine,Yanmar B7U,,,
mdl_yanmar_b_27_2_b,br_yanmar,B-27-2-B,B-27-2-B,,,ts_300x555x82,,,,,,,,,size_index,review,Yanmar B-27-2-B,,,
mdl_yanmar_b_30_v_victas,br_yanmar,B-30-V-VICTAS,B-30-V-VICTAS,,,ts_300x555x82,,,,,,,,,size_index,review,Yanmar B-30-V-VICTAS,,,
mdl_yanmar_b_37_2_b,br_yanmar,B-37-2-B,B-37-2-B,,,ts_300x555x82,,,,,,,,,size_index,review,Yanmar B-37-2-B,,,
mdl_yanmar_b_37_vcr,br_yanmar,B-37-VCR,B-37-VCR,,,ts_300x555x82,,,,,,,,,size_index,review,Yanmar B-37-VCR,,,
mdl_yanmar_b_40_vio,br_yanmar,B-40-VIO,B-40-VIO,,,ts_400x755x74,,,,,,,,,size_index,review,Yanmar B-40-VIO,,,
mdl_yanmar_b_50_2_b,br_yanmar,B-50-2-B,B-50-2-B,,,ts_400x755x74,,,,,,,,,size_index,review,Yanmar B-50-2-B,,,
mdl_yanmar_b_50_vcr,br_yanmar,B-50-VCR,B-50-VCR,,,ts_400x755x74,,,,,,,,,size_index,review,Yanmar B-50-VCR,,,
mdl_yanmar_b_50_vio,br_yanmar,B-50-VIO,B-50-VIO,,,ts_400x755x74,,,,,,,,,size_index,review,Yanmar B-50-VIO,,,
mdl_yanmar_b_5x,br_yanmar,B-5X,B-5X,,,,,,,,,,,,supplier_fitment,quarantine,Yanmar B-5X,,,
mdl_yanmar_b_6_3,br_yanmar,B-6-3,B-6-3,,,ts_400x755x74,,,,,,,,,size_index,review,Yanmar B-6-3,,,
mdl_yanmar_b_7_3,br_yanmar,B-7-3,B-7-3,,,,,,,,,,,,size_index,quarantine,Yanmar B-7-3,,,
mdl_yanmar_b_7_5_a,br_yanmar,B-7-5-A,B-7-5-A,,,,,,,,,,,,size_index,quarantine,Yanmar B-7-5-A,,,
mdl_yanmar_b_7_u,br_yanmar,B-7-U,B-7-U,,,,,,,,,,,,size_index,quarantine,Yanmar B-7-U,,,
mdl_yanmar_mcg1200,br_yanmar,MCG1200,MCG1200,,,,,,,,,,,,supplier_fitment,quarantine,Yanmar MCG1200,,,
mdl_yanmar_s190r,br_yanmar,S190R,S190R,,,,,,,,,,,,supplier_fitment,quarantine,Yanmar S190R,,,
mdl_yanmar_s220r,br_yanmar,S220R,S220R,,,,,,,,,,,,supplier_fitment,quarantine,Yanmar S220R,,,
mdl_yanmar_s270v,br_yanmar,S270V,S270V,,,,,,,,,,,,supplier_fitment,quarantine,Yanmar S270V,,,
mdl_yanmar_sv08,br_yanmar,SV08,SV08,Mini Excavator,Excavator Pin-On,ts_180x72x37,10,2348,2.8,,2755,,,Needs Review,airtable|shopify_meta|supplier_fitment,review,Yanmar SV08,,,
mdl_yanmar_sv081b,br_yanmar,SV081B,SV081B,,,,,,,,,,,,supplier_fitment,quarantine,Yanmar SV081B,,,
mdl_yanmar_sv09,br_yanmar,SV09,SV09,,,,,,,,,,,,supplier_fitment,quarantine,Yanmar SV09,,,
mdl_yanmar_sv26,br_yanmar,SV26,SV26,Mini Excavator,Excavator Pin-On,,,,,,,,,Needs Review,airtable,review,Yanmar SV26,,,
mdl_yanmar_sv40,br_yanmar,SV40,SV40,Mini Excavator,Excavator Pin-On,ts_350x545x86,,,,,,,,Needs Review,airtable|shopify_meta|supplier_fitment,review,Yanmar SV40,,,
mdl_yanmar_t175,br_yanmar,T175,T175,Skid Steer,,ts_320x86bx54,,,,,,,,,fitment_json|shopify_meta|supplier_fitment,active_v1,Yanmar T175,yanmar-t175,/pages/equipment-model/yanmar-t175,track_finder_v1
mdl_yanmar_t210,br_yanmar,T210,T210,,Universal Quick-Attach,,70,9890,,,,,,,fitment_json|shopify_meta|supplier_fitment,reference,Yanmar T210,,,
mdl_yanmar_t_210,br_yanmar,T-210,T-210,Skid Steer,Universal Quick-Attach,ts_450x86bx56,70,9890,,,,,,Verified,airtable,active_v1,Yanmar T-210,yanmar-t210,/pages/equipment-model/yanmar-t210,track_finder_v1
mdl_yanmar_tl100vs,br_yanmar,TL100VS,TL100VS,Compact Track Loader,Universal Quick-Attach,,,,,,,,,Needs Review,airtable|shopify_meta,review,Yanmar TL100VS,,,
mdl_yanmar_tl65rs,br_yanmar,TL65RS,TL65RS,,,,,,,,,,,,supplier_fitment,quarantine,Yanmar TL65RS,,,
mdl_yanmar_vio17,br_yanmar,VIO17,VIO17,Mini Excavator,Excavator Pin-On,,13,3836,15.4,,2987,,,Needs Review,airtable,review,Yanmar VIO17,,,
mdl_yanmar_vio20_3,br_yanmar,VIO20-3,VIO20-3,Mini Excavator,Excavator Pin-On,,19,4916,20.1,,2987,,,Needs Review,airtable|shopify_meta,review,Yanmar VIO20-3,,,
mdl_yanmar_vio25,br_yanmar,VIO25,VIO25,,,,,,,,,,,,supplier_fitment,quarantine,Yanmar VIO25,,,
mdl_yanmar_vio25pr,br_yanmar,VIO25PR,VIO25PR,,,,,,,,,,,,supplier_fitment,quarantine,Yanmar VIO25PR,,,
mdl_yanmar_vio26,br_yanmar,VIO26,VIO26,Mini Excavator,Excavator Pin-On,,,,,,,,,Needs Review,airtable,review,Yanmar VIO26,,,
mdl_yanmar_vio27,br_yanmar,VIO27,VIO27,,,,,,,,,,,,supplier_fitment,quarantine,Yanmar VIO27,,,
mdl_yanmar_vio272offsettype,br_yanmar,VIO272OFFSETTYPE,VIO272OFFSETTYPE,,,,,,,,,,,,fitment_json,reference,Yanmar VIO272OFFSETTYPE,,,
mdl_yanmar_vio273offsettype,br_yanmar,VIO273OFFSETTYPE,VIO273OFFSETTYPE,,,,,,,,,,,,fitment_json,reference,Yanmar VIO273OFFSETTYPE,,,
mdl_yanmar_vio275offsettype,br_yanmar,VIO275OFFSETTYPE,VIO275OFFSETTYPE,,,,,,,,,,,,fitment_json,reference,Yanmar VIO275OFFSETTYPE,,,
mdl_yanmar_vio27_2,br_yanmar,VIO27-2,VIO27-2,Mini Excavator,,,,,,,,,,,supplier_fitment,active_v1,Yanmar VIO27-2,yanmar-vio-27-2-offset-type,/pages/equipment-model/yanmar-vio-27-2-offset-type,track_finder_v1
mdl_yanmar_vio27_3,br_yanmar,VIO27-3,VIO27-3,Mini Excavator,,,,,,,,,,,supplier_fitment,active_v1,Yanmar VIO27-3,yanmar-vio-27-3-offset-type,/pages/equipment-model/yanmar-vio-27-3-offset-type,track_finder_v1
mdl_yanmar_vio27_5,br_yanmar,VIO27-5,VIO27-5,Mini Excavator,,,,,,,,,,,supplier_fitment,active_v1,Yanmar VIO27-5,yanmar-vio-27-5-offset-type,/pages/equipment-model/yanmar-vio-27-5-offset-type,track_finder_v1
mdl_yanmar_vio27_6,br_yanmar,VIO27-6,VIO27-6,Mini Excavator,Excavator Pin-On,,,,,,,,,Needs Review,airtable,review,Yanmar VIO27-6,,,
mdl_yanmar_vio301offsettype,br_yanmar,VIO301OFFSETTYPE,VIO301OFFSETTYPE,,,,,,,,,,,,fitment_json,reference,Yanmar VIO301OFFSETTYPE,,,
mdl_yanmar_vio302offsettype,br_yanmar,VIO302OFFSETTYPE,VIO302OFFSETTYPE,,,,,,,,,,,,fitment_json,reference,Yanmar VIO302OFFSETTYPE,,,
mdl_yanmar_vio303soffsettype,br_yanmar,VIO303SOFFSETTYPE,VIO303SOFFSETTYPE,,,,,,,,,,,,fitment_json,reference,Yanmar VIO303SOFFSETTYPE,,,
mdl_yanmar_vio30_1,br_yanmar,VIO30-1,VIO30-1,,,,,,,,,,,,supplier_fitment,quarantine,Yanmar VIO30-1,,,
mdl_yanmar_vio30_2,br_yanmar,VIO30-2,VIO30-2,,,,,,,,,,,,supplier_fitment,quarantine,Yanmar VIO30-2,,,
mdl_yanmar_vio30_3,br_yanmar,VIO30-3,VIO30-3,,,,,,,,,,,,supplier_fitment,quarantine,Yanmar VIO30-3,,,
mdl_yanmar_vio30_3s,br_yanmar,VIO30-3S,VIO30-3S,,,,,,,,,,,,supplier_fitment,quarantine,Yanmar VIO30-3S,,,
mdl_yanmar_vio30v,br_yanmar,VIO30V,VIO30V,,,,,,,,,,,,supplier_fitment,quarantine,Yanmar VIO30V,,,
mdl_yanmar_vio30voffsettype,br_yanmar,VIO30VOFFSETTYPE,VIO30VOFFSETTYPE,,,,,,,,,,,,fitment_json,reference,Yanmar VIO30VOFFSETTYPE,,,
mdl_yanmar_vio33offsettype,br_yanmar,VIO33OFFSETTYPE,VIO33OFFSETTYPE,,,,,,,,,,,,fitment_json,reference,Yanmar VIO33OFFSETTYPE,,,
mdl_yanmar_vio35,br_yanmar,VIO35,VIO35,Mini Excavator,Excavator Pin-On,ts_300x555x82,28,8443,20.4,,2987,,,Needs Review,airtable|shopify_meta|supplier_fitment,review,Yanmar VIO35,,,
mdl_yanmar_vio350,br_yanmar,VIO350,VIO350,,,,,,,,,,,,supplier_fitment,quarantine,Yanmar VIO350,,,
mdl_yanmar_vio351offsettype,br_yanmar,VIO351OFFSETTYPE,VIO351OFFSETTYPE,,,,,,,,,,,,fitment_json,reference,Yanmar VIO351OFFSETTYPE,,,
mdl_yanmar_vio352offsettype,br_yanmar,VIO352OFFSETTYPE,VIO352OFFSETTYPE,,,,,,,,,,,,fitment_json,reference,Yanmar VIO352OFFSETTYPE,,,
mdl_yanmar_vio353offsettype,br_yanmar,VIO353OFFSETTYPE,VIO353OFFSETTYPE,,,,,,,,,,,,fitment_json,reference,Yanmar VIO353OFFSETTYPE,,,
mdl_yanmar_vio355offsettype,br_yanmar,VIO355OFFSETTYPE,VIO355OFFSETTYPE,,,,,,,,,,,,fitment_json,reference,Yanmar VIO355OFFSETTYPE,,,
mdl_yanmar_vio356a,br_yanmar,VIO356A,VIO356A,,,,,,,,,,,,fitment_json,reference,Yanmar VIO356A,,,
mdl_yanmar_vio35_1,br_yanmar,VIO35-1,VIO35-1,,,,,,,,,,,,supplier_fitment,quarantine,Yanmar VIO35-1,,,
mdl_yanmar_vio35_2,br_yanmar,VIO35-2,VIO35-2,,,,,,,,,,,,supplier_fitment,quarantine,Yanmar VIO35-2,,,
mdl_yanmar_vio35_3,br_yanmar,VIO35-3,VIO35-3,,,,,,,,,,,,supplier_fitment,quarantine,Yanmar VIO35-3,,,
mdl_yanmar_vio35_3b,br_yanmar,VIO35-3B,VIO35-3B,,,,,,,,,,,,supplier_fitment,quarantine,Yanmar VIO35-3B,,,
mdl_yanmar_vio35_5,br_yanmar,VIO35-5,VIO35-5,,,,,,,,,,,,supplier_fitment,quarantine,Yanmar VIO35-5,,,
mdl_yanmar_vio35_6,br_yanmar,VIO35-6,VIO35-6,,,,,,,,,,,,supplier_fitment,quarantine,Yanmar VIO35-6,,,
mdl_yanmar_vio35_6a,br_yanmar,VIO35 6A,VIO35 6A,Mini Excavator,Excavator Pin-On,ts_300x525kx88,24,7905,19.6,,6410,,,Needs Review,airtable|shopify_meta|supplier_fitment,active_v1,Yanmar VIO35 6A,yanmar-vio-35-6a,/pages/equipment-model/yanmar-vio-35-6a,track_finder_v1
mdl_yanmar_vio35cr,br_yanmar,VIO35CR,VIO35CR,,,,,,,,,,,,supplier_fitment,quarantine,Yanmar VIO35CR,,,
mdl_yanmar_vio35croffsettype,br_yanmar,VIO35CROFFSETTYPE,VIO35CROFFSETTYPE,,,,,,,,,,,,fitment_json,reference,Yanmar VIO35CROFFSETTYPE,,,
mdl_yanmar_vio35global,br_yanmar,VIO35GLOBAL,VIO35GLOBAL,,,,,,,,,,,,supplier_fitment,quarantine,Yanmar VIO35GLOBAL,,,
mdl_yanmar_vio35offsettype,br_yanmar,VIO35OFFSETTYPE,VIO35OFFSETTYPE,,,,,,,,,,,,fitment_json,reference,Yanmar VIO35OFFSETTYPE,,,
mdl_yanmar_vio38,br_yanmar,VIO38,VIO38,,,,,,,,,,,,supplier_fitment,quarantine,Yanmar VIO38,,,
mdl_yanmar_vio38offsettype,br_yanmar,VIO38OFFSETTYPE,VIO38OFFSETTYPE,,,,,,,,,,,,fitment_json,reference,Yanmar VIO38OFFSETTYPE,,,
mdl_yanmar_vio401offsettype,br_yanmar,VIO401OFFSETTYPE,VIO401OFFSETTYPE,,,,,,,,,,,,fitment_json,reference,Yanmar VIO401OFFSETTYPE,,,
mdl_yanmar_vio402offsettype,br_yanmar,VIO402OFFSETTYPE,VIO402OFFSETTYPE,,,,,,,,,,,,fitment_json,reference,Yanmar VIO402OFFSETTYPE,,,
mdl_yanmar_vio40_1,br_yanmar,VIO40-1,VIO40-1,Mini Excavator,,ts_400x755x74,,,,,,,,,supplier_fitment,active_v1,Yanmar VIO40-1,yanmar-vio-40-1-offset-type,/pages/equipment-model/yanmar-vio-40-1-offset-type,track_finder_v1
mdl_yanmar_vio40_2,br_yanmar,VIO40-2,VIO40-2,Mini Excavator,,ts_400x755x74,,,,,,,,,supplier_fitment,active_v1,Yanmar VIO40-2,yanmar-vio-40-2-offset-type,/pages/equipment-model/yanmar-vio-40-2-offset-type,track_finder_v1
mdl_yanmar_vio40offsettype,br_yanmar,VIO40OFFSETTYPE,VIO40OFFSETTYPE,,,,,,,,,,,,fitment_json,reference,Yanmar VIO40OFFSETTYPE,,,
mdl_yanmar_vio40v,br_yanmar,VIO40V,VIO40V,Mini Excavator,,ts_400x755x74,,,,,,,,,supplier_fitment,active_v1,Yanmar VIO40V,yanmar-vio-40v-offset-type,/pages/equipment-model/yanmar-vio-40v-offset-type,track_finder_v1
mdl_yanmar_vio40voffsettype,br_yanmar,VIO40VOFFSETTYPE,VIO40VOFFSETTYPE,,,,,,,,,,,,fitment_json,reference,Yanmar VIO40VOFFSETTYPE,,,
mdl_yanmar_vio45,br_yanmar,VIO45,VIO45,Mini Excavator,,ts_400x755x74,,,,,,,,,supplier_fitment,active_v1,Yanmar VIO45,yanmar-vio-45-offset-type,/pages/equipment-model/yanmar-vio-45-offset-type,track_finder_v1
mdl_yanmar_vio455offsettype,br_yanmar,VIO455OFFSETTYPE,VIO455OFFSETTYPE,,,,,,,,,,,,fitment_json,reference,Yanmar VIO455OFFSETTYPE,,,
mdl_yanmar_vio456a,br_yanmar,VIO456A,VIO456A,Mini Excavator,,ts_400x725wx76,,,,,,,,,fitment_json,active_v1,Yanmar VIO456A,yanmar-vio45-6a,/pages/equipment-model/yanmar-vio45-6a,track_finder_v1
mdl_yanmar_vio45_5,br_yanmar,VIO45-5,VIO45-5,Mini Excavator,Excavator Pin-On,ts_400x755x74,38,10388,35.0,,3133,,,Needs Review,airtable|shopify_meta|supplier_fitment,active_v1,Yanmar VIO45-5,yanmar-vio-45-5-offset-type,/pages/equipment-model/yanmar-vio-45-5-offset-type,track_finder_v1
mdl_yanmar_vio45_6,br_yanmar,VIO45-6,VIO45-6,,,,,,,,,,,,supplier_fitment,quarantine,Yanmar VIO45-6,,,
mdl_yanmar_vio45_6a,br_yanmar,VIO45-6A,VIO45-6A,,,,,,,,,,,,shopify_meta|size_index,reference,Yanmar VIO45-6A,,,
mdl_yanmar_vio45cr,br_yanmar,VIO45CR,VIO45CR,Mini Excavator,,ts_400x755x74,,,,,,,,,supplier_fitment,active_v1,Yanmar VIO45CR,yanmar-vio-45-cr-offset-type,/pages/equipment-model/yanmar-vio-45-cr-offset-type,track_finder_v1
mdl_yanmar_vio45croffsettype,br_yanmar,VIO45CROFFSETTYPE,VIO45CROFFSETTYPE,,,,,,,,,,,,fitment_json,reference,Yanmar VIO45CROFFSETTYPE,,,
mdl_yanmar_vio45global,br_yanmar,VIO45GLOBAL,VIO45GLOBAL,,,,,,,,,,,,supplier_fitment,quarantine,Yanmar VIO45GLOBAL,,,
mdl_yanmar_vio45globaloffsettype,br_yanmar,VIO45GLOBALOFFSETTYPE,VIO45GLOBALOFFSETTYPE,,,,,,,,,,,,fitment_json,reference,Yanmar VIO45GLOBALOFFSETTYPE,,,
mdl_yanmar_vio45offsettype,br_yanmar,VIO45OFFSETTYPE,VIO45OFFSETTYPE,,,,,,,,,,,,fitment_json,reference,Yanmar VIO45OFFSETTYPE,,,
mdl_yanmar_vio45v,br_yanmar,VIO45V,VIO45V,,,,,,,,,,,,supplier_fitment,quarantine,Yanmar VIO45V,,,
mdl_yanmar_vio45voffsettype,br_yanmar,VIO45VOFFSETTYPE,VIO45VOFFSETTYPE,,,,,,,,,,,,fitment_json,reference,Yanmar VIO45VOFFSETTYPE,,,
mdl_yanmar_vio50,br_yanmar,VIO50,VIO50,Mini Excavator,Excavator Pin-On,,39,10417,34.9,,10786,,,Needs Review,airtable|shopify_meta|supplier_fitment,review,Yanmar VIO50,,,
mdl_yanmar_vio501offsettype,br_yanmar,VIO501OFFSETTYPE,VIO501OFFSETTYPE,,,,,,,,,,,,fitment_json,reference,Yanmar VIO501OFFSETTYPE,,,
mdl_yanmar_vio502globaloffsettype,br_yanmar,VIO502GLOBALOFFSETTYPE,VIO502GLOBALOFFSETTYPE,,,,,,,,,,,,fitment_json,reference,Yanmar VIO502GLOBALOFFSETTYPE,,,
mdl_yanmar_vio502offsettype,br_yanmar,VIO502OFFSETTYPE,VIO502OFFSETTYPE,,,,,,,,,,,,fitment_json,reference,Yanmar VIO502OFFSETTYPE,,,
mdl_yanmar_vio503offsettype,br_yanmar,VIO503OFFSETTYPE,VIO503OFFSETTYPE,,,,,,,,,,,,fitment_json,reference,Yanmar VIO503OFFSETTYPE,,,
mdl_yanmar_vio50_1,br_yanmar,VIO50-1,VIO50-1,Mini Excavator,,ts_400x755x74,,,,,,,,,supplier_fitment,active_v1,Yanmar VIO50-1,yanmar-vio-50-1-offset-type,/pages/equipment-model/yanmar-vio-50-1-offset-type,track_finder_v1
mdl_yanmar_vio50_2,br_yanmar,VIO50-2,VIO50-2,Mini Excavator,,ts_400x755x74,,,,,,,,,supplier_fitment,active_v1,Yanmar VIO50-2,yanmar-vio-50-2-offset-type,/pages/equipment-model/yanmar-vio-50-2-offset-type,track_finder_v1
mdl_yanmar_vio50_2global,br_yanmar,VIO50-2GLOBAL,VIO50-2GLOBAL,,,,,,,,,,,,supplier_fitment,quarantine,Yanmar VIO50-2GLOBAL,,,
mdl_yanmar_vio50_6,br_yanmar,VIO50-6,VIO50-6,,,,,,,,,,,,supplier_fitment,quarantine,Yanmar VIO50-6,,,
mdl_yanmar_vio50_6a,br_yanmar,VIO50-6A,VIO50-6A,,,,,,,,,,,,supplier_fitment,quarantine,Yanmar VIO50-6A,,,
mdl_yanmar_vio50_cr,br_yanmar,VIO50-CR,VIO50-CR,,,,,,,,,,,,supplier_fitment,quarantine,Yanmar VIO50-CR,,,
mdl_yanmar_vio50_pr,br_yanmar,VIO50-PR,VIO50-PR,,,,,,,,,,,,supplier_fitment,quarantine,Yanmar VIO50-PR,,,
mdl_yanmar_vio50_pr_1,br_yanmar,VIO50-PR-1,VIO50-PR-1,,,,,,,,,,,,supplier_fitment,quarantine,Yanmar VIO50-PR-1,,,
mdl_yanmar_vio50v,br_yanmar,VIO50V,VIO50V,,,,,,,,,,,,supplier_fitment,quarantine,Yanmar VIO50V,,,
mdl_yanmar_vio50voffsettype,br_yanmar,VIO50VOFFSETTYPE,VIO50VOFFSETTYPE,,,,,,,,,,,,fitment_json,reference,Yanmar VIO50VOFFSETTYPE,,,
mdl_yanmar_vio55,br_yanmar,VIO55,VIO55,Mini Excavator,,ts_400x755x74,,,,,,,,,supplier_fitment,active_v1,Yanmar VIO55,yanmar-vio-55-offset-type,/pages/equipment-model/yanmar-vio-55-offset-type,track_finder_v1
mdl_yanmar_vio555offsettype,br_yanmar,VIO555OFFSETTYPE,VIO555OFFSETTYPE,,,,,,,,,,,,fitment_json,reference,Yanmar VIO555OFFSETTYPE,,,
mdl_yanmar_vio556a,br_yanmar,VIO556A,VIO556A,,,ts_400x725wx76,,,,,,,,,fitment_json,reference,Yanmar VIO556A,,,
mdl_yanmar_vio55_5,br_yanmar,VIO55 5,VIO55 5,Mini Excavator,Excavator Pin-On,ts_400x755x74,38,11576,35.0,,3553,,,Needs Review,airtable|shopify_meta|supplier_fitment,active_v1,Yanmar VIO55 5,yanmar-vio-55-5-offset-type,/pages/equipment-model/yanmar-vio-55-5-offset-type,track_finder_v1
mdl_yanmar_vio55_6,br_yanmar,VIO55-6,VIO55-6,,,,,,,,,,,,supplier_fitment,quarantine,Yanmar VIO55-6,,,
mdl_yanmar_vio55_6a,br_yanmar,VIO55-6A,VIO55-6A,Mini Excavator,Excavator Pin-On,ts_400x725wx76,,12000,,,,,,Needs Review,airtable|shopify_meta,active_v1,Yanmar VIO55-6A,yanmar-vio-55-6a,/pages/equipment-model/yanmar-vio-55-6a,track_finder_v1
mdl_yanmar_vio55cr,br_yanmar,VIO55CR,VIO55CR,,,,,,,,,,,,supplier_fitment,quarantine,Yanmar VIO55CR,,,
mdl_yanmar_vio55croffsettype,br_yanmar,VIO55CROFFSETTYPE,VIO55CROFFSETTYPE,,,,,,,,,,,,fitment_json,reference,Yanmar VIO55CROFFSETTYPE,,,
mdl_yanmar_vio55offsettype,br_yanmar,VIO55OFFSETTYPE,VIO55OFFSETTYPE,,,,,,,,,,,,fitment_json,reference,Yanmar VIO55OFFSETTYPE,,,
mdl_yanmar_vio576asymetric,br_yanmar,VIO576ASYMETRIC,VIO576ASYMETRIC,,,ts_400x725wx76,,,,,,,,,fitment_json,reference,Yanmar VIO576ASYMETRIC,,,
mdl_yanmar_vio57uoffsettype,br_yanmar,VIO57UOFFSETTYPE,VIO57UOFFSETTYPE,,,,,,,,,,,,fitment_json,reference,Yanmar VIO57UOFFSETTYPE,,,
mdl_yanmar_vio70,br_yanmar,VIO70,VIO70,,,,,,,,,,,,supplier_fitment,quarantine,Yanmar VIO70,,,
mdl_yanmar_vio70a,br_yanmar,VIO70A,VIO70A,,,,,,,,,,,,supplier_fitment,quarantine,Yanmar VIO70A,,,
mdl_yanmar_vio70cr,br_yanmar,VIO70CR,VIO70CR,,,,,,,,,,,,supplier_fitment,quarantine,Yanmar VIO70CR,,,
mdl_yanmar_vio75,br_yanmar,VIO75,VIO75,,,,,,,,,,,,supplier_fitment,quarantine,Yanmar VIO75,,,
mdl_yanmar_vio75_a,br_yanmar,VIO75-A,VIO75-A,,,,,,,,,,,,supplier_fitment,quarantine,Yanmar VIO75-A,,,
mdl_yanmar_vio80,br_yanmar,VIO80,VIO80,Mini Excavator,Excavator Pin-On,ts_450x835yx74,56,18136,56.3,,11298,,,Needs Review,airtable|shopify_meta|supplier_fitment,review,Yanmar VIO80,,,
mdl_yanmar_vio_27,br_yanmar,VIO-27,VIO-27,,,,,,,,,,,,size_index,quarantine,Yanmar VIO-27,,,
mdl_yanmar_vio_27_2,br_yanmar,VIO-27-2,VIO-27-2,,,,,,,,,,,,size_index,quarantine,Yanmar VIO-27-2,,,
mdl_yanmar_vio_27_2_offset_type,br_yanmar,VIO-27-2-OFFSET-TYPE,VIO-27-2-OFFSET-TYPE,,,,,,,,,,,,size_index,reference,Yanmar VIO-27-2-OFFSET-TYPE,,,
mdl_yanmar_vio_27_3_offset_type,br_yanmar,VIO-27-3-OFFSET-TYPE,VIO-27-3-OFFSET-TYPE,,,,,,,,,,,,size_index,reference,Yanmar VIO-27-3-OFFSET-TYPE,,,
mdl_yanmar_vio_27_3_option_1,br_yanmar,VIO-27-3-OPTION-1,VIO-27-3-OPTION-1,,,,,,,,,,,,size_index,quarantine,Yanmar VIO-27-3-OPTION-1,,,
mdl_yanmar_vio_27_5_offset_type,br_yanmar,VIO-27-5-OFFSET-TYPE,VIO-27-5-OFFSET-TYPE,,,,,,,,,,,,size_index,reference,Yanmar VIO-27-5-OFFSET-TYPE,,,
mdl_yanmar_vio_30_1,br_yanmar,VIO 30-1,VIO 30-1,Mini Excavator,Excavator Pin-On,ts_300x555x82,,,,,,,,Verified,airtable|shopify_meta,active_v1,Yanmar VIO 30-1,yanmar-vio-30-1-offset-type,/pages/equipment-model/yanmar-vio-30-1-offset-type,track_finder_v1
mdl_yanmar_vio_30_1_and_30_v,br_yanmar,VIO-30-1-AND-30-V,VIO-30-1-AND-30-V,,,ts_300x555x82,,,,,,,,,size_index,review,Yanmar VIO-30-1-AND-30-V,,,
mdl_yanmar_vio_30_1_offset_type,br_yanmar,VIO-30-1-OFFSET-TYPE,VIO-30-1-OFFSET-TYPE,,,ts_300x555x82,,,,,,,,,size_index,reference,Yanmar VIO-30-1-OFFSET-TYPE,,,
mdl_yanmar_vio_30_2,br_yanmar,VIO 30-2,VIO 30-2,Mini Excavator,Excavator Pin-On,ts_300x555x82,,,,,,,,Verified,airtable|shopify_meta,active_v1,Yanmar VIO 30-2,yanmar-vio-30-2-offset-type,/pages/equipment-model/yanmar-vio-30-2-offset-type,track_finder_v1
mdl_yanmar_vio_30_2_offset_type,br_yanmar,VIO-30-2-OFFSET-TYPE,VIO-30-2-OFFSET-TYPE,,,ts_300x555x82,,,,,,,,,size_index,reference,Yanmar VIO-30-2-OFFSET-TYPE,,,
mdl_yanmar_vio_30_3s,br_yanmar,VIO 30-3S,VIO 30-3S,Mini Excavator,Excavator Pin-On,ts_300x555x82,,,,,,,,Verified,airtable|shopify_meta,active_v1,Yanmar VIO 30-3S,yanmar-vio-30-3s-offset-type,/pages/equipment-model/yanmar-vio-30-3s-offset-type,track_finder_v1
mdl_yanmar_vio_30_3s_offset_type,br_yanmar,VIO-30-3S-OFFSET-TYPE,VIO-30-3S-OFFSET-TYPE,,,ts_300x555x82,,,,,,,,,size_index,reference,Yanmar VIO-30-3S-OFFSET-TYPE,,,
mdl_yanmar_vio_30_check_with_don,br_yanmar,VIO-30--CHECK-WITH-DON,VIO-30--CHECK-WITH-DON,,,,,,,,,,,,size_index,quarantine,Yanmar VIO-30--CHECK-WITH-DON,,,
mdl_yanmar_vio_30v,br_yanmar,VIO 30V,VIO 30V,Mini Excavator,Excavator Pin-On,ts_300x555x82,,,,,,,,Verified,airtable|shopify_meta,active_v1,Yanmar VIO 30V,yanmar-vio-30v-offset-type,/pages/equipment-model/yanmar-vio-30v-offset-type,track_finder_v1
mdl_yanmar_vio_30v_offset_type,br_yanmar,VIO-30V-OFFSET-TYPE,VIO-30V-OFFSET-TYPE,,,ts_300x555x82,,,,,,,,,size_index,reference,Yanmar VIO-30V-OFFSET-TYPE,,,
mdl_yanmar_vio_33,br_yanmar,VIO 33,VIO 33,Mini Excavator,Excavator Pin-On,ts_300x555x82,,,,,,,,Verified,airtable|shopify_meta,active_v1,Yanmar VIO 33,yanmar-vio-33-offset-type,/pages/equipment-model/yanmar-vio-33-offset-type,track_finder_v1
mdl_yanmar_vio_33_offset_type,br_yanmar,VIO-33-OFFSET-TYPE,VIO-33-OFFSET-TYPE,,,ts_300x555x82,,,,,,,,,size_index,reference,Yanmar VIO-33-OFFSET-TYPE,,,
mdl_yanmar_vio_35,br_yanmar,VIO 35,VIO 35,Mini Excavator,Excavator Pin-On,ts_300x555x82,28,8443,20.4,,2987,,,Verified,airtable|shopify_meta,active_v1,Yanmar VIO 35,yanmar-vio-35-offset-type,/pages/equipment-model/yanmar-vio-35-offset-type,track_finder_v1
mdl_yanmar_vio_35_1,br_yanmar,VIO 35-1,VIO 35-1,Mini Excavator,Excavator Pin-On,ts_300x555x82,,,,,,,,Verified,airtable|shopify_meta,active_v1,Yanmar VIO 35-1,yanmar-vio-35-1-offset-type,/pages/equipment-model/yanmar-vio-35-1-offset-type,track_finder_v1
mdl_yanmar_vio_35_1_offset_type,br_yanmar,VIO-35-1-OFFSET-TYPE,VIO-35-1-OFFSET-TYPE,,,ts_300x555x82,,,,,,,,,size_index,reference,Yanmar VIO-35-1-OFFSET-TYPE,,,
mdl_yanmar_vio_35_2,br_yanmar,VIO 35-2,VIO 35-2,Mini Excavator,Excavator Pin-On,ts_300x555x82,,,,,,,,Verified,airtable|shopify_meta|size_index,active_v1,Yanmar VIO 35-2,yanmar-vio-35-2-offset-type,/pages/equipment-model/yanmar-vio-35-2-offset-type,track_finder_v1
mdl_yanmar_vio_35_2_offset_type,br_yanmar,VIO-35-2-OFFSET-TYPE,VIO-35-2-OFFSET-TYPE,,,ts_300x555x82,,,,,,,,,size_index,reference,Yanmar VIO-35-2-OFFSET-TYPE,,,
mdl_yanmar_vio_35_3,br_yanmar,VIO 35-3,VIO 35-3,Mini Excavator,Excavator Pin-On,ts_300x555x82,,,,,,,,Verified,airtable|shopify_meta|size_index,active_v1,Yanmar VIO 35-3,yanmar-vio-35-3-offset-type,/pages/equipment-model/yanmar-vio-35-3-offset-type,track_finder_v1
mdl_yanmar_vio_35_3_offset_type,br_yanmar,VIO-35-3-OFFSET-TYPE,VIO-35-3-OFFSET-TYPE,,,ts_300x555x82,,,,,,,,,size_index,reference,Yanmar VIO-35-3-OFFSET-TYPE,,,
mdl_yanmar_vio_35_5,br_yanmar,VIO 35-5,VIO 35-5,Mini Excavator,Excavator Pin-On,ts_300x555x82,28,8443,20.4,,2987,,,Verified,airtable|shopify_meta|size_index,active_v1,Yanmar VIO 35-5,yanmar-vio-35-5-offset-type,/pages/equipment-model/yanmar-vio-35-5-offset-type,track_finder_v1
mdl_yanmar_vio_35_5_offset_type,br_yanmar,VIO-35-5-OFFSET-TYPE,VIO-35-5-OFFSET-TYPE,,,ts_300x555x82,,,,,,,,,size_index,reference,Yanmar VIO-35-5-OFFSET-TYPE,,,
mdl_yanmar_vio_35_6a,br_yanmar,VIO-35-6A,VIO-35-6A,,,,,,,,,,,,size_index,reference,Yanmar VIO-35-6A,,,
mdl_yanmar_vio_35_cr,br_yanmar,VIO-35-CR,VIO-35-CR,,,ts_300x555x82,,,,,,,,,size_index,review,Yanmar VIO-35-CR,,,
mdl_yanmar_vio_35_offset_type,br_yanmar,VIO-35-OFFSET-TYPE,VIO-35-OFFSET-TYPE,,,ts_300x555x82,,,,,,,,,size_index,reference,Yanmar VIO-35-OFFSET-TYPE,,,
mdl_yanmar_vio_35_series_offset,br_yanmar,VIO-35-SERIES-OFFSET,VIO-35-SERIES-OFFSET,,,ts_300x555x82,,,,,,,,,size_index,review,Yanmar VIO-35-SERIES-OFFSET,,,
mdl_yanmar_vio_35cr,br_yanmar,VIO 35CR,VIO 35CR,Mini Excavator,Excavator Pin-On,ts_300x555x82,,,,,,,,Verified,airtable|shopify_meta,active_v1,Yanmar VIO 35CR,yanmar-vio-35cr-offset-type,/pages/equipment-model/yanmar-vio-35cr-offset-type,track_finder_v1
mdl_yanmar_vio_35cr_offset_type,br_yanmar,VIO-35CR-OFFSET-TYPE,VIO-35CR-OFFSET-TYPE,,,ts_300x555x82,,,,,,,,,size_index,reference,Yanmar VIO-35CR-OFFSET-TYPE,,,
mdl_yanmar_vio_38,br_yanmar,VIO 38,VIO 38,Mini Excavator,Excavator Pin-On,ts_300x555x82,,,,,,,,Verified,airtable|shopify_meta,active_v1,Yanmar VIO 38,yanmar-vio-38-offset-type,/pages/equipment-model/yanmar-vio-38-offset-type,track_finder_v1
mdl_yanmar_vio_38_offset_type,br_yanmar,VIO-38-OFFSET-TYPE,VIO-38-OFFSET-TYPE,,,ts_300x555x82,,,,,,,,,size_index,reference,Yanmar VIO-38-OFFSET-TYPE,,,
mdl_yanmar_vio_40,br_yanmar,VIO 40,VIO 40,Mini Excavator,,ts_400x755x74,,,,,,,,,shopify_meta,active_v1,Yanmar VIO 40,yanmar-vio-40-offset-type,/pages/equipment-model/yanmar-vio-40-offset-type,track_finder_v1
mdl_yanmar_vio_40_1,br_yanmar,VIO 40-1,VIO 40-1,,,,,,,,,,,,shopify_meta,quarantine,Yanmar VIO 40-1,,,
mdl_yanmar_vio_40_1_offset_type,br_yanmar,VIO-40-1-OFFSET-TYPE,VIO-40-1-OFFSET-TYPE,,,ts_400x755x74,,,,,,,,,size_index,reference,Yanmar VIO-40-1-OFFSET-TYPE,,,
mdl_yanmar_vio_40_2,br_yanmar,VIO 40-2,VIO 40-2,,,,,,,,,,,,shopify_meta,quarantine,Yanmar VIO 40-2,,,
mdl_yanmar_vio_40_2_offset_type,br_yanmar,VIO-40-2-OFFSET-TYPE,VIO-40-2-OFFSET-TYPE,,,ts_400x755x74,,,,,,,,,size_index,reference,Yanmar VIO-40-2-OFFSET-TYPE,,,
mdl_yanmar_vio_40_offset_series,br_yanmar,VIO-40-OFFSET-SERIES,VIO-40-OFFSET-SERIES,,,ts_400x755x74,,,,,,,,,size_index,review,Yanmar VIO-40-OFFSET-SERIES,,,
mdl_yanmar_vio_40_offset_type,br_yanmar,VIO-40-OFFSET-TYPE,VIO-40-OFFSET-TYPE,,,ts_400x755x74,,,,,,,,,size_index,reference,Yanmar VIO-40-OFFSET-TYPE,,,
mdl_yanmar_vio_40v,br_yanmar,VIO 40V,VIO 40V,,,,,,,,,,,,shopify_meta,quarantine,Yanmar VIO 40V,,,
mdl_yanmar_vio_40v_offset_type,br_yanmar,VIO-40V-OFFSET-TYPE,VIO-40V-OFFSET-TYPE,,,ts_400x755x74,,,,,,,,,size_index,reference,Yanmar VIO-40V-OFFSET-TYPE,,,
mdl_yanmar_vio_45,br_yanmar,VIO 45,VIO 45,,,,,,,,,,,,shopify_meta,quarantine,Yanmar VIO 45,,,
mdl_yanmar_vio_45_3,br_yanmar,VIO-45-3,VIO-45-3,,,ts_400x755x74,,,,,,,,,size_index,review,Yanmar VIO-45-3,,,
mdl_yanmar_vio_45_5,br_yanmar,VIO-45-5,VIO-45-5,,,ts_400x755x74,,,,,,,,,size_index,review,Yanmar VIO-45-5,,,
mdl_yanmar_vio_45_5_offset_type,br_yanmar,VIO-45-5-OFFSET-TYPE,VIO-45-5-OFFSET-TYPE,,,ts_400x755x74,,,,,,,,,size_index,reference,Yanmar VIO-45-5-OFFSET-TYPE,,,
mdl_yanmar_vio_45_cr,br_yanmar,VIO 45 CR,VIO 45 CR,,,,,,,,,,,,shopify_meta,quarantine,Yanmar VIO 45 CR,,,
mdl_yanmar_vio_45_cr_offset_type,br_yanmar,VIO-45-CR-OFFSET-TYPE,VIO-45-CR-OFFSET-TYPE,,,ts_400x755x74,,,,,,,,,size_index,reference,Yanmar VIO-45-CR-OFFSET-TYPE,,,
mdl_yanmar_vio_45_global,br_yanmar,VIO 45 GLOBAL,VIO 45 GLOBAL,,,,,,,,,,,,shopify_meta,quarantine,Yanmar VIO 45 GLOBAL,,,
mdl_yanmar_vio_45_global_offset_type,br_yanmar,VIO-45-GLOBAL-OFFSET-TYPE,VIO-45-GLOBAL-OFFSET-TYPE,,,ts_400x755x74,,,,,,,,,size_index,reference,Yanmar VIO-45-GLOBAL-OFFSET-TYPE,,,
mdl_yanmar_vio_45_offset_type,br_yanmar,VIO-45-OFFSET-TYPE,VIO-45-OFFSET-TYPE,,,ts_400x755x74,,,,,,,,,size_index,reference,Yanmar VIO-45-OFFSET-TYPE,,,
mdl_yanmar_vio_45_sv,br_yanmar,VIO-45-SV,VIO-45-SV,,,ts_400x755x74,,,,,,,,,size_index,review,Yanmar VIO-45-SV,,,
mdl_yanmar_vio_45_v,br_yanmar,VIO-45-V,VIO-45-V,Mini Excavator,,ts_400x755x74,,,,,,,,,size_index,active_v1,Yanmar VIO-45-V,yanmar-vio-45v-offset-type,/pages/equipment-model/yanmar-vio-45v-offset-type,track_finder_v1
mdl_yanmar_vio_45v,br_yanmar,VIO 45V,VIO 45V,,,,,,,,,,,,shopify_meta,quarantine,Yanmar VIO 45V,,,
mdl_yanmar_vio_45v_offset_type,br_yanmar,VIO-45V-OFFSET-TYPE,VIO-45V-OFFSET-TYPE,,,ts_400x755x74,,,,,,,,,size_index,reference,Yanmar VIO-45V-OFFSET-TYPE,,,
mdl_yanmar_vio_50_1,br_yanmar,VIO 50-1,VIO 50-1,,,,,,,,,,,,shopify_meta,quarantine,Yanmar VIO 50-1,,,
mdl_yanmar_vio_50_1_offset_type,br_yanmar,VIO-50-1-OFFSET-TYPE,VIO-50-1-OFFSET-TYPE,,,ts_400x755x74,,,,,,,,,size_index,reference,Yanmar VIO-50-1-OFFSET-TYPE,,,
mdl_yanmar_vio_50_2,br_yanmar,VIO 50-2,VIO 50-2,,,,,,,,,,,,shopify_meta,quarantine,Yanmar VIO 50-2,,,
mdl_yanmar_vio_50_2_a,br_yanmar,VIO-50-2-A,VIO-50-2-A,,,ts_400x755x74,,,,,,,,,size_index,review,Yanmar VIO-50-2-A,,,
mdl_yanmar_vio_50_2_global,br_yanmar,VIO 50-2 GLOBAL,VIO 50-2 GLOBAL,,,,,,,,,,,,shopify_meta,quarantine,Yanmar VIO 50-2 GLOBAL,,,
mdl_yanmar_vio_50_2_global_offset_type,br_yanmar,VIO-50-2-GLOBAL-OFFSET-TYPE,VIO-50-2-GLOBAL-OFFSET-TYPE,,,ts_400x755x74,,,,,,,,,size_index,reference,Yanmar VIO-50-2-GLOBAL-OFFSET-TYPE,,,
mdl_yanmar_vio_50_2_offset_type,br_yanmar,VIO-50-2-OFFSET-TYPE,VIO-50-2-OFFSET-TYPE,,,ts_400x755x74,,,,,,,,,size_index,reference,Yanmar VIO-50-2-OFFSET-TYPE,,,
mdl_yanmar_vio_50_3,br_yanmar,VIO 50-3,VIO 50-3,Mini Excavator,,ts_400x755x74,,,,,,,,,shopify_meta|size_index,active_v1,Yanmar VIO 50-3,yanmar-vio-50-3-offset-type,/pages/equipment-model/yanmar-vio-50-3-offset-type,track_finder_v1
mdl_yanmar_vio_50_3_offset_type,br_yanmar,VIO-50-3-OFFSET-TYPE,VIO-50-3-OFFSET-TYPE,,,ts_400x755x74,,,,,,,,,size_index,reference,Yanmar VIO-50-3-OFFSET-TYPE,,,
mdl_yanmar_vio_50_v,br_yanmar,VIO-50-V,VIO-50-V,Mini Excavator,,ts_400x755x74,,,,,,,,,size_index,active_v1,Yanmar VIO-50-V,yanmar-vio-50v-offset-type,/pages/equipment-model/yanmar-vio-50v-offset-type,track_finder_v1
mdl_yanmar_vio_50v,br_yanmar,VIO 50V,VIO 50V,,,,,,,,,,,,shopify_meta,quarantine,Yanmar VIO 50V,,,
mdl_yanmar_vio_50v_offset_type,br_yanmar,VIO-50V-OFFSET-TYPE,VIO-50V-OFFSET-TYPE,,,ts_400x755x74,,,,,,,,,size_index,reference,Yanmar VIO-50V-OFFSET-TYPE,,,
mdl_yanmar_vio_55,br_yanmar,VIO 55,VIO 55,,,,,,,,,,,,shopify_meta,quarantine,Yanmar VIO 55,,,
mdl_yanmar_vio_55_5,br_yanmar,VIO-55-5,VIO-55-5,,,ts_400x755x74,,,,,,,,,size_index,review,Yanmar VIO-55-5,,,
mdl_yanmar_vio_55_5_offset_type,br_yanmar,VIO-55-5-OFFSET-TYPE,VIO-55-5-OFFSET-TYPE,,,ts_400x755x74,,,,,,,,,size_index,reference,Yanmar VIO-55-5-OFFSET-TYPE,,,
mdl_yanmar_vio_55_6a,br_yanmar,VIO-55-6A,VIO-55-6A,,,,,,,,,,,,size_index,reference,Yanmar VIO-55-6A,,,
mdl_yanmar_vio_55_cr,br_yanmar,VIO 55 CR,VIO 55 CR,Mini Excavator,,ts_400x755x74,,,,,,,,,shopify_meta|size_index,active_v1,Yanmar VIO 55 CR,yanmar-vio-55-cr-offset-type,/pages/equipment-model/yanmar-vio-55-cr-offset-type,track_finder_v1
mdl_yanmar_vio_55_cr_offset_type,br_yanmar,VIO-55-CR-OFFSET-TYPE,VIO-55-CR-OFFSET-TYPE,,,ts_400x755x74,,,,,,,,,size_index,reference,Yanmar VIO-55-CR-OFFSET-TYPE,,,
mdl_yanmar_vio_55_offset_type,br_yanmar,VIO-55-OFFSET-TYPE,VIO-55-OFFSET-TYPE,,,ts_400x755x74,,,,,,,,,size_index,reference,Yanmar VIO-55-OFFSET-TYPE,,,
mdl_yanmar_vio_55_v,br_yanmar,VIO-55-V,VIO-55-V,,,ts_400x755x74,,,,,,,,,size_index,review,Yanmar VIO-55-V,,,
mdl_yanmar_vio_57_6a,br_yanmar,VIO 57-6A,VIO 57-6A,,,,,,,,,,,,shopify_meta,quarantine,Yanmar VIO 57-6A,,,
mdl_yanmar_vio_57_6a_symetric,br_yanmar,VIO-57-6A-SYMETRIC,VIO-57-6A-SYMETRIC,,,,,,,,,,,,size_index,reference,Yanmar VIO-57-6A-SYMETRIC,,,
mdl_yanmar_vio_57u,br_yanmar,VIO 57U,VIO 57U,Mini Excavator,,ts_400x755x74,,,,,,,,,shopify_meta,active_v1,Yanmar VIO 57U,yanmar-vio-57u-offset-type,/pages/equipment-model/yanmar-vio-57u-offset-type,track_finder_v1
mdl_yanmar_vio_57u_offset_type,br_yanmar,VIO-57U-OFFSET-TYPE,VIO-57U-OFFSET-TYPE,,,ts_400x755x74,,,,,,,,,size_index,reference,Yanmar VIO-57U-OFFSET-TYPE,,,
mdl_yanmar_vio_70,br_yanmar,VIO 70,VIO 70,,,,,,,,,,,,shopify_meta,quarantine,Yanmar VIO 70,,,
mdl_yanmar_vio_70_cr,br_yanmar,VIO-70-CR,VIO-70-CR,,,,,,,,,,,,size_index,quarantine,Yanmar VIO-70-CR,,,
mdl_yanmar_vio_70_offset_type,br_yanmar,VIO-70-OFFSET-TYPE,VIO-70-OFFSET-TYPE,,,,,,,,,,,,size_index,quarantine,Yanmar VIO-70-OFFSET-TYPE,,,
mdl_yanmar_vio_70_option_1,br_yanmar,VIO-70-OPTION-1,VIO-70-OPTION-1,,,,,,,,,,,,size_index,quarantine,Yanmar VIO-70-OPTION-1,,,
mdl_yanmar_vio_70_option_2,br_yanmar,VIO-70-OPTION-2,VIO-70-OPTION-2,,,,,,,,,,,,size_index,quarantine,Yanmar VIO-70-OPTION-2,,,
mdl_yanmar_vio_70a,br_yanmar,VIO 70A,VIO 70A,,,,,,,,,,,,shopify_meta,quarantine,Yanmar VIO 70A,,,
mdl_yanmar_vio_70a_offset_type_standard,br_yanmar,VIO-70A-OFFSET-TYPE--STANDARD,VIO-70A-OFFSET-TYPE--STANDARD,,,,,,,,,,,,size_index,quarantine,Yanmar VIO-70A-OFFSET-TYPE--STANDARD,,,
mdl_yanmar_vio_70cr,br_yanmar,VIO 70CR,VIO 70CR,,,,,,,,,,,,shopify_meta,quarantine,Yanmar VIO 70CR,,,
mdl_yanmar_vio_70cr_offset_type_standard,br_yanmar,VIO-70CR-OFFSET-TYPE--STANDARD,VIO-70CR-OFFSET-TYPE--STANDARD,,,,,,,,,,,,size_index,quarantine,Yanmar VIO-70CR-OFFSET-TYPE--STANDARD,,,
mdl_yanmar_vio_75,br_yanmar,VIO 75,VIO 75,,,,,,,,,,,,shopify_meta|size_index,quarantine,Yanmar VIO 75,,,
mdl_yanmar_vio_75_3,br_yanmar,VIO-75-3,VIO-75-3,,,,,,,,,,,,size_index,quarantine,Yanmar VIO-75-3,,,
mdl_yanmar_vio_75_5,br_yanmar,VIO-75-5,VIO-75-5,,,,,,,,,,,,size_index,quarantine,Yanmar VIO-75-5,,,
mdl_yanmar_vio_75_a,br_yanmar,VIO 75-A,VIO 75-A,,,,,,,,,,,,shopify_meta|size_index,quarantine,Yanmar VIO 75-A,,,
mdl_yanmar_vio_75_a_offset_type_standard,br_yanmar,VIO-75-A-OFFSET-TYPE--STANDARD,VIO-75-A-OFFSET-TYPE--STANDARD,,,,,,,,,,,,size_index,quarantine,Yanmar VIO-75-A-OFFSET-TYPE--STANDARD,,,
mdl_yanmar_vio_75_offset_type_standard,br_yanmar,VIO-75-OFFSET-TYPE--STANDARD,VIO-75-OFFSET-TYPE--STANDARD,,,,,,,,,,,,size_index,quarantine,Yanmar VIO-75-OFFSET-TYPE--STANDARD,,,
mdl_yanmar_vio_80,br_yanmar,VIO-80,VIO-80,,,,,,,,,,,,size_index,quarantine,Yanmar VIO-80,,,
mdl_yanmar_vio_super,br_yanmar,VIO-SUPER,VIO-SUPER,,,ts_400x755x74,,,,,,,,,size_index,review,Yanmar VIO-SUPER,,,
mdl_yanmar_yb10,br_yanmar,YB10,YB10,Mini Excavator,Excavator Pin-On,ts_230x72x43,,,,,,,,Needs Review,airtable|shopify_meta|supplier_fitment,review,Yanmar YB10,,,
mdl_yanmar_yb101,br_yanmar,YB101,YB101,,,,,,,,,,,Needs Review,airtable|supplier_fitment,quarantine,Yanmar YB101,,,
mdl_yanmar_yb101uz,br_yanmar,YB101UZ,YB101UZ,,,,,,,,,,,Needs Review,airtable|supplier_fitment,quarantine,Yanmar YB101UZ,,,
mdl_yanmar_yb101vl,br_yanmar,YB101VL,YB101VL,,,,,,,,,,,Needs Review,airtable|supplier_fitment,quarantine,Yanmar YB101VL,,,
mdl_yanmar_yb10_2,br_yanmar,YB10-2,YB10-2,Mini Excavator,Excavator Pin-On,ts_230x72x43,,,,,,,,Needs Review,airtable|shopify_meta|supplier_fitment,review,Yanmar YB10-2,,,
mdl_yanmar_yb121,br_yanmar,YB121,YB121,Mini Excavator,Excavator Pin-On,ts_230x72x43,,,,,,,,Needs Review,airtable|shopify_meta|supplier_fitment,review,Yanmar YB121,,,
mdl_yanmar_yb151,br_yanmar,YB151,YB151,Mini Excavator,Excavator Pin-On,ts_230x72x43,,,,,,,,Needs Review,airtable|shopify_meta|supplier_fitment,review,Yanmar YB151,,,
mdl_yanmar_yb231,br_yanmar,YB231,YB231,,,,,,,,,,,,supplier_fitment,quarantine,Yanmar YB231,,,
mdl_yanmar_yb241,br_yanmar,YB241,YB241,,,,,,,,,,,,supplier_fitment,quarantine,Yanmar YB241,,,
mdl_yanmar_yb241z,br_yanmar,YB241Z,YB241Z,,,,,,,,,,,,supplier_fitment,quarantine,Yanmar YB241Z,,,
mdl_yanmar_yb251,br_yanmar,YB251,YB251,,,,,,,,,,,,supplier_fitment,quarantine,Yanmar YB251,,,
mdl_yanmar_yb271,br_yanmar,YB271,YB271,,,,,,,,,,,,supplier_fitment,quarantine,Yanmar YB271,,,
mdl_yanmar_yb281,br_yanmar,YB281,YB281,,,,,,,,,,,,supplier_fitment,quarantine,Yanmar YB281,,,
mdl_yanmar_yb281x,br_yanmar,YB281X,YB281X,,,,,,,,,,,,supplier_fitment,quarantine,Yanmar YB281X,,,
mdl_yanmar_yb281x_2,br_yanmar,YB281X-2,YB281X-2,,,,,,,,,,,,supplier_fitment,quarantine,Yanmar YB281X-2,,,
mdl_yanmar_yb281xr,br_yanmar,YB281XR,YB281XR,,,,,,,,,,,,supplier_fitment,quarantine,Yanmar YB281XR,,,
mdl_yanmar_yb301_2u,br_yanmar,YB301-2U,YB301-2U,,,,,,,,,,,,supplier_fitment,quarantine,Yanmar YB301-2U,,,
mdl_yanmar_yb351,br_yanmar,YB351,YB351,,,,,,,,,,,,supplier_fitment,quarantine,Yanmar YB351,,,
mdl_yanmar_yb352,br_yanmar,YB352,YB352,,,,,,,,,,,,supplier_fitment,quarantine,Yanmar YB352,,,
mdl_yanmar_ybt650,br_yanmar,YBT650,YBT650,Mini Excavator,Excavator Pin-On,ts_230x72x43,,,,,,,,Needs Review,airtable|shopify_meta|supplier_fitment,review,Yanmar YBT650,,,
